PV_gen_share,ReM_OcM_Ratio,REM,Storage_hrs,Storage_LCOH,GreenHydrogen_LCOH,Transport_LCHS,Electricity_LCOH,Electricity_LCOS,Total_LCOH
1,1,3,2,0.0267759662215442,19.221173269891,0.0857215722051855,4.10201305172421,298.705673895277,23.4356838600419
1,1,3,4,0.0535518292713155,16.3833373780792,0.0857214070562138,3.50507213029064,255.23686042148,20.0276827446974
1,1,3,8,0.107054908678137,12.6845468282369,0.0856823896497584,2.72535967116756,198.458753523695,15.6026437977324
1,1,3,16,0.21391508392706,10.1594663615857,0.0856044612961417,2.19206411958689,159.624550630728,12.6510500263958
1,1,3,24,0.320581056595624,10.0370745182434,0.0855266745657941,2.16614752714319,157.737322795675,12.609329776548
1,1,3,48,0.639419038744213,9.9410584967795,0.0852941602641715,2.14567654362087,156.246640330449,12.8114482394088
1,1,3,72,0.956528124159305,9.88124916481192,0.0850629067697269,2.13286732940356,155.313882458496,13.0557075251445
1,1,3,96,1.27192233721308,9.82224047255422,0.0848329038551122,2.12021014395759,154.392195213579,13.29920585758
1,1,3,120,1.58561555100389,9.76404387421155,0.0846041414032964,2.10770229667328,153.481382667415,13.541965863292
1,1,5,2,0.0267759662215442,29.5398231388697,0.114861206261807,6.34539745110485,462.067330811867,36.0268577624579
1,1,5,4,0.053549989519987,25.4016567357113,0.114857038970713,5.46463111439614,397.930552397605,31.0346948785981
1,1,5,8,0.107051232524223,19.8314985090726,0.114804761832011,4.27723636591242,311.465311050687,24.3305908693413
1,1,5,16,0.213907744986808,15.1587186230003,0.11470035018829,3.28120328486435,238.934890268286,18.7685300030398
1,1,5,24,0.320570068181972,15.0587423944156,0.114596128290802,3.25987072554976,237.381468466447,18.7537793164382
1,1,5,48,0.639397181245612,14.9677740893079,0.114284595917429,3.24028608154574,235.955328614757,18.9617419480167
1,1,5,72,0.956495515450576,14.9271794801542,0.113974752768589,3.23149378498401,235.315079830454,19.2291435333574
1,1,5,96,1.2718790937361,14.8868045762836,0.113666585142186,3.22274907390334,234.67829618705,19.4950993290652
1,1,5,120,1.58556178778817,14.8466475988834,0.113360079483917,3.21405156303464,234.044949629521,19.7596210291902
1,1,7,2,0.0267759662215442,39.8715663960765,0.143036094463953,8.58676451525918,625.282086811603,48.6281429720212
1,1,7,4,0.0535492123899727,34.4220131987202,0.143028829258822,7.42107283093368,540.397247165808,42.0396640713027
1,1,7,8,0.107049679678704,27.0229217349715,0.142963730684525,5.83642990801786,425.004676200196,33.1093650533526
1,1,7,16,0.213904644942233,21.033049931434,0.142833711149226,4.55395975071288,331.616111181529,25.9437480382383
1,1,7,24,0.320565426561731,21.0081909680954,0.142703927893702,4.54859352303255,331.225346297236,26.0200538455834
1,1,7,48,0.639387948409591,20.9510533492174,0.14231598938255,4.53621813937068,330.324179657876,26.2689754263803
1,1,7,72,0.95648174118913,20.8942257960162,0.141930154363264,4.52390991254496,329.427903331576,26.5165476041135
1,1,7,96,1.27186082723432,20.8377057913959,0.141546405773674,4.51166829737998,328.536477619051,26.7627813217839
1,1,7,120,1.58553907763459,20.7814908454324,0.141164726735646,4.49949275458539,327.649863249559,27.007687404388
1,1,9,2,0.0267759662215442,50.211854084085,0.170644056251776,10.8283552531665,788.513130574999,61.2376293597248
1,1,9,4,0.0535484352828244,43.4726286008541,0.170632912496815,9.38279065338489,683.248144215333,53.0796006020186
1,1,9,8,0.107048126878855,34.2638343805403,0.170555251243041,7.40553996842985,539.266155162144,41.9469777270921
1,1,9,16,0.213901544988752,27.0341674913072,0.170400140621411,5.85376753282502,426.267189711602,33.2722367097424
1,1,9,24,0.320560785077757,27.0073767554275,0.170245311872595,5.8479706814633,425.845067117003,33.3461535338411
1,1,9,48,0.639378715843898,26.9339198867923,0.169782509200463,5.83206067474253,424.686511739612,33.5751417865791
1,1,9,72,0.956467967329904,26.8608616276567,0.169322215914764,5.816237002764,423.534243196766,33.8028888136654
1,1,9,96,1.27184256126452,26.7881987422527,0.168864411661268,5.80049896469341,422.38821045421,34.0294046798719
1,1,9,120,1.58551636814064,26.7159280297401,0.168409076305283,5.78484586726151,421.248363028571,34.2546993414475
1,1,11,2,0.0267759662215442,60.5125109824153,0.197867240937527,13.0607529399028,951.074742888383,73.7979071294772
1,1,11,4,0.0535476581982305,52.4907772301525,0.197851448173409,11.3370546147953,825.556256403563,64.0792309513194
1,1,11,8,0.107046574124053,41.482178282245,0.197761400078799,8.96953765664112,653.155354815333,50.756523913089
1,1,11,16,0.213898445125119,33.037419265838,0.197581549567389,7.15402879454322,520.951290304164,40.6029280550737
1,1,11,24,0.320556143728189,33.0068834931574,0.197402025882312,7.14741615162481,520.469762348435,40.6722578143927
1,1,11,48,0.639369483544832,32.9171056457417,0.196865406900605,7.12797115063093,519.053791201456,40.8813116868181
1,1,11,72,0.956454193867374,32.8278149656633,0.196331697506681,7.108631665303,517.645503630251,41.0892325223403
1,1,11,96,1.27182429581937,32.7390074983302,0.195800874100522,7.08939683911522,516.244837263218,41.2960295073653
1,1,11,120,1.5854936592972,32.6506793318374,0.195272913336651,7.07026582478729,514.851730402009,41.5017117292585
1,1,13,2,0.0267759662215442,70.7469208948095,0.224807156902401,15.2784928039644,1112.56898297631,86.2769968218979
1,1,13,4,0.0535468811361901,61.4573587123453,0.224785951879713,13.2799274447244,967.034874496416,75.0156189900856
1,1,13,8,0.107045021414297,48.6667834452432,0.224683646573155,10.5261070110203,766.503628480415,59.5246191242509
1,1,13,16,0.213895345351331,39.0417110761363,0.2244793150751,8.45451178019649,615.651536676032,47.9345975167592
1,1,13,24,0.320551502513023,39.0062163633318,0.22427535488512,8.44682396345582,615.091715327015,47.9978671841858
1,1,13,48,0.639360251512382,38.9001184818468,0.223665692070112,8.42384417280575,613.418343310508,48.186988598235
1,1,13,72,0.956440420801524,38.7945963178579,0.223059334844349,8.40098907708219,611.754051489892,48.3750851505859
1,1,13,96,1.27180603089884,38.6896451980324,0.222456256396182,8.3782576640858,610.098766157529,48.5621651494133
1,1,13,120,1.58547095110427,38.585260499482,0.221856430203139,8.35564893254295,608.452414401387,48.7482368133323
1,1,15,2,0.0267759662215442,80.970833549569,0.251527250924779,17.4937014022382,1273.87889808929,98.7428381689535
1,1,15,4,0.0535461040967022,70.4148778873103,0.251499875853945,15.2206505258906,1108.35694941283,85.9405743931515
1,1,15,8,0.107043468749583,55.8446956707103,0.251385414080517,12.0811203973095,879.738597655472,68.2842449508498
1,1,15,16,0.213892245667385,45.0463295842357,0.251156802810149,9.75506441918815,710.356855154479,55.2664430519013
1,1,15,24,0.320546861432252,45.0053753735083,0.250928606962674,9.74619411859335,709.710926171949,55.3230449604966
1,1,15,48,0.639351019746536,44.8829584026036,0.250246500665038,9.7196797428907,707.780168185004,55.4922356659059
1,1,15,72,0.956426648132336,44.7612056916757,0.249568092691652,9.69330923971209,705.859886892965,55.6605096722118
1,1,15,96,1.27178776650293,44.6401118487342,0.248893353045821,9.66708144120262,703.94999725347,55.8278744094856
1,1,15,120,1.5854482435618,44.5196715399893,0.248222252054378,9.6409951921131,702.050415142094,55.9943372277185
1,1,17,2,0.0267759662215442,91.2323103785388,0.278070318865384,19.7168183470021,1435.76469337085,111.253975010628
1,1,17,4,0.0535458366055877,79.4001346627129,0.278038666011785,17.1672117736774,1250.10415547161,96.8989309390076
1,1,17,8,0.107042934254201,63.0394340602737,0.277912126625728,13.6396827249636,993.231998217435,77.0640718461172
1,1,17,16,0.213891178620023,51.0512593670688,0.277659393078722,11.0556844772281,805.067083040088,62.5984944159957
1,1,17,24,0.320545263768372,51.0048450925818,0.277407118786317,11.0456315702245,804.335037499701,62.648429045361
1,1,17,48,0.63934784176702,50.8661073439736,0.276653038952715,11.0155822438036,802.1468669148,62.7976904684969
1,1,17,72,0.956421906974081,50.7281224115459,0.275903047657689,10.9856959704765,799.970569740263,62.9461433366542
1,1,17,96,1.27178147909452,50.5908841845023,0.275157111739723,10.9559714267007,797.806049596659,63.0937942020372
1,1,17,120,1.58544042662652,50.4543866180051,0.274415198394959,10.9264073032196,795.653211144862,63.2406495462462
1,1,19,2,0.0267759662215442,101.520606146566,0.304466845472293,21.9455971872503,1598.06278385596,123.79744614551
1,1,19,4,0.0535458366055877,88.4053096450787,0.304432187891704,19.1179761187077,1392.15742808327,107.881263788284
1,1,19,8,0.107042934254201,70.2463684355376,0.304293636435159,15.2008204535545,1106.9129376445,85.8585254597814
1,1,19,16,0.213891178620023,57.0564140163898,0.304016911518541,12.3563532392548,899.78085751538,69.9306753457831
1,1,19,24,0.320545263768372,57.0045392693869,0.303740689452425,12.3451176373096,898.962688970242,69.9739428599172
1,1,19,48,0.63934784176702,56.8494795234715,0.302915026688029,12.3115330960156,896.517086551824,70.1032754879421
1,1,19,72,0.95642190697408,56.6952611598537,0.302093840577048,12.2781307905324,894.084754415576,70.2319076979372
1,1,19,96,1.27178147909452,56.5418773488236,0.301277094810027,12.2449092416065,891.665584843313,70.3598451643347
1,1,19,120,1.58544042662652,56.3893213343904,0.300464753469118,12.2118669859512,889.25947127954,70.4870935004373
1,1,21,2,0.0267759662215442,111.813709260917,0.330739456761441,24.1753323403814,1760.43051236528,136.346557024282
1,1,21,4,0.0535458366055877,97.4138618533666,0.330701808559192,21.0694073084674,1534.259259854,118.867516806999
1,1,21,8,0.107042934254201,77.4551774340046,0.330551301421378,16.7623281790844,1220.62081998559,94.6550998487646
1,1,21,16,0.213891178620023,63.0615686657117,0.330250697759746,13.6570220012816,994.494631990682,77.2627325433731
1,1,21,24,0.320545263768372,63.004233446193,0.329950640339862,13.6446037043948,993.590340440792,77.299333054696
1,1,21,48,0.63934784176702,62.8328517029705,0.329053730682125,13.6074839482277,990.887306188857,77.4087372236474
1,1,21,72,0.956421906974081,62.6623999081626,0.328161683970686,13.5705656105884,988.198939090899,77.5175491096957
1,1,21,96,1.27178147909452,62.4928705131461,0.327274460762925,13.5338470565124,985.525120089977,77.625773509516
1,1,21,120,1.58544042662652,62.3242560507768,0.326392022041624,13.4973266686829,982.865731414227,77.7334151681279
1,0.9,3,2,0.0267759662215442,17.3297301149272,0.0812148076995621,4.10257890922931,298.746879236474,21.5402997980776
1,0.9,3,4,0.0535518292713154,14.7686342710705,0.0812146512332067,3.50590345002671,255.297396533592,18.4093042016018
1,0.9,3,8,0.107054908678137,11.4921702058386,0.081177685145433,2.74074329786756,199.578978282231,14.4211460975297
1,0.9,3,16,0.213915083927058,9.50699286577752,0.0811038538321412,2.2764857915172,165.772076756884,12.0784975950539
1,0.9,3,24,0.320581056595621,9.43149821990182,0.0810301566963533,2.25864223199556,164.472721439289,12.0917516651893
1,0.9,3,48,0.639419038744207,9.35409191922982,0.0808098667062387,2.24037849265274,163.142768925864,12.314699317333
1,0.9,3,72,0.956528124159295,9.29510945940349,0.0805907712370584,2.22641730523837,162.126125184754,12.5586456600382
1,0.9,3,96,1.27192233721307,9.23711485500133,0.0803728605991612,2.21262904185647,161.122073648739,12.80203909467
1,0.9,3,120,1.58561555100387,9.17974697665128,0.0801561252074137,2.19901050951154,160.130381806158,13.0445291623741
1,0.9,5,2,0.0267759662215442,26.6101692471356,0.107691418843989,6.34539745110485,462.067330811867,33.090034083306
1,0.9,5,4,0.0535499895199868,22.8786504253036,0.107687511680681,5.46463111439614,397.930552397605,28.5045190409004
1,0.9,5,8,0.107051232524223,17.8620024839686,0.107638497749667,4.27848167142527,311.55599331272,22.3551738856678
1,0.9,5,16,0.213907744986807,13.6577587016084,0.10754060361794,3.28452772311273,239.176973497858,17.2637347733259
1,0.9,5,24,0.320570068181972,13.5614984340462,0.107442887388235,3.26172225925846,237.516295834675,17.2512336488749
1,0.9,5,48,0.63939718124561,13.4717422327879,0.10715080127495,3.24028608154574,235.955328614757,17.4585762968542
1,0.9,5,72,0.956495515450572,13.4352070046325,0.106860298942582,3.231493784984,235.315079830454,17.7300566040096
1,0.9,5,96,1.27187909373609,13.3988695116643,0.106571367544338,3.22274907390334,234.67829618705,18.0000690468481
1,0.9,5,120,1.58556178778816,13.3627281529486,0.106283994371994,3.21405156303464,234.044949629521,18.2686254981434
1,0.9,7,2,0.0267759662215442,35.907079021821,0.133252791709412,8.58676451525918,625.282086811603,44.6538722950112
1,0.9,7,4,0.0535492123899727,30.995722715339,0.133246023425716,7.42107283093368,540.397247165808,38.6035907820884
1,0.9,7,8,0.107049679678704,24.3282568655733,0.133185377427278,5.83642990801786,425.004676200196,30.4049218306971
1,0.9,7,16,0.213904644942233,18.9304982773755,0.133064250895403,4.55395975071288,331.616111181529,23.831426923926
1,0.9,7,24,0.32056542656173,18.9081168877316,0.132943344482371,4.54859352303255,331.225346297236,23.9102191818083
1,0.9,7,48,0.63938794840959,18.8566929520683,0.132581939972438,4.53621813937068,330.324179657876,24.164880979821
1,0.9,7,72,0.956481741189128,18.805548075941,0.13222249508091,4.52390991254496,329.427903331576,24.418162224756
1,0.9,7,96,1.27186082723432,18.75467999396,0.131864993912628,4.51166829737998,328.536477619051,24.6700741124869
1,0.9,7,120,1.58553907763458,18.7040864651901,0.131509420743878,4.49949275458538,327.649863249559,24.920627718154
1,0.9,9,2,0.0267759662215442,45.2124299577054,0.158276330954342,10.8283552531665,788.513130574999,56.2258375080478
1,0.9,9,4,0.0535484352828244,39.1406179797965,0.158265994862439,9.38279065338489,683.248144215333,48.7352230633266
1,0.9,9,8,0.107048126878855,30.8447153803385,0.158193962243344,7.40553996842985,539.266155162144,38.5154974378905
1,0.9,9,16,0.213901544988751,24.3314978845574,0.158050093534273,5.85376753282502,426.267189711602,30.5572170559054
1,0.9,9,24,0.320560785077757,24.3073835402327,0.157906486268792,5.8479706814633,425.845067117003,30.6338214930425
1,0.9,9,48,0.639378715843898,24.2412722813037,0.157477226026684,5.83206067474253,424.686511739612,30.8701888979168
1,0.9,9,72,0.956467967329904,24.1755197713432,0.157050293298855,5.816237002764,423.534243196766,31.1052750347359
1,0.9,9,96,1.27184256126452,24.1101230981563,0.156625669206284,5.80049896469341,422.38821045421,31.3390902933205
1,0.9,9,120,1.58551636814064,24.0450793809836,0.156203335073574,5.7848458672615,421.248363028571,31.5716449514593
1,0.9,11,2,0.0267759662215442,54.4823945122951,0.182934838589065,13.0607529399028,951.074742888383,67.7528582570085
1,0.9,11,4,0.0535476581982305,47.2564879001348,0.182920237653908,11.3370546147953,825.556256403563,58.8300104107823
1,0.9,11,8,0.107046574124053,37.3409655205038,0.1828369851985,8.96953765664112,653.155354815333,46.6003867364674
1,0.9,11,16,0.213898445125119,29.7344223360139,0.182670707424984,7.15402879454322,520.951290304164,37.2850202831072
1,0.9,11,24,0.32055614372819,29.7069396037787,0.182504731813271,7.14741615162481,520.469762348435,37.357416630945
1,0.9,11,48,0.639369483544832,29.6261394639496,0.182008609734966,7.12797115063093,519.053791201456,37.5754887078603
1,0.9,11,72,0.956454193867375,29.5457777751427,0.181515177667241,7.10863166530301,517.645503630251,37.7923788119803
1,0.9,11,96,1.27182429581937,29.4658509782219,0.181024413791094,7.08939683911522,516.244837263218,38.0080965269476
1,0.9,11,120,1.58549365929721,29.3863555524691,0.180536296522856,7.07026582478729,514.851730402009,38.2226513330765
1,0.9,13,2,0.0267759662215442,63.6928795604593,0.207324613919432,15.2784928039644,1112.56898297631,79.2054729445647
1,0.9,13,4,0.0535468811361901,55.3260499298489,0.207305057944425,13.2799274447244,967.034874496416,68.8668293136539
1,0.9,13,8,0.107045021414297,43.8069065648312,0.207210708598628,10.5261070110203,766.503628480415,54.6472693058645
1,0.9,13,16,0.213895345351331,35.13828445386,0.207022267316199,8.45451178019649,615.651536676033,44.013713846724
1,0.9,13,24,0.320551502513023,35.1063391865248,0.206834168466389,8.44682396345582,615.091715327015,44.08054882096
1,0.9,13,48,0.639360251512383,35.0108510160355,0.206271917204088,8.42384417280576,613.418343310508,44.2803273575577
1,0.9,13,72,0.956440420801525,34.9158809917113,0.205712714465792,8.4009890770822,611.754051489892,44.4790232040609
1,0.9,13,96,1.27180603089885,34.8214249075495,0.205156535524907,8.37825766408581,610.098766157529,44.6766451380591
1,0.9,13,120,1.58547095110427,34.7274786029471,0.20460335592153,8.35564893254296,608.452414401387,44.8732018425159
1,0.9,15,2,0.0267759662215442,72.8940360299781,0.231505847844408,17.4937014022382,1273.87889808929,90.6460192462823
1,0.9,15,4,0.0535461040967022,63.3875421858821,0.231480651811135,15.2206505258906,1108.35694941283,78.8932194676806
1,0.9,15,8,0.107043468749583,50.266873058145,0.231375301119288,12.0811203973095,879.738597655472,62.6864122253233
1,0.9,15,16,0.213892245667385,40.5424411107381,0.231164887155082,9.75506441918816,710.356855154479,50.7425626627487
1,0.9,15,24,0.320546861432252,40.505582295273,0.230954855546378,9.74619411859335,709.710926171949,50.803278130845
1,0.9,15,48,0.639351019746536,40.3954069443082,0.230327044459613,9.7196797428907,707.780168185004,50.9847647514051
1,0.9,15,72,0.956426648132336,40.2858294277412,0.229702637312929,9.69330923971209,705.859886892965,51.1652679528986
1,0.9,15,96,1.27178776650293,40.1768448927772,0.22908160649735,9.66708144120262,703.94999725347,51.3447957069801
1,0.9,15,120,1.5854482435618,40.0684485390019,0.228463924701671,9.6409951921131,702.050415142094,51.5233558993785
1,0.9,17,2,0.0267759662215442,82.1291054102109,0.255519140082286,19.7168183470021,1435.76469337085,102.128218863517
1,0.9,17,4,0.0535458366055877,71.4740765756463,0.255490054238224,17.1672117736774,1250.10415547161,88.9503242401675
1,0.9,17,8,0.107042934254201,56.742027178337,0.255373777048901,13.6396827249636,993.231998217435,70.7441266146037
1,0.9,17,16,0.213891178620023,45.946877915146,0.255141539898009,11.0556844772281,805.067083040088,57.4715951108921
1,0.9,17,24,0.320545263768372,45.9051050422975,0.254909724756705,11.0456315702245,804.335037499701,57.526191601047
1,0.9,17,48,0.63934784176702,45.7802409914002,0.254216799918766,11.0155822438036,802.1468669148,57.6893878768896
1,0.9,17,72,0.956421906974081,45.6560544754842,0.25352763204369,10.9856959704765,799.970569740263,57.8516999849784
1,0.9,17,96,1.27178147909452,45.532539994829,0.25284219065932,10.9559714267007,797.806049596659,58.0131350912835
1,0.9,17,120,1.58544042662652,45.4096921090775,0.252160445622155,10.9264073032196,795.653211144862,58.1737002845458
1,0.9,19,2,0.0267759662215442,91.3883796467311,0.279393411004413,21.9455971872503,1598.06278385596,113.640146211207
1,0.9,19,4,0.0535458366055877,79.5785886130484,0.279361607542716,19.1179761187077,1392.15742808327,99.0294721759044
1,0.9,19,8,0.107042934254201,63.2281882281563,0.279234466066988,15.2008204535545,1106.9129376445,78.8152860820319
1,0.9,19,16,0.213891178620023,51.3515170995349,0.278980529983261,12.3563532392548,899.78085751538,64.200742047393
1,0.9,19,24,0.320545263768372,51.3048298014221,0.278727055339324,12.3451176373096,898.962688970242,64.2492197578394
1,0.9,19,48,0.63934784176702,51.1652759529485,0.27796938750286,12.3115330960156,896.517086551824,64.394126278234
1,0.9,19,72,0.95642190697408,51.0264793489613,0.277215827658731,12.2781307905324,894.084754415576,64.5382478741265
1,0.9,19,96,1.27178147909452,50.8884338427184,0.276466342487636,12.2449092416065,891.665584843313,64.681590905907
1,0.9,19,120,1.58544042662652,50.7511333538244,0.275720899029633,12.2118669859512,889.25947127954,64.8241616654318
1,0.9,21,2,0.0267759662215442,100.652019702347,0.303150125534207,24.1753323403814,1760.43051236528,125.157278134484
1,0.9,21,4,0.0535458366055877,87.6861699958544,0.303115617836366,21.0694073084674,1534.259259854,109.112238758764
1,0.9,21,8,0.107042934254201,69.7160530745312,0.302977665569743,16.7623281790844,1220.62081998559,86.8884018534396
1,0.9,21,16,0.213891178620023,56.7561562839244,0.302702137398257,13.6570220012816,994.494631990682,70.9297716012243
1,0.9,21,24,0.320545263768372,56.7045545605473,0.302427109902608,13.6446037043947,993.590340440792,70.9721306386131
1,0.9,21,48,0.63934784176702,56.5503109144973,0.301605017860739,13.6074839482277,990.887306188857,71.0987477223528
1,0.9,21,72,0.956421906974081,56.396904222439,0.300787383112218,13.5705656105884,988.1989390909,71.2246791231137
1,0.9,21,96,1.27178147909452,56.2443276906083,0.299974169504615,13.5338470565124,985.525120089976,71.3499303957198
1,0.9,21,120,1.58544042662652,56.0925745985719,0.299165341275416,13.4973266686829,982.865731414227,71.4745070351567
1,0.8,3,2,0.0267759662215441,15.4379212761504,0.0766559758414527,4.10318538799932,298.7910425893,19.6445386062127
1,0.8,3,4,0.0535518292713154,13.1533725724074,0.0766558281580252,3.50678933461185,255.361906019218,16.7903695644486
1,0.8,3,8,0.107054908678137,10.3513013958395,0.0766209370881379,2.77328769040151,201.94883780749,13.3082649320072
1,0.8,3,16,0.213915083927058,8.97931812853718,0.0765512501489163,2.41412775900498,175.795066965906,11.6839122216181
1,0.8,3,24,0.320581056595621,8.91786083719632,0.0764816898554112,2.3979031973601,174.613605922589,11.7128267810075
1,0.8,3,48,0.639419038744205,8.8430025425456,0.0762737654061801,2.37792650845437,173.1589176399,11.9366218551504
1,0.8,3,72,0.956528124159294,8.81369577764618,0.0760669684258242,2.37003938951999,172.58458324684,12.2163302597513
1,0.8,3,96,1.27192233721307,8.78458277971807,0.0758612897686016,2.3622044176975,172.014046169391,12.4945708243972
1,0.8,3,120,1.58865748138691,8.77617788565347,0.075801864319872,2.35994246898546,171.849332672426,12.8005797003457
1,0.8,5,2,0.0267759662215442,23.6805153554009,0.100454412763151,6.34539745110485,462.067330811867,30.1531431854905
1,0.8,5,4,0.053549989519987,20.3556441148955,0.100450768166396,5.46463111439614,397.930552397605,25.974275986978
1,0.8,5,8,0.107051232524223,15.891463685598,0.10040504803651,4.27975709093266,311.648868454424,20.3786770570914
1,0.8,5,16,0.213907744986807,12.1604272701855,0.100313732520183,3.289634200537,239.548823553187,15.7642829482295
1,0.8,5,24,0.320570068181972,12.0626562579302,0.100222582950629,3.26357589742197,237.651276447805,15.7470248064848
1,0.8,5,48,0.639397181245611,11.9757103762679,0.0999501254112878,3.24028608154574,235.955328614757,15.9553437644706
1,0.8,5,72,0.956495515450573,11.9432345291107,0.0996791452206875,3.231493784984,235.315079830454,16.230902974766
1,0.8,5,96,1.27187909373609,11.9109344470451,0.0994096303953564,3.22274907390334,234.67829618705,16.5049722450799
1,0.8,5,120,1.58556178778816,11.8788087070138,0.0991415690810793,3.21405156303464,234.044949629521,16.7775636269177
1,0.8,7,2,0.0267759662215442,31.9425916475652,0.123389954760203,8.58676451525918,625.282086811603,40.6795220838061
1,0.8,7,4,0.0535492123899727,27.5694322319577,0.123383687437707,7.42107283093368,540.397247165808,35.1674379627191
1,0.8,7,8,0.107049679678704,21.6335919961749,0.123327530212725,5.83642990801786,425.004676200196,27.7003991140842
1,0.8,7,16,0.213904644942233,16.8299962476833,0.123215368980704,4.55450607332963,331.655894006045,21.7216223349359
1,0.8,7,24,0.320565426561731,16.8080428073679,0.123103411575213,4.54859352303255,331.225346297236,21.8003051685374
1,0.8,7,48,0.63938794840959,16.7623325549193,0.122768756776926,4.53621813937068,330.324179657876,22.0607073994765
1,0.8,7,72,0.95648174118913,16.7168703558659,0.122435916553952,4.52390991254496,329.427903331576,22.3196979261539
1,0.8,7,96,1.27186082723432,16.6716541965242,0.122104876187629,4.51166829737998,328.536477619051,22.5772881973261
1,0.8,7,120,1.58553907763459,16.626682084948,0.121775621118049,4.49949275458539,327.649863249559,22.833489538286
1,0.8,9,2,0.0267759662215442,40.2130058313254,0.145818422356987,10.8283552531665,788.513130574999,51.2139554730705
1,0.8,9,4,0.0535484352828244,34.8086073587386,0.145808899817479,9.38279065338489,683.248144215333,44.3907553472238
1,0.8,9,8,0.107048126878855,27.4255963801365,0.145742536876089,7.40553996842985,539.266155162144,35.0839270123213
1,0.8,9,16,0.213901544988752,21.6288282778074,0.145609992053646,5.85376753282501,426.267189711602,27.8421073476748
1,0.8,9,24,0.320560785077757,21.6073903250377,0.145477688096603,5.8479706814633,425.845067117003,27.9213994796754
1,0.8,9,48,0.639378715843898,21.548624675815,0.14508221487008,5.83206067474253,424.686511739611,28.1651462812715
1,0.8,9,72,0.956467967329905,21.4901779150295,0.144688885959502,5.816237002764,423.534243196765,28.4075717710829
1,0.8,9,96,1.27184256126452,21.4320474540597,0.144297683971812,5.8004989646934,422.38821045421,28.6486866639895
1,0.8,9,120,1.58551636814064,21.374230732227,0.143908591701554,5.78484586726151,421.248363028571,28.8885015593307
1,0.8,11,2,0.0267759662215442,48.4522780421746,0.167902734851205,13.0607529399028,951.074742888383,61.7077096831502
1,0.8,11,4,0.0535476581982305,42.0221985701169,0.167889333702669,11.3370546147953,825.556256403563,53.5806901768131
1,0.8,11,8,0.107046574124053,33.1997527587623,0.167812922259918,8.96953765664113,653.155354815333,42.4441499117874
1,0.8,11,16,0.213898445125119,26.4314254061895,0.167660307847411,7.15402879454322,520.951290304164,33.9670129537053
1,0.8,11,24,0.32055614372819,26.4069957143998,0.167507970767497,7.14741615162481,520.469762348435,34.0424759805203
1,0.8,11,48,0.639369483544832,26.3351732821572,0.167052615984286,7.12797115063093,519.053791201456,34.2695665323173
1,0.8,11,72,0.956454193867375,26.2637405846218,0.166599730168368,7.10863166530301,517.645503630251,34.4954261739606
1,0.8,11,96,1.27182429581937,26.1926944581132,0.166149293293649,7.08939683911522,516.244837263218,34.7200648863415
1,0.8,11,120,1.58549365929721,26.1220317731006,0.165701285550032,7.07026582478729,514.851730402009,34.9434925427352
1,0.8,13,2,0.0267759662215442,56.6388382261087,0.189733684099111,15.2784928039644,1112.56898297631,72.1338406803938
1,0.8,13,4,0.0535468811361901,49.194741147352,0.189715787395414,13.2799274447244,967.034874496416,62.717931260608
1,0.8,13,8,0.107045021414297,38.9470296844188,0.189629443335093,10.5261070110203,766.503628480415,49.7698111601885
1,0.8,13,16,0.213895345351331,31.2348578315832,0.189456990783147,8.45451178019649,615.651536676032,40.0927219479142
1,0.8,13,24,0.320551502513023,31.2064620097172,0.189284851609343,8.44682396345581,615.091715327014,40.1631223272954
1,0.8,13,48,0.639360251512382,31.1215835502236,0.188770305838009,8.42384417280575,613.418343310508,40.3735582803798
1,0.8,13,72,0.956440420801524,31.0371656655642,0.188258549931706,8.4009890770822,611.754051489892,40.5828537133797
1,0.8,13,96,1.27180603089884,30.9532046170661,0.187749561261825,8.3782576640858,610.098766157529,40.7910178733126
1,0.8,13,120,1.58547095110427,30.8696967064118,0.187243317443819,8.35564893254296,608.452414401387,40.9980599075028
1,0.8,15,2,0.0267759662215442,64.8172385103853,0.211368018624469,17.4937014022382,1273.87889808929,82.5490838974695
1,0.8,15,4,0.0535461040967022,56.3602064844522,0.211345014300044,15.2206505258906,1108.35694941283,71.8457481287395
1,0.8,15,8,0.107043468749583,44.6890504455785,0.211248827671483,12.0811203973095,879.738597655472,57.088463139309
1,0.8,15,16,0.213892245667385,36.0385526372395,0.211056716832299,9.75506441918814,710.356855154478,46.2185660189273
1,0.8,15,24,0.320546861432252,36.0057892170367,0.210864955088942,9.74619411859334,709.710926171949,46.2833951521512
1,0.8,15,48,0.639351019746536,35.9078554860118,0.210291754944256,9.71967974289069,707.780168185003,46.4771780035933
1,0.8,15,72,0.956426648132336,35.8104531638057,0.209721662643615,9.69330923971208,705.859886892964,46.6699107142937
1,0.8,15,96,1.27178776650293,35.7135779368191,0.209154652979643,9.66708144120262,703.94999725347,46.8616017975043
1,0.8,15,120,1.5854482435618,35.6172255380136,0.208590701016837,9.6409951921131,702.050415142094,47.0522596747053
1,0.8,17,2,0.0267759662215442,73.0259004418828,0.232844016208774,19.7168183470021,1435.76469337085,93.0023387713152
1,0.8,17,4,0.0535458366055877,63.5480184885794,0.232817511482967,17.1672117736774,1250.10415547161,81.0015936103454
1,0.8,17,8,0.107042934254201,50.4446202963999,0.232711552893146,13.6396827249636,993.231998217435,64.4240575085109
1,0.8,17,16,0.213891178620023,40.8424964632225,0.232499924790026,11.0556844772281,805.067083040087,52.3445720438607
1,0.8,17,24,0.320545263768372,40.8053649920125,0.232288681246775,11.0456315702245,804.335037499701,52.4038305072522
1,0.8,17,48,0.639347841767021,40.6943746388264,0.231657247522693,11.0155822438036,802.1468669148,52.5809619719196
1,0.8,17,72,0.956421906974081,40.5839865394219,0.231029237363363,10.9856959704765,799.970569740263,52.7571336542358
1,0.8,17,96,1.27178147909452,40.4741958051551,0.230404623000772,10.9559714267007,797.806049596659,52.9323533339511
1,0.8,17,120,1.58544042662652,40.3649976001493,0.229783376966393,10.9264073032196,795.653211144862,53.1066287069619
1,0.8,19,2,0.0267759662215442,81.2561531468966,0.254188943239615,21.9455971872503,1598.06278385596,103.482715243608
1,0.8,19,4,0.0535458366055877,70.7518675810178,0.254160008812382,19.1179761187077,1392.15742808327,90.1775495451435
1,0.8,19,8,0.107042934254201,56.2100080207746,0.254044336945815,15.2008204535545,1106.9129376445,71.7719157455291
1,0.8,19,16,0.213891178620023,45.6466201826796,0.253813308788992,12.3563532392548,899.78085751538,58.4706779093434
1,0.8,19,24,0.320545263768372,45.6051203334569,0.253582700444834,12.3451176373096,898.962688970241,58.5243659349797
1,0.8,19,48,0.63934784176702,45.4810723824251,0.252893382876517,12.3115330960156,896.517086551823,58.6848467030842
1,0.8,19,72,0.956421906974081,45.3576975380685,0.252207802712839,12.2781307905324,894.084754415576,58.8444580382878
1,0.8,19,96,1.27178147909452,45.2349903366126,0.25152592964028,12.2449092416065,891.665584843313,59.0032069869539
1,0.8,19,120,1.58544042662652,45.1129453732579,0.250847733672259,12.2118669859512,889.25947127954,59.1611005195079
1,0.8,21,2,0.0267759662215442,89.4903301437756,0.27542303704087,24.1753323403814,1760.43051236528,113.967861487419
1,0.8,21,4,0.0535458366055877,77.958478138341,0.275391685528401,21.0694073084674,1534.259259854,99.3568229689424
1,0.8,21,8,0.107042934254201,61.976928715057,0.275266350821139,16.7623281790844,1220.62081998559,79.1215661792167
1,0.8,21,16,0.213891178620023,50.4507439021363,0.275016023345116,13.6570220012816,994.494631990682,64.596673105383
1,0.8,21,24,0.320545263768372,50.4048756749009,0.274766150751503,13.6446037043947,993.590340440792,64.6447907938155
1,0.8,21,48,0.639347841767021,50.2677701260234,0.274019249899987,13.6074839482277,990.887306188856,64.7886211659181
1,0.8,21,72,0.956421906974081,50.1314085367147,0.27327639866339,13.5705656105884,988.1989390909,64.9316724529406
1,0.8,21,96,1.27178147909452,49.9957848680697,0.272537564195898,13.5338470565124,985.525120089976,65.0739509678725
1,0.8,21,120,1.58544042662652,49.8608931463662,0.271802714005954,13.4973266686829,982.865731414227,65.2154629556815
1,0.7,3,2,0.0267759662215442,13.5454143809248,0.0720349506286507,4.10375833817143,298.832764413465,17.7479836359465
1,0.7,3,4,0.0535518292713156,11.5533087969169,0.0720348118479716,3.51245182484243,255.774244531778,15.1913472628787
1,0.7,3,8,0.107054908678137,9.34118357423794,0.0720020241041704,2.85369468465155,207.804017959405,12.3739351916718
1,0.7,3,16,0.213998283372927,8.65158960064181,0.0719645168443142,2.64830813965481,192.847915782576,11.5858605405139
1,0.7,3,24,0.320997425059391,8.65158960064181,0.0719645168443142,2.64830813965481,192.847915782576,11.6928596822003
1,0.7,3,48,0.641994850118782,8.65158960064181,0.0719645168443142,2.64830813965481,192.847915782576,12.0138571072597
1,0.7,3,72,0.962992275178172,8.65158960064181,0.0719645168443142,2.64830813965481,192.847915782576,12.3348545323191
1,0.7,3,96,1.28398970023756,8.65158960064181,0.0719645168443142,2.64830813965481,192.847915782576,12.6558519573785
1,0.7,3,120,1.60498712529695,8.65158960064181,0.0719645168443142,2.64830813965481,192.847915782576,12.9768493824379
1,0.7,5,2,0.0267759662215442,20.7508614636663,0.0931371154066571,6.34539745110485,462.067330811867,27.2161719963993
1,0.7,5,4,0.053549989519987,17.8326378044874,0.0931337362895112,5.46463111439615,397.930552397605,23.4439526446931
1,0.7,5,8,0.107051232524223,13.9223759910637,0.0930913465039702,4.28184037924789,311.800572028322,18.4043589493397
1,0.7,5,16,0.213907744986807,10.6929551461722,0.0930066825897772,3.30517553191014,240.680532253894,14.3050451056589
1,0.7,5,24,0.320570068181972,10.575258733553,0.0929221725344657,3.26940963916522,238.076085373758,14.2581606134347
1,0.7,5,48,0.639397181245611,10.479678519748,0.0926695613391285,3.24028608154574,235.955328614757,14.4520313438784
1,0.7,5,72,0.956495515450573,10.451262053589,0.0924183198795386,3.231493784984,235.315079830454,14.7316696739031
1,0.7,5,96,1.27187909373609,10.4229993824258,0.0921684370451244,3.22274907390334,234.67829618705,15.0097959871104
1,0.7,5,120,1.58556178778816,10.394889261079,0.0919199018451551,3.21405156303464,234.044949629521,15.286422513747
1,0.7,7,2,0.0267759662215442,27.9781042733103,0.11343211589246,8.58676451525918,625.282086811603,36.7050768706835
1,0.7,7,4,0.0535492123899726,24.1431417485771,0.113426354356579,7.42107283093368,540.397247165808,31.7311901462573
1,0.7,7,8,0.107049679678704,18.9389271267771,0.113374729142316,5.83642990801786,425.004676200196,24.9957814436159
1,0.7,7,16,0.213904644942234,14.7313223908322,0.113271619566712,4.55576863314354,331.747832714014,19.6142672884847
1,0.7,7,24,0.320565426561731,14.7079687270044,0.113168697368391,4.54859352303255,331.225346297236,19.6902963739671
1,0.7,7,48,0.639387948409591,14.6679721577705,0.112861049943306,4.53621813937068,330.324179657876,19.956439295494
1,0.7,7,72,0.956481741189132,14.628192635791,0.112555070653343,4.52390991254496,329.427903331576,20.2211393601784
1,0.7,7,96,1.27186082723432,14.5886283990886,0.112250745967668,4.51166829737999,328.536477619051,20.4844082696705
1,0.7,7,120,1.58553907763459,14.549277704706,0.111948062501389,4.49949275458538,327.649863249559,20.7462575994274
1,0.7,9,2,0.0267759662215442,35.2135817049455,0.133252791709412,10.8283552531665,788.513130574999,46.2019657160429
1,0.7,9,4,0.0535484352828244,30.4765967376808,0.13324408975699,9.38279065338489,683.248144215333,40.0461799161055
1,0.7,9,8,0.107048126878855,24.0064773799344,0.133183445518331,7.40553996842985,539.266155162144,31.6522489207615
1,0.7,9,16,0.213901544988751,18.9261586710573,0.133062322498813,5.85376753282502,426.267189711602,25.1268900713699
1,0.7,9,24,0.320560785077757,18.9073971098427,0.132941419588569,5.8479706814633,425.845067117003,25.2088699959724
1,0.7,9,48,0.639378715843897,18.8559770703263,0.132580025529926,5.83206067474254,424.686511739612,25.4599964864427
1,0.7,9,72,0.956467967329903,18.8048360587158,0.132220591004799,5.816237002764,423.534243196766,25.7097616198145
1,0.7,9,96,1.27184256126452,18.7539718099631,0.131863100118948,5.80049896469341,422.38821045421,25.95817643604
1,0.7,9,120,1.58551636814063,18.7033820834703,0.131507537149561,5.78484586726151,421.248363028571,26.205251856022
1,0.7,11,2,0.0267759662215442,42.4221615720531,0.152751539905935,13.0607529399028,951.074742888383,55.6624420180834
1,0.7,11,4,0.0535476581982305,36.7879092400982,0.15273934804928,11.3370546147953,825.556256403563,48.331250861141
1,0.7,11,8,0.107046574124053,29.0585399970202,0.152669831816819,8.96953765664112,653.155354815333,38.2877940596022
1,0.7,11,16,0.213898445125119,23.128428476365,0.152530989012722,7.15402879454322,520.951290304165,30.648886705046
1,0.7,11,24,0.320556143728189,23.1070518250207,0.1523923985153,7.14741615162481,520.469762348435,30.727416518889
1,0.7,11,48,0.639369483544832,23.0442071003646,0.151978134004357,7.12797115063093,519.053791201457,30.9635258685447
1,0.7,11,72,0.956454193867374,22.9817033941007,0.151566115666214,7.10863166530301,517.645503630251,31.1983553689373
1,0.7,11,96,1.27182429581937,22.9195379380044,0.15115632528189,7.08939683911522,516.244837263218,31.4319153982208
1,0.7,11,120,1.5854936592972,22.8577079937319,0.15074874482891,7.07026582478729,514.851730402009,31.6642162226453
1,0.7,13,2,0.0267759662215442,49.5847968917593,0.172013288486933,15.2784928039644,1112.56898297631,65.0620789504322
1,0.7,13,4,0.0535468811361901,43.0634323648561,0.171997063266459,13.2799274447244,967.034874496416,56.5689037539832
1,0.7,13,8,0.107045021414297,34.0871528040072,0.171918783408943,10.5261070110203,766.503628480415,44.8922236198507
1,0.7,13,16,0.213895345351331,27.3314312093069,0.1717624372614,8.45451178019649,615.651536676033,36.1716007721162
1,0.7,13,24,0.320551502513023,27.3065848329101,0.171606375223686,8.44682396345582,615.091715327015,36.2455666741027
1,0.7,13,48,0.639360251512382,27.2323160844123,0.171139886046372,8.42384417280575,613.418343310508,36.4666603947768
1,0.7,13,72,0.956440420801524,27.1584503394177,0.170675926171435,8.40098907708219,611.754051489892,36.6865557634728
1,0.7,13,96,1.27180603089884,27.0849843265832,0.170214475083693,8.3782576640858,610.098766157529,36.9052624966515
1,0.7,13,120,1.58547095110427,27.011914809877,0.169755512489229,8.35564893254296,608.452414401387,37.1227902060134
1,0.7,15,2,0.0267759662215442,56.7404409907941,0.191091120835689,17.4937014022382,1273.87889808929,74.4520094800896
1,0.7,15,4,0.0535461040967022,49.3328707830237,0.191070323355697,15.2206505258906,1108.35694941283,64.7981377363667
1,0.7,15,8,0.107043468749583,39.111227833013,0.19098336407595,12.0811203973095,879.738597655472,51.490375063148
1,0.7,15,16,0.213892245667385,31.5346641637417,0.19080968276019,9.75506441918815,710.356855154479,41.6944305113575
1,0.7,15,24,0.320546861432252,31.5059961388012,0.190636317050892,9.74619411859335,709.710926171949,41.7633734358777
1,0.7,15,48,0.639351019746536,31.4203040277162,0.190118104982557,9.7196797428907,707.780168185004,41.969452895336
1,0.7,15,72,0.956426648132336,31.335076899871,0.189602702617439,9.69330923971209,705.859886892965,42.1744154903328
1,0.7,15,96,1.27178776650293,31.2503109808619,0.18909008716635,9.66708144120263,703.949997253471,42.3782702757338
1,0.7,15,120,1.5854482435618,31.166002537026,0.188580236085891,9.6409951921131,702.050415142094,42.5810262087868
1,0.7,17,2,0.0267759662215442,63.9226954735541,0.210020842538172,19.7168183470021,1435.76469337085,83.876310629316
1,0.7,17,4,0.0535458366055877,55.6219604015124,0.209996935783187,17.1672117736774,1250.10415547161,73.0527149475785
1,0.7,17,8,0.107042934254201,44.1472134144628,0.209901363164785,13.6396827249636,993.231998217435,58.1038404368454
1,0.7,17,16,0.213891178620023,35.7381150112994,0.209710478669466,11.0556844772281,805.067083040087,47.217401145817
1,0.7,17,24,0.320545263768372,35.7056249417278,0.209519941039783,11.0456315702245,804.3350374997,47.2813217167605
1,0.7,17,48,0.639347841767021,35.6085082862527,0.208950399915652,11.0155822438036,802.1468669148,47.472388771739
1,0.7,17,72,0.956421906974081,35.5119186033599,0.20838394678135,10.9856959704765,799.970569740263,47.6624204275918
1,0.7,17,96,1.27178147909452,35.4158516154816,0.20782055659066,10.9559714267007,797.806049596659,47.8514250778674
1,0.7,17,120,1.58544042662652,35.3203030912214,0.207260204567498,10.9264073032196,795.653211144862,48.0394110256351
1,0.7,19,2,0.0267759662215442,71.1239266470621,0.228827958964517,21.9455971872503,1598.06278385596,93.3251277594984
1,0.7,19,4,0.0535458366055877,61.9251465489873,0.228801911388083,19.1179761187077,1392.15742808327,81.3254704156887
1,0.7,19,8,0.107042934254201,49.1918278133931,0.228697780355479,15.2008204535545,1106.9129376445,64.7283889815573
1,0.7,19,16,0.213891178620023,39.9417232658244,0.228489802380846,12.3563532392548,899.78085751538,52.74045748608
1,0.7,19,24,0.320545263768372,39.9054108654917,0.228282202333254,12.3451176373096,898.962688970242,52.7993559689029
1,0.7,19,48,0.639347841767021,39.7968688119016,0.227661659479477,12.3115330960156,896.517086551824,52.9754114091637
1,0.7,19,72,0.956421906974081,39.6889157271757,0.227044481141342,12.2781307905324,894.084754415577,53.1505129058235
1,0.7,19,96,1.27178147909452,39.5815468305069,0.226430640029774,12.2449092416065,891.665584843313,53.3246681912377
1,0.7,19,120,1.58544042662652,39.4747573926915,0.225820109150018,12.2118669859512,889.259471279541,53.4978849144193
1,0.7,21,2,0.0267759662215442,78.3286405852066,0.247531400397815,24.1753323403814,1760.43051236528,102.778280292207
1,0.7,21,4,0.0535458366055877,68.2307862808297,0.247503223801298,21.0694073084674,1534.259259854,89.601242649704
1,0.7,21,8,0.107042934254201,54.2378043555843,0.247390581533098,16.7623281790844,1220.62081998559,71.354566050456
1,0.7,21,16,0.213891178620023,44.1453315203495,0.24716560430765,13.6570220012816,994.494631990682,58.2634103045588
1,0.7,21,24,0.320545263768371,44.1051967892558,0.24694103589942,13.6446037043947,993.590340440792,58.3172867933183
1,0.7,21,48,0.63934784176702,43.9852293375507,0.246269772465103,13.6074839482277,990.887306188857,58.4783309000106
1,0.7,21,72,0.95642190697408,43.8659128509917,0.245602148547881,13.5705656105884,988.198939090899,58.638502517102
1,0.7,21,96,1.27178147909452,43.7472420455324,0.244938134628185,13.5338470565124,985.525120089976,58.7978087157675
1,0.7,21,120,1.58544042662652,43.6292116941617,0.24427770150482,13.4973266686829,982.865731414227,58.956256490976
1,0.6,3,2,0.0267759662215441,11.6536094263973,0.0673378245115623,4.10475406076825,298.905272225007,15.8524772778987
1,0.6,3,4,0.0535518292713155,9.99146681235047,0.0673376947802451,3.53303505351736,257.273100609211,13.6453913899194
1,0.6,3,8,0.107054908678137,8.60374136111524,0.0673070450009513,3.0542247782717,222.406476799928,11.832328093066
1,0.6,3,16,0.214089773947519,8.56827742406142,0.0673007442033902,3.04186309916717,221.50630811669,11.8915310413795
1,0.6,3,24,0.321134660921278,8.56827742406142,0.0673007442033902,3.04186309916717,221.50630811669,11.9985759283533
1,0.6,3,48,0.642269321842557,8.56827742406142,0.0673007442033902,3.04186309916717,221.50630811669,12.3197105892745
1,0.6,3,72,0.963403982763835,8.56827742406142,0.0673007442033902,3.04186309916717,221.50630811669,12.6408452501958
1,0.6,3,96,1.28453864368511,8.56827742406142,0.0673007442033902,3.04186309916717,221.50630811669,12.9619799111171
1,0.6,3,120,1.60567330460639,8.56827742406142,0.0673007442033902,3.04186309916717,221.50630811669,13.2831145720384
1,0.6,5,2,0.0267759662215442,17.821207571932,0.0857215722051854,6.34539745110485,462.067330811867,24.2791025614635
1,0.6,5,4,0.0535499895199869,15.3096314940796,0.0857184621321157,5.46463111439615,397.930552397605,20.9135310601278
1,0.6,5,8,0.107051232524224,11.9558672403415,0.0856794474058584,4.285504922709,312.06742147767,16.4341028429806
1,0.6,5,16,0.213907744986808,9.33814656946536,0.0856015244016727,3.36502367547139,245.038631515993,13.0026795143252
1,0.6,5,24,0.320570068181972,9.27445165262679,0.0855237430061806,3.34248943119609,243.397703869713,13.023034895011
1,0.6,5,48,0.639397181245613,9.21388052435695,0.0852912446221971,3.32085944776039,241.822623854844,13.2594283979852
1,0.6,5,72,0.956495515450576,9.16204781720591,0.0850600069160996,3.30244192026051,240.481472597165,13.5060452598331
1,0.6,5,96,1.2718790937361,9.11094768337918,0.0848300196619362,3.2842275536974,239.155115374454,13.7518843504746
1,0.6,5,120,1.58556178778816,9.05987416309271,0.0846012727440539,3.26621300495381,237.84330874329,13.9962502285787
1,0.6,7,2,0.0267759662215442,24.013616899055,0.103358030973268,8.58676451525918,625.282086811603,32.7305154115089
1,0.6,7,4,0.0535492123899725,20.7168512651961,0.103352781128466,7.42107283093367,540.397247165807,28.2948260896483
1,0.6,7,8,0.107049679678704,16.244262257379,0.103305740830815,5.83642990801786,425.004676200196,22.2910475859064
1,0.6,7,16,0.213904644942233,12.6370418357765,0.103211788579063,4.55901097186855,331.983937514667,17.5131692411663
1,0.6,7,24,0.32056542656173,12.6078946466407,0.103118007063324,4.54859352303255,331.225346297236,17.5801716032983
1,0.6,7,48,0.639387948409589,12.5736117606214,0.102837682290744,4.53621813937068,330.324179657876,17.8520555306924
1,0.6,7,72,0.956481741189128,12.5395149157158,0.102558877503579,4.52390991254496,329.427903331576,18.1224654469535
1,0.6,7,96,1.27186082723432,12.5056026016527,0.102281580372687,4.51166829737998,328.536477619051,18.3914133066397
1,0.6,7,120,1.58553907763458,12.4718733244638,0.102005778701912,4.49949275458538,327.649863249559,18.6589109353857
1,0.6,9,2,0.0267759662215442,30.2141575785655,0.12055535042911,10.8283552531665,788.513130574999,41.1898441483826
1,0.6,9,4,0.0535484352828244,26.144586116623,0.120547477671548,9.38279065338489,683.248144215333,35.7014726829622
1,0.6,9,8,0.107048126878855,20.5873583797324,0.120492612123523,7.40553996842985,539.266155162144,28.2204390871646
1,0.6,9,16,0.213901544988752,16.2234890643073,0.120383030719068,5.85376753282501,426.267189711602,22.4115411728401
1,0.6,9,24,0.320560785077757,16.2074038946478,0.120273648450034,5.8479706814633,425.845067117003,22.4962090096389
1,0.6,9,48,0.639378715843898,16.1633294648377,0.119946691042059,5.83206067474253,424.686511739611,22.7547155464662
1,0.6,9,72,0.956467967329904,16.1194942024021,0.119621506446846,5.816237002764,423.534243196766,23.0118206789429
1,0.6,9,96,1.27184256126452,16.0758961658666,0.119298080284691,5.80049896469341,422.38821045421,23.2675357721092
1,0.6,9,120,1.58551636814064,16.0325334347137,0.118976398330984,5.78484586726151,421.248363028572,23.5218720684469
1,0.6,11,2,0.0267759662215442,36.3920451019329,0.137454622823288,13.0607529399028,951.074742888383,49.6170286308805
1,0.6,11,4,0.0535476581982305,31.5536199100805,0.137443651889318,11.3370546147953,825.556256403563,43.0816658349634
1,0.6,11,8,0.107046574124053,24.9173272352789,0.137381097184345,8.96953765664112,653.155354815333,34.1312925632284
1,0.6,11,16,0.213898445125119,19.8254315465408,0.13725615844212,7.15402879454322,520.951290304164,27.3306149446513
1,0.6,11,24,0.32055614372819,19.8071079356419,0.137131446739954,7.14741615162481,520.469762348435,27.4122116777349
1,0.6,11,48,0.639369483544833,19.7532409185725,0.136758667701944,7.12797115063093,519.053791201457,27.6573402204502
1,0.6,11,72,0.956454193867375,19.69966620358,0.136387909899433,7.10863166530301,517.645503630251,27.9011399726499
1,0.6,11,96,1.27182429581937,19.6463814178959,0.136019156937934,7.08939683911522,516.244837263218,28.1436217097685
1,0.6,11,120,1.58549365929721,19.5933842143636,0.135652392599787,7.07026582478729,514.851730402009,28.3847960910479
1,0.6,13,2,0.0267759662215442,42.5307555574093,0.154134476209774,15.2784928039644,1112.56898297631,57.9901588038051
1,0.6,13,4,0.0535468811361901,36.9321235823597,0.154119937415235,13.2799274447244,967.034874496416,50.4197178456355
1,0.6,13,8,0.107045021414296,29.2272759235951,0.154049793852827,10.5261070110203,766.503628480415,40.0144777498826
1,0.6,13,16,0.213895345351331,23.4280045870303,0.153909698097604,8.45451178019649,615.651536676032,32.2503214106757
1,0.6,13,24,0.320551502513023,23.4067076561028,0.153769856922246,8.44682396345582,615.091715327015,32.3278529789939
1,0.6,13,48,0.639360251512382,23.3430486186006,0.153351853954944,8.42384417280576,613.418343310508,32.5596048968737
1,0.6,13,72,0.956440420801524,23.2797350132708,0.152936117397992,8.4009890770822,611.754051489892,32.7901006285525
1,0.6,13,96,1.27180603089884,23.2167640361,0.152522628868523,8.3782576640858,610.098766157529,33.0193503599532
1,0.6,13,120,1.58547095110427,23.1541329133418,0.152111370181942,8.35564893254295,608.452414401387,33.247364167171
1,0.6,15,2,0.0267759662215442,48.6636434712018,0.170644056251776,17.4937014022382,1273.87889808929,66.3547648959133
1,0.6,15,4,0.0535461040967022,42.3055350815942,0.170625484136388,15.2206505258906,1108.35694941283,57.7503571957179
1,0.6,15,8,0.107043468749583,33.5334052204468,0.170547829642763,12.0811203973095,879.738597655472,45.8921169161486
1,0.6,15,16,0.213892245667385,27.0307756902433,0.170392732513776,9.75506441918815,710.356855154479,37.1701250876127
1,0.6,15,24,0.320546861432252,27.0062030605651,0.170237917220841,9.74619411859335,709.710926171949,37.2431819578115
1,0.6,15,48,0.639351019746536,26.93275256942,0.169775154697116,9.7196797428907,707.780168185004,37.4615584867544
1,0.6,15,72,0.956426648132336,26.8597006359356,0.169314901233738,9.69330923971209,705.859886892965,37.6787514250138
1,0.6,15,96,1.27178776650293,26.787044024904,0.168857136479999,9.66708144120263,703.949997253471,37.8947703690896
1,0.6,15,120,1.5854482435618,26.7147795360379,0.16840184030468,9.64099519211311,702.050415142095,38.1096248120175
1,0.6,17,2,0.0267759662215442,54.8194905052249,0.187016512480467,19.7168183470021,1435.76469337085,74.750101330929
1,0.6,17,4,0.0535458366055877,47.6959023144448,0.186995224317407,17.1672117736774,1250.10415547161,65.1036551490451
1,0.6,17,8,0.107042934254201,37.8498065325255,0.18691012010791,13.6396827249636,993.231998217435,51.7834423118513
1,0.6,17,16,0.213891178620023,30.6337335593762,0.186740143870458,11.0556844772281,805.067083040088,42.0900493590947
1,0.6,17,24,0.320545263768371,30.6058848914431,0.186570476505215,11.0456315702245,804.3350374997,42.1586322019412
1,0.6,17,48,0.63934784176702,30.522641933679,0.186063319246621,11.0155822438036,802.1468669148,42.3636353384962
1,0.6,17,72,0.956421906974081,30.4398506672978,0.185558911739344,10.9856959704765,799.970569740263,42.5675274564877
1,0.6,17,96,1.27178147909452,30.3575074258079,0.18505723168057,10.9559714267007,797.806049596659,42.7703175632837
1,0.6,17,120,1.58544042662652,30.2756085822934,0.184558257008024,10.9264073032196,795.653211144862,42.9720145691476
1,0.6,19,2,0.0267759662215442,60.9917001472274,0.203275458280172,21.9455971872503,1598.06278385596,83.1673487589794
1,0.6,19,4,0.0535458366055877,53.0984255169565,0.203252319354927,19.1179761187077,1392.15742808327,72.4731997916247
1,0.6,19,8,0.107042934254201,42.1736476060113,0.203159816308229,15.2008204535545,1106.9129376445,57.6846708101282
1,0.6,19,16,0.213891178620023,34.2368263489688,0.202975062581905,12.3563532392548,899.78085751538,47.0100458294256
1,0.6,19,24,0.320545263768371,34.2057013975263,0.202790644580695,12.3451176373096,898.962688970242,47.0741549431849
1,0.6,19,48,0.63934784176702,34.1126652413779,0.202239395801678,12.3115330960156,896.517086551823,47.2657855749622
1,0.6,19,72,0.956421906974079,34.0201339162826,0.201691135833392,12.2781307905324,894.084754415576,47.4563777496225
1,0.6,19,96,1.27178147909452,33.9281033244009,0.201145840434045,12.2449092416065,891.665584843313,47.6459398855359
1,0.6,19,120,1.58544042662652,33.8365694121248,0.200603485623304,12.2118669859512,889.25947127954,47.8344803103258
1,0.6,21,2,0.0267759662215442,67.1669510266354,0.219438419687471,24.1753323403814,1760.43051236528,91.5884977529259
1,0.6,21,4,0.0535458366055877,58.5030944233166,0.219413440925981,21.0694073084674,1534.259259854,79.8454610093155
1,0.6,21,8,0.107042934254201,46.4986799961102,0.219313582720986,16.7623281790844,1220.62081998559,63.5873646921698
1,0.6,21,16,0.213891178620023,37.8399191385616,0.219114138744428,13.6570220012816,994.494631990682,51.9299464572077
1,0.6,21,24,0.320545263768371,37.8055179036095,0.218915057187364,13.6446037043947,993.590340440792,51.98958192896
1,0.6,21,48,0.63934784176702,37.7026885490769,0.218319977181418,13.6074839482277,990.887306188856,52.1678403162531
1,0.6,21,72,0.95642190697408,37.6004171652675,0.217728123634331,13.5705656105884,988.198939090898,52.3451328064643
1,0.6,21,96,1.27178147909452,37.498699222994,0.217139470376787,13.5338470565124,985.525120089976,52.5214672289777
1,0.6,21,120,1.58544042662652,37.3975302419562,0.216553991521711,13.4973266686829,982.865731414227,52.6968513287873
1,0.5,3,2,0.0267759662215442,9.77323486268851,0.0625445751721686,4.11078647930224,299.344548653602,13.9733418833845
1,0.5,3,4,0.0535518292713157,8.65215488505727,0.0625444546754022,3.65229779279651,265.957728487711,12.4205489618005
1,0.5,3,8,0.107083990549768,8.37324589987534,0.0625329693171529,3.53849136065405,257.670425015471,12.0813542203963
1,0.5,3,16,0.214167981099537,8.37324589987534,0.0625329693171529,3.53849136065405,257.670425015471,12.1884382109461
1,0.5,3,24,0.321251971649305,8.37324589987534,0.0625329693171529,3.53849136065405,257.670425015471,12.2955222014958
1,0.5,3,48,0.64250394329861,8.37324589987534,0.0625329693171529,3.53849136065405,257.670425015471,12.6167741731452
1,0.5,3,72,0.963755914947915,8.37324589987534,0.0625329693171529,3.53849136065405,257.670425015471,12.9380261447945
1,0.5,3,96,1.28500788659722,8.37324589987534,0.0625329693171529,3.53849136065405,257.670425015471,13.2592781164438
1,0.5,3,120,1.60625985824653,8.37324589987534,0.0625329693171529,3.53849136065405,257.670425015471,13.5805300880931
1,0.5,5,2,0.0267759662215441,14.8915536801973,0.078181934457323,6.34539745110485,462.067330811867,21.341909031981
1,0.5,5,4,0.0535499895199868,12.7915835882959,0.0781790979306162,5.46669750433081,398.081025443444,18.3900101800774
1,0.5,5,8,0.107051232524223,9.99759543588957,0.0781435147431796,4.29406317351724,312.690627216609,14.4768533566742
1,0.5,5,16,0.213907744986806,8.26216071845237,0.0780724454539767,3.5650910177303,259.607393131407,12.1192319266234
1,0.5,5,24,0.32057006818197,8.22319460607189,0.0780015053182801,3.54863207419694,258.408864565616,12.1703982537691
1,0.5,5,48,0.639397181245608,8.17181434721338,0.0777894563211557,3.52671961375982,256.813214776345,12.41572059854
1,0.5,5,72,0.956495515450568,8.12334662652523,0.0775785571190399,3.5059550448202,255.30115362977,12.663375743915
1,0.5,5,96,1.27187909373609,8.07555688917185,0.0773687983854042,3.4854335593172,253.806793646218,12.9102383406105
1,0.5,5,120,1.58556178778815,8.02793249687254,0.0771601708943172,3.46515091355333,252.329825802654,13.1558053691083
1,0.5,7,2,0.0267759662215442,20.0491295247994,0.0931371154066571,8.58676451525918,625.282086811603,28.7558071216868
1,0.5,7,4,0.0535492123899727,17.290560781815,0.0931323847108748,7.42107283093368,540.397247165808,24.8583152098495
1,0.5,7,8,0.107049679678704,13.5531718366769,0.0930899961553859,5.837970012898,425.116825542553,19.591281525409
1,0.5,7,16,0.213904644942233,10.5605538192711,0.0930053346962649,4.571049693426,332.860588658949,15.4385134923355
1,0.5,7,24,0.32056542656173,10.5104136731782,0.0929208270893362,4.54969136147306,331.30529011191,15.4735912883023
1,0.5,7,48,0.63938794840959,10.4792513634724,0.0926682231992538,4.53621813937068,330.324179657876,15.747525674452
1,0.5,7,72,0.956481741189129,10.4508371956408,0.0924169889855828,4.52390991254496,329.427903331576,16.0236458383605
1,0.5,7,96,1.27186082723432,10.422576804217,0.0921671133383923,4.51166829737998,328.536477619051,16.2982730421697
1,0.5,7,120,1.58553907763459,10.3944689442217,0.0919185852675839,4.49949275458539,327.64986324956,16.5714193617093
1,0.5,9,2,0.0267759662215442,25.2147334521854,0.107691418843989,10.8283552531665,788.513130574999,36.1775560904174
1,0.5,9,4,0.0535484352828241,21.812575495565,0.107684386153783,9.38279065338489,683.248144215333,31.3565989703865
1,0.5,9,8,0.107048126878855,17.1682393795303,0.107635375067245,7.40553996842985,539.266155162144,24.7884628499063
1,0.5,9,16,0.213901544988751,13.5208194575573,0.107537486612834,5.85376753282502,426.267189711602,19.6960260219839
1,0.5,9,24,0.320560785077756,13.5074106794528,0.107439776044976,5.8479706814633,425.845067117003,19.7833819220389
1,0.5,9,48,0.639378715843897,13.470681859349,0.107147706824978,5.83206067474254,424.686511739612,20.0492689567604
1,0.5,9,72,0.956467967329902,13.4341523460884,0.106857221248685,5.816237002764,423.534243196766,20.313714537431
1,0.5,9,96,1.27184256126452,13.3978205217701,0.106568306470786,5.80049896469341,422.38821045421,20.5767303541988
1,0.5,9,120,1.58551636814063,13.3616847859571,0.106280949784518,5.7848458672615,421.248363028571,20.8383279711437
1,0.5,11,2,0.0267759662215442,30.3619286318121,0.121973643783201,13.0607529399028,951.074742888383,43.5714311817197
1,0.5,11,4,0.0535476581982305,26.3193305800625,0.121963908462812,11.3370546147953,825.556256403563,37.8318967615189
1,0.5,11,8,0.107046574124053,20.7761144735373,0.121908399050728,8.96953765664113,653.155354815333,29.9746071033533
1,0.5,11,16,0.213898445125119,16.5224346167166,0.121797531672636,7.15402879454323,520.951290304165,24.0121593880575
1,0.5,11,24,0.320556143728189,16.5071640462631,0.121686865763967,7.14741615162482,520.469762348435,24.0968232073801
1,0.5,11,48,0.639369483544832,16.4622747367802,0.121356071377731,7.12797115063094,519.053791201457,24.3509714423337
1,0.5,11,72,0.956454193867374,16.4176290130593,0.121027070583109,7.10863166530301,517.645503630251,24.6037419428127
1,0.5,11,96,1.27182429581937,16.3732248977874,0.12069984883206,7.08939683911522,516.244837263218,24.855145881554
1,0.5,11,120,1.58549365929721,16.3290604349952,0.120374391733458,7.0702658247873,514.851730402009,25.1051943108131
1,0.5,13,2,0.0267759662215442,35.4767142230589,0.136055567488982,15.2784928039644,1112.56898297631,50.9180385607339
1,0.5,13,4,0.0535468811361901,30.8008147998631,0.136042733994554,13.2799274447244,967.034874496416,44.2703318597182
1,0.5,13,8,0.107045021414297,24.3673990431828,0.135980817787203,10.5261070110203,766.503628480415,35.1365318934047
1,0.5,13,16,0.213895345351331,19.5245779647537,0.13585715429576,8.45451178019649,615.651536676033,28.3288422445973
1,0.5,13,24,0.320551502513023,19.5068304792954,0.135733715523725,8.44682396345582,615.091715327015,28.409939660788
1,0.5,13,48,0.639360251512383,19.453781152789,0.135364741415357,8.42384417280576,613.418343310508,28.6523503185225
1,0.5,13,72,0.956440420801525,19.4010196871239,0.134997767883068,8.4009890770822,611.754051489892,28.8934469528907
1,0.5,13,96,1.27180603089885,19.3485437456168,0.134632778700178,8.3782576640858,610.098766157529,29.1332402193016
1,0.5,13,120,1.58547095110427,19.2963510168067,0.134269757815016,8.35564893254296,608.452414401388,29.3717406582689
1,0.5,15,2,0.0267759662215442,40.5868459516101,0.149982053608571,17.4937014022382,1273.87889808929,58.2573053736784
1,0.5,15,4,0.0535461040967022,35.2781993801653,0.149965730250659,15.2206505258906,1108.35694941283,50.7023617404033
1,0.5,15,8,0.107043468749583,27.955582607881,0.149897478354392,12.0811203973095,879.738597655472,40.2936439522944
1,0.5,15,16,0.213892245667385,22.5268872167453,0.149761160767802,9.75506441918814,710.356855154478,32.6456050423686
1,0.5,15,24,0.320546861432251,22.5064099823293,0.14962509089186,9.74619411859333,709.710926171948,32.7227760532467
1,0.5,15,48,0.639351019746535,22.4452011111242,0.149218360794335,9.71967974289068,707.780168185002,32.9534502345557
1,0.5,15,72,0.956426648132336,22.3843243720006,0.14881383595395,9.69330923971208,705.859886892964,33.182874095799
1,0.5,15,96,1.27178776650292,22.3237770689465,0.148411498484111,9.66708144120261,703.949997253469,33.4110577751362
1,0.5,15,120,1.5854482435618,22.26355653505,0.148011330691136,9.64099519211308,702.050415142093,33.6380113014161
1,0.5,17,2,0.0267759662215442,45.716285536897,0.163783363385291,19.7168183470021,1435.76469337085,65.6236632135059
1,0.5,17,4,0.0535458366055877,39.7698442273783,0.163764719860717,17.1672117736774,1250.10415547161,57.154366557522
1,0.5,17,8,0.107042934254201,31.5523996505888,0.163690188187097,13.6396827249636,993.231998217435,45.4628154979938
1,0.5,17,16,0.213891178620023,25.5293521074533,0.163541328177378,11.0556844772281,805.067083040087,36.9624690914788
1,0.5,17,24,0.320545263768371,25.5061448411587,0.163392738668528,11.0456315702245,804.3350374997,37.0357144138201
1,0.5,17,48,0.63934784176702,25.4367755811057,0.162948585794132,11.0155822438036,802.146866914799,37.2546542524704
1,0.5,17,72,0.95642190697408,25.3677827312361,0.162506841068157,10.9856959704765,799.970569740263,37.4724074497548
1,0.5,17,96,1.27178147909452,25.2991632361346,0.162067484958476,10.9559714267007,797.806049596659,37.6889836268883
1,0.5,17,120,1.58544042662652,25.2309140733658,0.161630498143624,10.9264073032196,795.653211144862,37.9043923013556
1,0.5,19,2,0.0267759662215442,50.8594736473935,0.177481052791231,21.9455971872503,1598.06278385596,73.0093278536565
1,0.5,19,4,0.0535458366055877,44.2717044849264,0.177460850053292,19.1179761187077,1392.15742808327,63.6206872902929
1,0.5,19,8,0.107042934254201,35.1554673986298,0.177380085074317,15.2008204535545,1106.9129376445,50.6407108715128
1,0.5,19,16,0.213891178620023,28.5319294321137,0.177218775459607,12.3563532392548,899.78085751538,41.2793926254481
1,0.5,19,24,0.320545263768371,28.5059919295612,0.177057758968559,12.3451176373096,898.962688970242,41.3487125896077
1,0.5,19,48,0.639347841767019,28.4284616708546,0.176576460269358,12.3115330960156,896.517086551823,41.5559190689066
1,0.5,19,72,0.956421906974079,28.3513521053899,0.176097771119187,12.2781307905324,894.084754415577,41.7620025740156
1,0.5,19,96,1.27178147909452,28.2746598182953,0.17562167035239,12.2449092416065,891.665584843313,41.9669722093487
1,0.5,19,120,1.58544042662652,28.1983814315584,0.175148137031589,12.2118669859512,889.259471279541,42.1708369811678
1,0.5,21,2,0.0267759662215442,56.0052614680661,0.191091120835689,24.1753323403814,1760.43051236528,80.3984608955047
1,0.5,21,4,0.0535458366055877,48.775402565805,0.19106936885836,21.0694073084674,1534.259259854,70.0894250797363
1,0.5,21,8,0.107042934254201,38.7595556366373,0.190982410447228,16.7623281790844,1220.62081998559,55.8199091604231
1,0.5,21,16,0.213891178620023,31.5345067567747,0.190808730865146,13.6570220012816,994.49463199068,45.5962286675414
1,0.5,21,24,0.320545263768372,31.5058390179642,0.190635366884802,13.6446037043947,993.590340440791,45.6616233530121
1,0.5,21,48,0.639347841767021,31.4201477606041,0.19011715997516,13.6074839482277,990.887306188855,45.857096710574
1,0.5,21,72,0.956421906974081,31.3349214795443,0.189601762726837,13.5705656105884,988.198939090897,46.0515107598336
1,0.5,21,96,1.27178147909452,31.2501564004565,0.189089152351097,13.5338470565124,985.525120089976,46.2448740884145
1,0.5,21,120,1.58544042662652,31.1658487897516,0.188579306304988,13.4973266686829,982.865731414227,46.437195191366
1,0.4,3,2,0.0267759662215443,8.2243854191822,0.0576244725751462,4.28502325039613,312.032346442315,12.593809108375
1,0.4,3,4,0.0535519324430886,8.21050917514148,0.0576244725751462,4.27802651107445,311.522848859592,12.5997120912342
1,0.4,3,8,0.107103864886177,8.21050917514148,0.0576244725751462,4.27802651107445,311.522848859592,12.6532640236773
1,0.4,3,16,0.214207729772354,8.21050917514148,0.0576244725751462,4.27802651107445,311.522848859592,12.7603678885634
1,0.4,3,24,0.321311594658531,8.21050917514148,0.0576244725751462,4.27802651107445,311.522848859592,12.8674717534496
1,0.4,3,48,0.642623189317063,8.21050917514148,0.0576244725751462,4.27802651107445,311.522848859592,13.1887833481081
1,0.4,3,72,0.963934783975594,8.21050917514148,0.0576244725751462,4.27802651107445,311.522848859592,13.5100949427667
1,0.4,3,96,1.28524637863413,8.21050917514148,0.0576244725751462,4.27802651107445,311.522848859592,13.8314065374252
1,0.4,3,120,1.60655797329266,8.21050917514148,0.0576244725751462,4.27802651107445,311.522848859592,14.1527181320837
1,0.4,5,2,0.0267759662215442,11.9618997884629,0.0704785298580578,6.34539745110485,462.067330811867,18.4045517356473
1,0.4,5,4,0.053549989519987,10.2773603655337,0.0704759728193562,5.47175628918485,398.449402559719,15.8731426170579
1,0.4,5,8,0.107051232524223,8.17573041821945,0.0704438957064578,4.37796136750581,318.800034051241,12.7311869139559
1,0.4,5,16,0.213907744986807,7.52147305771759,0.0703798290003085,4.03850043300746,294.080730157796,11.8442610647122
1,0.4,5,24,0.320692941927179,7.51341622500814,0.0703428306311296,4.03417754660581,293.765940643599,11.9386295441723
1,0.4,5,48,0.641385883854359,7.51341622500814,0.0703428306311296,4.03417754660581,293.765940643599,12.2593224860994
1,0.4,5,72,0.962078825781538,7.51341622500814,0.0703428306311296,4.03417754660581,293.765940643599,12.5800154280266
1,0.4,5,96,1.28277176770872,7.51341622500814,0.0703428306311296,4.03417754660581,293.765940643599,12.9007083699538
1,0.4,5,120,1.6034647096359,7.51341622500814,0.0703428306311296,4.03417754660581,293.765940643599,13.221401311881
1,0.4,7,2,0.0267759662215442,16.0846421505441,0.0827224282883007,8.58676451525918,625.282086811603,24.7809050603131
1,0.4,7,4,0.0535492123899725,13.8642702984341,0.0827182265837394,7.42107283093367,540.397247165807,21.4216105683415
1,0.4,7,8,0.107049679678704,10.8668126705275,0.0826805779597042,5.84274506872574,425.464541712864,16.8992879968916
1,0.4,7,16,0.213904644942233,8.60099374772629,0.0826053834311821,4.65016495613656,338.621705838581,13.5476687322363
1,0.4,7,24,0.32056542656173,8.56557848188831,0.0825303255509434,4.63132425888324,337.24973966033,13.5999984928842
1,0.4,7,48,0.639387948409588,8.51754813855963,0.0823059680851635,4.60573710730385,335.386501474783,13.8449791623582
1,0.4,7,72,0.956481741189126,8.47020630546646,0.0820828271371833,4.58043113020611,333.543738215075,14.0892020039989
1,0.4,7,96,1.27186082723432,8.42309373710887,0.0818608928393961,4.55540171822132,331.721114230255,14.3322171754039
1,0.4,7,120,1.58553907763458,8.37661551986051,0.0816401554306268,4.53064436218342,329.918301166055,14.5744391151091
1,0.4,9,2,0.0267759662215442,20.2153093258054,0.0946077709715484,10.8283552531665,788.513130574999,31.165048316165
1,0.4,9,4,0.0535484352828244,17.4805648745072,0.0946015926970734,9.38279065338489,683.248144215333,27.011505555872
1,0.4,9,8,0.107048126878855,13.7491203793283,0.0945585360663777,7.40553996842985,539.266155162144,21.3562670107033
1,0.4,9,16,0.213901544988751,10.8238614926505,0.0944725402778999,5.85678529848362,426.48694126123,16.9890208764007
1,0.4,9,24,0.320560785077757,10.8074174642579,0.09438670076418,5.8479706814633,425.845067117003,17.0703356315632
1,0.4,9,48,0.639378715843897,10.7780342538604,0.0941301156233211,5.83206067474253,424.686511739611,17.3436037600701
1,0.4,9,72,0.956467967329903,10.7488104897748,0.0938749217260962,5.816237002764,423.534243196765,17.6153903815948
1,0.4,9,96,1.27184256126452,10.7197448776736,0.0936211077877974,5.8004989646934,422.38821045421,17.8857075114193
1,0.4,9,120,1.58551636814064,10.6908361372005,0.0933686626454322,5.78484586726151,421.248363028572,18.1545670352481
1,0.4,11,2,0.0267759662215442,24.3318121616909,0.106249759247991,13.0607529399028,951.074742888383,37.5255908270633
1,0.4,11,4,0.0535476581982303,21.0850412500441,0.106241278928675,11.3370546147953,825.556256403563,32.5818848019663
1,0.4,11,8,0.107046574124053,16.6349017117956,0.106192925354189,8.96953765664114,653.155354815334,25.8176788679149
1,0.4,11,16,0.213898445125118,13.2194376868921,0.106096350128055,7.15402879454322,520.951290304165,20.6934612766885
1,0.4,11,24,0.320556143728189,13.2072201568841,0.105999950399488,7.14741615162482,520.469762348435,20.7811924026366
1,0.4,11,48,0.639369483544831,13.1713085549877,0.105711799428442,7.12797115063094,519.053791201457,21.0443609885919
1,0.4,11,72,0.956454193867372,13.1355918225383,0.10542521083326,7.10863166530301,517.645503630251,21.3061028925419
1,0.4,11,96,1.27182429581936,13.1000683776787,0.105140171941322,7.08939683911522,516.244837263218,21.5664296845546
1,0.4,11,120,1.5854936592972,13.0647366556265,0.104856670216692,7.07026582478728,514.851730402009,21.8253528099277
1,0.4,13,2,0.0267759662215442,28.4226728887095,0.117712592654863,15.2784928039644,1112.56898297631,43.8456542515503
1,0.4,13,4,0.0535468811361901,24.6695060173672,0.117701489368686,13.2799274447244,967.034874496416,38.1206818325964
1,0.4,13,8,0.107045021414297,19.5075221627711,0.117647920687674,10.5261070110203,766.503628480415,30.2583221158934
1,0.4,13,16,0.213895345351331,15.6211513424774,0.117540929474722,8.4545117801965,615.651536676034,24.4070993975
1,0.4,13,24,0.320551502513023,15.6069533024883,0.117434132684568,8.44682396345583,615.091715327015,24.4917629011417
1,0.4,13,48,0.639360251512382,15.5645136869776,0.117114903565759,8.42384417280576,613.418343310509,24.7448330148615
1,0.4,13,72,0.956440420801524,15.5223043609773,0.116797405305904,8.40098907708221,611.754051489893,24.9965312641669
1,0.4,13,96,1.27180603089884,15.4803234551338,0.116481623865997,8.37825766408581,610.09876615753,25.2468687739845
1,0.4,13,120,1.58547095110427,15.4385691202718,0.116167545358451,8.35564893254297,608.452414401388,25.4958565492775
1,0.4,15,2,0.0267759662215442,32.5100484320181,0.129036398458141,17.4937014022382,1273.87889808929,50.159562198936
1,0.4,15,4,0.0535461040967022,28.2508636787361,0.129022354729142,15.2206505258906,1108.35694941283,43.6540826634526
1,0.4,15,8,0.107043468749583,22.3777599953151,0.128963634511153,12.0811203973095,879.738597655472,34.6948874958853
1,0.4,15,16,0.213892245667384,18.0229987432472,0.128846354276639,9.75506441918813,710.356855154478,28.1208017623793
1,0.4,15,24,0.320546861432251,18.0066169040934,0.128729287158889,9.74619411859333,709.710926171948,28.2020871712779
1,0.4,15,48,0.639351019746535,17.9576496528282,0.128379358713009,9.71967974289068,707.780168185002,28.4450597741785
1,0.4,15,72,0.956426648132334,17.9089481080656,0.128031327550385,9.69330923971208,705.859886892964,28.6867153234604
1,0.4,15,96,1.27178776650292,17.8605101129889,0.127685178282364,9.66708144120261,703.949997253469,28.9270644989768
1,0.4,15,120,1.58544824356179,17.8123335340621,0.127340895686267,9.64099519211308,702.050415142093,29.1661178654233
1,0.4,17,2,0.0267759662215442,36.613080568568,0.140248243136687,19.7168183470021,1435.76469337085,56.4969231249283
1,0.4,17,4,0.0535458366055877,31.8437861403108,0.140232278624093,17.1672117736774,1250.10415547161,49.2047760292179
1,0.4,17,8,0.107042934254201,25.2549927686514,0.140168456902111,13.6396827249636,993.231998217435,39.1418868847714
1,0.4,17,16,0.213891178620023,20.4249706555299,0.140040987576748,11.0556844772281,805.067083040087,31.8345872989548
1,0.4,17,24,0.320545263768371,20.4064047908738,0.139913749882187,11.0456315702245,804.335037499699,31.9124953747488
1,0.4,17,48,0.63934784176702,20.3509092285318,0.139533420286856,11.0155822438035,802.146866914799,32.1453727343892
1,0.4,17,72,0.95642190697408,20.2957147951738,0.139155152797092,10.9856959704765,799.970569740262,32.3769878254215
1,0.4,17,96,1.27178147909452,20.2408190464609,0.138778930687468,10.9559714267007,797.806049596658,32.6073508829435
1,0.4,17,120,1.58544042662652,20.1862195644377,0.138404737412949,10.9264073032196,795.653211144862,32.8364720316968
1,0.4,19,2,0.0267759662215442,40.7272471475594,0.151367406938066,21.9455971872503,1598.06278385596,62.8509877079693
1,0.4,19,4,0.0535458366055877,35.4449834528963,0.15135017672669,19.1179761187077,1392.15742808327,54.7678555849362
1,0.4,19,8,0.107042934254201,28.1372871912486,0.151281295089767,15.2008204535545,1106.9129376445,43.596431874147
1,0.4,19,16,0.213891178620023,22.8270325152587,0.151143719738998,12.3563532392548,899.780857515381,35.5484206528725
1,0.4,19,24,0.320545263768371,22.8062824615963,0.151006394383187,12.3451176373096,898.962688970243,35.6229517570574
1,0.4,19,48,0.63934784176702,22.7442581003315,0.150595911489859,12.3115330960156,896.517086551824,35.8457349496039
1,0.4,19,72,0.95642190697408,22.6825702944974,0.150187654189988,12.2781307905324,894.084754415577,36.0673106461939
1,0.4,19,96,1.27178147909452,22.6212163121899,0.149781604432124,12.2449092416065,891.665584843314,36.287688637323
1,0.4,19,120,1.58544042662652,22.5601934509923,0.149377744359507,12.2118669859512,889.259471279541,36.5068786079295
1,0.4,21,2,0.0267759662215442,44.8435719094956,0.162408199811223,24.1753323403814,1760.43051236528,69.2080884159098
1,0.4,21,4,0.0535458366055877,39.0477107082924,0.162389712822058,21.0694073084674,1534.259259854,60.3330535661874
1,0.4,21,8,0.107042934254201,31.0204312771636,0.16231580693387,16.7623281790844,1220.62081998559,48.052118197436
1,0.4,21,16,0.213891178620023,25.2290943749871,0.162168196787743,13.6570220012815,994.494631990678,39.2621757516764
1,0.4,21,24,0.320545263768372,25.2061601323183,0.162020854871298,13.6446037043947,993.590340440789,39.3333299553526
1,0.4,21,48,0.63934784176702,25.1376069721306,0.161580431208719,13.6074839482277,990.887306188853,39.546019193334
1,0.4,21,72,0.956421906974081,25.0694257938205,0.161142395475181,13.5705656105884,988.198939090895,39.7575557068581
1,0.4,21,96,1.27178147909452,25.0016135779184,0.160706728302554,13.5338470565124,985.525120089973,39.9679488418278
1,0.4,21,120,1.58544042662652,24.9341673375464,0.160273410531601,13.4973266686829,982.865731414224,40.1772078433873
0.8,1,3,2,0.0267757526730899,15.1153397438848,0.0857208885432368,3.8872829364997,283.069179577741,19.1151193216008
0.8,1,3,4,0.0535393152532249,13.2840696069324,0.0857013756351914,3.42428726638892,249.354164070194,16.8475975642098
0.8,1,3,8,0.107029903417896,10.8999390905765,0.0856623764576711,2.8209990996268,205.423148704464,13.9136304700789
0.8,1,3,16,0.213865164323999,9.59457278683607,0.085584484487355,2.49021280501179,181.335525919654,12.3842352406592
0.8,1,3,24,0.32050631319561,9.48948255976126,0.0855067340411828,2.46353962026871,179.393203571297,12.3590352272668
0.8,1,3,48,0.639270363539925,9.40961625241351,0.085274328000924,2.44311702211977,177.906044494559,12.5772779660741
0.8,1,3,72,0.956306318859097,9.35543954501104,0.0850431818885696,2.42929278290412,176.89937322391,12.8260818286628
0.8,1,3,96,1.27162819378029,9.302074224997,0.0848132854862674,2.4156241107693,175.904030237478,13.0741398150329
0.8,1,3,120,1.58524985179682,9.24932380850306,0.0845846286863544,2.402108394464,174.9198253858,13.3212666834502
0.8,1,5,2,0.026772871588981,21.8406426189487,0.114847931176747,5.65108096838142,411.507698198966,27.6333443900958
0.8,1,5,4,0.0535335557078876,19.6736267571649,0.114821790803278,5.09734118013477,371.184760527834,24.9393232838108
0.8,1,5,8,0.107018394808003,16.8916731234923,0.114769545738736,4.3856223450091,319.357900986076,21.4990834090481
0.8,1,5,16,0.213842188941606,15.0223476191935,0.114665198112137,3.9078785799904,284.56893969323,19.2587335862377
0.8,1,5,24,0.320471912707162,14.9969605650328,0.114561040057369,3.90132205837772,284.091498451082,19.333315576175
0.8,1,5,48,0.639201936034883,14.9562071833199,0.114249698172073,3.89071537438971,283.319127264428,19.6003741919166
0.8,1,5,72,0.956204233260204,14.9156747965534,0.113940043964317,3.88016620767906,282.550944445015,19.865985281457
0.8,1,5,96,1.27149281452668,14.8753616119972,0.113632063748712,3.86967409165907,281.786916016334,20.1301605819316
0.8,1,5,120,1.5850815389084,14.8352658562534,0.113325743987438,3.85923856477616,281.02700836838,20.3929117039254
0.8,1,7,2,0.0267698710778561,28.6699613987523,0.143003534460661,7.43437434655255,541.365854075797,36.2741091508434
0.8,1,7,4,0.0535275574169421,26.1853474280841,0.142970989277579,6.79628713852249,494.900797267052,33.1781331133011
0.8,1,7,8,0.107006409140147,23.012936400358,0.142905943331592,5.98063214650046,435.505380678708,29.2434808993302
0.8,1,7,16,0.213818261172766,21.001318134815,0.142776028837654,5.4640949789585,397.891511396228,26.8220074037839
0.8,1,7,24,0.320436086226216,20.9822498722039,0.142646350337348,5.45913213156617,397.530120377703,26.9044644403336
0.8,1,7,48,0.639130671983812,20.9252523480946,0.142258724385344,5.44429753338256,396.449875485372,27.1509392778463
0.8,1,7,72,0.956097915813182,20.8685637536553,0.14187319938701,5.42954333952516,395.375485578908,27.3960782083807
0.8,1,7,96,1.27135182318942,20.8121815840509,0.141489758307585,5.41486889806698,394.306903185451,27.6398920636149
0.8,1,7,120,1.58490624858519,20.7561033614524,0.141108384295975,5.40027356410993,393.244081343981,27.8823915584435
0.8,1,9,2,0.0267698710778561,35.3099541524485,0.170605211713589,9.1663648855186,667.488173678031,44.6736941207585
0.8,1,9,4,0.0535275574169421,32.5983856001692,0.170566384856121,8.46790112702603,616.626539392334,41.2903806694683
0.8,1,9,8,0.107006409140147,29.0849581306841,0.170488784135076,7.56217027788399,550.671862932445,36.9246236018433
0.8,1,9,16,0.213818261172766,26.9996487447619,0.170333794331317,7.02526497294663,511.574800366578,34.4090657732126
0.8,1,9,24,0.320436086226216,26.975132407119,0.170179086071252,7.01888416915648,511.110154771331,34.484631748573
0.8,1,9,48,0.639130671983812,26.9018498761214,0.16971664290258,6.99981111434899,509.721268481191,34.7105083053568
0.8,1,9,72,0.956097915813182,26.8289645404138,0.169256706200947,6.98084143653233,508.339910030023,34.9351605989602
0.8,1,9,96,1.27135182318942,26.7564731794937,0.168799255643648,6.96197429751467,506.966018381293,35.1585985558415
0.8,1,9,120,1.5849062485852,26.6843726075814,0.168344271127088,6.94320886814133,505.599533156546,35.380831995435
0.8,1,11,2,0.0267698710778561,41.9297590756639,0.197822199453134,10.8917245872589,793.127640428011,53.0460757334537
0.8,1,11,4,0.0535275574169421,38.9449718244793,0.197777178470099,10.1214113769071,737.033980142889,49.3176879372734
0.8,1,11,8,0.107006409140147,35.1008103454168,0.197687197952142,9.12879539489112,664.752390082446,44.5342993474002
0.8,1,11,16,0.213818261172766,32.997979354709,0.19750748231764,8.58643496693476,625.258089336928,41.9957400651341
0.8,1,11,24,0.320436086226217,32.9680149420344,0.197328093142056,8.57863620674681,624.69018916496,42.0644153281495
0.8,1,11,48,0.639130671983813,32.8784474041484,0.196791875497648,8.55532469531543,622.992661477011,42.2696946469453
0.8,1,11,72,0.956097915813183,32.7893653271724,0.196258564181936,8.53213953353951,621.304334481139,42.4738613407071
0.8,1,11,96,1.27135182318942,32.7007647749368,0.195728135630093,8.50907969696238,619.625133577136,42.6769244307187
0.8,1,11,120,1.5849062485852,32.6126418537106,0.19520056653136,8.48614417217273,617.954984969112,42.8788928409999
0.8,1,13,2,0.0267698710778561,48.4697968283249,0.224755982953641,12.595660082303,917.207011678987,61.3169827646594
0.8,1,13,4,0.0535275574169421,45.2284170459759,0.224704832297529,11.7581065300771,856.216957506475,57.2647559657675
0.8,1,13,8,0.107006409140147,41.1046697146897,0.224602600799668,10.6920856352932,778.590073889161,52.1283643599227
0.8,1,13,16,0.213818261172766,38.9963099646564,0.224398416617123,10.147604960923,738.941378307283,49.5821316033692
0.8,1,13,24,0.320436086226217,38.9608974769501,0.224194603341358,10.1383882443372,738.270223558594,49.6439164108548
0.8,1,13,48,0.639130671983813,38.8550449321757,0.223585378875757,10.1108382762819,736.264054472837,49.8285992593173
0.8,1,13,72,0.956097915813183,38.7497661139314,0.222979456439779,10.0834376305468,734.26875893226,50.0122811167311
0.8,1,13,96,1.27135182318942,38.6450563703802,0.222376809260212,10.0561850964102,732.284248772984,50.19497009924
0.8,1,13,120,1.5849062485852,38.5409110998401,0.221777410852503,10.0290794762042,730.310436781683,50.376674235482
0.8,1,15,2,0.0267698710778561,54.882416052531,0.251469994550792,14.2661365931471,1038.84992348985,69.4267925113068
0.8,1,15,4,0.0535275574169421,51.3957574922834,0.251412764237967,13.3643660173164,973.183631316744,65.0650638312547
0.8,1,15,8,0.107006409140147,47.0931411283629,0.251298381724665,12.2512210301917,892.12520480041,59.7026669494194
0.8,1,15,16,0.213818261172767,44.994640574603,0.25106992865037,11.7087749549111,852.624667277632,57.1683037193372
0.8,1,15,24,0.320436086226217,44.9537800118649,0.250841890568035,11.6981402819275,851.850257952221,57.2231982705867
0.8,1,15,48,0.639130671983813,44.8316424602023,0.250160254995839,11.6663518572484,849.535447468656,57.3872852444303
0.8,1,15,72,0.956097915813184,44.7101669006895,0.24948231392539,11.6347357275539,847.233183383374,57.550482857982
0.8,1,15,96,1.27135182318942,44.5893479658228,0.248808037401267,11.6032904958578,844.943363968825,57.7127983222713
0.8,1,15,120,1.5849062485852,44.4691803459689,0.248137395791021,11.5720147802356,842.665888594246,57.8742387705807
0.8,1,17,2,0.0267698710778561,61.2953852764091,0.278007020363479,15.9364179007772,1160.47862074147,77.5365800686277
0.8,1,17,4,0.0535275574169421,57.5831741002241,0.277943750672909,14.9756024162301,1090.51272029656,72.890247824544
0.8,1,17,8,0.107006409140147,53.0674521992359,0.277817297647125,13.8065789995656,1005.3852662707,67.2588549055888
0.8,1,17,16,0.213818261172767,50.9929711845503,0.277564736467446,13.2699449488992,966.30795624798,64.7542991310897
0.8,1,17,24,0.320436086226217,50.9466625467805,0.277312634072834,13.2578923195178,965.430292345848,64.8023035865974
0.8,1,17,48,0.639130671983813,50.8082399882295,0.276559067132419,13.2218654382148,962.806840464474,64.9457951655605
0.8,1,17,72,0.956097915813184,50.6705676874484,0.275809584565664,13.1860338245611,960.197607834488,65.0885090123883
0.8,1,17,96,1.27135182318942,50.5336395612661,0.275064153256028,13.1503958953055,957.602479164666,65.2304514330171
0.8,1,17,120,1.5849062485852,50.3974495920983,0.274322740444017,13.114950084267,955.02134040681,65.3716286653945
0.8,1,19,2,0.0267698710778561,67.554740644921,0.304397538200389,17.566635597845,1279.18991435716,85.4525436520442
0.8,1,19,4,0.0535275574169421,63.6813427388993,0.304328262474808,16.5635461481176,1206.14565382461,80.6027447069087
0.8,1,19,8,0.107006409140147,59.0334562525939,0.304189805576503,15.3597132981803,1118.48340161733,74.8043657654908
0.8,1,19,16,0.213818261172766,56.9913017944973,0.303913269389615,14.8311149428876,1079.99124521835,72.3401482679473
0.8,1,19,24,0.320436086226217,56.9395450816958,0.303637235539125,14.8176443571084,1079.01032673949,72.3812627605695
0.8,1,19,48,0.639130671983813,56.7848375162564,0.302812134355595,14.7773790191815,1076.07823346031,72.5041593417772
0.8,1,19,72,0.956097915813183,56.6309684742069,0.3019915052652,14.7373319215685,1073.16203228562,72.6263898168538
0.8,1,19,96,1.27135182318942,56.477931156709,0.301175312007726,14.6975012947534,1070.26159436053,72.7479595866596
0.8,1,19,120,1.5849062485852,56.3257188382274,0.300363518713905,14.6578853882986,1067.37679221939,72.8688739938251
0.8,1,21,2,0.0267698710778561,73.7987454709773,0.330664168926986,19.1926430108746,1397.59461808271,93.3488225218567
0.8,1,21,4,0.0535275574169421,69.7576511962648,0.330588915361003,18.1456570674339,1321.35384608836,88.2874247364767
0.8,1,21,8,0.107006409140147,65.0072757463995,0.330438510940911,16.9148003865451,1231.72373772514,82.3595210530257
0.8,1,21,16,0.213818261172767,62.9896324044447,0.330138112294601,16.3922849368751,1193.67453418866,79.9258737147872
0.8,1,21,24,0.320436086226217,62.9324276166114,0.329838259331572,16.3773963946982,1192.59036113308,79.9600983568674
0.8,1,21,48,0.639130671983813,62.7614350442837,0.328941959713824,16.3328926001473,1189.34962645609,80.0624002761287
0.8,1,21,72,0.956097915813184,62.5913692609659,0.328050518088583,16.2886300185751,1186.1264567367,80.1641477134428
0.8,1,21,96,1.27135182318942,62.4222227521524,0.327163895066722,16.2446066942006,1182.92070955633,80.2653451646092
0.8,1,21,120,1.5849062485852,62.2539880843569,0.326282051683793,16.2008206923295,1179.73224403192,80.3659970769554
0.8,0.9,3,2,0.0267757526730898,13.6225298686233,0.0812141599807643,3.88749436413169,283.084575587577,17.6180141454088
0.8,0.9,3,4,0.0535393152532248,11.9737513846992,0.0811956729531258,3.4257663500001,249.461869887132,15.5342527229057
0.8,0.9,3,8,0.107029903417896,9.85077156316538,0.0811587241359111,2.83065252510452,206.126104284166,12.8696127158237
0.8,0.9,3,16,0.213865164323998,8.8385186352828,0.0810849272930881,2.54643512125382,185.429595014332,11.6799038481537
0.8,0.9,3,24,0.320506313195608,8.75862329734552,0.0810112645338551,2.52400048840173,183.795921001066,11.6841413634767
0.8,0.9,3,48,0.639270363539922,8.69624506773492,0.0807910771133227,2.50628029547599,182.505549151271,11.9225868038642
0.8,0.9,3,72,0.956306318859092,8.64548151597833,0.0805720833806782,2.49173413241371,181.446307899398,12.1740940506318
0.8,0.9,3,96,1.27162819378029,8.59506364332572,0.0803542736552674,2.47735584354929,180.399291127255,12.4244019543106
0.8,0.9,3,120,1.58524985179681,8.54502435500505,0.080137638360832,2.46314253945484,179.364288428756,12.6735543846175
0.8,0.9,5,2,0.026772871588981,19.6693831095768,0.107678972407182,5.65108096838142,411.507698198966,25.4549159219544
0.8,0.9,5,4,0.0535335557078874,17.7164017622632,0.107654463750172,5.09770905867869,371.211549181842,22.9752988403999
0.8,0.9,5,8,0.107018394808003,15.2105879129897,0.107605479891206,4.38674792069332,319.439864607116,19.8119597083823
0.8,0.9,5,16,0.213842188941606,13.5239620601217,0.107507645780568,3.90876399623862,284.633415074895,17.7540758910825
0.8,0.9,5,24,0.320471912707162,13.4979937893361,0.107409989408439,3.90132205837772,284.091498451082,17.8271977498294
0.8,0.9,5,48,0.639201936034883,13.4613157099593,0.107118081892713,3.89071537438971,283.319127264428,18.0983511022767
0.8,0.9,5,72,0.956204233260203,13.4248365262286,0.106827756707478,3.88016620767905,282.550944445015,18.3680347238753
0.8,0.9,5,96,1.27149281452668,13.3885546246799,0.106539001021605,3.86967409165907,281.786916016334,18.6362605318872
0.8,0.9,5,120,1.5850815389084,13.3524684092536,0.106251802142321,3.85923856477615,281.02700836838,18.9030403150804
0.8,0.9,7,2,0.0267698710778561,25.8135245353449,0.133222458727006,7.43437434655255,541.365854075797,33.4078912117023
0.8,0.9,7,4,0.0535275574169421,23.5740765649508,0.133192139551146,6.79628713852249,494.900797267052,30.5570834004414
0.8,0.9,7,8,0.107006409140147,20.7150566685329,0.133131542581377,5.98063214650047,435.505380678708,26.9358267667549
0.8,0.9,7,16,0.213818261172766,18.9019024213334,0.133010513906303,5.4640949789585,397.891511396228,24.712826175371
0.8,0.9,7,24,0.320436086226216,18.8847409849834,0.1328897050835,5.45913213156617,397.530120377703,24.7971989078593
0.8,0.9,7,48,0.639130671983811,18.8334432132851,0.132528591754469,5.44429753338256,396.449875485372,25.0494000104059
0.8,0.9,7,72,0.956097915813181,18.7824234782897,0.132169435679253,5.42954333952516,395.375485578908,25.3002341693073
0.8,0.9,7,96,1.27135182318942,18.7316795256457,0.131812220988228,5.41486889806698,394.306903185451,25.5497124678903
0.8,0.9,7,120,1.58490624858519,18.6812091253071,0.131456931982869,5.40027356410993,393.244081343981,25.797845869985
0.8,0.9,9,2,0.0267698710778561,31.7880515225953,0.158240301741742,9.1663648855186,667.488173678031,41.1394265809335
0.8,0.9,9,4,0.0535275574169421,29.3448468614129,0.158204288928418,8.46790112702603,616.626539392334,38.0244798347843
0.8,0.9,9,8,0.107006409140147,26.1794194878625,0.158132312454838,7.56217027788399,550.671862932445,34.0067284873415
0.8,0.9,9,16,0.213818261172766,24.3003999702858,0.157988555807152,7.02526497294663,511.574800366578,31.6974717602124
0.8,0.9,9,24,0.320436086226216,24.2783352664073,0.15784506029779,7.01888416915648,511.110154771331,31.7755005820878
0.8,0.9,9,48,0.639130671983812,24.2123809885094,0.157416133503503,6.99981111434899,509.721268481191,32.0087389083457
0.8,0.9,9,72,0.956097915813182,24.1467841863725,0.156989531515688,6.98084143653233,508.339910030023,32.2407130702337
0.8,0.9,9,96,1.27135182318942,24.0815419615445,0.156565235484565,6.96197429751467,506.966018381293,32.4714333177332
0.8,0.9,9,120,1.5849062485852,24.0166514468234,0.156143226763582,6.94320886814132,505.599533156546,32.7009097903135
0.8,0.9,11,2,0.0267698710778561,37.7449383810279,0.182893196240194,10.8917245872589,793.127640428011,48.8463260356048
0.8,0.9,11,4,0.0535275574169421,35.0561210323325,0.182851572845511,10.1214113769071,737.033980142889,45.4139115395021
0.8,0.9,11,8,0.107006409140147,31.5933426730954,0.182768382866963,9.12879539489112,664.752390082446,41.0119128599936
0.8,0.9,11,16,0.213818261172766,29.6988975192382,0.18260222979163,8.58643496693476,625.258089336928,38.6817529771374
0.8,0.9,11,24,0.320436086226217,29.6719295478311,0.182436378538413,8.57863620674681,624.69018916496,38.7534382193426
0.8,0.9,11,48,0.639130671983812,29.5913187637338,0.181940627509776,8.55532469531544,622.992661477012,38.9677147585428
0.8,0.9,11,72,0.956097915813183,29.5111448944554,0.181447563478584,8.53213953353951,621.304334481139,39.1808299072866
0.8,0.9,11,96,1.27135182318942,29.4314043974433,0.180957164658372,8.50907969696238,619.625133577136,39.3927930822535
0.8,0.9,11,120,1.5849062485852,29.3520937683397,0.180469409497568,8.48614417217273,617.954984969112,39.6036135985952
0.8,0.9,13,2,0.0267698710778561,43.6302896820746,0.207277419607135,12.595660082303,917.207011678987,56.4599970550626
0.8,0.9,13,4,0.0535275574169421,40.7107149004068,0.207230246776091,11.7581065300771,856.216957506475,52.729579234677
0.8,0.9,13,8,0.107006409140147,36.9965543398535,0.207135965499123,10.6920856352932,778.590073889161,48.0027823497859
0.8,0.9,13,16,0.213818261172766,35.0973950681907,0.206947660075942,10.147604960923,738.941378307283,45.6657659503623
0.8,0.9,13,24,0.320436086226217,35.065523829255,0.206759696715291,10.1383882443372,738.270223558594,45.7311078565337
0.8,0.9,13,48,0.639130671983812,34.9702565389581,0.206197849713348,10.1108382762819,736.264054472837,45.9264233369372
0.8,0.9,13,72,0.956097915813183,34.8755056025381,0.205639047952607,10.0834376305468,734.26875893226,46.1206801968507
0.8,0.9,13,96,1.27135182318942,34.7812668333421,0.205083266741924,10.0561850964101,732.284248772983,46.3138870196836
0.8,0.9,13,120,1.5849062485852,34.687536089856,0.204530481656366,10.0290794762042,730.310436781682,46.5060522963018
0.8,0.9,15,2,0.0267698710778561,49.4010780725621,0.231453149039982,14.2661365931471,1038.84992348985,63.9254376858271
0.8,0.9,15,4,0.0535275574169421,46.2608979912107,0.231400474222266,13.3643660173164,973.183631316744,59.9101920401663
0.8,0.9,15,8,0.107006409140147,42.3859744266195,0.231295196481491,12.2512210301917,892.12520480041,54.9754970624329
0.8,0.9,15,16,0.213818261172767,40.4958926171431,0.231084928121054,11.7087749549111,852.624667277632,52.649570761348
0.8,0.9,15,24,0.320436086226217,40.4591181106788,0.23087504171949,11.6981402819275,851.850257952221,52.7085695205521
0.8,0.9,15,48,0.639130671983813,40.3491943141824,0.230247663888731,11.6663518572484,849.535447468655,52.8849245073033
0.8,0.9,15,72,0.956097915813184,40.239866310621,0.229623686479818,11.6347357275539,847.233183383374,53.0603236404679
0.8,0.9,15,96,1.27135182318942,40.1311292692409,0.229003081921765,11.6032904958578,844.943363968825,53.2347746702099
0.8,0.9,15,120,1.5849062485852,40.0229784113723,0.228385822940844,11.5720147802356,842.665888594247,53.408285263134
0.8,0.9,17,2,0.0267698710778561,55.1722914637399,0.255460975015115,15.9364179007772,1160.47862074147,71.3909402106101
0.8,0.9,17,4,0.0535275574169421,51.8292450136042,0.255402836422712,14.9756024162301,1090.51272029656,67.1137778236739
0.8,0.9,17,8,0.107006409140147,47.7626855338082,0.255286638589945,13.8065789995656,1005.3852662707,61.9315575811039
0.8,0.9,17,16,0.213818261172767,45.8943901660955,0.25505455982759,13.2699449488992,966.30795624798,59.633207935995
0.8,0.9,17,24,0.320436086226217,45.8527123921027,0.254822902643369,13.2578923195178,965.430292345848,59.6858637004901
0.8,0.9,17,48,0.639130671983813,45.7281320894067,0.254130449103577,13.2218654382148,962.806840464474,59.8432586487089
0.8,0.9,17,72,0.956097915813184,45.6042270187038,0.253441748699502,13.1860338245611,960.197607834488,59.9998005077775
0.8,0.9,17,96,1.27135182318942,45.4809917051397,0.252756771000315,13.1503958953055,957.602479164666,60.1554961946349
0.8,0.9,17,120,1.5849062485852,45.3584207328887,0.252075485903279,13.114950084267,955.021340406811,60.3103525516441
0.8,0.9,19,2,0.0267698710778561,60.8052842483654,0.279329811320596,17.566635597845,1279.18991435716,78.6780195286088
0.8,0.9,19,4,0.0535275574169421,57.3172935801196,0.279266240585202,16.5635461481176,1206.14565382461,74.2136335262393
0.8,0.9,19,8,0.107006409140147,53.1319440027252,0.279139185880659,15.3597132981803,1118.48340161733,68.8778028959263
0.8,0.9,19,16,0.213818261172766,51.2928877150476,0.278885422984404,14.8311149428876,1079.99124521835,66.6167063420924
0.8,0.9,19,24,0.320436086226217,51.2463066735262,0.278632121056171,14.8176443571084,1079.01032673949,66.663019237917
0.8,0.9,19,48,0.639130671983813,51.1070698646308,0.277874968553301,14.7773790191815,1076.07823346031,66.8014545243494
0.8,0.9,19,72,0.956097915813183,50.9685877267863,0.277121919858034,14.7373319215685,1073.16203228562,66.939139484026
0.8,0.9,19,96,1.27135182318942,50.8308541410382,0.276372941696256,14.6975012947535,1070.26159436053,67.0760802006773
0.8,0.9,19,120,1.5849062485852,50.6938630544047,0.2756280011526,14.6578853882986,1067.37679221939,67.2122826924411
0.8,0.9,21,2,0.0267698710778561,66.4245441667475,0.30308111799368,19.1926430108746,1397.59461808271,85.9470381666936
0.8,0.9,21,4,0.0535275574169421,62.7857230497891,0.303012141863049,18.1456570674339,1321.35384608836,81.2879198165029
0.8,0.9,21,8,0.107006409140147,58.5082676108043,0.302874283745731,16.9148003865451,1231.72373772514,75.8329486902353
0.8,0.9,21,16,0.213818261172767,56.6913852640003,0.302598943487781,16.3922849368751,1193.67453418866,73.600087405536
0.8,0.9,21,24,0.320436086226217,56.6399009549503,0.302324103393786,16.3773963946982,1192.59036113308,73.6400575392685
0.8,0.9,21,48,0.639130671983813,56.4860076398554,0.301502570504129,16.3328926001473,1189.34962645609,73.7595334824907
0.8,0.9,21,72,0.956097915813184,56.3329484348693,0.300685490367262,16.2886300185751,1186.1264567367,73.8783618596249
0.8,0.9,21,96,1.27135182318942,56.1807165769372,0.299872826879783,16.2446066942006,1182.92070955633,73.996547921207
0.8,0.9,21,120,1.5849062485852,56.0293053759212,0.299064544327546,16.2008206923295,1179.73224403192,74.1140968611634
0.8,0.8,3,2,0.0267757526730898,12.1299563585307,0.0766553644810626,3.88783040223971,283.10904564368,16.1212178779246
0.8,0.8,3,4,0.0535393152532248,10.6628883068088,0.0766379151859873,3.42743555352557,249.583420101053,14.2205010907736
0.8,0.8,3,8,0.107029903417896,8.83125849464342,0.0766030404172103,2.85196267322218,207.677894118579,11.8668541117007
0.8,0.8,3,16,0.213865164323997,8.15273619308664,0.0765333860135264,2.63857643065466,192.13925965243,11.0817111740788
0.8,0.8,3,24,0.320506313195608,8.10324614594302,0.0764638581669166,2.62286375809337,190.995074008227,11.1230800753989
0.8,0.8,3,48,0.639270363539921,8.04073685782897,0.076256030529728,2.60303557111906,189.551199530599,11.3592988230177
0.8,0.8,3,72,0.95630631885909,7.99166946083054,0.0760493295751296,2.587348130998,188.408851294754,11.6113732402628
0.8,0.8,3,96,1.27162819378028,7.94316005614574,0.0758437461658714,2.57184864185649,187.280189515605,11.8624806379484
0.8,0.8,3,120,1.58524985179681,7.89536770710439,0.0756392712632394,2.55653374605174,186.164969691994,12.1127905762162
0.8,0.8,5,2,0.026772871588981,17.4981236002046,0.100442802743394,5.65108096838142,411.507698198966,23.2764202429184
0.8,0.8,5,4,0.0535335557078876,15.7589212838951,0.100419941100619,5.09808566634778,371.238973484536,21.0109604470514
0.8,0.8,5,8,0.107018394808003,13.531889207677,0.1003742490219,4.38891442057084,319.597627587816,18.1281962720778
0.8,0.8,5,16,0.213842188941606,12.0263162626432,0.100282989493166,3.91010268987063,284.730897793367,16.2505441309486
0.8,0.8,5,24,0.320471912707162,11.9990270136394,0.100191895758677,3.90132205837772,284.091498451082,16.3210128804829
0.8,0.8,5,48,0.639201936034882,11.9664242365987,0.0999196048149032,3.89071537438971,283.319127264428,16.5962611518382
0.8,0.8,5,72,0.956204233260204,11.9339982559037,0.0996487898669142,3.88016620767906,282.550944445015,16.8700174867099
0.8,0.8,5,96,1.27149281452668,11.9017476373625,0.0993794389458497,3.86967409165907,281.786916016334,17.1422939824941
0.8,0.8,5,120,1.5850815389084,11.8696709622536,0.0991115402119078,3.85923856477616,281.027008368381,17.4131026061501
0.8,0.8,7,2,0.0267698710778561,22.9570876719372,0.12336186690344,7.43437434655255,541.365854075797,30.541593756471
0.8,0.8,7,4,0.0535275574169421,20.9628057018175,0.123333791831318,6.79628713852249,494.900797267052,27.9359541895882
0.8,0.8,7,8,0.107006409140147,18.4171769367077,0.123277680006099,5.98063214650046,435.505380678708,24.6280931723544
0.8,0.8,7,16,0.213818261172766,16.8024867078518,0.123165609387911,5.4640949789585,397.891511396228,22.603565557371
0.8,0.8,7,24,0.320436086226216,16.7872320977629,0.123053742349412,5.45913213156617,397.530120377703,22.6898540579047
0.8,0.8,7,48,0.639130671983811,16.7416340784755,0.122719357179984,5.44429753338257,396.449875485372,22.9477816410219
0.8,0.8,7,72,0.956097915813182,16.6962832029241,0.122386784396298,5.42954333952516,395.375485578908,23.2043112426588
0.8,0.8,7,96,1.27135182318942,16.6511774672405,0.122056009303335,5.41486889806698,394.306903185451,23.4594541978003
0.8,0.8,7,120,1.58490624858519,16.6063148891617,0.121727017364512,5.40027356410994,393.244081343981,23.7132217192214
0.8,0.8,9,2,0.0267698710778561,28.2661488927419,0.145785228998837,9.1663648855186,667.488173678031,37.6050688783371
0.8,0.8,9,4,0.0535275574169421,26.0913081226565,0.145752050749178,8.46790112702603,616.626539392334,34.7584888578486
0.8,0.8,9,8,0.107006409140147,23.2738808450407,0.145685739534096,7.56217027788399,550.671862932445,31.088743271599
0.8,0.8,9,16,0.213818261172766,21.6011511958096,0.145553297952701,7.02526497294662,511.574800366577,28.9857877278817
0.8,0.8,9,24,0.320436086226216,21.5815381256954,0.145421096955469,7.01888416915648,511.110154771331,29.0662794780335
0.8,0.8,9,48,0.639130671983812,21.5229121008973,0.145025930931134,6.99981111434899,509.721268481191,29.3068798181612
0.8,0.8,9,72,0.956097915813182,21.4646038323312,0.144632906728068,6.98084143653233,508.339910030023,29.5461760914047
0.8,0.8,9,96,1.27135182318942,21.4066107435951,0.144242006980155,6.96197429751468,506.966018381293,29.7841788712794
0.8,0.8,9,120,1.5849062485852,21.3489302860652,0.14385321450851,6.94320886814133,505.599533156546,30.0208986173003
0.8,0.8,11,2,0.0267698710778561,33.5601176863917,0.167864514333369,10.8917245872589,793.127640428011,44.6464766590618
0.8,0.8,11,4,0.0535275574169421,31.1672702401857,0.167826311212219,10.1214113769071,737.033980142889,41.510035485722
0.8,0.8,11,8,0.107006409140147,28.0858750007739,0.167749957112486,9.12879539489112,664.752390082445,37.4894267619177
0.8,0.8,11,16,0.213818261172766,26.3998156837674,0.167597457151475,8.58643496693477,625.258089336928,35.3676663690264
0.8,0.8,11,24,0.320436086226217,26.3758441536278,0.167445234211283,8.57863620674681,624.69018916496,35.4423616808121
0.8,0.8,11,48,0.639130671983812,26.304190123319,0.166990219987883,8.55532469531544,622.992661477012,35.6656357106061
0.8,0.8,11,72,0.956097915813183,26.2329244617382,0.166537671966235,8.53213953353952,621.304334481139,35.8876995830571
0.8,0.8,11,96,1.27135182318942,26.1620440199497,0.16608757015011,8.50907969696238,619.625133577136,36.1085631102516
0.8,0.8,11,120,1.5849062485852,26.0915456829687,0.16563989475887,8.48614417217273,617.954984969112,36.3282359984855
0.8,0.8,13,2,0.0267698710778561,38.7907825358242,0.189690494095901,12.595660082303,917.207011678987,51.602902983301
0.8,0.8,13,4,0.0535275574169421,36.1930127548375,0.189647323751318,11.7581065300771,856.216957506475,48.1942941660829
0.8,0.8,13,8,0.107006409140147,32.8884389650172,0.18956104198437,10.6920856352932,778.590073889161,43.8770920514349
0.8,0.8,13,16,0.213818261172766,31.1984801717248,0.189388713764384,10.147604960923,738.941378307283,41.7492921075849
0.8,0.8,13,24,0.320436086226217,31.1701501815598,0.189216698583854,10.1383882443372,738.270223558594,41.818191210707
0.8,0.8,13,48,0.639130671983812,31.0854681457403,0.188702522772484,10.1108382762819,736.264054472837,42.0241396167786
0.8,0.8,13,72,0.956097915813183,31.0012450911448,0.188191133821881,10.0834376305468,734.26875893226,42.2289717713266
0.8,0.8,13,96,1.27135182318942,30.9174772963039,0.187682509135876,10.0561850964102,732.284248772984,42.4326967250393
0.8,0.8,13,120,1.5849062485852,30.8341610798718,0.187176626361925,10.0290794762042,730.310436781682,42.6353234310231
0.8,0.8,15,2,0.0267698710778561,43.9197400925921,0.211319903892253,14.2661365931471,1038.84992348985,58.4239664607093
0.8,0.8,15,4,0.0535275574169421,41.1260384901369,0.211271811060234,13.3643660173164,973.183631316744,54.7552038759305
0.8,0.8,15,8,0.107006409140147,37.6788077248752,0.211175691037003,12.2512210301917,892.12520480041,50.2482108552441
0.8,0.8,15,16,0.213818261172767,35.9971446596824,0.21098371313606,11.7087749549111,852.624667277633,48.1307215889023
0.8,0.8,15,24,0.320436086226217,35.9644562094919,0.210792083968816,11.6981402819275,851.850257952221,48.1938246616145
0.8,0.8,15,48,0.639130671983813,35.8667461681618,0.210219279392814,11.6663518572484,849.535447468656,48.3824479767868
0.8,0.8,15,72,0.956097915813184,35.7695657205516,0.20964957944866,11.6347357275539,847.233183383375,48.5700489433674
0.8,0.8,15,96,1.27135182318942,35.6729105726582,0.209082958963663,11.6032904958578,844.943363968825,48.7566358506692
0.8,0.8,15,120,1.5849062485852,35.5767764767751,0.208519393036538,11.5720147802356,842.665888594247,48.9422168986324
0.8,0.8,17,2,0.0267698710778561,49.0491976510706,0.232791012790561,15.9364179007772,1160.47862074147,65.2451764357163
0.8,0.8,17,4,0.0535275574169421,46.0753159269841,0.232738033497709,14.9756024162301,1090.51272029656,61.3371839341288
0.8,0.8,17,8,0.107006409140147,42.4579188683803,0.232632147222232,13.8065789995656,1005.3852662707,56.6041364243083
0.8,0.8,17,16,0.213818261172767,40.7958091476406,0.23242066345203,13.2699449488992,966.307956247981,54.5119930211646
0.8,0.8,17,24,0.320436086226217,40.7587622374247,0.232209563848531,13.2578923195178,965.430292345848,54.5693002070173
0.8,0.8,17,48,0.639130671983813,40.6480241905839,0.231578559598943,13.2218654382148,962.806840464473,54.7405988603814
0.8,0.8,17,72,0.956097915813184,40.537886349959,0.230950975426588,13.1860338245611,960.197607834488,54.9109690657598
0.8,0.8,17,96,1.27135182318942,40.4283438490132,0.23032678360111,13.1503958953055,957.602479164666,55.0804183511092
0.8,0.8,17,120,1.5849062485852,40.3193918736789,0.229705956691135,13.114950084267,955.021340406811,55.2489541632222
0.8,0.8,19,2,0.0267698710778561,54.0558278518098,0.254131080971634,17.566635597845,1279.18991435716,71.9033644017043
0.8,0.8,19,4,0.0535275574169421,50.9532444213398,0.254073245040598,16.5635461481176,1206.14565382461,67.824391371915
0.8,0.8,19,8,0.107006409140147,47.2304317528565,0.253957652117467,15.3597132981803,1118.48340161733,62.9511091122944
0.8,0.8,19,16,0.213818261172766,45.5944736355979,0.253726781524633,14.8311149428876,1079.99124521835,60.8931336211829
0.8,0.8,19,24,0.320436086226217,45.5530682653567,0.253496330315255,14.8176443571084,1079.01032673949,60.9446450390065
0.8,0.8,19,48,0.639130671983813,45.4293022130052,0.252807481591573,14.7773790191815,1076.07823346031,61.098619385762
0.8,0.8,19,72,0.956097915813183,45.3062069793656,0.252122366465308,14.7373319215685,1073.16203228562,61.2517591832126
0.8,0.8,19,96,1.27135182318942,45.1837771253673,0.251440954664051,14.6975012947535,1070.26159436053,61.4040711979742
0.8,0.8,19,120,1.5849062485852,45.062007270582,0.250763216241776,14.6578853882986,1067.37679221939,61.5555621237076
0.8,0.8,21,2,0.0267698710778561,59.0503428625169,0.275360341152629,19.1926430108746,1397.59461808271,78.5451160856219
0.8,0.8,21,4,0.0535275574169421,55.8137949033126,0.275297673801433,18.1456570674339,1321.35384608836,74.2882772019649
0.8,0.8,21,8,0.107006409140147,52.0092594752085,0.275172424632278,16.9148003865451,1231.72373772514,69.3062386955261
0.8,0.8,21,16,0.213818261172767,50.3931381235553,0.274922267882613,16.3922849368752,1193.67453418866,67.2741635894859
0.8,0.8,21,24,0.320436086226217,50.3473742932887,0.274672565550294,16.3773963946982,1192.59036113308,67.3198793397633
0.8,0.8,21,48,0.639130671983813,50.2105802354265,0.273926172709125,16.3328926001473,1189.34962645609,67.4565296802668
0.8,0.8,21,72,0.956097915813184,50.0745276087722,0.27318382535761,16.2886300185751,1186.1264567367,67.5924393685181
0.8,0.8,21,96,1.27135182318942,49.9392104017215,0.272445490694481,16.2446066942006,1182.92070955633,67.727614409806
0.8,0.8,21,120,1.5849062485852,49.804622667485,0.271711136272124,16.2008206923295,1179.73224403192,67.8620607446718
0.8,0.7,3,2,0.0267757526730899,10.6373752963065,0.0720343761226839,3.88825845676319,283.140216269733,14.6244438818654
0.8,0.7,3,4,0.053539315253225,9.3592647869538,0.0720179787173226,3.43214710548878,249.926511965101,12.9169691864131
0.8,0.7,3,8,0.107029903417896,7.87771062634517,0.0719852062919577,2.90266534157149,211.370026378178,10.9593910776265
0.8,0.7,3,16,0.213865164323998,7.49941962395056,0.0719197508401764,2.7678529997088,201.553087495312,10.5530575388235
0.8,0.7,3,24,0.32050631319561,7.47029139156514,0.0718544143162737,2.75725898582943,200.78163893696,10.6199111049064
0.8,0.7,3,48,0.639270363539924,7.42132296461308,0.0716591150793934,2.73948976276557,199.487696747367,10.871742205998
0.8,0.7,3,72,0.956306318859095,7.37330368838416,0.0714648746056934,2.72211999316269,198.222842474792,11.1231948750116
0.8,0.7,3,96,1.27162819378029,7.32608101269592,0.071271684308741,2.70496910224588,196.973926792513,11.3739499930308
0.8,0.7,3,120,1.58524985179682,7.2797376178093,0.0710795356947001,2.68803297874104,195.740650320475,11.6240999840419
0.8,0.7,5,2,0.026772871588981,15.3268640908324,0.0931263510836148,5.65108096838142,411.507698198966,21.0978442818864
0.8,0.7,5,4,0.0535335557078876,13.8018475591674,0.0931051547279456,5.09871426180672,371.284747358925,19.04720053141
0.8,0.7,5,8,0.107018394808003,11.8527623592379,0.0930627909502693,4.3915426315773,319.789012044648,16.4443861765734
0.8,0.7,5,16,0.213842188941605,10.529357786647,0.0929781789454221,3.9120601695391,284.873440071057,14.7482383240731
0.8,0.7,5,24,0.320471912707162,10.5000602379426,0.0928937206580408,3.90132205837772,284.091498451082,14.8147479296855
0.8,0.7,5,48,0.639201936034882,10.471532763238,0.0926412639231209,3.89071537438971,283.319127264428,15.0940913375857
0.8,0.7,5,72,0.956204233260203,10.4431599855788,0.092390175669545,3.88016620767905,282.550944445015,15.3719206021876
0.8,0.7,5,96,1.27149281452668,10.4149406500451,0.0921404448002876,3.86967409165907,281.786916016334,15.6482480010311
0.8,0.7,5,120,1.5850815389084,10.3868735152537,0.0918920603379816,3.85923856477616,281.027008368381,15.9230856792762
0.8,0.7,7,2,0.0267698710778561,20.1006508085301,0.11340629478709,7.43437434655255,541.365854075797,27.6752013209476
0.8,0.7,7,4,0.053527557416942,18.3515348386846,0.113380485434612,6.79628713852249,494.900797267052,25.3147300200586
0.8,0.7,7,8,0.107006409140147,16.1192972048829,0.113328901956252,5.98063214650046,435.505380678708,22.3202646624797
0.8,0.7,7,16,0.213818261172766,14.7030709943705,0.113225875681746,5.4640949789585,397.891511396228,20.4942101101835
0.8,0.7,7,24,0.320436086226216,14.6897232105427,0.113123036557603,5.45913213156617,397.530120377703,20.5824144648927
0.8,0.7,7,48,0.639130671983811,14.6498249436662,0.11281563700174,5.44429753338257,396.449875485372,20.8460687860343
0.8,0.7,7,72,0.956097915813182,14.6101429275587,0.112509903568131,5.42954333952516,395.375485578908,21.1082940864652
0.8,0.7,7,96,1.27135182318942,14.5706754088356,0.112205822747676,5.41486889806698,394.306903185451,21.3691019528397
0.8,0.7,7,120,1.58490624858519,14.5314206530166,0.111903381176928,5.40027356410993,393.244081343981,21.6285038468887
0.8,0.7,9,2,0.0267698710778561,24.7442462628884,0.133222458727006,9.1663648855186,667.488173678031,34.0706034782119
0.8,0.7,9,4,0.0535275574169421,22.8377693839,0.133192139551146,8.46790112702603,616.626539392334,31.4923902078941
0.8,0.7,9,8,0.107006409140147,20.368342202219,0.133131542581377,7.562170277884,550.671862932445,28.1706504318245
0.8,0.7,9,16,0.213818261172766,18.9019024213334,0.133010513906303,7.02526497294663,511.574800366578,26.2739961693591
0.8,0.7,9,24,0.320436086226216,18.8847409849834,0.1328897050835,7.01888416915648,511.110154771331,26.3569509454496
0.8,0.7,9,48,0.639130671983812,18.8334432132851,0.132528591754469,6.999811114349,509.721268481192,26.6049135913724
0.8,0.7,9,72,0.956097915813183,18.7824234782898,0.132169435679254,6.98084143653233,508.339910030023,26.8515322663145
0.8,0.7,9,96,1.27135182318942,18.7316795256457,0.131812220988229,6.96197429751468,506.966018381293,27.0968178673381
0.8,0.7,9,120,1.5849062485852,18.6812091253071,0.13145693198287,6.94320886814132,505.599533156546,27.3407811740165
0.8,0.7,11,2,0.0267698710778561,29.3752969917549,0.152716768328447,10.8917245872589,793.127640428011,40.4465082184201
0.8,0.7,11,4,0.0535275574169421,27.2784194480383,0.152682012577803,10.1214113769071,737.033980142889,37.6060403949402
0.8,0.7,11,8,0.107006409140147,24.578407328452,0.152612548513845,9.12879539489112,664.752390082446,33.9668216809971
0.8,0.7,11,16,0.213818261172766,23.1007338482963,0.152473809833378,8.58643496693477,625.258089336928,32.0534608862372
0.8,0.7,11,24,0.320436086226217,23.0797587594241,0.152335323175946,8.57863620674681,624.69018916496,32.131166375573
0.8,0.7,11,48,0.639130671983813,23.0170614829039,0.151921368493402,8.55532469531544,622.992661477012,32.3634382186965
0.8,0.7,11,72,0.956097915813183,22.9547040290207,0.151509657467675,8.53213953353952,621.304334481139,32.5944511358411
0.8,0.7,11,96,1.27135182318942,22.8926836424558,0.151100171906952,8.50907969696238,619.625133577136,32.8242153345145
0.8,0.7,11,120,1.5849062485852,22.8309975975974,0.150692893815558,8.48614417217273,617.954984969112,33.0527409121709
0.8,0.7,13,2,0.0267698710778561,33.9512753895746,0.17197413226374,12.595660082303,917.207011678987,46.7456794752192
0.8,0.7,13,4,0.0535275574169421,31.6753106092689,0.171934993863134,11.7581065300771,856.216957506475,43.6588796906261
0.8,0.7,13,8,0.107006409140147,28.7803235901813,0.17185677048103,10.6920856352932,778.590073889161,39.7512724050956
0.8,0.7,13,16,0.213818261172766,27.2995652752594,0.17170053705332,10.147604960923,738.941378307284,37.8326890344084
0.8,0.7,13,24,0.320436086226217,27.2747765338649,0.171544587428385,10.1383882443372,738.270223558594,37.9051454518568
0.8,0.7,13,48,0.639130671983812,27.2006797525229,0.171078433658199,10.1108382762819,736.264054472837,38.1217271344469
0.8,0.7,13,72,0.956097915813183,27.1269845797519,0.170614806466714,10.0834376305468,734.26875893226,38.3371349325785
0.8,0.7,13,96,1.27135182318942,27.053687759266,0.170153685368155,10.0561850964101,732.284248772983,38.5513783642338
0.8,0.7,13,120,1.5849062485852,26.980786069888,0.169695050097621,10.0290794762042,730.310436781682,38.764466844775
0.8,0.7,15,2,0.0267698710778561,38.438402112623,0.19104762183254,14.2661365931471,1038.84992348985,52.9223561986805
0.8,0.7,15,4,0.0535275574169421,35.991178989064,0.191004142628663,13.3643660173164,973.183631316744,49.600076706426
0.8,0.7,15,8,0.107006409140147,32.9716410231317,0.190917243564683,12.2512210301917,892.12520480041,45.5207857060283
0.8,0.7,15,16,0.213818261172767,31.4983967022224,0.190743682434169,11.7087749549111,852.624667277632,43.6117336007404
0.8,0.7,15,24,0.320436086226217,31.4697943083058,0.19057043658273,11.6981402819275,851.850257952221,43.6789411130422
0.8,0.7,15,48,0.639130671983813,31.3842980221419,0.190052582135495,11.6663518572484,849.535447468655,43.8798331335096
0.8,0.7,15,72,0.956097915813184,31.299265130483,0.189537534487431,11.6347357275539,847.233183383374,44.0796363083375
0.8,0.7,15,96,1.27135182318942,31.2146918760763,0.189025270880708,11.6032904958578,844.943363968825,44.2783594660042
0.8,0.7,15,120,1.5849062485852,31.1305745421785,0.188515768802863,11.5720147802356,842.665888594247,44.4760113398022
0.8,0.7,17,2,0.0267698710778561,42.926103838401,0.209973034470214,15.9364179007772,1160.47862074147,59.0992646447263
0.8,0.7,17,4,0.0535275574169421,40.3213868403639,0.20992524816287,14.9756024162301,1090.51272029656,55.5604420621737
0.8,0.7,17,8,0.107006409140147,37.1531522029522,0.209829740770621,13.8065789995656,1005.3852662707,51.2765673524286
0.8,0.7,17,16,0.213818261172767,35.6972281291855,0.209638986460829,13.2699449488992,966.30795624798,49.3906303257183
0.8,0.7,17,24,0.320436086226217,35.6648120827466,0.209448578662045,13.2578923195178,965.430292345847,49.4525890671527
0.8,0.7,17,48,0.639130671983813,35.5679162917609,0.208879424915681,13.2218654382148,962.806840464473,49.6377918268752
0.8,0.7,17,72,0.956097915813184,35.4715456812142,0.208313356013471,13.1860338245611,960.197607834488,49.8219907776019
0.8,0.7,17,96,1.27135182318942,35.3756959928865,0.207750346943164,13.1503958953055,957.602479164665,50.0051940583246
0.8,0.7,17,120,1.5849062485852,35.2803630144691,0.207190372962185,13.114950084267,955.02134040681,50.1874097202834
0.8,0.7,19,2,0.0267698710778561,47.3063714552543,0.228775869740987,17.566635597845,1279.18991435716,65.1285527939181
0.8,0.7,19,4,0.0535275574169421,44.5891952625601,0.228723804226708,16.5635461481176,1206.14565382461,61.4349927723214
0.8,0.7,19,8,0.107006409140147,41.3289195029878,0.228619744261181,15.3597132981803,1118.48340161733,57.0242589545694
0.8,0.7,19,16,0.213818261172766,39.8960595561481,0.228411908130035,14.8311149428876,1079.99124521835,55.1694046683385
0.8,0.7,19,24,0.320436086226217,39.859829857187,0.228204449539544,14.8176443571084,1079.0103267395,55.2261147500612
0.8,0.7,19,48,0.639130671983813,39.7515345613795,0.227584328752752,14.7773790191815,1076.07823346031,55.3956285812975
0.8,0.7,19,72,0.956097915813183,39.6438262319448,0.226967569054235,14.7373319215685,1073.16203228562,55.5642236383807
0.8,0.7,19,96,1.27135182318942,39.5367001096963,0.226354143191926,14.6975012947535,1070.26159436053,55.7319073708311
0.8,0.7,19,120,1.5849062485852,39.4301514867592,0.225744024207582,14.6578853882986,1067.37679221939,55.8986871478505
0.8,0.7,21,2,0.0267698710778561,51.6761415582877,0.247475053618758,19.1926430108746,1397.59461808271,71.1430294938589
0.8,0.7,21,4,0.0535275574169421,48.8418667568375,0.247418732486846,18.1456570674339,1321.35384608836,67.2884701141751
0.8,0.7,21,8,0.107006409140147,45.5102513396138,0.24730616709445,16.9148003865451,1231.72373772514,62.7793643023936
0.8,0.7,21,16,0.213818261172767,44.0948909831113,0.247081343306182,16.3922849368752,1193.67453418866,60.9480755244655
0.8,0.7,21,24,0.320436086226217,44.054847631628,0.246856927917166,16.3773963946982,1192.59036113308,60.9995370404696
0.8,0.7,21,48,0.639130671983813,43.9351528309986,0.246186121047826,16.3328926001473,1189.34962645609,61.1533622241776
0.8,0.7,21,72,0.956097915813184,43.8161067826761,0.245518949988076,16.2886300185751,1186.1264567367,61.3063536670525
0.8,0.7,21,96,1.27135182318942,43.6977042265068,0.244855385258379,16.2446066942006,1182.92070955633,61.4585181291552
0.8,0.7,21,120,1.5849062485852,43.5799399590499,0.244195397697035,16.2008206923295,1179.73224403192,61.6098622976616
0.8,0.6,3,2,0.0267757526730898,9.14762537348424,0.0673372874669521,3.88987410722684,283.257866787768,13.1316125208511
0.8,0.6,3,4,0.0535393152532249,8.07019295587087,0.0673219592742479,3.44419421551165,250.803773951471,11.63524844591
0.8,0.6,3,8,0.107029903417896,7.09449672831545,0.0672913238145332,3.04060050166285,221.414366664132,10.3094184572107
0.8,0.6,3,16,0.213865164323998,6.94762025152521,0.0672301364646857,2.98007208097383,217.006730105264,10.2087876332877
0.8,0.6,3,24,0.32050631319561,6.92106818754895,0.0671690602878804,2.96887792388327,216.191579544976,10.2776214849157
0.8,0.6,3,48,0.640090413423504,6.88486062788273,0.0670724254075731,2.95407187795399,215.113413807504,10.5460953446678
0.8,0.6,3,72,0.960135620135256,6.88486062788273,0.0670724254075731,2.95407187795399,215.113413807504,10.8661405513795
0.8,0.6,3,96,1.28018082684701,6.88486062788273,0.0670724254075731,2.95407187795399,215.113413807504,11.1861857580913
0.8,0.6,3,120,1.60022603355876,6.88486062788273,0.0670724254075731,2.95407187795399,215.113413807504,11.506230964803
0.8,0.6,5,2,0.026772871588981,13.1556045814604,0.0857116649336227,5.65108096838142,411.507698198966,18.9191700863644
0.8,0.6,5,4,0.0535335557078875,11.8486976809,0.0856921562240705,5.10122259338243,371.467402280845,17.0891459862144
0.8,0.6,5,8,0.107018394808003,10.1725816791969,0.085653165434941,4.39461899757332,320.013030829182,14.7598722370132
0.8,0.6,5,16,0.213842188941605,9.08132131797514,0.0855752902070979,3.93497776546804,286.542283112191,13.3157165625919
0.8,0.6,5,24,0.320471912707162,9.01637097547493,0.0854975564577921,3.90770000716813,284.555936147278,13.330040451808
0.8,0.6,5,48,0.639201936034882,8.97664128987743,0.0852652002361438,3.89071537438972,283.319127264428,13.5918238005382
0.8,0.6,5,72,0.956204233260204,8.95232171525403,0.0850341035378533,3.88016620767906,282.550944445015,13.8737262597311
0.8,0.6,5,96,1.27149281452668,8.9281336627278,0.0848042561494363,3.86967409165908,281.786916016335,14.154104825063
0.8,0.6,5,120,1.5850815389084,8.9040760682538,0.0845756479675396,3.85923856477616,281.02700836838,14.4329718199059
0.8,0.6,7,2,0.0267698710778561,17.2442139451227,0.103334503080946,7.43437434655255,541.365854075797,24.8086926658341
0.8,0.6,7,4,0.0535275574169419,15.7402639755514,0.103310985897722,6.79628713852249,494.900797267052,22.6933896573886
0.8,0.6,7,8,0.107006409140147,13.8214174730578,0.103263983629343,5.98063214650046,435.505380678708,20.0123200123278
0.8,0.6,7,16,0.213818261172766,12.6036552808889,0.103170107280589,5.4640949789585,397.891511396228,18.3847386283008
0.8,0.6,7,24,0.320436086226216,12.5922143233223,0.103076401461079,5.45913213156617,397.530120377703,18.4748589425757
0.8,0.6,7,48,0.639130671983811,12.5580158088567,0.102796302544065,5.44429753338256,396.449875485372,18.7442403167672
0.8,0.6,7,72,0.956097915813181,12.5240026521932,0.102517721778363,5.42954333952516,395.375485578908,19.0121616293099
0.8,0.6,7,96,1.27135182318942,12.4901733504305,0.102240646854638,5.41486889806698,394.306903185451,19.2786347185415
0.8,0.6,7,120,1.58490624858519,12.4565264168714,0.101965065596269,5.40027356410993,393.244081343981,19.5436712951628
0.8,0.6,9,2,0.0267698710778561,21.222343633035,0.120527907827146,9.1663648855186,667.488173678031,30.5360062974586
0.8,0.6,9,4,0.0535275574169421,19.5842306451435,0.120500477716125,8.46790112702603,616.626539392334,28.2261598073026
0.8,0.6,9,8,0.107006409140147,17.4628035593972,0.120445654932814,7.56217027788399,550.671862932445,25.2524259013541
0.8,0.6,9,16,0.213818261172766,16.2026536468572,0.120336158882875,7.02526497294662,511.574800366577,23.5620730398595
0.8,0.6,9,24,0.320436086226216,16.1879438442715,0.120226861735843,7.01888416915648,511.110154771331,23.6474909613901
0.8,0.6,9,48,0.639130671983812,16.143974325673,0.119900158307213,6.99981111434899,509.721268481191,23.902816270313
0.8,0.6,9,72,0.956097915813182,16.1002431242484,0.119575225628873,6.98084143653233,508.339910030023,24.1567577022228
0.8,0.6,9,96,1.27135182318942,16.0567483076963,0.11925204934339,6.96197429751468,506.966018381293,24.4093264777438
0.8,0.6,9,120,1.5849062485852,16.0134879645489,0.118930615248125,6.94320886814133,505.599533156546,24.6605336965236
0.8,0.6,11,2,0.0267698710778561,25.1904762971188,0.137423333357587,10.8917245872589,793.127640428011,36.2463940888132
0.8,0.6,11,4,0.0535275574169421,23.3895686558915,0.137392058133791,10.1214113769071,737.033980142889,33.7018996483494
0.8,0.6,11,8,0.107006409140147,21.0709396561305,0.137329550373039,9.12879539489112,664.752390082446,30.4440710105348
0.8,0.6,11,16,0.213818261172766,19.8016520128255,0.137204705327245,8.58643496693477,625.258089336928,28.7391099462603
0.8,0.6,11,24,0.320436086226216,19.7836733652207,0.137080087066276,8.57863620674682,624.69018916496,28.8198257452601
0.8,0.6,11,48,0.639130671983812,19.7299328424892,0.136707586829682,8.55532469531544,622.992661477012,29.0610957966181
0.8,0.6,11,72,0.956097915813183,19.6764835963036,0.136337105564561,8.53213953353952,621.304334481139,29.3010581512208
0.8,0.6,11,96,1.27135182318942,19.6233232649622,0.135968626900873,8.50907969696238,619.625133577136,29.5397234120149
0.8,0.6,11,120,1.5849062485852,19.5704495122265,0.135602134645076,8.48614417217274,617.954984969112,29.7771020676295
0.8,0.6,13,2,0.0267698710778561,29.1117682433246,0.154099389827755,12.595660082303,917.207011678987,41.8882975865332
0.8,0.6,13,4,0.0535275574169421,27.1576084637,0.154064319415868,11.7581065300771,856.216957506475,39.1233068706099
0.8,0.6,13,8,0.107006409140147,24.6722082153452,0.1539942264589,10.6920856352932,778.590073889162,35.6252944862375
0.8,0.6,13,16,0.213818261172766,23.4006503787938,0.153854231707574,10.147604960923,738.941378307284,33.9159278325971
0.8,0.6,13,24,0.320436086226217,23.37940288617,0.153714491260973,10.1383882443372,738.270223558594,33.9919417079944
0.8,0.6,13,48,0.639130671983813,23.3158913593054,0.153296788839068,10.110838276282,736.264054472837,34.2191570964102
0.8,0.6,13,72,0.956097915813183,23.2527240683587,0.15288135038693,10.0834376305468,734.268758932261,34.4451409651056
0.8,0.6,13,96,1.27135182318942,23.189898222228,0.152468157548046,10.0561850964102,732.284248772984,34.6699032993757
0.8,0.6,13,120,1.5849062485852,23.127411059904,0.152057192163819,10.0290794762042,730.310436781683,34.8934539768572
0.8,0.6,15,2,0.0267698710778561,32.9570641326532,0.17060521171359,14.2661365931471,1038.84992348985,47.4205758085917
0.8,0.6,15,4,0.0535275574169421,30.8563194879905,0.170566384856122,13.3643660173164,973.183631316744,44.44477944758
0.8,0.6,15,8,0.107006409140147,28.2644743213877,0.170488784135077,12.2512210301917,892.12520480041,40.7931905448546
0.8,0.6,15,16,0.213818261172767,26.9996487447619,0.170333794331317,11.7087749549111,852.624667277632,39.0925757551771
0.8,0.6,15,24,0.320436086226217,26.9751324071191,0.170179086071253,11.6981402819275,851.850257952221,39.1638878613441
0.8,0.6,15,48,0.639130671983813,26.9018498761215,0.169716642902581,11.6663518572484,849.535447468655,39.3770490482562
0.8,0.6,15,72,0.956097915813184,26.8289645404138,0.169256706200948,11.6347357275539,847.233183383374,39.5890548899819
0.8,0.6,15,96,1.27135182318942,26.7564731794938,0.168799255643648,11.6032904958578,844.943363968825,39.7999147541847
0.8,0.6,15,120,1.5849062485852,26.6843726075814,0.168344271127088,11.5720147802356,842.665888594246,40.0096379075293
0.8,0.6,17,2,0.0267698710778561,36.8030100257309,0.186973941000276,15.9364179007772,1160.47862074147,52.9531717385862
0.8,0.6,17,4,0.0535275574169421,34.5674577537431,0.186931388897181,14.9756024162301,1090.51272029656,49.7835191162873
0.8,0.6,17,8,0.107006409140147,31.8483855375238,0.186846342769384,13.8065789995656,1005.3852662707,45.948817288999
0.8,0.6,17,16,0.213818261172767,30.5986471107301,0.186676482457775,13.2699449488992,966.307956247981,44.2690868032598
0.8,0.6,17,24,0.320436086226217,30.5708619280682,0.186506930702591,13.2578923195178,965.430292345848,44.3356972645148
0.8,0.6,17,48,0.639130671983813,30.4878083929376,0.186000118390899,13.2218654382148,962.806840464474,44.5348046215271
0.8,0.6,17,72,0.956097915813184,30.4052050124689,0.185496053029406,13.1860338245611,960.197607834489,44.7328328058726
0.8,0.6,17,96,1.27135182318942,30.3230481367595,0.184994712345543,13.1503958953055,957.602479164666,44.9297905676
0.8,0.6,17,120,1.5849062485852,30.2413341552589,0.184496074306876,13.114950084267,955.02134040681,45.1256865624179
0.8,0.6,19,2,0.0267698710778561,40.5569150586986,0.203229185696908,17.566635597845,1279.18991435716,58.3535497133184
0.8,0.6,19,4,0.0535275574169421,38.2251461037803,0.203182934175356,16.5635461481176,1206.14565382461,55.0454027434902
0.8,0.6,19,8,0.107006409140147,35.427407253119,0.203090494259898,15.3597132981803,1118.48340161733,51.0972174546993
0.8,0.6,19,16,0.213818261172766,34.1976454766983,0.202905866537844,14.8311149428876,1079.99124521835,49.4454845472965
0.8,0.6,19,24,0.320436086226217,34.1665914490173,0.202721574197664,14.8176443571084,1079.0103267395,49.5073934665496
0.8,0.6,19,48,0.639130671983812,34.0737669097537,0.202170700354736,14.7773790191815,1076.07823346031,49.6924473012737
0.8,0.6,19,72,0.956097915813183,33.981445484524,0.201622812277893,14.7373319215685,1073.16203228562,49.8764981341836
0.8,0.6,19,96,1.27135182318942,33.8896230940253,0.201077885758224,14.6975012947535,1070.26159436053,50.0595540977264
0.8,0.6,19,120,1.5849062485852,33.7982957029363,0.200535896847824,14.6578853882986,1067.37679221939,50.241623236668
0.8,0.6,21,2,0.0267698710778561,44.3019402540573,0.219388467850529,19.1926430108746,1397.59461808271,63.7407416038602
0.8,0.6,21,4,0.0535275574169421,41.8699386103611,0.219338538749971,18.1456570674339,1321.35384608836,60.2884617739619
0.8,0.6,21,8,0.107006409140147,39.0112432040182,0.219238748695944,16.9148003865451,1231.72373772514,56.2522887483994
0.8,0.6,21,16,0.213818261172767,37.7966438426665,0.219039440742584,16.3922849368752,1193.67453418866,54.621786481457
0.8,0.6,21,24,0.320436086226217,37.7623209699665,0.218840494838186,16.3773963946981,1192.59036113308,54.678993945729
0.8,0.6,21,48,0.639130671983813,37.6597254265698,0.218245819580473,16.3328926001473,1189.34962645609,54.8499945182815
0.8,0.6,21,72,0.956097915813184,37.5576859565792,0.21765436749489,16.2886300185751,1186.1264567367,55.0200682584624
0.8,0.6,21,96,1.27135182318942,37.4561980512911,0.217066112447606,16.2446066942006,1182.92070955633,55.1892226811287
0.8,0.6,21,120,1.5849062485852,37.3552572506138,0.216481028586561,16.2008206923295,1179.73224403192,55.357465220115
0.8,0.5,3,2,0.0267757526730899,7.66367937120324,0.0625440763555342,3.89477800118457,283.614964859102,11.6477772014164
0.8,0.5,3,4,0.0535393152532251,6.89287803276341,0.062529839256136,3.51532205833025,255.983252893625,10.524269245603
0.8,0.5,3,8,0.107040219713615,6.61547793449689,0.0625074088170247,3.37930991517096,246.078945333399,10.1643354781985
0.8,0.5,3,16,0.214055189858853,6.60997190720223,0.0625000364242119,3.37661479358832,245.882688495983,10.2631419270736
0.8,0.5,3,24,0.321082784788279,6.60997190720223,0.0625000364242119,3.37661479358832,245.882688495983,10.370169522003
0.8,0.5,3,48,0.642165569576558,6.60997190720223,0.0625000364242119,3.37661479358832,245.882688495983,10.6912523067913
0.8,0.5,3,72,0.963248354364837,6.60997190720223,0.0625000364242119,3.37661479358832,245.882688495983,11.0123350915796
0.8,0.5,3,96,1.28433113915312,6.60997190720223,0.0625000364242119,3.37661479358832,245.882688495983,11.3334178763679
0.8,0.5,3,120,1.6054139239414,6.60997190720223,0.0625000364242119,3.37661479358832,245.882688495983,11.6545006611562
0.8,0.5,5,2,0.026772871588981,10.9924437207997,0.0781728985794681,5.65518536417193,411.806577382206,16.7525748551401
0.8,0.5,5,4,0.0535335557078874,9.89907765761347,0.0781551057577509,5.10647518934005,371.849892583883,15.1372415084192
0.8,0.5,5,8,0.107018394808003,8.49059819873507,0.0781195444020531,4.39796509820956,320.256691498435,13.0737012361547
0.8,0.5,5,16,0.213842188941605,7.7414367509128,0.0780485186870266,4.02067606137803,292.782772088868,12.0540035199195
0.8,0.5,5,24,0.320471912707162,7.65419556749231,0.0779776220067978,3.97685440289665,289.591710075453,12.0294995051029
0.8,0.5,5,48,0.639201936034881,7.58598874587573,0.0777657026681256,3.94239069999461,287.08208773382,12.2453470845734
0.8,0.5,5,72,0.956204233260202,7.54346422889537,0.0775549320714803,3.92078832903916,285.509018440129,12.4980117232662
0.8,0.5,5,96,1.27149281452668,7.50141266524092,0.0773453009017044,3.89942140876313,283.953094497509,12.7496721894324
0.8,0.5,5,120,1.5850815389084,7.45981207298559,0.0771367999440846,3.87828611065985,282.414037116826,13.0003165224979
0.8,0.5,7,2,0.0267698710778561,14.3877770817152,0.0931159141511582,7.43437434655255,541.365854075797,21.9420372134968
0.8,0.5,7,4,0.0535275574169421,13.1302386675787,0.0930947225457527,6.79691791415693,494.946729900271,20.0737788616983
0.8,0.5,7,8,0.107006409140147,11.5235377412327,0.0930523682588799,5.98063214650046,435.505380678708,17.7042286651322
0.8,0.5,7,16,0.213818261172766,10.5042395674074,0.0929677751968262,5.4640949789585,397.891511396228,16.2751205827355
0.8,0.5,7,24,0.320436086226216,10.4947054361018,0.0928833358006438,5.45913213156617,397.530120377703,16.3671569896949
0.8,0.5,7,48,0.639130671983811,10.4662066740472,0.0926309354316203,5.44429753338256,396.449875485372,16.6422658148452
0.8,0.5,7,72,0.956097915813181,10.4378623768276,0.0923799030862772,5.42954333952516,395.375485578908,16.9158835352522
0.8,0.5,7,96,1.27135182318942,10.4096712920253,0.0921302276725305,5.41486889806698,394.306903185451,17.1880222409543
0.8,0.5,7,120,1.58490624858519,10.3816321807261,0.0918818982178877,5.40027356410994,393.244081343982,17.4586938916391
0.8,0.5,9,2,0.0267698710778561,17.7004410031815,0.107666904521466,9.1663648855186,667.488173678031,27.0012426642994
0.8,0.5,9,4,0.053527557416942,16.330691906387,0.107642401357032,8.46790112702604,616.626539392335,24.959762992187
0.8,0.5,9,8,0.107006409140147,14.5572649165754,0.107593428471974,7.562170277884,550.671862932445,22.3340350320715
0.8,0.5,9,16,0.213818261172766,13.503404872381,0.107495616264272,7.02526497294663,511.574800366578,20.8499837227647
0.8,0.5,9,24,0.320436086226216,13.4911467035596,0.107397981735422,7.01888416915649,511.110154771331,20.9378649406777
0.8,0.5,9,48,0.639130671983812,13.4545054380608,0.107106139393749,6.99981111434899,509.721268481191,21.2005533637873
0.8,0.5,9,72,0.956097915813182,13.418062770207,0.106815878853387,6.98084143653233,508.339910030023,21.4618180014059
0.8,0.5,9,96,1.27135182318942,13.3818170897469,0.106527187288918,6.96197429751467,506.966018381293,21.72167039774
0.8,0.5,9,120,1.5849062485852,13.3457668037908,0.106240052013207,6.94320886814132,505.599533156546,21.9801219725305
0.8,0.5,11,2,0.0267698710778561,21.0056556024825,0.121945878328208,10.8917245872589,793.127640428011,32.0460959391475
0.8,0.5,11,4,0.0535275574169421,19.5007178637446,0.12191812551111,10.1214113769071,737.033980142889,29.7975749235798
0.8,0.5,11,8,0.107006409140147,17.5634719838089,0.1218626577561,9.12879539489113,664.752390082446,26.9211364455963
0.8,0.5,11,16,0.213818261172766,16.5025701773546,0.121751873521776,8.58643496693477,625.258089336928,25.4245752789839
0.8,0.5,11,24,0.320436086226216,16.4875879710173,0.121641290530385,8.57863620674682,624.690189164961,25.5083015545208
0.8,0.5,11,48,0.639130671983812,16.4428042020744,0.121310743545248,8.55532469531544,622.992661477012,25.7585703129189
0.8,0.5,11,72,0.956097915813183,16.3982631635864,0.120981988142686,8.53213953353952,621.30433448114,26.0074826010818
0.8,0.5,11,96,1.27135182318942,16.3539628874686,0.120655009796355,8.50907969696239,619.625133577136,26.2550494174167
0.8,0.5,11,120,1.5849062485852,16.3099014268555,0.120329794136526,8.48614417217274,617.954984969113,26.5012816417499
0.8,0.5,13,2,0.0267698710778561,24.2722610970743,0.136024596497066,12.595660082303,917.207011678987,37.0307156469522
0.8,0.5,13,4,0.0535275574169421,22.6399063181308,0.135993639602096,11.7581065300771,856.216957506475,34.587534045227
0.8,0.5,13,8,0.107006409140147,20.564092840509,0.135931768064515,10.6920856352932,778.590073889161,31.4991166530068
0.8,0.5,13,16,0.213818261172766,19.501735482328,0.135808193729911,10.147604960923,738.941378307284,29.9989668981536
0.8,0.5,13,24,0.320436086226216,19.4840292384748,0.135684843871845,10.1383882443372,738.270223558594,30.0785384129101
0.8,0.5,13,48,0.639130671983812,19.4311029660877,0.135316135056976,10.110838276282,736.264054472838,30.3163880494104
0.8,0.5,13,72,0.956097915813183,19.3784635569655,0.134949424663868,10.0834376305468,734.268758932261,30.5529485279893
0.8,0.5,13,96,1.27135182318942,19.3261086851899,0.134584696489101,10.0561850964102,732.284248772984,30.7882303012786
0.8,0.5,13,120,1.5849062485852,19.2740360499199,0.134221934503955,10.0290794762042,730.310436781683,31.0222437092132
0.8,0.5,15,2,0.0267698710778561,27.4757261526838,0.149947912462746,14.2661365931471,1038.84992348985,41.9185805293715
0.8,0.5,15,4,0.0535275574169421,25.7214599869173,0.149913786856815,13.3643660173164,973.183631316744,39.2892673485075
0.8,0.5,15,8,0.107006409140147,23.557307619644,0.149845582222212,12.2512210301917,892.12520480041,36.0653806411981
0.8,0.5,15,16,0.213818261172767,22.5009007873017,0.149709358965646,11.7087749549111,852.624667277631,34.5732033623512
0.8,0.5,15,24,0.320436086226217,22.4804705059327,0.149573383162771,11.6981402819275,851.85025795222,34.6486202572492
0.8,0.5,15,48,0.639130671983813,22.4194017301014,0.149166933752002,11.6663518572483,849.535447468654,34.8740511930855
0.8,0.5,15,72,0.956097915813184,22.358663950345,0.14876268731907,11.6347357275539,847.233183383373,35.0982602810312
0.8,0.5,15,96,1.27135182318942,22.2982544829116,0.148360626001991,11.6032904958578,844.943363968824,35.3212574279609
0.8,0.5,15,120,1.5849062485852,22.2381706729847,0.147960732131366,11.5720147802356,842.665888594245,35.5430524339368
0.8,0.5,17,2,0.0267698710778561,30.6799162130617,0.163746080580059,15.9364179007772,1160.47862074147,46.8068500654968
0.8,0.5,17,4,0.0535275574169421,28.8135286671232,0.163708814744697,14.9756024162301,1090.51272029656,44.006367455515
0.8,0.5,17,8,0.107006409140147,26.5436188720961,0.16363433393726,13.8065789995656,1005.3852662707,40.6208386147391
0.8,0.5,17,16,0.213818261172766,25.5000660922753,0.163485575451863,13.2699449488992,966.307956247981,39.1473148777991
0.8,0.5,17,24,0.320436086226217,25.4769117733904,0.16333708719078,13.2578923195178,965.430292345848,39.2185772663252
0.8,0.5,17,48,0.639130671983813,25.4077004941149,0.162893236410371,13.2218654382148,962.806840464474,39.4315898407238
0.8,0.5,17,72,0.956097915813184,25.3388643437243,0.162451791325248,13.1860338245611,960.197607834488,39.6434478754238
0.8,0.5,17,96,1.27135182318942,25.2704002806332,0.162012732429774,13.1503958953055,957.602479164665,39.8541607315579
0.8,0.5,17,120,1.5849062485852,25.2023052960493,0.161576040428616,13.114950084267,955.021340406811,40.0637376693301
0.8,0.5,19,2,0.0267698710778561,33.8074586621434,0.177440651914201,17.566635597845,1279.18991435716,51.5783047829805
0.8,0.5,19,4,0.0535275574169421,31.8610969450009,0.177400269426283,16.5635461481176,1206.14565382461,48.6555709199617
0.8,0.5,19,8,0.107006409140147,29.5258950032505,0.177319559567581,15.3597132981803,1118.48340161733,45.1699342701385
0.8,0.5,19,16,0.213818261172766,28.4992313972488,0.177158359967974,14.8311149428876,1079.99124521835,43.7213229612771
0.8,0.5,19,24,0.320436086226217,28.473353040848,0.176997453192344,14.8176443571084,1079.0103267395,43.788430937375
0.8,0.5,19,48,0.639130671983812,28.3959992581283,0.176516481852148,14.7773790191815,1076.07823346031,43.9890254311458
0.8,0.5,19,72,0.956097915813183,28.3190647371036,0.176038117402684,14.7373319215685,1073.16203228562,44.188532691888
0.8,0.5,19,96,1.27135182318942,28.2425460783547,0.175562338707001,14.6975012947535,1070.26159436053,44.3869615350046
0.8,0.5,19,120,1.5849062485852,28.1664399191138,0.175089124856039,14.6578853882986,1067.37679221939,44.5843206808537
0.8,0.5,21,2,0.0267698710778561,36.9277389498279,0.19104762183254,19.1926430108746,1397.59461808271,56.3381994536129
0.8,0.5,21,4,0.0535275574169421,34.8980104638858,0.191004142628663,18.1456570674339,1321.35384608836,53.2881992313653
0.8,0.5,21,8,0.107006409140147,32.5122350684234,0.190917243564683,16.9148003865451,1231.72373772514,49.7249591076733
0.8,0.5,21,16,0.213818261172767,31.4983967022224,0.190743682434169,16.3922849368752,1193.67453418866,48.2952435827045
0.8,0.5,21,24,0.320436086226217,31.4697943083058,0.19057043658273,16.3773963946982,1192.59036113308,48.3581972258129
0.8,0.5,21,48,0.639130671983813,31.3842980221419,0.190052582135495,16.3328926001473,1189.34962645609,48.5463738764086
0.8,0.5,21,72,0.956097915813184,31.299265130483,0.189537534487431,16.2886300185751,1186.1264567367,48.7335305993587
0.8,0.5,21,96,1.27135182318942,31.2146918760763,0.189025270880708,16.2446066942006,1182.92070955633,48.919675664347
0.8,0.5,21,120,1.5849062485852,31.1305745421785,0.188515768802863,16.2008206923295,1179.73224403192,49.104817251896
0.8,0.4,3,2,0.02677575267309,6.34093546331824,0.0576240129981903,3.9986333048703,291.177634232375,10.4239685338598
0.8,0.4,3,4,0.0535489660359401,6.30899367699065,0.0576212805774054,3.97928282944617,289.768546370178,10.3994467530502
0.8,0.4,3,8,0.10709793207188,6.30899367699065,0.0576212805774054,3.97928282944617,289.768546370178,10.4529957190861
0.8,0.4,3,16,0.21419586414376,6.30899367699065,0.0576212805774054,3.97928282944617,289.768546370178,10.560093651158
0.8,0.4,3,24,0.32129379621564,6.30899367699065,0.0576212805774054,3.97928282944617,289.768546370178,10.6671915832299
0.8,0.4,3,48,0.642587592431281,6.30899367699065,0.0576212805774054,3.97928282944617,289.768546370178,10.9884853794455
0.8,0.4,3,72,0.963881388646921,6.30899367699065,0.0576212805774054,3.97928282944617,289.768546370178,11.3097791756611
0.8,0.4,3,96,1.28517518486256,6.30899367699065,0.0576212805774054,3.97928282944617,289.768546370178,11.6310729718768
0.8,0.4,3,120,1.6064689810782,6.30899367699065,0.0576212805774054,3.97928282944617,289.768546370178,11.9523667680924
0.8,0.4,5,2,0.026772871588981,8.82788854088926,0.0704703843012664,5.66041563853876,412.187442242873,14.5855474353183
0.8,0.4,5,4,0.0535335557078875,7.94730645912863,0.0704543446378154,5.11289692190302,372.317518583266,13.1841912813774
0.8,0.4,5,8,0.107018394808003,6.87437797721699,0.0704222872055358,4.44378032253912,323.59292355949,11.4955989817697
0.8,0.4,5,16,0.213842188941605,6.56072949499255,0.0703582597801218,4.2476833281395,309.313279852272,11.0926132718538
0.8,0.4,5,24,0.320471912707162,6.50400276022642,0.0702943486754782,4.21228894109078,306.735885752793,11.1070579626998
0.8,0.4,5,48,0.639201936034881,6.4485881356517,0.0701033101249258,4.17738519134227,304.194219512673,11.3352785731538
0.8,0.4,5,72,0.956204233260202,6.41071815408788,0.069913307128812,4.1531386768254,302.428605564827,11.5899743713023
0.8,0.4,5,96,1.27149281452668,6.3732678962102,0.0697243312898183,4.12917200285972,300.683369406951,11.8436570448864
0.8,0.4,5,120,1.5850815389084,6.33637391441181,0.0695363743011733,4.10548035258281,298.958160278549,12.0964721802042
0.8,0.4,7,2,0.0267698710778561,11.5329594790592,0.0827035977787883,7.43539915692757,541.440480038665,19.0778321048434
0.8,0.4,7,4,0.0535275574169419,10.5214587336993,0.0826847758402857,6.7986411214743,495.072212631921,17.4563121884309
0.8,0.4,7,8,0.107006409140147,9.22579816471025,0.0826471576529152,5.9807207631827,435.511833682501,15.396172494686
0.8,0.4,7,16,0.213818261172766,8.41608783699528,0.0825720238732306,5.47113082223869,398.403856501407,14.18360894428
0.8,0.4,7,24,0.320436086226216,8.39731327761282,0.082497026576343,5.45920596753118,397.535497060178,14.2594523579466
0.8,0.4,7,48,0.639130671983811,8.37451364324352,0.0822728498736899,5.44437096860768,396.455222986253,14.5402881337087
0.8,0.4,7,72,0.95609791581318,8.35183758579058,0.0820498882209156,5.42961637726403,395.380804135122,14.8196017670887
0.8,0.4,7,96,1.27135182318942,8.32928410326556,0.0818281317662645,5.41494154153813,394.312193031371,15.0974055997594
0.8,0.4,7,120,1.58490624858519,8.30685220448328,0.0816075707641992,5.40034581649724,393.249342711453,15.3737118403299
0.8,0.4,9,2,0.0267698710778561,14.1785383733281,0.0945862349435558,9.1663648855186,667.488173678031,23.4662593648681
0.8,0.4,9,4,0.0535275574169421,13.0788503404812,0.0945647087180337,8.46897116273185,616.704458631637,21.695913769348
0.8,0.4,9,8,0.107006409140147,11.6517262737536,0.0945216856476431,7.562170277884,550.671862932445,19.4154246464254
0.8,0.4,9,16,0.213818261172766,10.8041560979048,0.0944357568425088,7.02526497294663,511.574800366578,18.1376750888667
0.8,0.4,9,24,0.320436086226216,10.7943495628477,0.0943499841296636,7.01888416915648,511.110154771331,18.2280198023601
0.8,0.4,9,48,0.639130671983812,10.7650365504486,0.0940935983032243,6.999811114349,509.721268481192,18.4980719350847
0.8,0.4,9,72,0.956097915813182,10.7358824161656,0.0938386021018606,6.98084143653233,508.339910030023,18.766660370613
0.8,0.4,9,96,1.27135182318942,10.7068858717976,0.093584984258342,6.96197429751468,506.966018381293,19.03379697676
0.8,0.4,9,120,1.5849062485852,10.6780456430326,0.0933327336269181,6.94320886814134,505.599533156547,19.2994934933861
0.8,0.4,11,2,0.0267698710778561,16.8208349078459,0.106225573097468,10.8917245872589,793.127640428011,27.8455549392801
0.8,0.4,11,4,0.053527557416942,15.6118670715973,0.106201397955661,10.1214113769071,737.033980142888,25.893007403877
0.8,0.4,11,8,0.107006409140147,14.0560043114871,0.106153080668147,9.12879539489113,664.752390082446,23.3979591961865
0.8,0.4,11,16,0.213818261172766,13.2034883418836,0.10605657786754,8.58643496693477,625.258089336928,22.1097981478586
0.8,0.4,11,24,0.320436086226217,13.1915025768137,0.105960250367206,8.57863620674682,624.69018916496,22.196535120154
0.8,0.4,11,48,0.639130671983812,13.1556755616594,0.105672314904252,8.55532469531544,622.992661477012,22.4558032438629
0.8,0.4,11,72,0.956097915813183,13.1200427308689,0.105385940067113,8.53213953353952,621.304334481139,22.7136661202888
0.8,0.4,11,96,1.27135182318942,13.0846025099747,0.105101113202066,8.50907969696239,619.625133577136,22.9701351433286
0.8,0.4,11,120,1.5849062485852,13.0493533414842,0.104817821791818,8.48614417217274,617.954984969112,23.225221584034
0.8,0.4,13,2,0.0267698710778561,19.4327539508246,0.117685797163706,12.595660082303,917.207011678987,32.1728697013692
0.8,0.4,13,4,0.0535275574169421,18.1222041725622,0.117659013868948,11.7581065300771,856.216957506475,30.0514972739252
0.8,0.4,13,8,0.107006409140147,16.4559774656731,0.117605483835341,10.6920856352932,778.590073889161,27.3726749939418
0.8,0.4,13,16,0.213818261172766,15.6028205858626,0.117498569759127,10.147604960923,738.941378307284,26.0817423777174
0.8,0.4,13,24,0.320436086226217,15.58865559078,0.117391849895585,10.1383882443372,738.270223558594,26.164871771239
0.8,0.4,13,48,0.639130671983812,15.5463145728703,0.117072850303478,10.1108382762819,736.264054472837,26.4133563714396
0.8,0.4,13,72,0.956097915813183,15.5042030455726,0.116755579706449,10.0834376305468,734.26875893226,26.660494171639
0.8,0.4,13,96,1.27135182318942,15.4623191481521,0.116440024085621,10.0561850964101,732.284248772983,26.9062960918373
0.8,0.4,13,120,1.5849062485852,15.4206610399361,0.116126169573261,10.0290794762042,730.310436781682,27.1507729342987
0.8,0.4,15,2,0.0267698710778561,21.9943881727142,0.12900702527388,14.2661365931471,1038.84992348985,36.4163016622131
0.8,0.4,15,4,0.0535275574169421,20.586600485844,0.128977665459298,13.3643660173164,973.183631316744,34.1334717260367
0.8,0.4,15,8,0.107006409140147,18.8501409179001,0.128918985902674,12.2512210301917,892.12520480041,31.3372873431347
0.8,0.4,15,16,0.213818261172767,18.0021528298414,0.12880178682458,11.7087749549111,852.624667277632,30.0535478327498
0.8,0.4,15,24,0.320436086226217,17.9858086047462,0.128684800642178,11.6981402819275,851.85025795222,30.1330697735421
0.8,0.4,15,48,0.639130671983813,17.9369535840811,0.128335113683912,11.6663518572484,849.535447468654,30.3707712269972
0.8,0.4,15,72,0.956097915813184,17.888363360276,0.127987322047912,11.6347357275539,847.233183383373,30.607184325691
0.8,0.4,15,96,1.27135182318942,17.8400357863293,0.127641410366701,11.6032904958578,844.943363968824,30.8423195157433
0.8,0.4,15,120,1.5849062485852,17.7919687383877,0.127297363438489,11.5720147802356,842.665888594245,31.076187130647
0.8,0.4,17,2,0.0267698710778561,24.5568224003918,0.140216317745579,15.9364179007772,1160.47862074147,40.6602264899924
0.8,0.4,17,4,0.0535275574169421,23.0595995805027,0.140184406885828,14.9756024162301,1090.51272029656,38.2289139610355
0.8,0.4,17,8,0.107006409140147,21.2388522066678,0.14012062872073,13.8065789995656,1005.3852662707,35.2925582440944
0.8,0.4,17,16,0.213818261172766,20.4014850738201,0.139993246330984,13.2699449488992,966.30795624798,34.025241530223
0.8,0.4,17,24,0.320436086226217,20.3829616187121,0.139866095335224,13.2578923195178,965.430292345847,34.1011561197914
0.8,0.4,17,48,0.639130671983813,20.3275925952917,0.139486024423987,13.2218654382148,962.806840464474,34.3280747299143
0.8,0.4,17,72,0.956097915813183,20.2725236749793,0.139108013517689,13.1860338245611,960.197607834488,34.5537634288712
0.8,0.4,17,96,1.27135182318942,20.2177524245064,0.138732045913588,13.1503958953055,957.602479164664,34.7782321889149
0.8,0.4,17,120,1.5849062485852,20.1632764368392,0.138358105089023,13.114950084267,955.02134040681,35.0014908747804
0.8,0.4,19,2,0.0267698710778561,27.0580022655881,0.151332950437511,17.566635597845,1279.18991435716,44.8027406849485
0.8,0.4,19,4,0.0535275574169421,25.4970477862213,0.151298509620388,16.5635461481176,1206.14565382461,42.2654200013763
0.8,0.4,19,8,0.107006409140147,23.624382753382,0.151229674993627,15.3597132981803,1118.48340161733,39.242332135696
0.8,0.4,19,16,0.213818261172766,22.8008173177992,0.151092193470905,14.8311149428876,1079.99124521835,37.9968427153305
0.8,0.4,19,24,0.320436086226217,22.7801146326786,0.150954961687553,14.8176443571084,1079.0103267395,38.0691500377008
0.8,0.4,19,48,0.639130671983812,22.7182316065028,0.150544757987315,14.7773790191815,1076.07823346031,38.2852860556554
0.8,0.4,19,72,0.956097915813183,22.656683989683,0.150136777613366,14.7373319215685,1073.16203228563,38.5002506046781
0.8,0.4,19,96,1.27135182318942,22.5954690626839,0.149731002538735,14.6975012947535,1070.26159436053,38.7140531831655
0.8,0.4,19,120,1.5849062485852,22.5345841352912,0.149327414930814,14.6578853882986,1067.3767922194,38.9267031871059
0.8,0.4,21,2,0.0267698710778561,29.5535376455979,0.162371230041177,19.1926430108746,1397.59461808271,48.9353217575915
0.8,0.4,21,4,0.0535275574169421,27.9260823174099,0.162334277098519,18.1456570674339,1321.35384608836,46.2876012193592
0.8,0.4,21,8,0.107006409140147,26.013226932828,0.162260421649429,16.9148003865452,1231.72373772514,43.1972941501628
0.8,0.4,21,16,0.213818261172767,25.2001495617778,0.162112912175202,16.3922849368752,1193.67453418866,41.968365672001
0.8,0.4,21,24,0.320436086226217,25.1772676466445,0.161965670656424,16.3773963946982,1192.59036113308,42.0370657982253
0.8,0.4,21,48,0.639130671983813,25.1088706177134,0.161525546551379,16.3328926001474,1189.34962645609,42.242419436396
0.8,0.4,21,72,0.956097915813184,25.0408443043863,0.161087807942839,16.2886300185752,1186.1264567367,42.4466600467175
0.8,0.4,21,96,1.27135182318942,24.9731857008609,0.160652435488939,16.2446066942006,1182.92070955633,42.6497966537399
0.8,0.4,21,120,1.5849062485852,24.9058918337427,0.160219410056354,16.2008206923295,1179.73224403192,42.8518381847137
0.6,1,3,2,0.0267716538665281,13.3068876163435,0.0857077664717593,4.00357392364441,291.537406578726,17.4229409603262
0.6,1,3,4,0.0535311213714866,12.029872755179,0.0856882595366115,3.627276358362,264.13568542243,15.7963684944491
0.6,1,3,8,0.107013530564682,10.4525546415188,0.0856492722926584,3.16146271270086,230.215466938888,13.806680157077
0.6,1,3,16,0.213832478136658,9.54776986048217,0.0855714041406692,2.89411403971357,210.74732665686,12.7412877824731
0.6,1,3,24,0.32045737295004,9.38525398181884,0.0854936774479441,2.8461013205024,207.251074580946,12.6373063527192
0.6,1,3,48,0.639173014360755,9.22302412442528,0.0852613422810961,2.79812756734622,203.757659985452,12.7455860484134
0.6,1,3,72,0.956161085586747,9.16293919822677,0.0850302664666456,2.78025710669409,202.456345746661,12.9843876569743
0.6,1,3,96,1.27143559487681,9.11092994282533,0.0848004397929542,2.76492459402905,201.339843075809,13.2320905715241
0.6,1,3,120,1.58501039943747,9.06027387394845,0.0845718521584897,2.74976026480767,200.235587403746,13.4796163903521
0.6,1,5,2,0.0267698710778561,19.8137862522337,0.11483505984563,5.99358853815649,436.448855907105,25.9489797213137
0.6,1,5,4,0.0535275574169421,18.2914768284264,0.114808925330417,5.53942061159936,403.37667040861,23.9992339227731
0.6,1,5,8,0.107006409140147,16.3143727996243,0.114756691970394,4.94889085245964,360.374713214715,21.4850267531945
0.6,1,5,16,0.213818261172766,15.0034329079341,0.114652367704966,4.55800551456338,331.910720828584,19.8899090513752
0.6,1,5,24,0.320436086226216,14.9893673372883,0.114548232947741,4.55373338895768,331.599627679459,19.97808504542
0.6,1,5,48,0.639130671983812,14.9486548200674,0.114236960575601,4.54135911344421,330.698541734678,20.2433815660711
0.6,1,5,72,0.956097915813182,14.9081629668965,0.113927375316588,4.52905190717471,329.802339724556,20.507240165201
0.6,1,5,96,1.27135182318942,14.8678899886076,0.113619463491408,4.51681122634451,328.910982049625,20.7696725016329
0.6,1,5,120,1.5849062485852,14.827834115323,0.113313211568251,4.50463653301205,328.024429537362,21.0306901084885
0.6,1,7,2,0.0267698710778561,26.2920996473881,0.14300353446066,7.96779945767481,580.209491402465,34.4296725106014
0.6,1,7,4,0.0535275574169421,24.5265390223634,0.142970989277579,7.43833787782645,541.654475605091,32.1613754468844
0.6,1,7,8,0.107006409140147,22.2827208881363,0.142905943331592,6.76500532007492,492.622877489073,29.297638560683
0.6,1,7,16,0.213818261172766,21.001318134815,0.142776028837655,6.38102240521757,464.661514641014,27.738934830043
0.6,1,7,24,0.320436086226217,20.9822498722039,0.142646350337348,6.37522674454072,464.23947875124,27.8205590533082
0.6,1,7,48,0.639130671983812,20.9252523480947,0.142258724385344,6.35790275882186,462.977958428546,28.0645445032857
0.6,1,7,72,0.956097915813183,20.8685637536554,0.14187319938701,6.34067267004456,461.723275614377,28.3072075389001
0.6,1,7,96,1.27135182318942,20.8121815840509,0.141489758307586,6.32353571688228,460.475374869473,28.5485588824302
0.6,1,7,120,1.5849062485852,20.7561033614524,0.141108384295975,6.30649114621684,459.234201352305,28.7886091405504
0.6,1,9,2,0.0267698710778561,32.6455986537135,0.170605211713589,9.90220542567726,721.07155862976,42.7451791621822
0.6,1,9,4,0.0535275574169421,30.6675351378197,0.170566384856121,9.30726400531268,677.748347402162,40.1988930854055
0.6,1,9,8,0.107006409140147,28.2538468527334,0.170488784135077,8.58105792348242,624.866536855807,37.112399969491
0.6,1,9,16,0.213818261172767,26.9996487447619,0.170333794331317,8.20417166385118,597.42194739559,35.5879724641172
0.6,1,9,24,0.320436086226217,26.9751324071191,0.170179086071253,8.19672010012379,596.879329823024,35.6624676795403
0.6,1,9,48,0.639130671983813,26.9018498761215,0.169716642902581,8.17444640419955,595.257375122418,35.8851435952074
0.6,1,9,72,0.956097915813184,26.8289645404138,0.169256706200948,8.15229343291446,593.6442115042,36.1066125953424
0.6,1,9,96,1.27135182318942,26.7564731794938,0.168799255643648,8.13026020742009,592.039767689323,36.3268844657469
0.6,1,9,120,1.5849062485852,26.6843726075814,0.168344271127088,8.10834575942166,590.44397316725,36.5459688867154
0.6,1,11,2,0.0267698710778561,38.8320133894517,0.197822199453134,11.7849921750648,858.17475105878,50.8415976350475
0.6,1,11,4,0.0535275574169421,36.7006978171991,0.197777178470099,11.1428247006243,811.4125721511,48.0948272537104
0.6,1,11,8,0.107006409140147,34.1902549303575,0.197687197952142,10.3862896882288,756.322230444851,44.8812382256786
0.6,1,11,16,0.213818261172767,32.997979354709,0.19750748231764,10.0273209224847,730.182380150164,43.4366260206842
0.6,1,11,24,0.320436086226217,32.9680149420344,0.197328093142056,10.0182134557068,729.519180894805,43.5039925771095
0.6,1,11,48,0.639130671983813,32.8784474041485,0.196791875497648,9.9909900495772,727.536791816286,43.7053600012071
0.6,1,11,72,0.956097915813185,32.7893653271724,0.196258564181937,9.96391419578431,725.56514739402,43.9056360029519
0.6,1,11,96,1.27135182318942,32.7007647749369,0.195728135630094,9.93698469795786,723.604160509171,44.1048294317142
0.6,1,11,120,1.5849062485852,32.6126418537106,0.19520056653136,9.91020037262644,721.653744982193,44.3029490414536
0.6,1,13,2,0.0267698710778561,44.9850063169036,0.224755982953641,13.6570091227967,994.493694188571,58.8935412937318
0.6,1,13,4,0.0535275574169421,42.7154069000238,0.22470483229753,12.9723238086615,944.635396424499,55.9659630983997
0.6,1,13,8,0.107006409140147,40.1088226326806,0.224602600799669,12.185894040125,887.368139831241,52.6263256827454
0.6,1,13,16,0.213818261172767,38.9963099646564,0.224398416617124,11.8504701811184,862.94281290474,51.2849968235647
0.6,1,13,24,0.320436086226217,38.9608974769501,0.224194603341359,11.8397068112899,862.159031966588,51.3452349778076
0.6,1,13,48,0.639130671983813,38.8550449321758,0.223585378875757,11.8075336949549,859.816208510158,51.5252946779903
0.6,1,13,72,0.956097915813184,38.7497661139314,0.222979456439779,11.7755349586542,857.486083283843,51.7043784448386
0.6,1,13,96,1.27135182318942,38.6450563703802,0.222376809260212,11.7437091884957,855.168553329022,51.8824941913256
0.6,1,13,120,1.5849062485852,38.5409110998402,0.221777410852503,11.7120549858313,852.863516797139,52.0596497451092
0.6,1,15,2,0.0267698710778561,51.0238772956532,0.251469994550792,15.4939813270978,1128.26070401854,66.7960984883796
0.6,1,15,4,0.0535275574169421,48.6624611240631,0.251412764237967,14.7809961329937,1076.34162911635,63.7483975787118
0.6,1,15,8,0.107006409140147,45.9917039088303,0.251298381724665,13.9745327872964,1017.61554167811,60.3245414869916
0.6,1,15,16,0.213818261172767,44.994640574603,0.25106992865037,13.6736194397518,995.703245659304,59.1331482041779
0.6,1,15,24,0.320436086226217,44.9537800118649,0.250841890568035,13.6612001668728,994.79888303836,59.186258155532
0.6,1,15,48,0.639130671983813,44.8316424602022,0.250160254995839,13.6240773403324,992.095625204017,59.3450107275143
0.6,1,15,72,0.956097915813184,44.7101669006895,0.24948231392539,13.5871557215239,989.407019173654,59.502902851952
0.6,1,15,96,1.27135182318942,44.5893479658228,0.248808037401267,13.5504336790333,986.73294614886,59.6599415054468
0.6,1,15,120,1.5849062485852,44.4691803459688,0.248137395791021,13.5139095990359,984.073288612071,59.816133589381
0.6,1,17,2,0.0267698710778561,56.9852262596069,0.278007020363479,17.307299750183,1260.3052623182,74.5973029012312
0.6,1,17,4,0.0535275574169421,54.5352296254095,0.277943750672909,16.5670774256212,1206.40279894169,71.4337783591205
0.6,1,17,8,0.107006409140147,51.8859157719324,0.277817297647125,15.7664998286809,1148.10530754317,68.0372393074006
0.6,1,17,16,0.213818261172767,50.9929711845503,0.277564736467446,15.4967686983853,1128.46367841388,66.9811228805759
0.6,1,17,24,0.320436086226217,50.9466625467805,0.277312634072834,15.4826935224558,1127.43873411014,67.0271047895354
0.6,1,17,48,0.639130671983813,50.8082399882295,0.276559067132419,15.44062098571,1124.37504189788,67.1645507130558
0.6,1,17,72,0.956097915813185,50.6705676874484,0.275809584565665,15.3987764843937,1121.32795506347,67.301251672221
0.6,1,17,96,1.27135182318942,50.5336395612661,0.275064153256028,15.357158169571,1118.2973389687,67.4372137072826
0.6,1,17,120,1.5849062485852,50.3974495920983,0.274322740444017,15.3157642122407,1115.28306042701,67.5724427933682
0.6,1,19,2,0.0267698710778561,62.9417812394879,0.304397538200389,19.11890740159,1392.22524344062,82.3918560503561
0.6,1,19,4,0.0535275574169421,60.4617202325384,0.304328262474809,18.369186751276,1337.63111873614,79.1887628037062
0.6,1,19,8,0.107006409140147,57.7654021272181,0.304189805576503,17.5539267346868,1278.26446397798,75.7305250766216
0.6,1,19,16,0.213818261172767,56.9913017944974,0.303913269389615,17.3199179570188,1261.22411116844,74.8289512820786
0.6,1,19,24,0.320436086226217,56.9395450816958,0.303637235539125,17.3041868780388,1260.07858518192,74.8678052815
0.6,1,19,48,0.639130671983813,56.7848375162564,0.302812134355595,17.2571646310876,1256.65445859175,74.9839449536835
0.6,1,19,72,0.956097915813184,56.630968474207,0.3019915052652,17.2103972472635,1253.24889095329,75.0994551425489
0.6,1,19,96,1.27135182318942,56.4779311567091,0.301175312007727,17.1638826601088,1249.86173178855,75.214340952015
0.6,1,19,120,1.5849062485852,56.3257188382275,0.300363518713906,17.1176188254454,1246.49283224195,75.328607430972
0.6,1,21,2,0.0267698710778561,68.932243728264,0.330664168926986,20.940535667654,1524.8749185977,90.2302134359228
0.6,1,21,4,0.0535275574169421,66.4056333773617,0.330588915361003,20.1763901651859,1469.23038641543,86.9661400153256
0.6,1,21,8,0.107006409140147,63.6961842287643,0.330438510940911,19.3567849575077,1409.54731793161,83.4904141063531
0.6,1,21,16,0.213818261172767,62.9896324044447,0.330138112294601,19.1430672156522,1393.984543923,82.6766559935643
0.6,1,21,24,0.320436086226217,62.9324276166115,0.329838259331573,19.1256802336216,1392.71843625368,82.7083821957908
0.6,1,21,48,0.639130671983813,62.7614350442837,0.328941959713824,19.073708276465,1388.9338752856,82.8032159524464
0.6,1,21,72,0.956097915813184,62.5913692609659,0.328050518088583,19.0220180101331,1385.16982684309,82.8975357050008
0.6,1,21,96,1.27135182318942,62.4222227521525,0.327163895066722,18.9706071506463,1381.42612460838,82.9913456210549
0.6,1,21,120,1.5849062485852,62.2539880843569,0.326282051683793,18.91947343865,1377.70260405688,83.0846498232759
0.6,0.9,3,2,0.0267716538665281,11.9956754486537,0.0812017277949767,4.00552888909434,291.67976577281,16.1091777194096
0.6,0.9,3,4,0.0535311213714866,10.8501549277212,0.081183246426214,3.6317180038094,264.4591228859,14.6165872993283
0.6,0.9,3,8,0.107013530564682,9.46072917460607,0.0811463089151658,3.17718438759467,231.360308126544,12.8260734016806
0.6,0.9,3,16,0.213832478136658,8.72287248747288,0.0810725346384344,2.93562510414833,213.770132854632,11.9534026043963
0.6,0.9,3,24,0.320457372950039,8.56912340428436,0.080998894383824,2.8853742088883,210.110898390184,11.8559538805065
0.6,0.9,3,48,0.639173014360753,8.41449450387109,0.0807787741105719,2.83452892665011,206.408381088594,11.9689752189925
0.6,0.9,3,72,0.956161085586745,8.36638216633823,0.0805598469799576,2.81859369247231,205.247988665719,12.2216967913772
0.6,0.9,3,96,1.2714355948768,8.31861599038796,0.0803421033172144,2.80283662695335,204.100570357901,12.4732303155353
0.6,0.9,3,120,1.58501039943747,8.27086632287293,0.0801255335518921,2.78725475860297,202.965909783335,12.7232570144653
0.6,0.9,5,2,0.0267698710778561,17.8418398840689,0.107666904521466,5.99358853815649,436.448855907105,23.9698651978248
0.6,0.9,5,4,0.053527557416942,16.468955931765,0.107642401357032,5.53942061159936,403.37667040861,22.1695465021383
0.6,0.9,5,8,0.107006409140147,14.6861416855222,0.107593428471974,4.94889085245964,360.374713214715,19.849632375594
0.6,0.9,5,16,0.213818261172766,13.5043844055004,0.107495616264272,4.55819080446143,331.92421350722,18.3838890873989
0.6,0.9,5,24,0.320436086226216,13.4911467035596,0.107397981735422,4.55373338895768,331.599627679459,18.4727141604789
0.6,0.9,5,48,0.639130671983812,13.4545054380608,0.107106139393749,4.54135911344421,330.698541734678,18.7421013628826
0.6,0.9,5,72,0.956097915813182,13.418062770207,0.106815878853387,4.52905190717471,329.802339724556,19.0100284720482
0.6,0.9,5,96,1.27135182318942,13.3818170897469,0.106527187288918,4.51681122634451,328.910982049625,19.2765073265698
0.6,0.9,5,120,1.5849062485852,13.3457668037908,0.106240052013207,4.50463653301205,328.024429537362,19.5415496374012
0.6,0.9,7,2,0.0267698710778561,23.6706195269555,0.133222458727006,7.96779945767481,580.209491402465,31.7984113144352
0.6,0.9,7,4,0.0535275574169421,22.0792566855822,0.133192139551146,7.43833787782645,541.654475605091,29.7043142603768
0.6,0.9,7,8,0.107006409140147,20.0569712247065,0.133131542581377,6.76500532007493,492.622877489074,27.0621144965029
0.6,0.9,7,16,0.213818261172766,18.9019024213334,0.133010513906303,6.38102240521758,464.661514641014,25.6297536016301
0.6,0.9,7,24,0.320436086226217,18.8847409849835,0.1328897050835,6.37522674454072,464.23947875124,25.7132935208339
0.6,0.9,7,48,0.639130671983813,18.8334432132851,0.132528591754469,6.35790275882186,462.977958428546,25.9630052358453
0.6,0.9,7,72,0.956097915813183,18.7824234782898,0.132169435679254,6.34067267004457,461.723275614377,26.2113634998268
0.6,0.9,7,96,1.27135182318942,18.7316795256458,0.131812220988229,6.32353571688228,460.475374869473,26.4583792867057
0.6,0.9,7,120,1.5849062485852,18.6812091253071,0.13145693198287,6.30649114621683,459.234201352305,26.704063452092
0.6,0.9,9,2,0.0267698710778561,29.3876809802403,0.158240301741742,9.90220542567726,721.07155862976,39.4748965787371
0.6,0.9,9,4,0.0535275574169421,27.6053587244763,0.158204288928418,9.30726400531268,677.748347402162,37.1243545761344
0.6,0.9,9,8,0.107006409140147,25.4305989938758,0.158132312454838,8.58105792348242,624.866536855806,34.2767956389532
0.6,0.9,9,16,0.213818261172766,24.3003999702859,0.157988555807152,8.20417166385118,597.42194739559,32.876378451117
0.6,0.9,9,24,0.320436086226217,24.2783352664073,0.15784506029779,8.19672010012379,596.879329823024,32.9533365130551
0.6,0.9,9,48,0.639130671983813,24.2123809885095,0.157416133503503,8.17444640419955,595.257375122418,33.1833741981963
0.6,0.9,9,72,0.956097915813184,24.1467841863726,0.156989531515689,8.15229343291446,593.6442115042,33.4121650666159
0.6,0.9,9,96,1.27135182318942,24.0815419615446,0.156565235484565,8.13026020742009,592.039767689323,33.6397192276386
0.6,0.9,9,120,1.5849062485852,24.0166514468234,0.156143226763583,8.10834575942166,590.44397316725,33.8660466815938
0.6,0.9,11,2,0.0267698710778561,34.9546413659097,0.182893196240195,11.7849921750648,858.17475105878,46.9492966082926
0.6,0.9,11,4,0.0535275574169421,33.0346048647703,0.182851572845511,11.1428247006243,811.4125721511,44.413808695657
0.6,0.9,11,8,0.107006409140147,30.7730690326232,0.182768382866964,10.3862896882288,756.322230444851,41.4491335128591
0.6,0.9,11,16,0.213818261172767,29.6988975192383,0.18260222979163,10.0273209224848,730.182380150164,40.1226389326874
0.6,0.9,11,24,0.320436086226217,29.6719295478312,0.182436378538413,10.0182134557068,729.519180894805,40.1930154683026
0.6,0.9,11,48,0.639130671983813,29.5913187637338,0.181940627509776,9.9909900495772,727.536791816286,40.4033801128046
0.6,0.9,11,72,0.956097915813184,29.5111448944554,0.181447563478585,9.96391419578431,725.56514739402,40.6126045695315
0.6,0.9,11,96,1.27135182318942,29.4314043974434,0.180957164658372,9.93698469795786,723.604160509171,40.820698083249
0.6,0.9,11,120,1.5849062485852,29.3520937683398,0.180469409497568,9.91020037262644,721.653744982193,41.027669799049
0.6,0.9,13,2,0.0267698710778561,40.4917233081937,0.207277419607135,13.6570091227967,994.493694188571,54.3827797216754
0.6,0.9,13,4,0.0535275574169421,38.4473917270937,0.207230246776091,12.9723238086615,944.635396424499,51.6804733399482
0.6,0.9,13,8,0.107006409140147,36.0995501672304,0.207135965499123,12.185894040125,887.368139831241,48.5995865819947
0.6,0.9,13,16,0.213818261172767,35.0973950681907,0.206947660075942,11.8504701811184,862.94281290474,47.3686311705578
0.6,0.9,13,24,0.320436086226217,35.065523829255,0.206759696715292,11.8397068112899,862.159031966589,47.4324264234864
0.6,0.9,13,48,0.639130671983813,34.9702565389581,0.206197849713348,11.8075336949549,859.816208510158,47.6231187556102
0.6,0.9,13,72,0.956097915813184,34.8755056025382,0.205639047952607,11.7755349586542,857.486083283844,47.8127775249582
0.6,0.9,13,96,1.27135182318942,34.7812668333421,0.205083266741924,11.7437091884957,855.168553329023,48.0014111117692
0.6,0.9,13,120,1.5849062485852,34.6875360898561,0.204530481656367,11.7120549858313,852.863516797139,48.1890278059289
0.6,0.9,15,2,0.0267698710778561,45.9262133482743,0.231453149039981,15.4939813270978,1128.26070401854,61.67841769549
0.6,0.9,15,4,0.0535275574169421,43.7993759361567,0.231400474222266,14.7809961329937,1076.34162911635,58.8653001007896
0.6,0.9,15,8,0.107006409140147,41.3939526615976,0.231295196481491,13.9745327872964,1017.61554167811,55.7067870545156
0.6,0.9,15,16,0.213818261172767,40.4958926171431,0.231084928121054,13.6736194397518,995.703245659304,54.6144152461887
0.6,0.9,15,24,0.320436086226217,40.4591181106789,0.23087504171949,13.6612001668728,994.79888303836,54.6716294054974
0.6,0.9,15,48,0.639130671983813,40.3491943141824,0.230247663888731,13.6240773403324,992.095625204017,54.8426499903874
0.6,0.9,15,72,0.956097915813184,40.239866310621,0.229623686479818,13.5871557215239,989.407019173654,55.0127436344379
0.6,0.9,15,96,1.27135182318942,40.1311292692409,0.229003081921765,13.5504336790333,986.732946148859,55.1819178533854
0.6,0.9,15,120,1.5849062485852,40.0229784113724,0.228385822940844,13.5139095990359,984.073288612071,55.3501800819343
0.6,0.9,17,2,0.0267698710778561,51.2909636875531,0.255460975015115,17.307299750183,1260.3052623182,68.8804942838291
0.6,0.9,17,4,0.0535275574169421,49.0845070820483,0.255402836422712,16.5670774256212,1206.40279894169,65.9605149015091
0.6,0.9,17,8,0.107006409140147,46.6985907031677,0.255286638589945,15.7664998286809,1148.10530754317,62.8273835795787
0.6,0.9,17,16,0.213818261172767,45.8943901660955,0.25505455982759,15.4967686983853,1128.46367841387,61.8600316854812
0.6,0.9,17,24,0.320436086226217,45.8527123921027,0.254822902643369,15.4826935224558,1127.43873411014,61.9106649034281
0.6,0.9,17,48,0.639130671983813,45.7281320894068,0.254130449103577,15.44062098571,1124.37504189788,62.0620141962042
0.6,0.9,17,72,0.956097915813185,45.6042270187038,0.253441748699503,15.3987764843937,1121.32795506347,62.2125431676102
0.6,0.9,17,96,1.27135182318942,45.4809917051397,0.252756771000315,15.357158169571,1118.2973389687,62.3622584689005
0.6,0.9,17,120,1.5849062485852,45.3584207328887,0.252075485903279,15.3157642122407,1115.28306042701,62.5111666796178
0.6,0.9,19,2,0.0267698710778561,56.6514829025511,0.279329811320596,19.11890740159,1392.22524344062,76.0764899865395
0.6,0.9,19,4,0.0535275574169421,54.4180869617992,0.279266240585202,18.369186751276,1337.63111873614,73.1200675110773
0.6,0.9,19,8,0.107006409140147,51.9899969836833,0.279139185880659,17.5539267346868,1278.26446397798,69.9300693133909
0.6,0.9,19,16,0.213818261172767,51.2928877150477,0.278885422984404,17.3199179570188,1261.22411116844,69.1055093562237
0.6,0.9,19,24,0.320436086226217,51.2463066735263,0.278632121056171,17.3041868780388,1260.07858518192,69.1495617588475
0.6,0.9,19,48,0.639130671983813,51.1070698646308,0.277874968553301,17.2571646310876,1256.65445859175,69.2812401362556
0.6,0.9,19,72,0.956097915813184,50.9685877267863,0.277121919858035,17.2103972472636,1253.24889095329,69.4122048097211
0.6,0.9,19,96,1.27135182318942,50.8308541410382,0.276372941696256,17.1638826601088,1249.86173178855,69.5424615660327
0.6,0.9,19,120,1.5849062485852,50.6938630544048,0.275628001152601,17.1176188254454,1246.49283224195,69.672016129588
0.6,0.9,21,2,0.0267698710778561,62.0426127510328,0.30308111799368,20.940535667654,1524.8749185977,83.3129994077583
0.6,0.9,21,4,0.0535275574169421,59.7674133768348,0.303012141863049,20.1763901651859,1469.23038641543,80.3003432413007
0.6,0.9,21,8,0.107006409140147,57.3276219637194,0.302874283745731,19.3567849575077,1409.54731793161,77.094287614113
0.6,0.9,21,16,0.213818261172767,56.6913852640003,0.302598943487781,19.1430672156522,1393.984543923,76.350869684313
0.6,0.9,21,24,0.320436086226217,56.6399009549504,0.302324103393786,19.1256802336216,1392.71843625368,76.388341378192
0.6,0.9,21,48,0.639130671983813,56.4860076398554,0.301502570504129,19.073708276465,1388.9338752856,76.5003491588083
0.6,0.9,21,72,0.956097915813184,56.3329484348693,0.300685490367262,19.0220180101331,1385.16982684309,76.6117498511829
0.6,0.9,21,96,1.27135182318942,56.1807165769373,0.299872826879783,18.9706071506463,1381.42612460838,76.7225483776527
0.6,0.9,21,120,1.5849062485852,56.0293053759213,0.299064544327546,18.91947343865,1377.70260405688,76.832749607484
0.6,0.8,3,2,0.0267716538665281,10.6840365240209,0.0766436301513216,4.00779570547049,291.844833729615,14.7952475135093
0.6,0.8,3,4,0.0535311213714866,9.66914734512156,0.0766261861974723,3.63675119916394,264.825636593015,13.4360558518545
0.6,0.8,3,8,0.107013530564682,8.48253195484075,0.0765913221002128,3.20164928780728,233.141824765482,11.8677860953129
0.6,0.8,3,16,0.213832478136658,7.93292326223443,0.0765216889959177,3.00002339748811,218.459570788448,11.2233008268551
0.6,0.8,3,24,0.320457372950039,7.80483292411727,0.0764521823906782,2.95308767509776,215.041744855282,11.1548301545558
0.6,0.8,3,48,0.639173014360753,7.67592903954356,0.0762444181315908,2.90560989822505,211.58444690011,11.296956370261
0.6,0.8,3,72,0.956161085586743,7.63130903303487,0.07603778004045,2.88886779348877,210.365298736851,11.5523756921508
0.6,0.8,3,96,1.2714355948768,7.58722909872496,0.0758322589855628,2.87231751921694,209.160119531621,11.8068144718043
0.6,0.8,3,120,1.58501039943746,7.54338765925211,0.0756278459336973,2.85595579720994,207.968670568256,12.0599817018332
0.6,0.8,5,2,0.0267698710778561,15.8698935159039,0.100431545835593,5.99358853815649,436.448855907105,21.9906834709738
0.6,0.8,5,4,0.0535275574169421,14.6473183978421,0.100408689316286,5.53974631579399,403.400387956488,20.3410009603693
0.6,0.8,5,8,0.107006409140147,13.05791057142,0.100363007474012,4.94889085245964,360.374713214715,18.2141708404938
0.6,0.8,5,16,0.213818261172766,12.0075595967149,0.100271768376309,4.55922232580415,331.999328157985,16.8808719520681
0.6,0.8,5,24,0.320436086226216,11.9929260698307,0.100180695017202,4.55373338895768,331.599627679459,16.9672762400318
0.6,0.8,5,48,0.639130671983812,11.960356056054,0.0999084648676987,4.54135911344421,330.698541734678,17.2407543063497
0.6,0.8,5,72,0.956097915813182,11.9279625735173,0.0996377102203608,4.52905190717471,329.802339724557,17.5127501067255
0.6,0.8,5,96,1.27135182318942,11.8957441908862,0.0993684191116571,4.51681122634451,328.910982049625,17.7832756595317
0.6,0.8,5,120,1.5849062485852,11.8636994922585,0.0991005797070436,4.50463653301205,328.024429537363,18.0523428535627
0.6,0.8,7,2,0.0267698710778561,21.0491394065228,0.12336186690344,7.96779945767481,580.209491402465,29.1670706021789
0.6,0.8,7,4,0.0535275574169421,19.6319743488009,0.123333791831318,7.43833787782645,541.654475605091,27.2471735758756
0.6,0.8,7,8,0.107006409140147,17.8312215612764,0.123277680006099,6.76500532007492,492.622877489073,24.8265109704976
0.6,0.8,7,16,0.213818261172766,16.8024867078518,0.123165609387911,6.38102240521757,464.661514641014,23.5204929836301
0.6,0.8,7,24,0.320436086226216,16.7872320977629,0.123053742349412,6.37522674454072,464.23947875124,23.6059486708793
0.6,0.8,7,48,0.639130671983812,16.7416340784755,0.122719357179984,6.35790275882186,462.977958428546,23.8613868664612
0.6,0.8,7,72,0.956097915813183,16.6962832029241,0.122386784396298,6.34067267004456,461.723275614377,24.1154405731782
0.6,0.8,7,96,1.27135182318942,16.6511774672405,0.122056009303335,6.32353571688228,460.475374869473,24.3681210166156
0.6,0.8,7,120,1.5849062485852,16.6063148891617,0.121727017364513,6.30649114621684,459.234201352305,24.6194393013283
0.6,0.8,9,2,0.0267698710778561,26.1297633067668,0.145785228998837,9.90220542567726,721.07155862976,36.2045238325207
0.6,0.8,9,4,0.0535275574169421,24.5431823111328,0.145752050749178,9.30726400531268,677.748347402162,34.0497259246116
0.6,0.8,9,8,0.107006409140147,22.6073511350181,0.145685739534096,8.58105792348242,624.866536855806,31.4411012071747
0.6,0.8,9,16,0.213818261172766,21.6011511958097,0.145553297952702,8.20417166385118,597.42194739559,30.1646944187863
0.6,0.8,9,24,0.320436086226217,21.5815381256954,0.145421096955469,8.1967201001238,596.879329823024,30.2441154090009
0.6,0.8,9,48,0.639130671983813,21.5229121008973,0.145025930931134,8.17444640419955,595.257375122418,30.4815151080118
0.6,0.8,9,72,0.956097915813183,21.4646038323312,0.144632906728068,8.15229343291446,593.6442115042,30.7176280877869
0.6,0.8,9,96,1.27135182318942,21.4066107435952,0.144242006980155,8.13026020742009,592.039767689323,30.9524647811848
0.6,0.8,9,120,1.5849062485852,21.3489302860653,0.14385321450851,8.10834575942166,590.44397316725,31.1860355085806
0.6,0.8,11,2,0.0267698710778561,31.0772693423676,0.16786451433337,11.7849921750648,858.17475105878,43.0568959028436
0.6,0.8,11,4,0.0535275574169421,29.3685119123413,0.167826311212219,11.1428247006243,811.4125721511,40.7326904815948
0.6,0.8,11,8,0.107006409140147,27.3558831348886,0.167749957112487,10.3862896882288,756.322230444852,38.0169291893701
0.6,0.8,11,16,0.213818261172767,26.3998156837675,0.167597457151475,10.0273209224847,730.182380150164,36.8085523245765
0.6,0.8,11,24,0.320436086226217,26.3758441536278,0.167445234211283,10.0182134557068,729.519180894805,36.8819389297721
0.6,0.8,11,48,0.639130671983813,26.304190123319,0.166990219987883,9.99099004957719,727.536791816286,37.1013010648679
0.6,0.8,11,72,0.956097915813184,26.2329244617382,0.166537671966236,9.9639141957843,725.56514739402,37.319474245302
0.6,0.8,11,96,1.27135182318942,26.1620440199498,0.166087570150111,9.93698469795786,723.604160509171,37.5364681112472
0.6,0.8,11,120,1.5849062485852,26.0915456829688,0.16563989475887,9.91020037262645,721.653744982193,37.7522921989393
0.6,0.8,13,2,0.0267698710778561,35.9984402994837,0.189690494095901,13.6570091227967,994.493694188571,49.8719097874542
0.6,0.8,13,4,0.0535275574169421,34.1793765541636,0.189647323751319,12.9723238086615,944.635396424499,47.3948752439933
0.6,0.8,13,8,0.107006409140147,32.09027770178,0.18956104198437,12.185894040125,887.368139831241,44.5727391930296
0.6,0.8,13,16,0.213818261172767,31.1984801717248,0.189388713764385,11.8504701811184,862.94281290474,43.4521573277803
0.6,0.8,13,24,0.320436086226217,31.1701501815598,0.189216698583854,11.8397068112899,862.159031966588,43.5195097776598
0.6,0.8,13,48,0.639130671983813,31.0854681457403,0.188702522772485,11.8075336949549,859.816208510158,43.7208350354515
0.6,0.8,13,72,0.956097915813184,31.0012450911448,0.188191133821882,11.7755349586542,857.486083283843,43.9210690994341
0.6,0.8,13,96,1.27135182318942,30.9174772963039,0.187682509135877,11.7437091884957,855.168553329022,44.1202208171249
0.6,0.8,13,120,1.5849062485852,30.8341610798718,0.187176626361926,11.7120549858313,852.863516797138,44.3182989406502
0.6,0.8,15,2,0.0267698710778561,40.8285494008944,0.211319903892253,15.4939813270978,1128.26070401854,56.5606205029623
0.6,0.8,15,4,0.0535275574169421,38.9362907482492,0.211271811060234,14.7809961329937,1076.34162911635,53.9820862497201
0.6,0.8,15,8,0.107006409140147,36.7962014143639,0.211175691037003,13.9745327872964,1017.61554167811,51.0889163018374
0.6,0.8,15,16,0.213818261172767,35.9971446596824,0.21098371313606,13.6736194397518,995.703245659303,50.095566073743
0.6,0.8,15,24,0.320436086226217,35.9644562094919,0.210792083968816,13.6612001668728,994.79888303836,50.1568845465598
0.6,0.8,15,48,0.639130671983813,35.8667461681618,0.210219279392814,13.6240773403324,992.095625204017,50.3401734598708
0.6,0.8,15,72,0.956097915813184,35.7695657205516,0.20964957944866,13.5871557215239,989.407019173653,50.5224689373373
0.6,0.8,15,96,1.27135182318942,35.6729105726582,0.209082958963663,13.5504336790333,986.732946148859,50.7037790338446
0.6,0.8,15,120,1.5849062485852,35.5767764767751,0.208519393036538,13.5139095990359,984.073288612071,50.8841117174327
0.6,0.8,17,2,0.0267698710778561,45.5967011154992,0.232791012790561,17.307299750183,1260.3052623182,63.1635617495507
0.6,0.8,17,4,0.0535275574169421,43.633784538687,0.232738033497709,16.5670774256212,1206.40279894169,60.4871275552228
0.6,0.8,17,8,0.107006409140147,41.5112656344028,0.232632147222232,15.7664998286809,1148.10530754317,57.6174040194461
0.6,0.8,17,16,0.213818261172767,40.7958091476406,0.23242066345203,15.4967686983853,1128.46367841387,56.7388167706507
0.6,0.8,17,24,0.320436086226217,40.7587622374247,0.232209563848531,15.4826935224558,1127.43873411014,56.7941014099553
0.6,0.8,17,48,0.639130671983813,40.6480241905839,0.231578559598943,15.44062098571,1124.37504189788,56.9593544078767
0.6,0.8,17,72,0.956097915813184,40.537886349959,0.230950975426588,15.3987764843937,1121.32795506347,57.1237117255925
0.6,0.8,17,96,1.27135182318942,40.4283438490132,0.230326783601111,15.357158169571,1118.2973389687,57.2871806253748
0.6,0.8,17,120,1.5849062485852,40.319391873679,0.229705956691135,15.3157642122407,1115.28306042701,57.449768291196
0.6,0.8,19,2,0.0267698710778561,50.3611845656143,0.254131080971634,19.11890740159,1392.22524344062,69.7609929192538
0.6,0.8,19,4,0.0535275574169421,48.37445369106,0.254073245040598,18.369186751276,1337.63111873614,67.0512412447935
0.6,0.8,19,8,0.107006409140147,46.2145918401484,0.253957652117467,17.5539267346868,1278.26446397798,64.1294826360929
0.6,0.8,19,16,0.213818261172767,45.5944736355979,0.253726781524633,17.3199179570189,1261.22411116845,63.3819366353142
0.6,0.8,19,24,0.320436086226217,45.5530682653567,0.253496330315256,17.3041868780388,1260.07858518192,63.431187559937
0.6,0.8,19,48,0.639130671983813,45.4293022130052,0.252807481591573,17.2571646310876,1256.65445859175,63.5784049976682
0.6,0.8,19,72,0.956097915813185,45.3062069793656,0.252122366465309,17.2103972472636,1253.24889095329,63.7248245089077
0.6,0.8,19,96,1.27135182318942,45.1837771253673,0.251440954664051,17.1638826601088,1249.86173178855,63.8704525633296
0.6,0.8,19,120,1.5849062485852,45.062007270582,0.250763216241776,17.1176188254454,1246.49283224195,64.0152955608544
0.6,0.8,21,2,0.0267698710778561,55.1529817738009,0.275360341152629,20.940535667654,1524.8749185977,76.3956476536853
0.6,0.8,21,4,0.0535275574169421,53.1291933763072,0.275297673801433,20.1763901651859,1469.23038641543,73.6344087727115
0.6,0.8,21,8,0.107006409140147,50.9590596986739,0.275172424632279,19.3567849575077,1409.54731793161,70.698023489954
0.6,0.8,21,16,0.213818261172767,50.3931381235553,0.274922267882613,19.1430672156522,1393.984543923,70.0249458682628
0.6,0.8,21,24,0.320436086226217,50.3473742932887,0.274672565550294,19.1256802336216,1392.71843625368,70.0681631786868
0.6,0.8,21,48,0.639130671983813,50.2105802354265,0.273926172709125,19.073708276465,1388.9338752856,70.1973453565844
0.6,0.8,21,72,0.956097915813184,50.0745276087722,0.27318382535761,19.0220180101331,1385.16982684309,70.3258273600761
0.6,0.8,21,96,1.27135182318942,49.9392104017215,0.272445490694481,18.9706071506463,1381.42612460838,70.4536148662516
0.6,0.8,21,120,1.5849062485852,49.804622667485,0.271711136272124,18.91947343865,1377.70260405688,70.5807134909923
0.6,0.7,3,2,0.0267716538665281,9.3709879780292,0.0720233491694128,4.01009910317778,292.012565512943,13.4798820842429
0.6,0.7,3,4,0.0535311213714867,8.49230077797127,0.0720069567832942,3.64487896442576,265.41749468054,12.2627178205518
0.6,0.7,3,8,0.107013530564682,7.53377587698618,0.0719741943861394,3.2450857432405,236.30483656681,10.9578493451775
0.6,0.7,3,16,0.213832478136658,7.16220624124124,0.0719087589497634,3.0901087561599,225.019522556238,10.5380562344876
0.6,0.7,3,24,0.32045737295004,7.07294945416995,0.0718434423867449,3.05284385855842,222.305919208241,10.5180941280652
0.6,0.7,3,48,0.639173014360754,6.97697750688201,0.071648202707366,3.0126525320917,219.379215390968,10.7004512560418
0.6,0.7,3,72,0.956161085586746,6.93449883728115,0.0714540213075478,2.99465796708867,218.068863961582,10.9567719112641
0.6,0.7,3,96,1.27143559487681,6.89299302596303,0.0712608896060798,2.97687708870718,216.774073040047,11.2125665991531
0.6,0.7,3,120,1.58501039943747,6.85165288895564,0.0710687991142775,2.95930611310032,215.494567089319,11.4670382006077
0.6,0.7,5,2,0.0267698710778561,13.8979471477388,0.0931159141511581,5.99358853815649,436.448855907105,20.0114214711243
0.6,0.7,5,4,0.0535275574169421,12.8256875012614,0.0930947225457527,5.54016536225204,403.430902621621,18.5124751434761
0.6,0.7,5,8,0.107006409140147,11.4296794573177,0.0930523682588799,4.94889085245964,360.374713214715,16.5786290871764
0.6,0.7,5,16,0.213818261172766,10.5163816175599,0.0929677751968264,4.56297510578569,332.272602928014,15.3861427597152
0.6,0.7,5,24,0.320436086226216,10.4947054361018,0.0928833358006439,4.55373338895768,331.599627679459,15.4617582470864
0.6,0.7,5,48,0.639130671983812,10.4662066740472,0.0926309354316204,4.54135911344421,330.698541734678,15.7393273949069
0.6,0.7,5,72,0.956097915813182,10.4378623768276,0.0923799030862773,4.52905190717471,329.802339724556,16.0153921029017
0.6,0.7,5,96,1.27135182318942,10.4096712920253,0.0921302276725306,4.51681122634451,328.910982049625,16.2899645692318
0.6,0.7,5,120,1.5849062485852,10.3816321807261,0.0918818982178878,4.50463653301205,328.024429537363,16.5630568605412
0.6,0.7,7,2,0.0267698710778561,18.4276592860906,0.11340629478709,7.96779945767481,580.209491402465,26.5356349096304
0.6,0.7,7,4,0.053527557416942,17.18469201202,0.113380485434612,7.43833787782646,541.654475605091,24.789937932698
0.6,0.7,7,8,0.107006409140147,15.6054718978468,0.113328901956252,6.76500532007493,492.622877489074,22.5908125290181
0.6,0.7,7,16,0.213818261172766,14.7030709943705,0.113225875681746,6.38102240521757,464.661514641014,21.4111375364426
0.6,0.7,7,24,0.320436086226216,14.6897232105427,0.113123036557603,6.37522674454072,464.23947875124,21.4985090778673
0.6,0.7,7,48,0.639130671983812,14.6498249436662,0.11281563700174,6.35790275882186,462.977958428546,21.7596740114737
0.6,0.7,7,72,0.956097915813183,14.6101429275587,0.112509903568131,6.34067267004456,461.723275614377,22.0194234169846
0.6,0.7,7,96,1.27135182318942,14.5706754088356,0.112205822747676,6.32353571688228,460.475374869473,22.277768771655
0.6,0.7,7,120,1.5849062485852,14.5314206530167,0.111903381176928,6.30649114621684,459.234201352305,22.5347214289956
0.6,0.7,9,2,0.0267698710778561,22.8718456332933,0.133222458727006,9.90220542567726,721.07155862976,32.9340433887755
0.6,0.7,9,4,0.0535275574169421,21.4810058977892,0.133192139551146,9.30726400531268,677.748347402162,30.97498960007
0.6,0.7,9,8,0.107006409140147,19.7841032761603,0.133131542581378,8.58105792348242,624.866536855806,28.6052991513643
0.6,0.7,9,16,0.213818261172767,18.9019024213335,0.133010513906304,8.20417166385118,597.42194739559,27.4529028602637
0.6,0.7,9,24,0.320436086226217,18.8847409849835,0.1328897050835,8.19672010012379,596.879329823024,27.534786876417
0.6,0.7,9,48,0.639130671983813,18.8334432132851,0.132528591754469,8.17444640419955,595.257375122418,27.779548881223
0.6,0.7,9,72,0.956097915813183,18.7824234782898,0.132169435679254,8.15229343291445,593.6442115042,28.0229842626967
0.6,0.7,9,96,1.27135182318942,18.7316795256458,0.131812220988229,8.13026020742009,592.039767689323,28.2651037772435
0.6,0.7,9,120,1.5849062485852,18.6812091253071,0.13145693198287,8.10834575942166,590.44397316725,28.5059180652968
0.6,0.7,11,2,0.0267698710778561,27.1998973188248,0.152716768328447,11.7849921750648,858.17475105878,39.1643761332958
0.6,0.7,11,4,0.0535275574169421,25.7024189599118,0.152682012577803,11.1428247006243,811.4125721511,37.0514532305308
0.6,0.7,11,8,0.107006409140147,23.9386972371537,0.152612548513846,10.3862896882288,756.322230444852,34.5846058830365
0.6,0.7,11,16,0.213818261172767,23.1007338482963,0.152473809833378,10.0273209224848,730.182380150164,33.4943468417872
0.6,0.7,11,24,0.320436086226217,23.0797587594241,0.152335323175946,10.0182134557068,729.519180894805,33.5707436245331
0.6,0.7,11,48,0.639130671983813,23.0170614829039,0.151921368493402,9.9909900495772,727.536791816286,33.7991035729583
0.6,0.7,11,72,0.956097915813184,22.9547040290207,0.151509657467675,9.9639141957843,725.56514739402,34.0262257980858
0.6,0.7,11,96,1.27135182318942,22.8926836424558,0.151100171906952,9.93698469795786,723.604160509171,34.25212033551
0.6,0.7,11,120,1.5849062485852,22.8309975975974,0.150692893815558,9.91020037262644,721.653744982193,34.4767971126246
0.6,0.7,13,2,0.0267698710778561,31.5051572907744,0.17197413226374,13.6570091227967,994.493694188571,45.3609104169128
0.6,0.7,13,4,0.0535275574169421,29.911361381234,0.171934993863134,12.9723238086615,944.635396424499,43.1091477411755
0.6,0.7,13,8,0.107006409140147,28.0810052363302,0.17185677048103,12.185894040125,887.368139831241,40.5457624560764
0.6,0.7,13,16,0.213818261172767,27.2995652752594,0.17170053705332,11.8504701811184,862.94281290474,39.5355542546039
0.6,0.7,13,24,0.320436086226217,27.274776533865,0.171544587428385,11.8397068112899,862.159031966589,39.6064640188095
0.6,0.7,13,48,0.639130671983813,27.200679752523,0.171078433658199,11.8075336949549,859.816208510158,39.8184225531199
0.6,0.7,13,72,0.956097915813184,27.1269845797519,0.170614806466714,11.7755349586542,857.486083283843,40.029232260686
0.6,0.7,13,96,1.27135182318942,27.0536877592661,0.170153685368155,11.7437091884957,855.168553329022,40.2389024563193
0.6,0.7,13,120,1.5849062485852,26.980786069888,0.169695050097621,11.7120549858313,852.863516797138,40.4474423544021
0.6,0.7,15,2,0.0267698710778561,35.7308854535154,0.19104762183254,15.4939813270978,1128.26070401854,51.4426842735236
0.6,0.7,15,4,0.0535275574169421,34.0732055603426,0.191004142628663,14.7809961329937,1076.34162911635,49.0987333933819
0.6,0.7,15,8,0.107006409140147,32.198450167131,0.190917243564683,13.9745327872964,1017.61554167811,46.4709066071322
0.6,0.7,15,16,0.213818261172767,31.4983967022224,0.190743682434169,13.6736194397518,995.703245659304,45.5765780855812
0.6,0.7,15,24,0.320436086226217,31.4697943083058,0.19057043658273,13.6612001668728,994.798883038359,45.6420009979875
0.6,0.7,15,48,0.639130671983813,31.3842980221419,0.190052582135495,13.6240773403324,992.095625204017,45.8375586165936
0.6,0.7,15,72,0.956097915813184,31.299265130483,0.189537534487431,13.5871557215239,989.407019173653,46.0320563023075
0.6,0.7,15,96,1.27135182318942,31.2146918760763,0.189025270880708,13.5504336790333,986.732946148859,46.2255026491797
0.6,0.7,15,120,1.5849062485852,31.1305745421785,0.188515768802863,13.5139095990359,984.073288612071,46.4179061586025
0.6,0.7,17,2,0.0267698710778561,39.9024385434451,0.209973034470214,17.307299750183,1260.3052623182,57.4464811991762
0.6,0.7,17,4,0.0535275574169421,38.1830619953255,0.20992524816287,16.5670774256212,1206.40279894169,55.0135922265265
0.6,0.7,17,8,0.107006409140147,36.3239405656378,0.209829740770621,15.7664998286809,1148.10530754317,52.4072765442295
0.6,0.7,17,16,0.213818261172767,35.6972281291855,0.209638986460829,15.4967686983853,1128.46367841387,51.6174540752045
0.6,0.7,17,24,0.320436086226217,35.6648120827467,0.209448578662046,15.4826935224558,1127.43873411014,51.6773902700908
0.6,0.7,17,48,0.639130671983813,35.567916291761,0.208879424915681,15.44062098571,1124.37504189788,51.8565473743705
0.6,0.7,17,72,0.956097915813184,35.4715456812142,0.208313356013471,15.3987764843937,1121.32795506347,52.0347334374346
0.6,0.7,17,96,1.27135182318942,35.3756959928866,0.207750346943164,15.357158169571,1118.2973389687,52.2119563325902
0.6,0.7,17,120,1.5849062485852,35.2803630144691,0.207190372962185,15.3157642122407,1115.28306042701,52.3882238482572
0.6,0.7,19,2,0.0267698710778561,44.0708862286775,0.228775869740987,19.11890740159,1392.22524344062,63.4453393710863
0.6,0.7,19,4,0.0535275574169421,42.3308204203207,0.228723804226708,18.369186751276,1337.63111873614,60.9822585332403
0.6,0.7,19,8,0.107006409140147,40.4391866966135,0.228619744261181,17.5539267346868,1278.26446397798,58.3287395847017
0.6,0.7,19,16,0.213818261172767,39.8960595561481,0.228411908130035,17.3199179570188,1261.22411116844,57.6582076824698
0.6,0.7,19,24,0.320436086226217,39.8598298571871,0.228204449539544,17.3041868780388,1260.07858518192,57.7126572709916
0.6,0.7,19,48,0.639130671983813,39.7515345613795,0.227584328752752,17.2571646310876,1256.65445859175,57.8754141932037
0.6,0.7,19,72,0.956097915813184,39.6438262319449,0.226967569054235,17.2103972472635,1253.24889095329,58.0372889640758
0.6,0.7,19,96,1.27135182318942,39.5367001096964,0.226354143191927,17.1638826601088,1249.86173178855,58.1982887361865
0.6,0.7,19,120,1.5849062485852,39.4301514867592,0.225744024207582,17.1176188254454,1246.49283224195,58.3584205849974
0.6,0.7,21,2,0.0267698710778561,48.2633507965703,0.247475053618758,20.940535667654,1524.8749185977,69.4781313889209
0.6,0.7,21,4,0.0535275574169421,46.4909733757809,0.247418732486846,20.1763901651859,1469.23038641543,66.9683098308706
0.6,0.7,21,8,0.107006409140147,44.5904974336295,0.24730616709445,19.3567849575077,1409.54731793161,64.3015949673718
0.6,0.7,21,16,0.213818261172767,44.0948909831114,0.247081343306182,19.1430672156522,1393.984543923,63.6988578032425
0.6,0.7,21,24,0.320436086226217,44.0548476316281,0.246856927917166,19.1256802336216,1392.71843625368,63.7478208793931
0.6,0.7,21,48,0.639130671983813,43.9351528309987,0.246186121047826,19.073708276465,1388.9338752856,63.8941779004953
0.6,0.7,21,72,0.956097915813185,43.8161067826762,0.245518949988076,19.0220180101331,1385.16982684309,64.0397416586106
0.6,0.7,21,96,1.27135182318942,43.6977042265068,0.244855385258379,18.9706071506463,1381.42612460838,64.1845185856009
0.6,0.7,21,120,1.5849062485852,43.5799399590499,0.244195397697035,18.91947343865,1377.70260405688,64.3285150439821
0.6,0.6,3,2,0.0267716538665281,8.06532830423507,0.0673269795395116,4.01634390721184,292.467307702648,12.175770844853
0.6,0.6,3,4,0.0535311213714866,7.33404267558749,0.0673116560387643,3.66414875059596,266.820706808636,11.1190342035937
0.6,0.6,3,8,0.107013530564682,6.68024701838341,0.0672810299533581,3.34837045623164,243.825955931394,10.2029120351331
0.6,0.6,3,16,0.213832478136658,6.44490447087329,0.0672198613137871,3.23439371533637,235.526250696863,9.96035052566011
0.6,0.6,3,24,0.32045737295004,6.37364281440372,0.0671588037962924,3.19977016611056,233.004988459583,9.96102915726061
0.6,0.6,3,48,0.639173014360754,6.30442116499273,0.0669762949564449,3.16599200609175,230.545286863285,10.1765624804017
0.6,0.6,3,72,0.956161085586746,6.25772686157199,0.0667947753897588,3.14319290833207,228.885072774584,10.4238756308806
0.6,0.6,3,96,1.27143559487681,6.21791478690453,0.0666142370745718,3.12361019131794,227.459073244926,10.6795748101739
0.6,0.6,3,120,1.58501039943747,6.17884800246869,0.0664346720757144,3.10426997193949,226.050732220684,10.9345630459214
0.6,0.6,5,2,0.0267698710778561,11.9260007795739,0.0857020589859263,5.99358853815649,436.448855907105,18.0320612477942
0.6,0.6,5,4,0.053527557416942,11.0044742551647,0.0856825546484236,5.54092721339624,403.486380080266,16.6846115806263
0.6,0.6,5,8,0.107006409140147,9.80162926336716,0.0856435725944434,4.94898021281341,360.381220372141,14.9432594579152
0.6,0.6,5,16,0.213818261172766,9.05280603130605,0.0855657148011755,4.58132451470462,333.608793839061,13.9335145219846
0.6,0.6,5,24,0.320436086226216,9.00716522679579,0.0854879984389583,4.55892688874657,331.977814641508,13.9720162002075
0.6,0.6,5,48,0.639130671983811,8.97205729204052,0.0852556940953742,4.54135911344421,330.698541734678,14.2378027715639
0.6,0.6,5,72,0.956097915813182,8.94776218013798,0.0850246488539233,4.52905190717471,329.802339724557,14.5179366519798
0.6,0.6,5,96,1.27135182318942,8.92359839316463,0.0847948525056695,4.51681122634451,328.910982049625,14.7965562952042
0.6,0.6,5,120,1.58490624858519,8.89956486919384,0.0845662949517459,4.50463653301205,328.024429537362,15.0736739457428
0.6,0.6,7,2,0.0267698710778561,15.8061791656582,0.103334503080945,7.96779945767481,580.209491402465,23.9040829974918
0.6,0.6,7,4,0.053527557416942,14.7374096752389,0.103310985897722,7.43833787782646,541.654475605091,22.33258609638
0.6,0.6,7,8,0.107006409140147,13.3797222344169,0.103263983629343,6.76500532007493,492.622877489074,20.3549979472614
0.6,0.6,7,16,0.213818261172766,12.603655280889,0.103170107280589,6.38102240521758,464.661514641014,19.3016660545599
0.6,0.6,7,24,0.320436086226217,12.5922143233223,0.103076401461079,6.37522674454072,464.23947875124,19.3909535555503
0.6,0.6,7,48,0.639130671983813,12.5580158088568,0.102796302544065,6.35790275882186,462.977958428546,19.6578455422065
0.6,0.6,7,72,0.956097915813183,12.5240026521932,0.102517721778363,6.34067267004456,461.723275614377,19.9232909598293
0.6,0.6,7,96,1.27135182318942,12.4901733504305,0.102240646854638,6.32353571688228,460.475374869473,20.1873015373568
0.6,0.6,7,120,1.5849062485852,12.4565264168714,0.10196506559627,6.30649114621684,459.234201352305,20.4498888772697
0.6,0.6,9,2,0.0267698710778561,19.6139279598199,0.120527907827146,9.90220542567726,721.07155862976,29.6634311644021
0.6,0.6,9,4,0.0535275574169421,18.4188294844457,0.120500477716125,9.30726400531268,677.748347402162,27.9001215248914
0.6,0.6,9,8,0.107006409140147,16.9608554173026,0.120445654932814,8.58105792348242,624.866536855806,25.769365404858
0.6,0.6,9,16,0.213818261172766,16.2026536468573,0.120336158882875,8.20417166385118,597.42194739559,24.7409797307641
0.6,0.6,9,24,0.320436086226217,16.1879438442716,0.120226861735843,8.1967201001238,596.879329823024,24.8253268923574
0.6,0.6,9,48,0.639130671983813,16.143974325673,0.119900158307213,8.17444640419955,595.257375122418,25.0774515601636
0.6,0.6,9,72,0.956097915813183,16.1002431242484,0.119575225628873,8.15229343291446,593.6442115042,25.3282096986049
0.6,0.6,9,96,1.27135182318942,16.0567483076964,0.11925204934339,8.1302602074201,592.039767689324,25.5776123876493
0.6,0.6,9,120,1.5849062485852,16.013487964549,0.118930615248125,8.10834575942167,590.443973167251,25.8256705878039
0.6,0.6,11,2,0.0267698710778561,23.3225252952827,0.137423333357587,11.7849921750648,858.17475105878,35.271710674783
0.6,0.6,11,4,0.0535275574169421,22.0363260074829,0.137392058133791,11.1428247006243,811.4125721511,33.370070323658
0.6,0.6,11,8,0.107006409140147,20.5215113394192,0.137329550373039,10.3862896882288,756.322230444852,31.1521369871612
0.6,0.6,11,16,0.213818261172766,19.8016520128255,0.137204705327245,10.0273209224848,730.182380150164,30.1799959018103
0.6,0.6,11,24,0.320436086226217,19.7836733652208,0.137080087066276,10.0182134557068,729.519180894805,30.2594029942201
0.6,0.6,11,48,0.639130671983813,19.7299328424892,0.136707586829683,9.9909900495772,727.536791816286,30.4967611508799
0.6,0.6,11,72,0.956097915813184,19.6764835963036,0.136337105564562,9.96391419578431,725.56514739402,30.7328328134657
0.6,0.6,11,96,1.27135182318942,19.6233232649622,0.135968626900874,9.93698469795786,723.604160509171,30.9676284130104
0.6,0.6,11,120,1.5849062485852,19.5704495122265,0.135602134645076,9.91020037262645,721.653744982193,31.2011582680832
0.6,0.6,13,2,0.0267698710778561,27.0118742820648,0.154099389827755,13.6570091227967,994.493694188571,40.8497526657672
0.6,0.6,13,4,0.0535275574169421,25.6433462083041,0.154064319415868,12.9723238086615,944.635396424499,38.8232618937984
0.6,0.6,13,8,0.107006409140147,24.0717327708801,0.1539942264589,12.185894040125,887.368139831241,36.5186274466042
0.6,0.6,13,16,0.213818261172767,23.4006503787938,0.153854231707574,11.8504701811184,862.94281290474,35.6187930527925
0.6,0.6,13,24,0.320436086226217,23.37940288617,0.153714491260973,11.8397068112899,862.159031966588,35.6932602749471
0.6,0.6,13,48,0.639130671983813,23.3158913593054,0.153296788839068,11.8075336949549,859.816208510157,35.9158525150832
0.6,0.6,13,72,0.956097915813185,23.2527240683588,0.15288135038693,11.7755349586542,857.486083283843,36.1372382932131
0.6,0.6,13,96,1.27135182318942,23.1898982222281,0.152468157548046,11.7437091884957,855.168553329022,36.3574273914612
0.6,0.6,13,120,1.5849062485852,23.127411059904,0.15205719216382,11.7120549858313,852.863516797138,36.5764294864843
0.6,0.6,15,2,0.0267698710778561,30.6332215061357,0.170605211713589,15.4939813270978,1128.26070401854,46.3245779160249
0.6,0.6,15,4,0.0535275574169421,29.2101203724354,0.170566384856121,14.7809961329937,1076.34162911635,44.2152104477022
0.6,0.6,15,8,0.107006409140147,27.6006989198975,0.170488784135077,13.9745327872964,1017.61554167811,41.8527269004691
0.6,0.6,15,16,0.213818261172767,26.9996487447619,0.170333794331317,13.6736194397518,995.703245659303,41.0574202400178
0.6,0.6,15,24,0.320436086226217,26.9751324071191,0.170179086071253,13.6612001668728,994.79888303836,41.1269477462894
0.6,0.6,15,48,0.639130671983813,26.9018498761215,0.169716642902581,13.6240773403324,992.095625204017,41.3347745313403
0.6,0.6,15,72,0.956097915813184,26.8289645404138,0.169256706200948,13.5871557215239,989.407019173653,41.5414748839519
0.6,0.6,15,96,1.27135182318942,26.7564731794938,0.168799255643648,13.5504336790333,986.732946148859,41.7470579373602
0.6,0.6,15,120,1.5849062485852,26.6843726075814,0.168344271127088,13.5139095990359,984.073288612071,41.9515327263296
0.6,0.6,17,2,0.0267698710778561,34.2081759713905,0.186973941000276,17.307299750183,1260.3052623182,51.7292195336516
0.6,0.6,17,4,0.0535275574169421,32.7323394519635,0.186931388897181,16.5670774256212,1206.40279894169,49.5398758238989
0.6,0.6,17,8,0.107006409140147,31.1366154968724,0.186846342769384,15.7664998286809,1148.10530754317,47.1969680774628
0.6,0.6,17,16,0.213818261172767,30.5986471107301,0.186676482457775,15.4967686983853,1128.46367841387,46.4959105527459
0.6,0.6,17,24,0.320436086226217,30.5708619280682,0.186506930702591,15.4826935224558,1127.43873411014,46.5604984674528
0.6,0.6,17,48,0.639130671983813,30.4878083929376,0.186000118390899,15.44062098571,1124.37504189788,46.7535601690223
0.6,0.6,17,72,0.956097915813185,30.4052050124689,0.185496053029406,15.3987764843937,1121.32795506347,46.9455754657053
0.6,0.6,17,96,1.27135182318942,30.3230481367595,0.184994712345543,15.357158169571,1118.2973389687,47.1365528418656
0.6,0.6,17,120,1.5849062485852,30.2413341552589,0.184496074306876,15.3157642122407,1115.28306042701,47.3265006903916
0.6,0.6,19,2,0.0267698710778561,37.7805878917407,0.203229185696908,19.11890740159,1392.22524344062,57.1294943501054
0.6,0.6,19,4,0.0535275574169421,36.2871871495814,0.203182934175356,18.369186751276,1337.63111873614,54.9130843924496
0.6,0.6,19,8,0.107006409140147,34.6637815530786,0.203090494259898,17.5539267346868,1278.26446397798,52.5278051911654
0.6,0.6,19,16,0.213818261172767,34.1976454766983,0.202905866537844,17.3199179570189,1261.22411116845,51.9342875614278
0.6,0.6,19,24,0.320436086226217,34.1665914490174,0.202721574197664,17.3041868780388,1260.07858518192,51.9939359874801
0.6,0.6,19,48,0.639130671983813,34.0737669097537,0.202170700354736,17.2571646310876,1256.65445859175,52.1722329131799
0.6,0.6,19,72,0.956097915813185,33.981445484524,0.201622812277894,17.2103972472635,1253.24889095329,52.3495634598787
0.6,0.6,19,96,1.27135182318942,33.8896230940253,0.201077885758224,17.1638826601088,1249.86173178855,52.5259354630818
0.6,0.6,19,120,1.5849062485852,33.7982957029363,0.200535896847824,17.1176188254454,1246.49283224195,52.7013566738148
0.6,0.6,21,2,0.0267698710778561,41.3737198193385,0.219388467850529,20.940535667654,1524.8749185977,62.5604138259209
0.6,0.6,21,4,0.0535275574169421,39.8527533752534,0.219338538749971,20.1763901651859,1469.23038641543,60.3020096366063
0.6,0.6,21,8,0.107006409140147,38.2219351685841,0.219238748695944,19.3567849575077,1409.54731793161,57.9049652839279
0.6,0.6,21,16,0.213818261172767,37.7966438426665,0.219039440742584,19.1430672156522,1393.984543923,57.372568760234
0.6,0.6,21,24,0.320436086226217,37.7623209699665,0.218840494838186,19.1256802336216,1392.71843625368,57.4272777846525
0.6,0.6,21,48,0.639130671983813,37.6597254265698,0.218245819580474,19.073708276465,1388.9338752856,57.5908101945991
0.6,0.6,21,72,0.956097915813184,37.5576859565791,0.21765436749489,19.0220180101331,1385.16982684309,57.7534562500204
0.6,0.6,21,96,1.27135182318942,37.4561980512911,0.217066112447606,18.9706071506463,1381.42612460838,57.9152231375744
0.6,0.6,21,120,1.5849062485852,37.3552572506138,0.216481028586562,18.91947343865,1377.70260405688,58.0761179664355
0.6,0.5,3,2,0.0267716538665281,6.76457353368931,0.0625345021682576,4.02770323978569,293.29448622419,10.8815829295098
0.6,0.5,3,4,0.0535311213714868,6.23648912474411,0.0625202694268328,3.72527143830079,271.271617469071,10.0778119538432
0.6,0.5,3,8,0.107013530564683,5.93240808197452,0.06249182337122,3.55130383113025,258.603420005881,9.65321726704067
0.6,0.5,3,16,0.21383247813666,5.77848104467387,0.0624350088453042,3.46317038723679,252.185605284438,9.51791891889263
0.6,0.5,3,24,0.320457372950043,5.72609013459246,0.0623782975315594,3.43271447319113,249.967827277788,9.54164027826519
0.6,0.5,3,48,0.639173014360761,5.67030899406602,0.0622087800584866,3.40010155162635,247.592977517227,9.77179234011162
0.6,0.5,3,72,0.956562476766343,5.63427606127797,0.0620662255679148,3.37896049347319,246.053500693807,10.0318652570854
0.6,0.5,3,96,1.27541663568846,5.61444033891475,0.0620662255679148,3.3676124678399,245.227145535637,10.319535668011
0.6,0.5,3,120,1.59427079461057,5.59472305648319,0.0620662255679148,3.35634041032871,244.406322322105,10.6074004869904
0.6,0.5,5,2,0.0267698710778561,9.95890129373235,0.07816413752255,5.99642166229368,436.655161992424,16.0602569646264
0.6,0.5,5,4,0.053527557416942,9.1836133550747,0.078146348688339,5.5421837547751,403.577880530073,14.8574710159551
0.6,0.5,5,8,0.107006409140147,8.18298652921548,0.0781107952994907,4.95463164872062,360.792753916733,13.3227353823757
0.6,0.5,5,16,0.213818261172766,7.65663693561877,0.078039785485582,4.64581325776629,338.304818257315,12.5943082400434
0.6,0.5,5,24,0.320436086226216,7.5967015460824,0.077968904663161,4.61071367139752,335.748891333747,12.6058202083693
0.6,0.5,5,48,0.639130671983812,7.5110591800962,0.0777570326396198,4.56055898542713,332.096662761365,12.7885058701468
0.6,0.5,5,72,0.956097915813181,7.46933213784666,0.0775463089739297,4.5358036591019,330.293997499399,13.0387800217357
0.6,0.5,5,96,1.27135182318942,7.4375254943038,0.0773367243550813,4.51681122634451,328.910982049625,13.3030252681928
0.6,0.5,5,120,1.58490624858519,7.41749755766148,0.077128269572453,4.50463653301205,328.024429537362,13.5841686088312
0.6,0.5,7,2,0.0267698710778561,13.1846990452256,0.0931159141511581,7.96779945767481,580.209491402465,21.2723842881294
0.6,0.5,7,4,0.0535275574169421,12.2908236333279,0.0930947225457526,7.43875166514859,541.684607303686,19.8761975784392
0.6,0.5,7,8,0.107006409140147,11.153972570987,0.0930523682588799,6.76500532007493,492.622877489074,18.119036668461
0.6,0.5,7,16,0.213818261172766,10.5042395674074,0.0929677751968264,6.38102240521757,464.661514641014,17.1920480089945
0.6,0.5,7,24,0.320436086226216,10.4947054361018,0.092883335800644,6.37522674454072,464.23947875124,17.2832516026694
0.6,0.5,7,48,0.639130671983812,10.4662066740472,0.0926309354316205,6.35790275882186,462.977958428546,17.5558710402845
0.6,0.5,7,72,0.956097915813183,10.4378623768276,0.0923799030862774,6.34067267004456,461.723275614377,17.8270128657716
0.6,0.5,7,96,1.27135182318942,10.4096712920253,0.0921302276725307,6.32353571688228,460.475374869473,18.0966890597696
0.6,0.5,7,120,1.5849062485852,10.3816321807261,0.0918818982178879,6.30649114621684,459.234201352305,18.364911473746
0.6,0.5,9,2,0.0267698710778561,16.3560102863464,0.107666904521466,9.90220542567726,721.07155862976,26.3926524876229
0.6,0.5,9,4,0.053527557416942,15.356653071102,0.107642401357032,9.30726400531268,677.748347402162,24.8250870351887
0.6,0.5,9,8,0.107006409140147,14.1376075584448,0.107593428471974,8.58105792348242,624.866536855806,22.9332653195394
0.6,0.5,9,16,0.213818261172766,13.503404872381,0.107495616264272,8.20417166385118,597.42194739559,22.0288904136693
0.6,0.5,9,24,0.320436086226217,13.4911467035596,0.107397981735422,8.1967201001238,596.879329823024,22.1157008716451
0.6,0.5,9,48,0.639130671983813,13.4545054380608,0.107106139393749,8.17444640419955,595.257375122418,22.3751886536379
0.6,0.5,9,72,0.956097915813183,13.418062770207,0.106815878853387,8.15229343291446,593.6442115042,22.633269997788
0.6,0.5,9,96,1.27135182318942,13.381817089747,0.106527187288918,8.13026020742009,592.039767689323,22.8899563076454
0.6,0.5,9,120,1.5849062485852,13.3457668037908,0.106240052013207,8.10834575942166,590.44397316725,23.1452588638108
0.6,0.5,11,2,0.0267698710778561,19.4451532717404,0.121945878328208,11.7849921750648,858.17475105878,31.3788611962112
0.6,0.5,11,4,0.0535275574169421,18.3702330550539,0.12191812551111,11.1428247006243,811.4125721511,29.6885034386062
0.6,0.5,11,8,0.107006409140147,17.1043254416846,0.1218626577561,10.3862896882288,756.322230444852,27.7194841968097
0.6,0.5,11,16,0.213818261172767,16.5025701773547,0.121751873521776,10.0273209224848,730.182380150164,26.865461234534
0.6,0.5,11,24,0.320436086226217,16.4875879710174,0.121641290530385,10.0182134557068,729.519180894805,26.9478788034808
0.6,0.5,11,48,0.639130671983813,16.4428042020744,0.121310743545248,9.9909900495772,727.536791816286,27.1942356671807
0.6,0.5,11,72,0.956097915813184,16.3982631635864,0.120981988142686,9.9639141957843,725.56514739402,27.4392572633266
0.6,0.5,11,96,1.27135182318942,16.3539628874686,0.120655009796355,9.93698469795787,723.604160509172,27.6829544184122
0.6,0.5,11,120,1.5849062485852,16.3099014268555,0.120329794136526,9.91020037262645,721.653744982193,27.9253378422037
0.6,0.5,13,2,0.0267698710778561,22.5185912733549,0.136024596497066,13.6570091227967,994.493694188571,36.3383948637266
0.6,0.5,13,4,0.0535275574169421,21.3753310353741,0.135993639602096,12.9723238086615,944.635396424499,34.5371760410546
0.6,0.5,13,8,0.107006409140147,20.0624603054298,0.135931768064515,12.185894040125,887.368139831241,32.4912925227595
0.6,0.5,13,16,0.213818261172767,19.501735482328,0.135808193729911,11.8504701811184,862.942812904741,31.701832118349
0.6,0.5,13,24,0.320436086226217,19.4840292384748,0.135684843871846,11.8397068112899,862.159031966589,31.7798569798628
0.6,0.5,13,48,0.639130671983813,19.4311029660877,0.135316135056976,11.8075336949549,859.816208510158,32.0130834680834
0.6,0.5,13,72,0.956097915813184,19.3784635569655,0.134949424663868,11.7755349586542,857.486083283844,32.2450458560968
0.6,0.5,13,96,1.27135182318942,19.3261086851899,0.134584696489101,11.7437091884957,855.168553329023,32.4757543933641
0.6,0.5,13,120,1.5849062485852,19.2740360499199,0.134221934503955,11.7120549858313,852.863516797139,32.7052192188403
0.6,0.5,15,2,0.0267698710778561,25.5355575587564,0.149947912462746,15.4939813270978,1128.26070401854,41.2062566693948
0.6,0.5,15,4,0.0535275574169421,24.3470351845285,0.149913786856814,14.7809961329937,1076.34162911635,39.331472661796
0.6,0.5,15,8,0.107006409140147,23.0029476726644,0.149845582222212,13.9745327872964,1017.61554167811,37.2343324513232
0.6,0.5,15,16,0.213818261172767,22.5009007873017,0.149709358965646,13.6736194397518,995.703245659304,36.5380478471919
0.6,0.5,15,24,0.320436086226217,22.4804705059327,0.149573383162771,13.6612001668728,994.798883038361,36.6116801421945
0.6,0.5,15,48,0.639130671983813,22.4194017301014,0.149166933752002,13.6240773403324,992.095625204017,36.8317766761696
0.6,0.5,15,72,0.956097915813184,22.358663950345,0.14876268731907,13.5871557215239,989.407019173653,37.0506802750012
0.6,0.5,15,96,1.27135182318942,22.2982544829116,0.148360626001991,13.5504336790333,986.732946148859,37.2684006111364
0.6,0.5,15,120,1.5849062485852,22.2381706729847,0.147960732131366,13.5139095990359,984.07328861207,37.4849472527371
0.6,0.5,17,2,0.0267698710778561,28.5139133993368,0.163746080580059,17.307299750183,1260.3052623182,46.0117291011777
0.6,0.5,17,4,0.0535275574169421,27.2816169086024,0.163708814744697,16.5670774256212,1206.40279894169,44.0659307063852
0.6,0.5,17,8,0.107006409140147,25.9492904281076,0.16363433393726,15.7664998286809,1148.10530754316,41.9864309998659
0.6,0.5,17,16,0.213818261172767,25.5000660922753,0.163485575451863,15.4967686983853,1128.46367841388,41.3741386272853
0.6,0.5,17,24,0.320436086226217,25.4769117733904,0.16333708719078,15.4826935224558,1127.43873411014,41.4433784692632
0.6,0.5,17,48,0.639130671983813,25.4077004941149,0.162893236410371,15.44062098571,1124.37504189788,41.6503453882191
0.6,0.5,17,72,0.956097915813184,25.3388643437244,0.162451791325248,15.3987764843937,1121.32795506347,41.8561905352565
0.6,0.5,17,96,1.27135182318942,25.2704002806332,0.162012732429774,15.357158169571,1118.2973389687,42.0609230058235
0.6,0.5,17,120,1.5849062485852,25.2023052960493,0.161576040428616,15.3157642122407,1115.28306042701,42.2645517973038
0.6,0.5,19,2,0.0267698710778561,31.4902895548042,0.177440651914201,19.11890740159,1392.22524344062,50.8134074793863
0.6,0.5,19,4,0.0535275574169421,30.2435538788425,0.177400269426283,18.369186751276,1337.63111873614,48.8436684569617
0.6,0.5,19,8,0.107006409140147,28.888376409544,0.177319559567581,17.5539267346868,1278.26446397798,46.7266291129385
0.6,0.5,19,16,0.213818261172767,28.4992313972488,0.177158359967974,17.3199179570188,1261.22411116844,46.2101259754084
0.6,0.5,19,24,0.320436086226217,28.4733530408481,0.176997453192344,17.3041868780388,1260.07858518192,46.2749734583054
0.6,0.5,19,48,0.639130671983813,28.3959992581284,0.176516481852148,17.2571646310876,1256.65445859175,46.468811043052
0.6,0.5,19,72,0.956097915813185,28.3190647371036,0.176038117402684,17.2103972472635,1253.24889095329,46.661598017583
0.6,0.5,19,96,1.27135182318942,28.2425460783547,0.175562338707001,17.1638826601088,1249.86173178855,46.8533429003599
0.6,0.5,19,120,1.5849062485852,28.1664399191139,0.175089124856039,17.1176188254454,1246.49283224195,47.0440541180005
0.6,0.5,21,2,0.0267698710778561,34.4840888421078,0.19104762183254,20.940535667654,1524.8749185977,55.6424420026721
0.6,0.5,21,4,0.0535275574169421,33.214533374727,0.191004142628663,20.1763901651859,1469.23038641543,53.6354552399585
0.6,0.5,21,8,0.107006409140147,31.8533729035396,0.190917243564683,19.3567849575077,1409.54731793161,51.5080815137521
0.6,0.5,21,16,0.213818261172767,31.4983967022224,0.190743682434169,19.1430672156522,1393.984543923,51.0460258614815
0.6,0.5,21,24,0.320436086226217,31.4697943083058,0.19057043658273,19.1256802336216,1392.71843625368,51.1064810647363
0.6,0.5,21,48,0.639130671983813,31.3842980221419,0.190052582135495,19.073708276465,1388.9338752856,51.2871895527263
0.6,0.5,21,72,0.956097915813185,31.299265130483,0.189537534487431,19.0220180101332,1385.16982684309,51.4669185909168
0.6,0.5,21,96,1.27135182318942,31.2146918760763,0.189025270880708,18.9706071506463,1381.42612460838,51.6456761207927
0.6,0.5,21,120,1.5849062485852,31.1305745421785,0.188515768802863,18.91947343865,1377.70260405688,51.8234699982166
0.6,0.4,3,2,0.0267716538665282,5.5666754896996,0.0576151919694978,4.1160738675743,299.729572508241,9.76713620310993
0.6,0.4,3,4,0.0535311213714871,5.45765536275005,0.0576020788543214,4.03913749778118,294.127120761665,9.60792606075703
0.6,0.4,3,8,0.107019028762121,5.40397627717769,0.0575788286862985,4.0019555328597,291.41955651246,9.57052966748581
0.6,0.4,3,16,0.214004660475521,5.38446175875869,0.057569844475877,3.98838246439337,290.431175317193,9.64441872810346
0.6,0.4,3,24,0.321006990713281,5.38446175875869,0.057569844475877,3.98838246439337,290.431175317193,9.75142105834122
0.6,0.4,3,48,0.642013981426562,5.38446175875869,0.057569844475877,3.98838246439337,290.431175317193,10.0724280490545
0.6,0.4,3,72,0.963020972139843,5.38446175875869,0.057569844475877,3.98838246439337,290.431175317193,10.3934350397678
0.6,0.4,3,96,1.28402796285312,5.38446175875869,0.057569844475877,3.98838246439337,290.431175317193,10.7144420304811
0.6,0.4,3,120,1.6050349535664,5.38446175875869,0.057569844475877,3.98838246439337,290.431175317193,11.0354490211943
0.6,0.4,5,2,0.0267698710778561,7.99265574904049,0.0704624864868176,6.00129926762223,437.010345744472,14.0911873742274
0.6,0.4,5,4,0.0535275574169421,7.36548583636394,0.0704464504179767,5.54603798418241,403.858542775156,13.0354978283813
0.6,0.4,5,8,0.107006409140147,6.62073378604342,0.0704144001675588,5.00383870367365,364.375976672197,11.8019932990248
0.6,0.4,5,16,0.213818261172766,6.33022683907814,0.0703503870764973,4.79257988541408,348.992259731555,11.4069753727415
0.6,0.4,5,24,0.320436086226216,6.23862599499323,0.0702864902671635,4.72574179331656,344.125157386897,11.3550903648032
0.6,0.4,5,48,0.639130671983811,6.15576130813292,0.0700954943696984,4.66470572667997,339.680554411063,11.5296932011664
0.6,0.4,5,72,0.956097915813181,6.12015889789174,0.0699055336803496,4.63881005544587,337.794850043619,11.7849724028311
0.6,0.4,5,96,1.27135182318942,6.08563925951675,0.0697165998055379,4.61320031163633,335.929966707936,12.039907994148
0.6,0.4,5,120,1.5849062485852,6.05162000225389,0.0695286844421807,4.58787178564433,334.085561453781,12.2939267209256
0.6,0.4,7,2,0.0267698710778561,10.5639852665857,0.0827035977787882,7.96837310259131,580.251263817423,18.6418318380336
0.6,0.4,7,4,0.053527557416942,9.84450017051135,0.0826847758402857,7.43956293218325,541.743683192339,17.4202754359518
0.6,0.4,7,8,0.107006409140147,8.92822290755725,0.0826471576529153,6.76500532007493,492.622877489074,15.8828817944252
0.6,0.4,7,16,0.213818261172766,8.41326755681618,0.0825720238732308,6.38712038101955,465.105564903253,15.0967782228817
0.6,0.4,7,24,0.320436086226217,8.39719654888149,0.0824970265763432,6.37522674454072,464.23947875124,15.1753564062248
0.6,0.4,7,48,0.639130671983812,8.3743975392378,0.0822728498736901,6.35790275882186,462.977958428547,15.4537038199172
0.6,0.4,7,72,0.956097915813182,8.35172210146208,0.0820498882209158,6.34067267004456,461.723275614377,15.7305425755407
0.6,0.4,7,96,1.27135182318942,8.32916923362029,0.0818281317662647,6.32353571688228,460.475374869473,16.0058849054583
0.6,0.4,7,120,1.5849062485852,8.30673794458089,0.0816075707641994,6.30649114621684,459.234201352305,16.2797429101471
0.6,0.4,9,2,0.0267698710778561,13.0980926128729,0.0945862349435558,9.90220542567726,721.07155862976,23.1216541445715
0.6,0.4,9,4,0.0535275574169421,12.2950536286651,0.0945647087180337,9.30769203658095,677.779516334787,21.750837931381
0.6,0.4,9,8,0.107006409140147,11.3143596995871,0.0945216856476431,8.58105792348241,624.866536855806,20.0969457178573
0.6,0.4,9,16,0.213818261172766,10.8041560979048,0.0944357568425089,8.20417166385118,597.42194739559,19.3165817797713
0.6,0.4,9,24,0.320436086226217,10.7943495628477,0.0943499841296637,8.19672010012379,596.879329823024,19.4058557333274
0.6,0.4,9,48,0.639130671983812,10.7650365504487,0.0940935983032244,8.17444640419955,595.257375122418,19.6727072249352
0.6,0.4,9,72,0.956097915813183,10.7358824161656,0.0938386021018607,8.15229343291446,593.6442115042,19.9381123669951
0.6,0.4,9,96,1.27135182318942,10.7068858717976,0.0935849842583422,8.13026020742009,592.039767689323,20.2020828866654
0.6,0.4,9,120,1.5849062485852,10.6780456430326,0.0933327336269182,8.10834575942167,590.443973167251,20.4646303846664
0.6,0.4,11,2,0.0267698710778561,15.5677812481978,0.106225573097468,11.7849921750648,858.17475105878,27.4857688674379
0.6,0.4,11,4,0.053527557416942,14.7047526884541,0.106201397955661,11.1432740708617,811.445294972285,26.0077557146884
0.6,0.4,11,8,0.107006409140147,13.6871395439498,0.106153080668147,10.3862896882288,756.322230444851,24.2865887219869
0.6,0.4,11,16,0.213818261172767,13.2034883418836,0.10605657786754,10.0273209224848,730.182380150164,23.5506841034086
0.6,0.4,11,24,0.320436086226217,13.1915025768137,0.105960250367206,10.0182134557068,729.519180894805,23.636112369114
0.6,0.4,11,48,0.639130671983813,13.1556755616594,0.105672314904252,9.99099004957719,727.536791816286,23.8914685981246
0.6,0.4,11,72,0.956097915813184,13.120042730869,0.105385940067113,9.9639141957843,725.56514739402,24.1454407825336
0.6,0.4,11,96,1.27135182318942,13.0846025099747,0.105101113202067,9.93698469795786,723.604160509171,24.3980401443241
0.6,0.4,11,120,1.5849062485852,13.0493533414842,0.104817821791819,9.91020037262643,721.653744982192,24.6492777844877
0.6,0.4,13,2,0.0267698710778561,18.0253082646456,0.117685797163706,13.6570091227967,994.493694188571,31.8267730556839
0.6,0.4,13,4,0.0535275574169421,17.1073158624445,0.117659013868948,12.9723238086615,944.635396424499,30.2508262423918
0.6,0.4,13,8,0.107006409140147,16.05318783998,0.117605483835341,12.185894040125,887.368139831241,28.4636937730805
0.6,0.4,13,16,0.213818261172767,15.6028205858626,0.117498569759127,11.8504701811184,862.94281290474,27.7846075979128
0.6,0.4,13,24,0.320436086226217,15.5886555907801,0.117391849895585,11.8397068112899,862.159031966588,27.8661903381918
0.6,0.4,13,48,0.639130671983813,15.5463145728703,0.117072850303478,11.8075336949549,859.816208510157,28.1100517901125
0.6,0.4,13,72,0.956097915813184,15.5042030455726,0.116755579706449,11.7755349586542,857.486083283842,28.3525914997464
0.6,0.4,13,96,1.27135182318942,15.4623191481521,0.116440024085621,11.7437091884957,855.168553329021,28.5938201839228
0.6,0.4,13,120,1.5849062485852,15.4206610399361,0.116126169573261,11.7120549858313,852.863516797138,28.8337484439258
0.6,0.4,15,2,0.0267698710778561,20.4378936113769,0.12900702527388,15.4939813270978,1128.26070401854,36.0876518348264
0.6,0.4,15,4,0.0535275574169421,19.4839499966215,0.128977665459298,14.7809961329937,1076.34162911635,34.4474513524914
0.6,0.4,15,8,0.107006409140147,18.4051964254311,0.128918985902674,13.9745327872964,1017.61554167811,32.6156546077704
0.6,0.4,15,16,0.213818261172767,18.0021528298414,0.12880178682458,13.6736194397518,995.703245659305,32.0183923175906
0.6,0.4,15,24,0.320436086226217,17.9858086047462,0.128684800642178,13.6612001668728,994.798883038361,32.0961296584874
0.6,0.4,15,48,0.639130671983813,17.9369535840811,0.128335113683912,13.6240773403324,992.095625204017,32.3284967100813
0.6,0.4,15,72,0.956097915813184,17.888363360276,0.127987322047912,13.5871557215239,989.407019173654,32.559604319661
0.6,0.4,15,96,1.27135182318942,17.8400357863293,0.127641410366701,13.5504336790333,986.73294614886,32.7894626989188
0.6,0.4,15,120,1.5849062485852,17.7919687383878,0.127297363438489,13.5139095990359,984.073288612071,33.0180819494474
0.6,0.4,17,2,0.0267698710778561,22.8196508272824,0.140216317745579,17.307299750183,1260.3052623182,40.2939367662888
0.6,0.4,17,4,0.0535275574169421,21.8308943652406,0.140184406885828,16.5670774256212,1206.40279894169,38.5916837551646
0.6,0.4,17,8,0.107006409140147,20.7619653593424,0.14012062872073,15.7664998286809,1148.10530754316,36.7755922258841
0.6,0.4,17,16,0.213818261172767,20.4014850738201,0.139993246330984,15.4967686983853,1128.46367841387,36.2520652797091
0.6,0.4,17,24,0.320436086226217,20.3829616187121,0.139866095335224,15.4826935224558,1127.43873411014,36.3259573227294
0.6,0.4,17,48,0.639130671983813,20.3275925952917,0.139486024423987,15.44062098571,1124.37504189788,36.5468302774095
0.6,0.4,17,72,0.956097915813184,20.2725236749793,0.139108013517689,15.3987764843937,1121.32795506347,36.7665060887039
0.6,0.4,17,96,1.27135182318942,20.2177524245064,0.138732045913588,15.357158169571,1118.2973389687,36.9849944631804
0.6,0.4,17,120,1.5849062485852,20.1632764368392,0.138358105089023,15.3157642122407,1115.28306042701,37.2023050027541
0.6,0.4,19,2,0.0267698710778561,25.1999912178677,0.151332950437511,19.11890740159,1392.22524344062,44.497001440973
0.6,0.4,19,4,0.0535275574169421,24.1999206081034,0.151298509620388,18.369186751276,1337.63111873614,42.7739334264167
0.6,0.4,19,8,0.107006409140147,23.1129712660093,0.151229674993627,17.5539267346868,1278.26446397798,40.9251340848299
0.6,0.4,19,16,0.213818261172767,22.8008173177992,0.151092193470905,17.3199179570188,1261.22411116844,40.4856457294617
0.6,0.4,19,24,0.320436086226217,22.7801146326786,0.150954961687553,17.3041868780388,1260.07858518192,40.5556925586312
0.6,0.4,19,48,0.639130671983813,22.7182316065029,0.150544757987315,17.2571646310876,1256.65445859175,40.7650716675616
0.6,0.4,19,72,0.956097915813185,22.6566839896831,0.150136777613366,17.2103972472635,1253.24889095329,40.9733159303731
0.6,0.4,19,96,1.27135182318942,22.5954690626839,0.149731002538735,17.1638826601088,1249.86173178855,41.1804345485209
0.6,0.4,19,120,1.5849062485852,22.5345841352913,0.149327414930814,17.1176188254454,1246.49283224195,41.3864366242527
0.6,0.4,21,2,0.0267698710778561,27.5944578648764,0.162371230041177,20.940535667654,1524.8749185977,48.7241346336494
0.6,0.4,21,4,0.0535275574169421,26.5763133741999,0.162334277098519,20.1763901651859,1469.23038641543,46.9685653739013
0.6,0.4,21,8,0.107006409140147,25.4848106384945,0.162260421649429,19.3567849575078,1409.54731793161,45.1108624267918
0.6,0.4,21,16,0.213818261172767,25.2001495617778,0.162112912175202,19.1430672156522,1393.984543923,44.719147950778
0.6,0.4,21,24,0.320436086226217,25.1772676466445,0.161965670656424,19.1256802336216,1392.71843625368,44.7853496371488
0.6,0.4,21,48,0.639130671983813,25.1088706177134,0.161525546551379,19.073708276465,1388.9338752856,44.9832351127137
0.6,0.4,21,72,0.956097915813185,25.0408443043863,0.161087807942839,19.0220180101332,1385.16982684309,45.1800480382755
0.6,0.4,21,96,1.27135182318942,24.9731857008609,0.160652435488939,18.9706071506463,1381.42612460838,45.3757971101856
0.6,0.4,21,120,1.5849062485852,24.9058918337427,0.160219410056355,18.91947343865,1377.70260405688,45.5704909310343
0.4,1,3,2,0.0267698710778561,12.6683134953337,0.0857020589859263,4.36220371659677,317.652573115735,17.1429891419943
0.4,1,3,4,0.053527557416942,11.6690650178982,0.0856825546484236,4.02542342054669,293.128471408158,15.8336985505103
0.4,1,3,8,0.107006409140147,10.4703668331573,0.0856435725944435,3.62054855764061,263.645771757365,14.2835653725325
0.4,1,3,16,0.213818261172766,9.73043948981755,0.0855657148011757,3.37078366559782,245.458069901647,13.4006071313893
0.4,1,3,24,0.320436086226216,9.55082002221625,0.0854879984389584,3.31029842005145,241.05357732597,13.2670425269329
0.4,1,3,48,0.639130671983812,9.3213010988788,0.0852556940953742,3.23280128860263,235.410291314327,13.2784887535606
0.4,1,3,72,0.956097915813182,9.22100702758687,0.0850246488539234,3.19880715829047,232.934862914823,13.4609367505444
0.4,1,3,96,1.27135182318942,9.15378548131625,0.0847948525056695,3.17618867994799,231.287801403661,13.6861208369593
0.4,1,3,120,1.58490624858519,9.10170884876171,0.0845662949517459,3.15869230436416,230.01372777357,13.9298736966628
0.4,1,5,2,0.0267698710778561,18.9520377751451,0.11483505984563,6.56003453670193,477.697050778079,25.6536772427706
0.4,1,5,4,0.0535275574169421,17.6547014039666,0.114808925330417,6.11750101623346,445.472074458898,23.9405389029474
0.4,1,5,8,0.107006409140147,16.051625994248,0.114756691970394,5.57026571029116,405.622788564482,21.8436548056497
0.4,1,5,16,0.213818261172766,15.0281815825694,0.114652367704966,5.22138401775069,380.217471768569,20.5780362291978
0.4,1,5,24,0.320436086226217,14.9941556457248,0.114548232947741,5.20968614658907,379.365641107766,20.6388261114879
0.4,1,5,48,0.639130671983813,14.9486548200674,0.114236960575601,5.19393427447225,378.2186009798,20.8959567270991
0.4,1,5,72,0.956097915813183,14.9081629668965,0.113927375316588,5.17985857183141,377.193618321319,21.1580468298577
0.4,1,5,96,1.27135182318942,14.8678899886076,0.113619463491408,5.1658589540697,376.174176109639,21.4187202293582
0.4,1,5,120,1.5849062485852,14.827834115323,0.113313211568251,5.15193480594553,375.160229543306,21.677988381422
0.4,1,7,2,0.0267698710778561,25.181430866116,0.143003534460661,8.73120250536069,635.799958555384,34.0824067770152
0.4,1,7,4,0.0535275574169421,23.7196993009493,0.142970989277579,8.22997603627637,599.301003448683,32.1461738839202
0.4,1,7,8,0.107006409140147,21.9745880471003,0.142905943331592,7.63140009327494,555.713128866814,29.855900492847
0.4,1,7,16,0.213818261172766,21.001318134815,0.142776028837655,7.29794983147668,531.431517885802,28.6558622563021
0.4,1,7,24,0.320436086226217,20.9822498722039,0.142646350337348,7.2913213575153,530.948837124779,28.7366536662828
0.4,1,7,48,0.639130671983812,20.9252523480947,0.142258724385344,7.27150798426119,529.506041371723,28.978149728725
0.4,1,7,72,0.956097915813183,20.8685637536554,0.14187319938701,7.251802000564,528.071065649848,29.2183368694196
0.4,1,7,96,1.27135182318942,20.8121815840509,0.141489758307586,7.23220253569761,526.643846553497,29.4572257012455
0.4,1,7,120,1.5849062485852,20.7561033614524,0.141108384295975,7.21270872832377,525.224321360631,29.6948267226574
0.4,1,9,2,0.0267698710778561,31.3046308889627,0.170605211713589,10.86332674899,791.059730036134,42.3653327207442
0.4,1,9,4,0.0535275574169421,29.7163765610059,0.170566384856122,10.3171819195211,751.289851863185,40.2576524228002
0.4,1,9,8,0.107006409140147,27.8700057757636,0.170488784135077,9.68216718586431,705.04853045377,37.8296681549032
0.4,1,9,16,0.213818261172767,26.9996487447619,0.170333794331317,9.38307835475568,683.269094424599,36.7668791550217
0.4,1,9,24,0.320436086226217,26.9751324071191,0.170179086071253,9.37455603109106,682.648504874713,36.8403036105076
0.4,1,9,48,0.639130671983813,26.9018498761215,0.169716642902581,9.34908169405005,680.79348176364,37.0597788850579
0.4,1,9,72,0.956097915813184,26.8289645404138,0.169256706200948,9.32374542929652,678.948512978373,37.2780645917245
0.4,1,9,96,1.27135182318942,26.7564731794938,0.168799255643648,9.29854611732545,677.11351699735,37.4951703756523
0.4,1,9,120,1.5849062485852,26.6843726075814,0.168344271127088,9.27348265070194,675.288413177951,37.7111057779956
0.4,1,11,2,0.0267698710778561,37.313101093559,0.197822199453134,12.9546401151212,943.347682434002,50.4923332792111
0.4,1,11,4,0.0535275574169421,35.627659588128,0.197777178470099,12.3740944543056,901.072760181374,48.2530587783206
0.4,1,11,8,0.107006409140147,33.7372225551709,0.197687197952142,11.7227452832496,853.641976654343,45.7646614455128
0.4,1,11,16,0.213818261172767,32.997979354709,0.19750748231764,11.4682068780347,835.106670963396,44.8775119762341
0.4,1,11,24,0.320436086226217,32.9680149420344,0.197328093142056,11.4577907046668,834.348172624647,44.9435698260695
0.4,1,11,48,0.639130671983813,32.8784474041484,0.196791875497648,11.4266554038389,832.080922155558,45.1410253554688
0.4,1,11,72,0.956097915813185,32.7893653271724,0.196258564181937,11.3956888580291,829.825960306898,45.3374106651966
0.4,1,11,96,1.27135182318942,32.7007647749368,0.195728135630094,11.3648896989533,827.583187441203,45.5327344327096
0.4,1,11,120,1.5849062485852,32.6126418537106,0.19520056653136,11.3342565730801,825.352504995271,45.7270052419073
0.4,1,13,2,0.0267698710778561,43.2097509378527,0.224755982953641,15.0066555984359,1092.77399094597,58.4679323903201
0.4,1,13,4,0.0535275574169421,41.4853765238753,0.224704832297529,14.4119640971914,1049.468978651,56.1755730107812
0.4,1,13,8,0.107006409140147,39.6014320799369,0.224602600799669,13.7620440075941,1002.14225981972,53.6950850974709
0.4,1,13,16,0.213818261172767,38.9963099646565,0.224398416617123,13.5533354013137,986.944247502196,52.9878620437601
0.4,1,13,24,0.320436086226217,38.9608974769501,0.224194603341359,13.5410253782426,986.047840374582,53.0465535447603
0.4,1,13,48,0.639130671983813,38.8550449321758,0.223585378875757,13.5042291136278,983.368362547477,53.2219900966632
0.4,1,13,72,0.956097915813184,38.7497661139314,0.222979456439779,13.4676322867616,980.703407635423,53.396475772946
0.4,1,13,96,1.27135182318942,38.6450563703803,0.222376809260212,13.4312332805812,978.052857885058,53.5700182834111
0.4,1,13,120,1.5849062485852,38.5409110998402,0.221777410852503,13.3950304954583,975.416596812592,53.7426252547362
0.4,1,15,2,0.0267698710778561,49.1630152963919,0.251469994550792,17.0776349184572,1243.58123256363,66.5188900804778
0.4,1,15,4,0.0535275574169421,47.3935167954286,0.251412764237967,16.4668033583866,1199.10091266052,64.1652604754701
0.4,1,15,8,0.107006409140147,45.508764889107,0.251298381724665,15.8159966615502,1151.70963172046,61.683066341522
0.4,1,15,16,0.213818261172767,44.994640574603,0.25106992865037,15.6384639245929,1138.78182404101,61.097992689019
0.4,1,15,24,0.320436086226217,44.9537800118649,0.250841890568035,15.6242600518185,1137.74750812453,61.1493180404777
0.4,1,15,48,0.639130671983813,44.8316424602022,0.250160254995839,15.5818028234168,1134.65580293941,61.3027362105987
0.4,1,15,72,0.956097915813185,44.7101669006895,0.24948231392539,15.5395757154943,1131.58085496396,61.4553228459224
0.4,1,15,96,1.27135182318942,44.5893479658227,0.248808037401267,15.4975768622092,1128.52252832892,61.6070846886226
0.4,1,15,120,1.5849062485852,44.4691803459688,0.248137395791021,15.4558044178367,1125.48068862993,61.7580284081817
0.4,1,17,2,0.0267698710778561,54.9861913214839,0.278007020363479,19.1033366795432,1391.09139453196,74.3943048924684
0.4,1,17,4,0.0535275574169421,53.1648682839051,0.277943750672909,18.4741417806025,1345.27386934867,71.9704813725975
0.4,1,17,8,0.107006409140147,51.4087784040744,0.277817297647125,17.8673210252991,1301.08561339703,69.6609231361608
0.4,1,17,16,0.213818261172767,50.9929711845504,0.277564736467446,17.7235924478715,1290.61940057977,69.2079466300621
0.4,1,17,24,0.320436086226217,50.9466625467806,0.277312634072835,17.7074947253939,1289.44717587443,69.2519059924735
0.4,1,17,48,0.639130671983814,50.8082399882295,0.276559067132419,17.6593765332053,1285.9432433313,69.3833062605511
0.4,1,17,72,0.956097915813185,50.6705676874484,0.275809584565665,17.6115191442264,1282.45830229246,69.5139943320537
0.4,1,17,96,1.27135182318942,50.5336395612661,0.275064153256028,17.5639204438366,1278.99219877275,69.6439759815482
0.4,1,17,120,1.5849062485852,50.3974495920983,0.274322740444017,17.5165783402145,1275.54478044722,69.773256921342
0.4,1,19,2,0.0267698710778561,60.8992151968624,0.304397538200389,21.1598702933015,1540.84671009043,82.3902528994422
0.4,1,19,4,0.0535275574169421,59.0182568699042,0.304328262474809,20.5096716751369,1493.49970900691,79.8857843649329
0.4,1,19,8,0.107006409140147,57.3737009124701,0.304189805576503,19.9409899768874,1452.08871207307,77.7258871040741
0.4,1,19,16,0.213818261172767,56.9913017944974,0.303913269389615,19.8087209711512,1442.45697711862,77.317754296211
0.4,1,19,24,0.320436086226217,56.9395450816958,0.303637235539125,19.7907293989704,1441.14684362442,77.3543478024315
0.4,1,19,48,0.639130671983813,56.7848375162564,0.302812134355595,19.7369502429949,1437.23068372327,77.4637305655908
0.4,1,19,72,0.956097915813185,56.630968474207,0.3019915052652,19.6834625729597,1433.33574962103,77.572520468245
0.4,1,19,96,1.27135182318942,56.4779311567091,0.301175312007727,19.6302640254652,1429.46186921665,77.6807223173715
0.4,1,19,120,1.5849062485852,56.3257188382274,0.300363518713906,19.5773522625933,1425.60887226459,77.7883408681199
0.4,1,21,2,0.0267698710778561,66.7560122942956,0.330664168926986,23.1967266157767,1689.16913928824,90.3101729500771
0.4,1,21,4,0.0535275574169421,64.830746755874,0.330588915361003,22.5308850626389,1640.68303080209,87.7457482912908
0.4,1,21,8,0.107006409140147,63.3251906449193,0.330438510940911,22.0099797925571,1602.75107939838,85.7726153575575
0.4,1,21,16,0.213818261172767,62.9896324044448,0.330138112294601,21.8938494944293,1594.29455365735,85.4274382723414
0.4,1,21,24,0.320436086226217,62.9324276166115,0.329838259331573,21.8739640725451,1592.84651137428,85.4566660347144
0.4,1,21,48,0.639130671983814,62.7614350442838,0.328941959713824,21.8145239527828,1588.51812411511,85.5440316287642
0.4,1,21,72,0.956097915813185,62.5913692609659,0.328050518088583,21.7554060016913,1584.21319694949,85.6309236965589
0.4,1,21,96,1.27135182318942,62.4222227521525,0.327163895066722,21.6966076070921,1579.93153966044,85.7173460775007
0.4,1,21,120,1.5849062485852,62.2539880843569,0.326282051683793,21.6381261849706,1575.67296408184,85.8033025695965
0.4,0.9,3,2,0.0267698710778561,11.4231317464785,0.0811963203770718,4.36570720273719,317.907694485501,15.8968051406707
0.4,0.9,3,4,0.0535275574169419,10.5321277898924,0.0811778414693845,4.03315212105153,293.691269883814,14.6999853098302
0.4,0.9,3,8,0.107006409140147,9.47134300825891,0.0811409088754493,3.63630286816837,264.792989448682,13.2957931944429
0.4,0.9,3,16,0.213818261172766,8.84285763053463,0.0810671444128351,3.40127380496676,247.678340172004,12.539016841087
0.4,0.9,3,24,0.320436086226216,8.66683393182225,0.0809935139456118,3.33576271413729,242.907869116188,12.4040262461314
0.4,0.9,3,48,0.639130671983811,8.44896768669707,0.0807734228751075,3.25418082411499,236.967133889488,12.423052605671
0.4,0.9,3,72,0.95609791581318,8.37046447571637,0.0805545247101342,3.22466762408598,234.81800364726,12.6317845403257
0.4,0.9,3,96,1.27135182318942,8.32194845107713,0.0803368097784852,3.20663458572032,233.504850614963,12.8802716697653
0.4,0.9,3,120,1.58490624858519,8.27410477792349,0.0801202685122359,3.1888021150336,232.206302778443,13.1279334100545
0.4,0.9,5,2,0.0267698710778561,17.0648996191755,0.107666904521466,6.56003453670193,477.697050778079,23.7593709314768
0.4,0.9,5,4,0.053527557416942,15.895925177966,0.107642401357032,6.11789773188934,445.500963010894,22.1749928686293
0.4,0.9,5,8,0.107006409140147,14.450114772483,0.107593428471974,5.57060237874462,405.647304521892,20.2353169888397
0.4,0.9,5,16,0.213818261172767,13.5316298789117,0.107495616264272,5.22345542704304,380.368310320465,19.0763991833917
0.4,0.9,5,24,0.320436086226217,13.4962519805043,0.107397981735422,5.20998063758528,379.387085732727,19.1340666860512
0.4,0.9,5,48,0.639130671983813,13.4545054380608,0.107106139393749,5.19393427447225,378.2186009798,19.3946765239106
0.4,0.9,5,72,0.956097915813183,13.418062770207,0.106815878853387,5.1798585718314,377.193618321318,19.660835136705
0.4,0.9,5,96,1.27135182318942,13.381817089747,0.106527187288918,5.1658589540697,376.174176109639,19.925555054295
0.4,0.9,5,120,1.5849062485852,13.3457668037908,0.106240052013207,5.15193480594552,375.160229543306,20.1888479103347
0.4,0.9,7,2,0.0267698710778561,22.6697085111221,0.133222458727006,8.73120250536069,635.799958555384,31.5609033462876
0.4,0.9,7,4,0.0535275574169421,21.3521657591848,0.133192139551146,8.22997603627637,599.301003448683,29.7688614924293
0.4,0.9,7,8,0.107006409140147,19.7792480349528,0.133131542581378,7.63140009327494,555.713128866814,27.6507860799492
0.4,0.9,7,16,0.213818261172766,18.9019024213335,0.133010513906304,7.29794983147668,531.431517885802,26.5466810278892
0.4,0.9,7,24,0.320436086226217,18.8847409849835,0.1328897050835,7.2913213575153,530.948837124779,26.6293881338085
0.4,0.9,7,48,0.639130671983813,18.8334432132852,0.132528591754469,7.27150798426119,529.506041371723,26.8766104612846
0.4,0.9,7,72,0.956097915813183,18.7824234782898,0.132169435679254,7.251802000564,528.071065649848,27.1224928303462
0.4,0.9,7,96,1.27135182318942,18.7316795256458,0.131812220988229,7.23220253569761,526.643846553497,27.367046105521
0.4,0.9,7,120,1.5849062485852,18.6812091253071,0.13145693198287,7.21270872832377,525.224321360631,27.6102810341989
0.4,0.9,9,2,0.0267698710778561,28.179556120821,0.158240301741742,10.86332674899,791.059730036134,39.2278930426306
0.4,0.9,9,4,0.0535275574169421,26.7484123599824,0.158204288928419,10.3171819195211,751.289851863185,37.2773261258489
0.4,0.9,9,8,0.107006409140147,25.084717523591,0.158132312454838,9.6821671858643,705.048530453769,35.0320234310503
0.4,0.9,9,16,0.213818261172767,24.3003999702859,0.157988555807152,9.38307835475568,683.269094424598,34.0552851420215
0.4,0.9,9,24,0.320436086226217,24.2783352664073,0.15784506029779,9.37455603109105,682.648504874712,34.1311724440224
0.4,0.9,9,48,0.639130671983813,24.2123809885095,0.157416133503503,9.34908169405005,680.79348176364,34.3580094880468
0.4,0.9,9,72,0.956097915813184,24.1467841863726,0.156989531515689,9.32374542929652,678.948512978372,34.583617062998
0.4,0.9,9,96,1.27135182318942,24.0815419615446,0.156565235484565,9.29854611732545,677.11351699735,34.808005137544
0.4,0.9,9,120,1.5849062485852,24.0166514468234,0.156143226763583,9.27348265070194,675.28841317795,35.0311835728741
0.4,0.9,11,2,0.0267698710778561,33.5864140584033,0.182893196240194,12.9546401151212,943.347682434002,46.7507172408425
0.4,0.9,11,4,0.0535275574169421,32.0679792755251,0.182851572845511,12.3740944543056,901.072760181374,44.6784528600931
0.4,0.9,11,8,0.107006409140147,30.3649171514471,0.182768382866964,11.7227452832496,853.641976654343,42.3774372267039
0.4,0.9,11,16,0.213818261172767,29.6988975192383,0.18260222979163,11.4682068780347,835.106670963396,41.5635248882374
0.4,0.9,11,24,0.320436086226217,29.6719295478312,0.182436378538413,11.4577907046668,834.348172624647,41.6325927172626
0.4,0.9,11,48,0.639130671983813,29.5913187637338,0.181940627509776,11.4266554038389,832.080922155558,41.8390454670663
0.4,0.9,11,72,0.956097915813184,29.5111448944554,0.181447563478585,11.3956888580291,829.825960306898,42.0443792317762
0.4,0.9,11,96,1.27135182318942,29.4314043974434,0.180957164658372,11.3648896989533,827.583187441203,42.2486030842445
0.4,0.9,11,120,1.5849062485852,29.3520937683398,0.180469409497568,11.3342565730801,825.352504995271,42.4517259995027
0.4,0.9,13,2,0.0267698710778561,38.8927565356332,0.207277419607135,15.0066555984359,1092.77399094597,54.1334594247542
0.4,0.9,13,4,0.0535275574169421,37.3394582062026,0.207230246776091,14.4119640971914,1049.468978651,52.012180107587
0.4,0.9,13,8,0.107006409140147,35.6424775644436,0.207135965499123,13.7620440075941,1002.14225981972,49.718663946677
0.4,0.9,13,16,0.213818261172767,35.0973950681907,0.206947660075942,13.5533354013137,986.944247502195,49.0714963907531
0.4,0.9,13,24,0.320436086226217,35.065523829255,0.206759696715292,13.5410253782426,986.047840374581,49.1337449904391
0.4,0.9,13,48,0.639130671983813,34.9702565389581,0.206197849713348,13.5042291136278,983.368362547477,49.3198141742831
0.4,0.9,13,72,0.956097915813184,34.8755056025382,0.205639047952607,13.4676322867616,980.703407635424,49.5048748530656
0.4,0.9,13,96,1.27135182318942,34.7812668333422,0.205083266741924,13.4312332805812,978.052857885058,49.6889352038547
0.4,0.9,13,120,1.5849062485852,34.6875360898561,0.204530481656367,13.3950304954583,975.416596812592,49.872003315556
0.4,0.9,15,2,0.0267698710778561,44.2502581625641,0.231453149039981,17.0776349184572,1243.58123256363,61.5861161011392
0.4,0.9,15,4,0.0535275574169421,42.6564787889057,0.231400474222266,16.4668033583866,1199.10091266052,59.4082101789315
0.4,0.9,15,8,0.107006409140147,40.9589457368278,0.231295196481491,15.8159966615502,1151.70963172046,57.1132440039996
0.4,0.9,15,16,0.213818261172767,40.4958926171431,0.231084928121054,15.6384639245929,1138.78182404101,56.5792597310299
0.4,0.9,15,24,0.320436086226217,40.4591181106789,0.230875041719491,15.6242600518185,1137.74750812453,56.6346892904431
0.4,0.9,15,48,0.639130671983814,40.3491943141825,0.230247663888731,15.5818028234168,1134.65580293941,56.8003754734719
0.4,0.9,15,72,0.956097915813185,40.239866310621,0.229623686479819,15.5395757154943,1131.58085496396,56.9651636284083
0.4,0.9,15,96,1.27135182318942,40.1311292692409,0.229003081921765,15.4975768622092,1128.52252832892,57.1290610365613
0.4,0.9,15,120,1.5849062485852,40.0229784113724,0.228385822940844,15.4558044178367,1125.48068862993,57.2920749007351
0.4,0.9,17,2,0.0267698710778561,49.4906965412952,0.255460975015115,19.1033366795432,1391.09139453196,68.8762640669314
0.4,0.9,17,4,0.0535275574169421,47.8503752491629,0.255402836422712,18.4741417806025,1345.27386934867,66.6334474236051
0.4,0.9,17,8,0.107006409140147,46.2688507004689,0.255286638589945,17.8673210252991,1301.08561339703,64.4984647734981
0.4,0.9,17,16,0.213818261172767,45.8943901660956,0.25505455982759,17.7235924478715,1290.61940057977,64.0868554349674
0.4,0.9,17,24,0.320436086226217,45.8527123921027,0.254822902643369,17.7074947253939,1289.44717587443,64.1354661063662
0.4,0.9,17,48,0.639130671983814,45.7281320894068,0.254130449103577,17.6593765332053,1285.9432433313,64.2807697436996
0.4,0.9,17,72,0.956097915813185,45.6042270187038,0.253441748699503,17.6115191442264,1282.45830229246,64.4252858274429
0.4,0.9,17,96,1.27135182318942,45.4809917051397,0.252756771000315,17.5639204438366,1278.99219877275,64.5690207431661
0.4,0.9,17,120,1.5849062485852,45.3584207328887,0.252075485903279,17.5165783402145,1275.54478044722,64.7119808075917
0.4,0.9,19,2,0.0267698710778561,54.8121133100578,0.279329811320596,21.1598702933015,1540.84671009043,76.2780832857578
0.4,0.9,19,4,0.0535275574169421,53.1181989101449,0.279266240585202,20.5096716751369,1493.49970900691,73.960664383284
0.4,0.9,19,8,0.107006409140147,51.6372367456039,0.279139185880659,19.9409899768874,1452.08871207307,71.9643723175121
0.4,0.9,19,16,0.213818261172767,51.2928877150477,0.278885422984404,19.8087209711512,1442.45697711862,71.5943123703561
0.4,0.9,19,24,0.320436086226217,51.2463066735263,0.278632121056171,19.7907293989704,1441.14684362442,71.636104279779
0.4,0.9,19,48,0.639130671983813,51.1070698646308,0.277874968553301,19.7369502429949,1437.23068372327,71.7610257481628
0.4,0.9,19,72,0.956097915813185,50.9685877267863,0.277121919858035,19.6834625729597,1433.33574962103,71.8852701354172
0.4,0.9,19,96,1.27135182318942,50.8308541410382,0.276372941696256,19.6302640254652,1429.46186921665,72.0088429313891
0.4,0.9,19,120,1.5849062485852,50.6938630544047,0.275628001152601,19.5773522625933,1425.60887226459,72.1317495667358
0.4,0.9,21,2,0.0267698710778561,60.0829639063152,0.30308111799368,23.1967266157767,1689.16913928824,83.6095415111635
0.4,0.9,21,4,0.0535275574169421,58.3492423290918,0.303012141863049,22.5308850626389,1640.68303080209,81.2366670910107
0.4,0.9,21,8,0.107006409140147,56.9935360711092,0.302874283745731,22.0099797925571,1602.75107939838,79.4133965565523
0.4,0.9,21,16,0.213818261172767,56.6913852640003,0.302598943487781,21.8938494944293,1594.29455365735,79.1016519630902
0.4,0.9,21,24,0.320436086226217,56.6399009549504,0.302324103393787,21.8739640725451,1592.84651137428,79.1366252171156
0.4,0.9,21,48,0.639130671983814,56.4860076398554,0.301502570504129,21.8145239527828,1588.51812411511,79.2411648351262
0.4,0.9,21,72,0.956097915813185,56.3329484348694,0.300685490367262,21.7554060016913,1584.21319694949,79.3451378427411
0.4,0.9,21,96,1.27135182318942,56.1807165769373,0.299872826879783,21.6966076070921,1579.93153966044,79.4485488340986
0.4,0.9,21,120,1.5849062485852,56.0293053759213,0.299064544327546,21.6381261849706,1575.67296408184,79.5514023538046
0.4,0.8,3,2,0.0267698710778561,10.1777357361493,0.0766385262680764,4.37002069791652,318.221800137565,14.6511648314118
0.4,0.8,3,4,0.0535275574169419,9.39280386518635,0.0766210846371549,4.04177773800511,294.31938117756,13.5647302452456
0.4,0.8,3,8,0.107006409140147,8.48042150124818,0.0765862251809959,3.65921709962028,266.461587490991,12.3232312351896
0.4,0.8,3,16,0.213818261172766,7.96973843816633,0.0765166013399222,3.44524579403022,250.880349151521,11.7053190947092
0.4,0.8,3,24,0.320436086226215,7.80366703098607,0.0764471039726743,3.37610279521029,245.845405138126,11.5766530163952
0.4,0.8,3,48,0.63913067198381,7.59772007966005,0.0762393672770964,3.28951242230161,239.539955748671,11.6026025412226
0.4,0.8,3,72,0.956097915813179,7.53899852741907,0.0760327565256679,3.26458973388318,237.725103298073,11.8357189336411
0.4,0.8,3,96,1.27135182318942,7.4954830508715,0.075827262589112,3.24610870495518,236.379327911547,12.0887708416052
0.4,0.8,3,120,1.58490624858519,7.45156890731339,0.0756228764365807,3.22783574247162,235.04870377557,12.3399337748068
0.4,0.8,5,2,0.0267698710778561,15.1777614632056,0.100431545835593,6.56003453670193,477.697050778079,21.864997416821
0.4,0.8,5,4,0.0535275574169421,14.1373271618929,0.100408689316286,6.1184681368865,445.54249949723,20.4097315455126
0.4,0.8,5,8,0.107006409140147,12.8484091080112,0.100363007474012,5.57093908789722,405.671823442984,18.6267176125226
0.4,0.8,5,16,0.213818261172766,12.036535859259,0.100271768376309,5.22665899158739,380.601591612851,17.5772848803955
0.4,0.8,5,24,0.320436086226217,11.998175756746,0.100180695017202,5.21027516187711,379.408532782251,17.6290676998666
0.4,0.8,5,48,0.639130671983812,11.960356056054,0.0999084648676988,5.19393427447225,378.2186009798,17.8933294673778
0.4,0.8,5,72,0.956097915813183,11.9279625735173,0.0996377102203608,5.17985857183141,377.193618321319,18.1635567713822
0.4,0.8,5,96,1.27135182318942,11.8957441908862,0.0993684191116572,5.1658589540697,376.174176109639,18.4323233872569
0.4,0.8,5,120,1.5849062485852,11.8636994922585,0.0991005797070437,5.15193480594553,375.160229543307,18.6996411264962
0.4,0.8,7,2,0.0267698710778561,20.157986156128,0.12336186690344,8.73120250536069,635.799958555384,29.03932039947
0.4,0.8,7,4,0.0535275574169421,18.9846322174202,0.123333791831318,8.22997603627637,599.301003448683,27.3914696029449
0.4,0.8,7,8,0.107006409140147,17.5839080228051,0.123277680006099,7.63140009327494,555.713128866815,25.4455922052263
0.4,0.8,7,16,0.213818261172766,16.8024867078518,0.123165609387911,7.29794983147668,531.431517885802,24.4374204098892
0.4,0.8,7,24,0.320436086226217,16.7872320977629,0.123053742349412,7.29132135751531,530.948837124779,24.5220432838539
0.4,0.8,7,48,0.639130671983812,16.7416340784755,0.122719357179984,7.27150798426119,529.506041371723,24.7749920919005
0.4,0.8,7,72,0.956097915813183,16.6962832029241,0.122386784396298,7.251802000564,528.071065649848,25.0265699036976
0.4,0.8,7,96,1.27135182318942,16.6511774672405,0.122056009303335,7.23220253569761,526.643846553497,25.2767878354309
0.4,0.8,7,120,1.5849062485852,16.6063148891617,0.121727017364513,7.21270872832377,525.224321360631,25.5256568834352
0.4,0.8,9,2,0.0267698710778561,25.054481352679,0.145785228998837,10.86332674899,791.059730036134,36.0903632017457
0.4,0.8,9,4,0.0535275574169421,23.7804481589587,0.145752050749178,10.3171819195211,751.289851863185,34.2969096866459
0.4,0.8,9,8,0.107006409140147,22.2994292714182,0.145685739534096,9.68216718586431,705.04853045377,32.2342886059568
0.4,0.8,9,16,0.213818261172766,21.6011511958097,0.145553297952702,9.38307835475569,683.269094424599,31.3436011096908
0.4,0.8,9,24,0.320436086226217,21.5815381256954,0.145421096955469,9.37455603109106,682.648504874713,31.4219513399682
0.4,0.8,9,48,0.639130671983813,21.5229121008973,0.145025930931134,9.34908169405005,680.79348176364,31.6561503978623
0.4,0.8,9,72,0.956097915813184,21.4646038323312,0.144632906728068,9.32374542929653,678.948512978373,31.889080084169
0.4,0.8,9,96,1.27135182318942,21.4066107435952,0.144242006980155,9.29854611732546,677.11351699735,32.1207506910902
0.4,0.8,9,120,1.5849062485852,21.3489302860653,0.14385321450851,9.27348265070195,675.288413177951,32.3511723998609
0.4,0.8,11,2,0.0267698710778561,29.8597270232474,0.16786451433337,12.9546401151212,943.347682434002,43.0090015237798
0.4,0.8,11,4,0.0535275574169421,28.508298962922,0.167826311212219,12.3740944543056,901.072760181374,41.1037472858567
0.4,0.8,11,8,0.107006409140147,26.9926117477233,0.167749957112487,11.7227452832496,853.641976654343,38.9901133972255
0.4,0.8,11,16,0.213818261172767,26.3998156837675,0.167597457151475,11.4682068780347,835.106670963396,38.2494382801264
0.4,0.8,11,24,0.320436086226217,26.3758441536278,0.167445234211283,11.4577907046668,834.348172624647,38.3215161787321
0.4,0.8,11,48,0.639130671983813,26.3041901233191,0.166990219987883,11.4266554038389,832.080922155558,38.5369664191297
0.4,0.8,11,72,0.956097915813184,26.2329244617383,0.166537671966236,11.3956888580291,829.825960306898,38.7512489075467
0.4,0.8,11,96,1.27135182318942,26.1620440199498,0.166087570150111,11.3648896989533,827.583187441203,38.9643731122426
0.4,0.8,11,120,1.5849062485852,26.0915456829688,0.165639894758871,11.3342565730801,825.352504995271,39.176348399393
0.4,0.8,13,2,0.0267698710778561,34.5757621334137,0.189690494095901,15.0066555984359,1092.77399094597,49.7988780970233
0.4,0.8,13,4,0.0535275574169421,33.1935398885297,0.189647323751318,14.4119640971914,1049.468978651,47.8486788668893
0.4,0.8,13,8,0.107006409140147,31.6835230489502,0.18956104198437,13.7620440075941,1002.14225981972,45.7421345076688
0.4,0.8,13,16,0.213818261172767,31.1984801717248,0.189388713764385,13.5533354013137,986.944247502196,45.1550225479757
0.4,0.8,13,24,0.320436086226217,31.1701501815598,0.189216698583854,13.5410253782426,986.047840374582,45.2208283446124
0.4,0.8,13,48,0.639130671983813,31.0854681457403,0.188702522772485,13.5042291136278,983.368362547477,45.4175304541244
0.4,0.8,13,72,0.956097915813184,31.0012450911448,0.188191133821882,13.4676322867616,980.703407635425,45.6131664275415
0.4,0.8,13,96,1.27135182318942,30.9174772963039,0.187682509135877,13.4312332805812,978.052857885058,45.8077449092104
0.4,0.8,13,120,1.5849062485852,30.8341610798718,0.187176626361926,13.3950304954583,975.416596812592,46.0012744502773
0.4,0.8,15,2,0.0267698710778561,39.3375010287352,0.211319903892253,17.0776349184572,1243.58123256363,56.6532257221625
0.4,0.8,15,4,0.0535275574169421,37.9194407823818,0.211271811060234,16.4668033583866,1199.10091266052,54.6510435092456
0.4,0.8,15,8,0.107006409140147,36.4091265845477,0.211175691037003,15.8159966615502,1151.70963172046,52.543305346275
0.4,0.8,15,16,0.213818261172767,35.9971446596824,0.210983713136061,15.6384639245929,1138.78182404101,52.0604105585841
0.4,0.8,15,24,0.320436086226217,35.9644562094919,0.210792083968816,15.6242600518185,1137.74750812453,52.1199444315055
0.4,0.8,15,48,0.639130671983813,35.8667461681618,0.210219279392814,15.5818028234168,1134.65580293941,52.2978989429553
0.4,0.8,15,72,0.956097915813185,35.7695657205516,0.20964957944866,15.5395757154943,1131.58085496396,52.4748889313078
0.4,0.8,15,96,1.27135182318942,35.6729105726582,0.209082958963664,15.4975768622092,1128.52252832892,52.6509222170205
0.4,0.8,15,120,1.5849062485852,35.5767764767751,0.208519393036538,15.4558044178367,1125.48068862993,52.8260065362335
0.4,0.8,17,2,0.0267698710778561,43.9952017611065,0.232791012790561,19.1033366795432,1391.09139453196,63.3580993245181
0.4,0.8,17,4,0.0535275574169421,42.5358822144206,0.232738033497709,18.4741417806025,1345.27386934867,61.2962895859378
0.4,0.8,17,8,0.107006409140147,41.1289229968633,0.232632147222232,17.8673210252991,1301.08561339703,59.3358825785248
0.4,0.8,17,16,0.213818261172767,40.7958091476407,0.23242066345203,17.7235924478715,1290.61940057977,58.965640520137
0.4,0.8,17,24,0.320436086226217,40.7587622374248,0.232209563848531,17.7074947253939,1289.44717587443,59.0189026128935
0.4,0.8,17,48,0.639130671983814,40.648024190584,0.231578559598943,17.6593765332053,1285.9432433313,59.1781099553721
0.4,0.8,17,72,0.956097915813185,40.5378863499591,0.230950975426588,17.6115191442264,1282.45830229246,59.3364543854253
0.4,0.8,17,96,1.27135182318942,40.4283438490133,0.230326783601111,17.5639204438366,1278.99219877275,59.4939428996404
0.4,0.8,17,120,1.5849062485852,40.319391873679,0.229705956691135,17.5165783402145,1275.54478044722,59.6505824191698
0.4,0.8,19,2,0.0267698710778561,48.7250114232533,0.254131080971634,21.1598702933015,1540.84671009043,70.1657826686043
0.4,0.8,19,4,0.0535275574169421,47.2181409503856,0.254073245040598,20.5096716751369,1493.49970900691,68.0354134279801
0.4,0.8,19,8,0.107006409140147,45.9007725787376,0.253957652117467,19.9409899768874,1452.08871207307,66.2027266168826
0.4,0.8,19,16,0.213818261172767,45.5944736355979,0.253726781524633,19.8087209711512,1442.45697711862,65.8707396494466
0.4,0.8,19,24,0.320436086226217,45.5530682653567,0.253496330315256,19.7907293989704,1441.14684362442,65.9177300808685
0.4,0.8,19,48,0.639130671983813,45.4293022130052,0.252807481591573,19.7369502429949,1437.23068372326,66.0581906095755
0.4,0.8,19,72,0.956097915813185,45.3062069793656,0.252122366465309,19.6834625729597,1433.33574962103,66.1978898346038
0.4,0.8,19,96,1.27135182318942,45.1837771253673,0.251440954664051,19.6302640254652,1429.46186921665,66.336833928686
0.4,0.8,19,120,1.5849062485852,45.062007270582,0.250763216241776,19.5773522625933,1425.60887226459,66.4750289980023
0.4,0.8,21,2,0.0267698710778561,53.4099155183341,0.275360341152629,23.1967266157767,1689.16913928824,76.9087723463413
0.4,0.8,21,4,0.0535275574169421,51.8677379023088,0.275297673801433,22.5308850626389,1640.68303080209,74.7274481961661
0.4,0.8,21,8,0.107006409140147,50.6618814972985,0.275172424632279,22.0099797925571,1602.75107939838,73.0540401236281
0.4,0.8,21,16,0.213818261172767,50.3931381235553,0.274922267882613,21.8938494944293,1594.29455365735,72.77572814704
0.4,0.8,21,24,0.320436086226217,50.3473742932887,0.274672565550295,21.8739640725451,1592.84651137428,72.8164470176103
0.4,0.8,21,48,0.639130671983814,50.2105802354264,0.273926172709125,21.8145239527828,1588.51812411511,72.9381610329022
0.4,0.8,21,72,0.956097915813185,50.0745276087722,0.27318382535761,21.7554060016913,1584.21319694949,73.0592153516342
0.4,0.8,21,96,1.27135182318942,49.9392104017215,0.272445490694481,21.6966076070921,1579.93153966044,73.1796153226975
0.4,0.8,21,120,1.5849062485852,49.804622667485,0.271711136272124,21.6381261849706,1575.67296408184,73.2993662373129
0.4,0.7,3,2,0.0267698710778561,8.93019005084469,0.072018552961765,4.37457027365079,318.553097007786,13.4035487485351
0.4,0.7,3,4,0.0535275574169421,8.25831819123532,0.0720021627585419,4.05511766392591,295.290785098425,12.4389655753367
0.4,0.7,3,8,0.107006409140147,7.50735405480803,0.0719694047227099,3.69700729333595,269.213442528538,11.3833371620068
0.4,0.7,3,16,0.213818261172766,7.1199485483261,0.0719039779911436,3.51237015185512,255.768297162912,10.9180409393451
0.4,0.7,3,24,0.320436086226216,6.99564923648255,0.0718386701092262,3.45357918062009,251.487180437958,10.8415031734381
0.4,0.7,3,48,0.639130671983811,6.85290786663416,0.0716434563317554,3.38563814755816,246.539762716462,10.9493201425079
0.4,0.7,3,72,0.956097915813181,6.80998574492796,0.0714493006235393,3.36469024264137,245.014351174382,11.2022232040061
0.4,0.7,3,96,1.27135182318942,6.76963067958612,0.0712561944056378,3.34506189578388,243.585028911974,11.4573005929651
0.4,0.7,3,120,1.58490624858519,6.72996347382287,0.0710641291916066,3.32566122961908,242.172286195727,11.7115950812187
0.4,0.7,5,2,0.0267698710778561,13.2906233072356,0.0931159141511582,6.56003453670193,477.697050778079,19.9705436291666
0.4,0.7,5,4,0.0535275574169421,12.3808234095421,0.0930947225457528,6.12021505429802,445.669708781078,18.6476607438028
0.4,0.7,5,8,0.107006409140147,11.2490057625556,0.09305236825888,5.57248380252111,405.784308463604,17.0215483424758
0.4,0.7,5,16,0.213818261172766,10.5507304369257,0.0929677751968264,5.23520272297465,381.223740057878,16.0927191962699
0.4,0.7,5,24,0.320436086226217,10.4999511384358,0.092883335800644,5.21058082829921,379.43079119378,16.1238513887619
0.4,0.7,5,48,0.639130671983812,10.4662066740472,0.0926309354316205,5.19393427447225,378.2186009798,16.3919025559349
0.4,0.7,5,72,0.956097915813183,10.4378623768276,0.0923799030862774,5.17985857183141,377.193618321318,16.6661987675584
0.4,0.7,5,96,1.27135182318942,10.4096712920253,0.0921302276725307,5.1658589540697,376.174176109639,16.939012296957
0.4,0.7,5,120,1.5849062485852,10.3816321807261,0.0918818982178879,5.15193480594553,375.160229543307,17.2103551334747
0.4,0.7,7,2,0.0267698710778561,17.6462638011345,0.11340629478709,8.73120250536069,635.799958555384,26.5176424723601
0.4,0.7,7,4,0.053527557416942,16.6170986756561,0.113380485434612,8.22997603627636,599.301003448683,25.013982754784
0.4,0.7,7,8,0.107006409140147,15.3885680106579,0.113328901956252,7.63140009327493,555.713128866814,23.2403034150292
0.4,0.7,7,16,0.213818261172766,14.7030709943705,0.113225875681746,7.29794983147668,531.431517885801,22.3280649627017
0.4,0.7,7,24,0.320436086226216,14.6897232105427,0.113123036557603,7.2913213575153,530.948837124779,22.4146036908418
0.4,0.7,7,48,0.639130671983812,14.6498249436662,0.11281563700174,7.27150798426118,529.506041371723,22.673279236913
0.4,0.7,7,72,0.956097915813183,14.6101429275588,0.112509903568131,7.251802000564,528.071065649848,22.9305527475041
0.4,0.7,7,96,1.27135182318942,14.5706754088356,0.112205822747676,7.23220253569761,526.643846553497,23.1864355904703
0.4,0.7,7,120,1.5849062485852,14.5314206530167,0.111903381176928,7.21270872832377,525.224321360631,23.4409390111026
0.4,0.7,9,2,0.0267698710778561,21.9294065845371,0.133222458727006,10.86332674899,791.059730036134,32.9527256633319
0.4,0.7,9,4,0.0535275574169421,20.8124839579349,0.133192139551146,10.3171819195211,751.289851863185,31.3163855744242
0.4,0.7,9,8,0.107006409140147,19.5141410192454,0.133131542581378,9.6821671858643,705.048530453769,29.4364461568312
0.4,0.7,9,16,0.213818261172767,18.9019024213335,0.133010513906304,9.38307835475568,683.269094424598,28.6318095511682
0.4,0.7,9,24,0.320436086226217,18.8847409849835,0.1328897050835,9.37455603109105,682.648504874712,28.7126228073843
0.4,0.7,9,48,0.639130671983813,18.8334432132852,0.132528591754469,9.34908169405005,680.79348176364,28.9541841710735
0.4,0.7,9,72,0.956097915813184,18.7824234782898,0.132169435679254,9.32374542929652,678.948512978372,29.1944362590788
0.4,0.7,9,96,1.27135182318942,18.7316795256458,0.131812220988229,9.29854611732545,677.11351699735,29.4333896871489
0.4,0.7,9,120,1.5849062485852,18.6812091253071,0.13145693198287,9.27348265070193,675.28841317795,29.6710549565771
0.4,0.7,11,2,0.0267698710778561,26.1330399880909,0.152716768328447,12.9546401151212,943.347682434002,39.2671667426184
0.4,0.7,11,4,0.0535275574169421,24.9486186503184,0.152682012577803,12.3740944543056,901.072760181374,37.5289226746187
0.4,0.7,11,8,0.107006409140147,23.6203063439989,0.152612548513846,11.7227452832496,853.641976654343,35.6026705849026
0.4,0.7,11,16,0.213818261172767,23.1007338482963,0.152473809833378,11.4682068780347,835.106670963396,34.9352327973371
0.4,0.7,11,24,0.320436086226217,23.0797587594241,0.152335323175946,11.4577907046668,834.348172624647,35.0103208734931
0.4,0.7,11,48,0.639130671983813,23.0170614829039,0.151921368493402,11.4266554038389,832.080922155559,35.23476892722
0.4,0.7,11,72,0.956097915813184,22.9547040290207,0.151509657467675,11.3956888580291,829.825960306898,35.4580004603306
0.4,0.7,11,96,1.27135182318942,22.8926836424558,0.151100171906952,11.3648896989533,827.583187441204,35.6800253365055
0.4,0.7,11,120,1.5849062485852,22.8309975975974,0.150692893815558,11.3342565730801,825.352504995271,35.9008533130783
0.4,0.7,13,2,0.0267698710778561,30.2587677311947,0.17197413226374,15.0066555984359,1092.77399094597,45.4641673329722
0.4,0.7,13,4,0.0535275574169421,29.0476215708573,0.171934993863134,14.4119640971914,1049.468978651,43.6850482193288
0.4,0.7,13,8,0.107006409140147,27.7245685334572,0.17185677048103,13.7620440075941,1002.14225981972,41.7654757206726
0.4,0.7,13,16,0.213818261172767,27.2995652752594,0.17170053705332,13.5533354013137,986.944247502196,41.2384194747992
0.4,0.7,13,24,0.320436086226217,27.274776533865,0.171544587428385,13.5410253782426,986.047840374583,41.3077825857622
0.4,0.7,13,48,0.639130671983813,27.200679752523,0.171078433658199,13.5042291136278,983.368362547478,41.5151179717928
0.4,0.7,13,72,0.956097915813185,27.1269845797519,0.170614806466714,13.4676322867616,980.703407635425,41.7213295887934
0.4,0.7,13,96,1.27135182318942,27.0536877592661,0.170153685368155,13.4312332805812,978.052857885059,41.9264265484048
0.4,0.7,13,120,1.5849062485852,26.980786069888,0.169695050097621,13.3950304954583,975.416596812593,42.1304178640292
0.4,0.7,15,2,0.0267698710778561,34.4247438949072,0.19104762183254,17.0776349184572,1243.58123256363,51.7201963062748
0.4,0.7,15,4,0.0535275574169421,33.1824027758588,0.191004142628663,16.4668033583866,1199.10091266052,49.893737834291
0.4,0.7,15,8,0.107006409140147,31.8593074322684,0.190917243564683,15.8159966615502,1151.70963172046,47.9732277465234
0.4,0.7,15,16,0.213818261172767,31.4983967022225,0.190743682434169,15.6384639245929,1138.78182404101,47.5414225704223
0.4,0.7,15,24,0.320436086226217,31.4697943083058,0.190570436582731,15.6242600518185,1137.74750812453,47.6050608829333
0.4,0.7,15,48,0.639130671983814,31.3842980221419,0.190052582135495,15.5818028234169,1134.65580293941,47.7952840996781
0.4,0.7,15,72,0.956097915813185,31.299265130483,0.189537534487431,15.5395757154943,1131.58085496396,47.9844762962779
0.4,0.7,15,96,1.27135182318942,31.2146918760763,0.189025270880708,15.4975768622092,1128.52252832893,48.1726458323556
0.4,0.7,15,120,1.5849062485852,31.1305745421786,0.188515768802863,15.4558044178367,1125.48068862993,48.3598009774033
0.4,0.7,17,2,0.0267698710778561,38.4997069809174,0.209973034470214,19.1033366795432,1391.09139453196,57.8397865660087
0.4,0.7,17,4,0.0535275574169421,37.2213891796781,0.20992524816287,18.4741417806025,1345.27386934867,55.9589837658605
0.4,0.7,17,8,0.107006409140147,35.9889952932575,0.209829740770621,17.8673210252991,1301.08561339703,54.1731524684674
0.4,0.7,17,16,0.213818261172767,35.6972281291856,0.209638986460829,17.7235924478715,1290.61940057977,53.8442778246907
0.4,0.7,17,24,0.320436086226217,35.6648120827467,0.209448578662046,17.7074947253939,1289.44717587443,53.9021914730289
0.4,0.7,17,48,0.639130671983814,35.567916291761,0.208879424915682,17.6593765332053,1285.9432433313,54.0753029218658
0.4,0.7,17,72,0.956097915813185,35.4715456812142,0.208313356013471,17.6115191442264,1282.45830229246,54.2474760972673
0.4,0.7,17,96,1.27135182318942,35.3756959928866,0.207750346943164,17.5639204438366,1278.99219877275,54.4187186068559
0.4,0.7,17,120,1.5849062485852,35.2803630144692,0.207190372962186,17.5165783402145,1275.54478044722,54.589037976231
0.4,0.7,19,2,0.0267698710778561,42.6379095364487,0.228775869740987,21.1598702933015,1540.84671009043,64.053325570569
0.4,0.7,19,4,0.0535275574169421,41.3180829906263,0.228723804226708,20.5096716751369,1493.49970900691,62.1100060274068
0.4,0.7,19,8,0.107006409140147,40.1643084118713,0.228619744261182,19.9409899768874,1452.08871207307,60.44092454216
0.4,0.7,19,16,0.213818261172767,39.8960595561481,0.228411908130035,19.8087209711512,1442.45697711862,60.1470106966022
0.4,0.7,19,24,0.320436086226217,39.8598298571871,0.228204449539544,19.7907293989704,1441.14684362442,60.1991997919232
0.4,0.7,19,48,0.639130671983813,39.7515345613795,0.227584328752752,19.7369502429949,1437.23068372326,60.3551998051109
0.4,0.7,19,72,0.956097915813185,39.6438262319449,0.226967569054235,19.6834625729597,1433.33574962103,60.5103542897719
0.4,0.7,19,96,1.27135182318942,39.5367001096964,0.226354143191927,19.6302640254652,1429.46186921665,60.6646701015429
0.4,0.7,19,120,1.5849062485852,39.4301514867592,0.225744024207582,19.5773522625933,1425.60887226459,60.8181540221453
0.4,0.7,21,2,0.0267698710778561,46.7368671303543,0.247475053618758,23.1967266157767,1689.16913928824,70.2078386708276
0.4,0.7,21,4,0.0535275574169421,45.3862334755272,0.247418732486846,22.5308850626389,1640.68303080209,68.2180648280699
0.4,0.7,21,8,0.107006409140147,44.330226923489,0.24730616709445,22.0099797925571,1602.75107939838,66.6945192922807
0.4,0.7,21,16,0.213818261172767,44.0948909831114,0.247081343306182,21.8938494944293,1594.29455365735,66.4496400820197
0.4,0.7,21,24,0.320436086226217,44.0548476316281,0.246856927917167,21.8739640725451,1592.84651137428,66.4961047183166
0.4,0.7,21,48,0.639130671983814,43.9351528309987,0.246186121047826,21.8145239527828,1588.51812411511,66.6349935768131
0.4,0.7,21,72,0.956097915813185,43.8161067826762,0.245518949988076,21.7554060016913,1584.21319694949,66.7731296501687
0.4,0.7,21,96,1.27135182318942,43.6977042265068,0.244855385258379,21.6966076070921,1579.93153966044,66.9105190420467
0.4,0.7,21,120,1.5849062485852,43.5799399590499,0.244195397697035,21.6381261849706,1575.67296408184,67.0471677903027
0.4,0.6,3,2,0.0267698710778561,7.68890616188391,0.0673224960743868,4.38396484913146,319.237203314745,12.1669633781676
0.4,0.6,3,4,0.053527557416942,7.13353594845791,0.0673071746141967,4.07798161604618,296.955721835554,11.3323522965352
0.4,0.6,3,8,0.107006409140147,6.59068663905221,0.0672765526057279,3.77819180243509,275.125240758952,10.5431614032332
0.4,0.6,3,16,0.213818261172766,6.33316958127752,0.0672153921033591,3.63563876226337,264.744629728859,10.249841996817
0.4,0.6,3,24,0.320436086226216,6.2336100847645,0.0671543427009037,3.58055395888047,260.733393511811,10.2017544725721
0.4,0.6,3,48,0.639130671983811,6.14574762005063,0.0669718580739991,3.53217819887564,257.210705063425,10.3840283489841
0.4,0.6,3,72,0.956097915813181,6.10119580656593,0.066790362523663,3.50707562779497,255.382753685258,10.6311597126977
0.4,0.6,3,96,1.27135182318942,6.06326385520314,0.0666098480303558,3.48575614767058,253.830284300751,10.8869816740935
0.4,0.6,3,120,1.58490624858519,6.02624161435406,0.0664303066610018,3.4646943032241,252.296575763129,11.1422724728244
0.4,0.6,5,2,0.0267698710778561,11.4034851512659,0.0857020589859264,6.56003453670193,477.697050778079,18.0759916180316
0.4,0.6,5,4,0.053527557416942,10.6239432690118,0.0856825546484237,6.12232365383708,445.823255500298,16.8854770349142
0.4,0.6,5,8,0.107006409140147,9.65377976812601,0.0856435725944434,5.57686715927295,406.103501385706,15.4232969091336
0.4,0.6,5,16,0.213818261172766,9.087519159057,0.0855657148011757,5.25892281289422,382.951020140837,14.6458259479252
0.4,0.6,5,24,0.320436086226216,9.02937531383381,0.0854879984389584,5.22641572145335,380.583876854655,14.6617151199523
0.4,0.6,5,48,0.639130671983812,8.97205729204054,0.0852556940953743,5.19393427447226,378.2186009798,14.890377932592
0.4,0.6,5,72,0.956097915813182,8.94776218013799,0.0850246488539234,5.17985857183141,377.193618321319,15.1687433166365
0.4,0.6,5,96,1.27135182318942,8.92359839316464,0.0847948525056696,5.1658589540697,376.174176109639,15.4456040229294
0.4,0.6,5,120,1.5849062485852,8.89956486919386,0.084566294951746,5.15193480594553,375.160229543306,15.7209722186763
0.4,0.6,7,2,0.0267698710778561,15.1345414461406,0.103334503080945,8.73120250536069,635.799958555384,23.9958483256601
0.4,0.6,7,4,0.053527557416942,14.2506553034943,0.103310985897722,8.23059061279448,599.345756473768,22.6380844596035
0.4,0.6,7,8,0.107006409140147,13.1932279985104,0.103263983629343,7.63140009327493,555.713128866814,21.0348984845548
0.4,0.6,7,16,0.213818261172766,12.603655280889,0.103170107280589,7.29794983147668,531.431517885802,20.218593480819
0.4,0.6,7,24,0.320436086226217,12.5922143233223,0.103076401461079,7.2913213575153,530.948837124779,20.3070481685249
0.4,0.6,7,48,0.639130671983813,12.5580158088568,0.102796302544065,7.27150798426119,529.506041371723,20.5714507676458
0.4,0.6,7,72,0.956097915813183,12.5240026521932,0.102517721778363,7.251802000564,528.071065649848,20.8344202903487
0.4,0.6,7,96,1.27135182318942,12.4901733504305,0.102240646854638,7.23220253569761,526.643846553497,21.0959683561722
0.4,0.6,7,120,1.5849062485852,12.4565264168714,0.10196506559627,7.21270872832377,525.224321360631,21.3561064593766
0.4,0.6,9,2,0.0267698710778561,18.8043318163951,0.120527907827146,10.86332674899,791.059730036134,29.8149563442901
0.4,0.6,9,4,0.0535275574169421,17.8445197569112,0.120500477716125,10.3171819195211,751.289851863185,28.3357297115654
0.4,0.6,9,8,0.107006409140147,16.7288527670726,0.120445654932814,9.68216718586431,705.04853045377,26.6384720170099
0.4,0.6,9,16,0.213818261172766,16.2026536468573,0.120336158882875,9.38307835475568,683.269094424599,25.9198864216686
0.4,0.6,9,24,0.320436086226217,16.1879438442716,0.120226861735843,9.37455603109106,682.648504874713,26.0031628233247
0.4,0.6,9,48,0.639130671983813,16.143974325673,0.119900158307213,9.34908169405005,680.79348176364,26.2520868500141
0.4,0.6,9,72,0.956097915813183,16.1002431242484,0.119575225628873,9.32374542929653,678.948512978373,26.499661694987
0.4,0.6,9,96,1.27135182318942,16.0567483076964,0.11925204934339,9.29854611732545,677.11351699735,26.7458982975547
0.4,0.6,9,120,1.5849062485852,16.013487964549,0.118930615248125,9.27348265070194,675.288413177951,26.9908074790842
0.4,0.6,11,2,0.0267698710778561,22.4063529529352,0.137423333357587,12.9546401151212,943.347682434002,35.5251862724918
0.4,0.6,11,4,0.0535275574169421,21.3889383377154,0.137392058133791,12.3740944543056,901.072760181374,33.9539524075717
0.4,0.6,11,8,0.107006409140147,20.2480009402751,0.137329550373039,11.7227452832496,853.641976654343,32.2150821830379
0.4,0.6,11,16,0.213818261172767,19.8016520128255,0.137204705327245,11.4682068780347,835.106670963397,31.6208818573603
0.4,0.6,11,24,0.320436086226217,19.7836733652208,0.137080087066276,11.4577907046668,834.348172624647,31.6989802431801
0.4,0.6,11,48,0.639130671983813,19.7299328424892,0.136707586829683,11.4266554038389,832.080922155558,31.9324265051416
0.4,0.6,11,72,0.956097915813184,19.6764835963036,0.136337105564562,11.3956888580291,829.825960306898,32.1646074757104
0.4,0.6,11,96,1.27135182318942,19.6233232649623,0.135968626900874,11.3648896989533,827.583187441204,32.3955334140059
0.4,0.6,11,120,1.5849062485852,19.5704495122265,0.135602134645076,11.3342565730801,825.352504995271,32.6252144685369
0.4,0.6,13,2,0.0267698710778561,25.9417733289755,0.154099389827755,15.0066555984359,1092.77399094597,41.1292981883171
0.4,0.6,13,4,0.0535275574169421,24.9017032531847,0.154064319415868,14.4119640971914,1049.468978651,39.5212592272089
0.4,0.6,13,8,0.107006409140147,23.7656140179641,0.1539942264589,13.7620440075941,1002.14225981972,37.7886586611573
0.4,0.6,13,16,0.213818261172767,23.4006503787938,0.153854231707574,13.5533354013137,986.944247502195,37.3216582729878
0.4,0.6,13,24,0.320436086226217,23.37940288617,0.153714491260973,13.5410253782426,986.047840374581,37.3945788418998
0.4,0.6,13,48,0.639130671983813,23.3158913593054,0.153296788839068,13.5042291136278,983.368362547477,37.6125479337561
0.4,0.6,13,72,0.956097915813185,23.2527240683588,0.15288135038693,13.4676322867616,980.703407635424,37.8293356213205
0.4,0.6,13,96,1.27135182318942,23.1898982222281,0.152468157548046,13.4312332805812,978.052857885058,38.0449514835467
0.4,0.6,13,120,1.5849062485852,23.127411059904,0.15205719216382,13.3950304954583,975.416596812592,38.2594049961114
0.4,0.6,15,2,0.0267698710778561,29.5119867610786,0.170605211713589,17.0776349184572,1243.58123256363,46.7869967623272
0.4,0.6,15,4,0.0535275574169421,28.4453647693352,0.170566384856121,16.4668033583866,1199.10091266052,45.1362620699948
0.4,0.6,15,8,0.107006409140147,27.3094882799884,0.170488784135077,15.8159966615502,1151.70963172046,43.4029801348138
0.4,0.6,15,16,0.213818261172767,26.9996487447619,0.170333794331318,15.6384639245929,1138.78182404101,43.0222647248589
0.4,0.6,15,24,0.320436086226217,26.9751324071191,0.170179086071253,15.6242600518185,1137.74750812453,43.0900076312351
0.4,0.6,15,48,0.639130671983813,26.9018498761215,0.169716642902581,15.5818028234168,1134.65580293941,43.2925000144247
0.4,0.6,15,72,0.956097915813185,26.8289645404138,0.169256706200948,15.5395757154943,1131.58085496396,43.4938948779223
0.4,0.6,15,96,1.27135182318942,26.7564731794938,0.168799255643648,15.4975768622092,1128.52252832892,43.6942011205361
0.4,0.6,15,120,1.5849062485852,26.6843726075814,0.168344271127088,15.4558044178367,1125.48068862993,43.8934275451304
0.4,0.6,17,2,0.0267698710778561,33.004212200728,0.186973941000276,19.1033366795432,1391.09139453196,52.3212926923493
0.4,0.6,17,4,0.0535275574169421,31.9068961449352,0.186931388897181,18.4741417806025,1345.27386934867,50.6214968718518
0.4,0.6,17,8,0.107006409140147,30.8490675896513,0.186846342769384,17.8673210252991,1301.08561339703,49.0102413668599
0.4,0.6,17,16,0.213818261172767,30.5986471107301,0.186676482457775,17.7235924478715,1290.61940057977,48.7227343022322
0.4,0.6,17,24,0.320436086226217,30.5708619280682,0.186506930702591,17.7074947253939,1289.44717587443,48.7852996703909
0.4,0.6,17,48,0.639130671983814,30.4878083929376,0.186000118390899,17.6593765332053,1285.9432433313,48.9723157165176
0.4,0.6,17,72,0.956097915813185,30.4052050124689,0.185496053029406,17.6115191442264,1282.45830229246,49.158318125538
0.4,0.6,17,96,1.27135182318942,30.3230481367596,0.184994712345543,17.5639204438366,1278.99219877275,49.3433151161312
0.4,0.6,17,120,1.5849062485852,30.2413341552589,0.184496074306876,17.5165783402145,1275.54478044722,49.5273148183654
0.4,0.6,19,2,0.0267698710778561,36.550807649644,0.203229185696908,21.1598702933015,1540.84671009043,57.9406769997203
0.4,0.6,19,4,0.0535275574169421,35.4180250308668,0.203182934175356,20.5096716751369,1493.49970900691,56.1844071975961
0.4,0.6,19,8,0.107006409140147,34.4278442450049,0.203090494259898,19.9409899768874,1452.08871207307,54.6789311252924
0.4,0.6,19,16,0.213818261172767,34.1976454766983,0.202905866537844,19.8087209711512,1442.45697711862,54.4230905755601
0.4,0.6,19,24,0.320436086226217,34.1665914490174,0.202721574197664,19.7907293989704,1441.14684362442,54.4804785084116
0.4,0.6,19,48,0.639130671983813,34.0737669097537,0.202170700354736,19.7369502429949,1437.23068372326,54.6520185250871
0.4,0.6,19,72,0.956097915813184,33.981445484524,0.201622812277894,19.6834625729597,1433.33574962103,54.8226287855748
0.4,0.6,19,96,1.27135182318942,33.8896230940253,0.201077885758224,19.6302640254652,1429.46186921665,54.9923168284381
0.4,0.6,19,120,1.5849062485852,33.7982957029363,0.200535896847824,19.5773522625933,1425.60887226459,55.1610901109627
0.4,0.6,21,2,0.0267698710778561,40.0638187423733,0.219388467850529,23.1967266157767,1689.16913928824,63.5067036970784
0.4,0.6,21,4,0.0535275574169421,38.9047290487444,0.219338538749971,22.5308850626389,1640.68303080209,61.7084802075502
0.4,0.6,21,8,0.107006409140147,37.9985723496784,0.219238748695944,22.0099797925571,1602.75107939838,60.3347973000716
0.4,0.6,21,16,0.213818261172767,37.7966438426665,0.219039440742585,21.8938494944293,1594.29455365735,60.1233510390111
0.4,0.6,21,24,0.320436086226217,37.7623209699665,0.218840494838186,21.8739640725452,1592.84651137428,60.1755616235761
0.4,0.6,21,48,0.639130671983814,37.6597254265699,0.218245819580474,21.8145239527828,1588.51812411511,60.3316258709169
0.4,0.6,21,72,0.956097915813185,37.5576859565791,0.21765436749489,21.7554060016913,1584.21319694949,60.4868442415785
0.4,0.6,21,96,1.27135182318942,37.4561980512911,0.217066112447606,21.6966076070921,1579.93153966044,60.6412235940202
0.4,0.6,21,120,1.5849062485852,37.3552572506138,0.216481028586562,21.6381261849706,1575.67296408184,60.7947707127561
0.4,0.5,3,2,0.0267698710778561,6.45581400962211,0.0625303378457009,4.40211979009746,320.559233207726,10.9472340086431
0.4,0.5,3,4,0.0535275574169422,6.04480359612065,0.0625161069995822,4.13273376482281,300.94273438069,10.29358102536
0.4,0.5,3,8,0.107006409140147,5.75771974801019,0.0624876647307016,3.9448037761203,287.257806221595,9.87201759800134
0.4,0.5,3,16,0.213818261172768,5.57427821952568,0.0624308577627647,3.82417752758933,278.473888568833,9.67470486605054
0.4,0.5,3,24,0.320436086226219,5.51560690113562,0.0623741539864134,3.78498940327344,275.620237218906,9.68340654462169
0.4,0.5,3,48,0.639130671983817,5.46310263996684,0.0622046590027548,3.74998794646837,273.071456020397,9.91442591742178
0.4,0.5,3,72,0.956097915813191,5.42676262119177,0.0620360826910943,3.7256231229996,271.29722689879,10.1705197426957
0.4,0.5,3,96,1.27135182318943,5.39072111798735,0.06186841760274,3.70157286717135,269.545904369109,10.4255142259509
0.4,0.5,3,120,1.58490624858521,5.35540664176971,0.0617016563693095,3.67783112611064,267.817047665446,10.6798456728349
0.4,0.5,5,2,0.0267698710778561,9.52185578501057,0.0781641375225501,6.56375836808012,477.968217531395,16.1905481616911
0.4,0.5,5,4,0.053527557416942,8.86879941766601,0.078146348688339,6.12641337877715,446.12106636264,15.1268867025484
0.4,0.5,5,8,0.107006409140147,8.06862561024122,0.0781107952994908,5.58962916930213,407.032821882242,13.843371983983
0.4,0.5,5,16,0.213818261172766,7.66358500870886,0.0780397854855821,5.31802338122112,387.254681505898,13.2734664365883
0.4,0.5,5,24,0.320436086226217,7.59801831673843,0.0779689046631611,5.27428452524429,384.069649111992,13.2707078328721
0.4,0.5,5,48,0.639130671983813,7.50564231071715,0.0777570326396199,5.21230708997585,379.5564963417,13.4348371053164
0.4,0.5,5,72,0.956097915813183,7.46403728814713,0.0775463089739298,5.18403333385537,377.497621523648,13.6817148467896
0.4,0.5,5,96,1.27135182318942,7.43752549430382,0.0773367243550813,5.1658589540697,376.174176109639,13.952072995918
0.4,0.5,5,120,1.5849062485852,7.41749755766149,0.0771282695724531,5.15193480594553,375.160229543306,14.2314668817647
0.4,0.5,7,2,0.0267698710778561,12.6228190911467,0.0931159141511581,8.73120250536069,635.799958555384,21.4739073817364
0.4,0.5,7,4,0.0535275574169421,11.8850360085476,0.0930947225457527,8.2320178362577,599.449685871604,20.263676124768
0.4,0.5,7,8,0.107006409140147,10.9978879863628,0.09305236825888,7.63140009327494,555.713128866814,18.8293468570368
0.4,0.5,7,16,0.213818261172766,10.5042395674074,0.0929677751968264,7.29794983147668,531.431517885802,18.1089754352537
0.4,0.5,7,24,0.320436086226216,10.4947054361018,0.092883335800644,7.2913213575153,530.948837124779,18.199346215644
0.4,0.5,7,48,0.639130671983812,10.4662066740472,0.0926309354316205,7.27150798426119,529.506041371723,18.4694762657238
0.4,0.5,7,72,0.956097915813182,10.4378623768276,0.0923799030862773,7.251802000564,528.071065649848,18.738142196291
0.4,0.5,7,96,1.27135182318942,10.4096712920253,0.0921302276725306,7.23220253569761,526.643846553497,19.0053558785849
0.4,0.5,7,120,1.5849062485852,10.3816321807261,0.0918818982178879,7.21270872832378,525.224321360632,19.2711290558529
0.4,0.5,9,2,0.0267698710778561,15.6792570482531,0.107666904521466,10.86332674899,791.059730036134,26.6770205728424
0.4,0.5,9,4,0.053527557416942,14.8765555558874,0.107642401357032,10.3171819195211,751.289851863185,25.3549074341825
0.4,0.5,9,8,0.107006409140147,13.9435645148998,0.107593428471974,9.68216718586431,705.04853045377,23.8403315383762
0.4,0.5,9,16,0.213818261172767,13.503404872381,0.107495616264272,9.38307835475568,683.269094424598,23.2077971045738
0.4,0.5,9,24,0.320436086226217,13.4911467035596,0.107397981735422,9.37455603109105,682.648504874712,23.2935368026123
0.4,0.5,9,48,0.639130671983813,13.4545054380608,0.107106139393749,9.34908169405004,680.793481763639,23.5498239434884
0.4,0.5,9,72,0.956097915813184,13.418062770207,0.106815878853387,9.32374542929652,678.948512978372,23.8047219941701
0.4,0.5,9,96,1.27135182318942,13.381817089747,0.106527187288918,9.29854611732545,677.11351699735,24.0582422175508
0.4,0.5,9,120,1.5849062485852,13.3457668037908,0.106240052013207,9.27348265070193,675.28841317795,24.3103957550911
0.4,0.5,11,2,0.0267698710778561,18.6796659177792,0.121945878328208,12.9546401151212,943.347682434002,31.7830217823064
0.4,0.5,11,4,0.0535275574169421,17.8292580251123,0.12191812551111,12.3740944543056,901.072760181374,30.3787981623459
0.4,0.5,11,8,0.107006409140147,16.8756955365511,0.1218626577561,11.7227452832496,853.641976654343,28.827309886697
0.4,0.5,11,16,0.213818261172767,16.5025701773547,0.121751873521776,11.4682068780347,835.106670963396,28.3063471900839
0.4,0.5,11,24,0.320436086226217,16.4875879710174,0.121641290530385,11.4577907046668,834.348172624647,28.3874560524408
0.4,0.5,11,48,0.639130671983813,16.4428042020744,0.121310743545248,11.4266554038389,832.080922155558,28.6299010214424
0.4,0.5,11,72,0.956097915813184,16.3982631635864,0.120981988142686,11.3956888580291,829.825960306898,28.8710319255713
0.4,0.5,11,96,1.27135182318942,16.3539628874686,0.120655009796355,11.3648896989533,827.583187441204,29.1108594194077
0.4,0.5,11,120,1.5849062485852,16.3099014268555,0.120329794136526,11.3342565730801,825.352504995271,29.3493940426574
0.4,0.5,13,2,0.0267698710778561,21.624778926756,0.136024596497066,15.0066555984359,1092.77399094597,36.7942289927669
0.4,0.5,13,4,0.0535275574169421,20.7557849355119,0.135993639602096,14.4119640971914,1049.468978651,35.3572702297223
0.4,0.5,13,8,0.107006409140147,19.8066595024707,0.135931768064515,13.7620440075942,1002.14225981972,33.8116416872696
0.4,0.5,13,16,0.213818261172767,19.501735482328,0.135808193729911,13.5533354013137,986.944247502196,33.4046973385444
0.4,0.5,13,24,0.320436086226217,19.4840292384748,0.135684843871846,13.5410253782426,986.047840374583,33.4811755468155
0.4,0.5,13,48,0.639130671983813,19.4311029660877,0.135316135056976,13.5042291136278,983.368362547478,33.7097788867563
0.4,0.5,13,72,0.956097915813184,19.3784635569655,0.134949424663868,13.4676322867616,980.703407635425,33.9371431842042
0.4,0.5,13,96,1.27135182318942,19.3261086851899,0.134584696489101,13.4312332805812,978.052857885058,34.1632784854496
0.4,0.5,13,120,1.5849062485852,19.2740360499199,0.134221934503955,13.3950304954583,975.416596812593,34.3881947284673
0.4,0.5,15,2,0.0267698710778561,24.5992296272503,0.149947912462746,17.0776349184572,1243.58123256363,41.8535823292482
0.4,0.5,15,4,0.0535275574169421,23.7083267628119,0.149913786856814,16.4668033583866,1199.10091266052,40.3785714654722
0.4,0.5,15,8,0.107006409140147,22.7596691277089,0.149845582222212,15.8159966615502,1151.70963172046,38.8325177806214
0.4,0.5,15,16,0.213818261172767,22.5009007873018,0.149709358965646,15.6384639245929,1138.78182404101,38.5028923320331
0.4,0.5,15,24,0.320436086226217,22.4804705059327,0.149573383162771,15.6242600518185,1137.74750812453,38.5747400271402
0.4,0.5,15,48,0.639130671983814,22.4194017301014,0.149166933752002,15.5818028234168,1134.65580293941,38.789502159254
0.4,0.5,15,72,0.956097915813185,22.358663950345,0.14876268731907,15.5395757154943,1131.58085496396,39.0031002689716
0.4,0.5,15,96,1.27135182318942,22.2982544829117,0.148360626001991,15.4975768622092,1128.52252832892,39.2155437943123
0.4,0.5,15,120,1.5849062485852,22.2381706729847,0.147960732131366,15.4558044178367,1125.48068862992,39.4268420715379
0.4,0.5,17,2,0.0267698710778561,27.5087174205393,0.163746080580059,19.1033366795432,1391.09139453196,46.8025700517404
0.4,0.5,17,4,0.0535275574169421,26.5924031101931,0.163708814744697,18.4741417806025,1345.27386934867,45.2837812629572
0.4,0.5,17,8,0.107006409140147,25.7091398860459,0.163634333937261,17.8673210252991,1301.08561339703,43.8471016544223
0.4,0.5,17,16,0.213818261172767,25.5000660922754,0.163485575451863,17.7235924478715,1290.61940057977,43.6009623767715
0.4,0.5,17,24,0.320436086226217,25.4769117733905,0.163337087190781,17.7074947253939,1289.44717587443,43.6681796722013
0.4,0.5,17,48,0.639130671983814,25.4077004941149,0.162893236410371,17.6593765332053,1285.9432433313,43.8691009357145
0.4,0.5,17,72,0.956097915813185,25.3388643437244,0.162451791325248,17.6115191442264,1282.45830229246,44.0689331950893
0.4,0.5,17,96,1.27135182318942,25.2704002806332,0.162012732429774,17.5639204438366,1278.99219877275,44.2676852800891
0.4,0.5,17,120,1.5849062485852,25.2023052960493,0.161576040428616,17.5165783402145,1275.54478044722,44.4653659252776
0.4,0.5,19,2,0.0267698710778561,30.4637057628398,0.177440651914201,21.1598702933015,1540.84671009043,51.8277865791334
0.4,0.5,19,4,0.0535275574169421,29.5179670711078,0.177400269426283,20.5096716751369,1493.49970900691,50.258566573088
0.4,0.5,19,8,0.107006409140147,28.6913800781389,0.177319559567581,19.9409899768874,1452.08871207307,48.9166960237341
0.4,0.5,19,16,0.213818261172767,28.4992313972488,0.177158359967974,19.8087209711512,1442.45697711862,48.6989289895408
0.4,0.5,19,24,0.320436086226217,28.4733530408481,0.176997453192344,19.7907293989704,1441.14684362442,48.761515979237
0.4,0.5,19,48,0.639130671983813,28.3959992581284,0.176516481852148,19.7369502429949,1437.23068372326,48.9485966549592
0.4,0.5,19,72,0.956097915813185,28.3190647371036,0.176038117402684,19.6834625729597,1433.33574962103,49.1346633432792
0.4,0.5,19,96,1.27135182318942,28.2425460783547,0.175562338707001,19.6302640254652,1429.46186921665,49.3197242657163
0.4,0.5,19,120,1.5849062485852,28.1664399191139,0.175089124856039,19.5773522625933,1425.60887226459,49.5037875551484
0.4,0.5,21,2,0.0267698710778561,33.3907703543934,0.19104762183254,23.1967266157767,1689.16913928824,56.8053144630805
0.4,0.5,21,4,0.0535275574169421,32.4232246219626,0.191004142628663,22.5308850626389,1640.68303080209,55.1986413846471
0.4,0.5,21,8,0.107006409140147,31.6669177758688,0.190917243564683,22.0099797925571,1602.75107939838,53.9748212211307
0.4,0.5,21,16,0.213818261172767,31.4983967022225,0.190743682434169,21.8938494944293,1594.29455365735,53.7968081402587
0.4,0.5,21,24,0.320436086226217,31.4697943083058,0.190570436582731,21.8739640725451,1592.84651137428,53.8547649036599
0.4,0.5,21,48,0.639130671983814,31.384298022142,0.190052582135495,21.8145239527828,1588.51812411511,54.0280052290441
0.4,0.5,21,72,0.956097915813185,31.299265130483,0.189537534487431,21.7554060016913,1584.21319694949,54.2003065824749
0.4,0.5,21,96,1.27135182318942,31.2146918760763,0.189025270880708,21.6966076070921,1579.93153966044,54.3716765772385
0.4,0.5,21,120,1.5849062485852,31.1305745421785,0.188515768802863,21.6381261849706,1575.67296408184,54.5421227445372
0.4,0.4,3,2,0.0267698710778562,5.29650956149146,0.0576113552356116,4.48722151324008,326.756280179647,9.868112301045
0.4,0.4,3,4,0.0535275574169424,5.17920706821614,0.0575982438666459,4.39233569470382,319.846762337653,9.68266856420354
0.4,0.4,3,8,0.107006409140148,5.1081478399007,0.0575720390241225,4.33579953547403,315.729839419749,9.608525823539
0.4,0.4,3,16,0.213826465142364,5.05772874627958,0.057521907773969,4.29508622428666,312.765125046249,9.62416334348257
0.4,0.4,3,24,0.320739697713547,5.05307443524963,0.057521907773969,4.29135793191416,312.4936334465,9.72269397265131
0.4,0.4,3,48,0.641479395427093,5.05307443524963,0.057521907773969,4.29135793191416,312.4936334465,10.0434336703649
0.4,0.4,3,72,0.96221909314064,5.05307443524963,0.057521907773969,4.29135793191416,312.4936334465,10.3641733680784
0.4,0.4,3,96,1.28295879085419,5.05307443524963,0.057521907773969,4.29135793191416,312.4936334465,10.6849130657919
0.4,0.4,3,120,1.60369848856773,5.05307443524963,0.057521907773969,4.29135793191416,312.4936334465,11.0056527635055
0.4,0.4,5,2,0.0267698710778561,7.64138564323733,0.0704624864868177,6.57023301343722,478.439696602826,14.3088510142392
0.4,0.4,5,4,0.0535275574169421,7.11865129766279,0.0704464504179767,6.1366092425165,446.86352191088,13.3792345480142
0.4,0.4,5,8,0.107006409140147,6.54046137311296,0.0704144001675589,5.65576045549647,411.848455123569,12.3736426379171
0.4,0.4,5,16,0.213818261172766,6.28919995317522,0.0703503870764974,5.44711553567004,396.655080408347,12.0204841370945
0.4,0.4,5,24,0.320436086226216,6.20096258290252,0.0702864902671636,5.3734061584422,391.287615965982,11.9650913178381
0.4,0.4,5,48,0.639130671983811,6.11358434206224,0.0700954943696984,5.30030320289508,385.964310719242,12.1231137113108
0.4,0.4,5,72,0.956097915813182,6.06582641531054,0.0699055336803497,5.26044717835685,383.062023350002,12.3522770431609
0.4,0.4,5,96,1.27135182318942,6.03167359688389,0.0697165998055379,5.23165018880144,380.965047045237,12.6043922086803
0.4,0.4,5,120,1.5849062485852,5.99797447939945,0.0695286844421808,5.20316676639521,378.890904477328,12.855576178822
0.4,0.4,7,2,0.0267698710778561,10.1133261000756,0.0827035977787882,8.733108457683,635.938748648363,18.9559080266153
0.4,0.4,7,4,0.053527557416942,9.52020758014146,0.0826847758402858,8.23483013208817,599.654475254437,17.8912500454869
0.4,0.4,7,8,0.107006409140147,8.80290110131194,0.0826471576529153,7.63169534382577,555.734628802003,16.6242500119308
0.4,0.4,7,16,0.213818261172766,8.41451247282741,0.0825720238732308,7.30598059811779,532.016312602732,16.0168833559912
0.4,0.4,7,24,0.320436086226216,8.39719654888149,0.0824970265763432,7.29132135751531,530.948837124779,16.0914510191994
0.4,0.4,7,48,0.639130671983812,8.37439753923779,0.0822728498736901,7.27150798426119,529.506041371723,16.3673090453565
0.4,0.4,7,72,0.956097915813182,8.35172210146207,0.0820498882209158,7.251802000564,528.071065649848,16.6416719060602
0.4,0.4,7,96,1.27135182318942,8.32916923362028,0.0818281317662647,7.23220253569761,526.643846553497,16.9145517242736
0.4,0.4,7,120,1.5849062485852,8.30673794458088,0.0816075707641993,7.21270872832377,525.224321360631,17.185960492254
0.4,0.4,9,2,0.0267698710778561,12.5541822801111,0.0945862349435558,10.86332674899,791.059730036134,23.5388651351225
0.4,0.4,9,4,0.0535275574169421,11.9098942251117,0.0945647087180338,10.3182637102609,751.368627095702,22.3762502015076
0.4,0.4,9,8,0.107006409140147,11.158276262727,0.0945216856476432,9.6821671858643,705.048530453769,21.0419715433791
0.4,0.4,9,16,0.213818261172766,10.8041560979048,0.0944357568425089,9.38307835475568,683.269094424598,20.4954884706758
0.4,0.4,9,24,0.320436086226217,10.7943495628477,0.0943499841296638,9.37455603109104,682.648504874712,20.5836916642946
0.4,0.4,9,48,0.639130671983813,10.7650365504487,0.0940935983032245,9.34908169405004,680.793481763639,20.8473425147857
0.4,0.4,9,72,0.956097915813183,10.7358824161656,0.0938386021018607,9.32374542929652,678.948512978372,21.1095643633772
0.4,0.4,9,96,1.27135182318942,10.7068858717976,0.0935849842583422,9.29854611732545,677.11351699735,21.3703687965708
0.4,0.4,9,120,1.5849062485852,10.6780456430326,0.0933327336269182,9.27348265070194,675.28841317795,21.6297672759467
0.4,0.4,11,2,0.0267698710778561,14.9529788826229,0.106225573097468,12.9546401151212,943.347682434002,28.0406144419194
0.4,0.4,11,4,0.053527557416942,14.270038874529,0.106201397955661,12.3744857595899,901.101254753965,26.8042535894916
0.4,0.4,11,8,0.107006409140147,13.5033901328269,0.106153080668147,11.7227452832497,853.641976654344,25.4392949058849
0.4,0.4,11,16,0.213818261172767,13.2034883418836,0.10605657786754,11.4682068780347,835.106670963398,24.9915700589586
0.4,0.4,11,24,0.320436086226217,13.1915025768137,0.105960250367206,11.4577907046668,834.348172624648,25.075689618074
0.4,0.4,11,48,0.639130671983813,13.1556755616594,0.105672314904252,11.4266554038389,832.08092215556,25.3271339523864
0.4,0.4,11,72,0.956097915813184,13.1200427308689,0.105385940067113,11.3956888580291,829.8259603069,25.5772154447783
0.4,0.4,11,96,1.27135182318942,13.0846025099747,0.105101113202067,11.3648896989533,827.583187441205,25.8259451453195
0.4,0.4,11,120,1.5849062485852,13.0493533414842,0.104817821791819,11.3342565730801,825.352504995273,26.0733339849414
0.4,0.4,13,2,0.0267698710778561,17.3077845245371,0.117685797163706,15.0066555984359,1092.77399094597,32.4588957912146
0.4,0.4,13,4,0.0535275574169421,16.6098666178396,0.117659013868948,14.4119640971914,1049.468978651,31.1930172863168
0.4,0.4,13,8,0.107006409140147,15.8477049869778,0.117605483835341,13.7620440075942,1002.14225981972,29.8343608875475
0.4,0.4,13,16,0.213818261172767,15.6028205858626,0.117498569759127,13.5533354013137,986.944247502196,29.4874728181082
0.4,0.4,13,24,0.320436086226217,15.5886555907801,0.117391849895585,13.5410253782426,986.047840374582,29.5675089051445
0.4,0.4,13,48,0.639130671983813,15.5463145728703,0.117072850303478,13.5042291136278,983.368362547477,29.8067472087854
0.4,0.4,13,72,0.956097915813184,15.5042030455726,0.116755579706449,13.4676322867616,980.703407635424,30.0446888278538
0.4,0.4,13,96,1.27135182318942,15.4623191481521,0.116440024085621,13.4312332805812,978.052857885058,30.2813442760083
0.4,0.4,13,120,1.5849062485852,15.4206610399361,0.116126169573261,13.3950304954583,975.416596812593,30.5167239535529
0.4,0.4,15,2,0.0267698710778561,19.6864724934219,0.12900702527388,17.0776349184572,1243.58123256363,36.9198843082308
0.4,0.4,15,4,0.0535275574169421,18.9712887562885,0.128977665459298,16.4668033583866,1199.10091266052,35.6205973375513
0.4,0.4,15,8,0.107006409140147,18.2098499754292,0.128918985902674,15.8159966615502,1151.70963172046,34.2617720320222
0.4,0.4,15,16,0.213818261172767,18.0021528298414,0.128801786824581,15.6384639245929,1138.781824041,33.9832368024317
0.4,0.4,15,24,0.320436086226217,17.9858086047462,0.128684800642179,15.6242600518185,1137.74750812453,34.0591895434331
0.4,0.4,15,48,0.639130671983813,17.9369535840811,0.128335113683912,15.5818028234168,1134.65580293941,34.2862221931657
0.4,0.4,15,72,0.956097915813185,17.888363360276,0.127987322047912,15.5395757154943,1131.58085496396,34.5120243136314
0.4,0.4,15,96,1.27135182318942,17.8400357863293,0.127641410366701,15.4975768622092,1128.52252832892,34.7366058820947
0.4,0.4,15,120,1.5849062485852,17.7919687383878,0.127297363438489,15.4558044178367,1125.48068862992,34.9599767682481
0.4,0.4,17,2,0.0267698710778561,22.01322264035,0.140216317745579,19.1033366795432,1391.09139453196,41.2835455087166
0.4,0.4,17,4,0.0535275574169421,21.2779100754503,0.140184406885828,18.4741417806025,1345.27386934867,39.9457638203556
0.4,0.4,17,8,0.107006409140147,20.5692121824398,0.14012062872073,17.8673210252991,1301.08561339703,38.6836602455998
0.4,0.4,17,16,0.213818261172767,20.4014850738201,0.139993246330984,17.7235924478715,1290.61940057977,38.4788890291953
0.4,0.4,17,24,0.320436086226217,20.3829616187121,0.139866095335225,17.7074947253939,1289.44717587443,38.5507585256675
0.4,0.4,17,48,0.639130671983814,20.3275925952917,0.139486024423988,17.6593765332053,1285.9432433313,38.7655858249049
0.4,0.4,17,72,0.956097915813185,20.2725236749793,0.13910801351769,17.6115191442264,1282.45830229246,38.9792487485366
0.4,0.4,17,96,1.27135182318942,20.2177524245064,0.138732045913588,17.5639204438366,1278.99219877275,39.191756737446
0.4,0.4,17,120,1.5849062485852,20.1632764368392,0.138358105089023,17.5165783402145,1275.54478044722,39.4031191307279
0.4,0.4,19,2,0.0267698710778561,24.3766038760355,0.151332950437511,21.1598702933015,1540.84671009043,45.7145769908523
0.4,0.4,19,4,0.0535275574169421,23.6179091113487,0.151298509620388,20.5096716751369,1493.49970900691,44.332406853523
0.4,0.4,19,8,0.107006409140147,22.9549159112729,0.151229674993627,19.9409899768874,1452.08871207307,43.154141972294
0.4,0.4,19,16,0.213818261172767,22.8008173177993,0.151092193470906,19.8087209711512,1442.45697711862,42.9744487435941
0.4,0.4,19,24,0.320436086226217,22.7801146326786,0.150954961687553,19.7907293989703,1441.14684362442,43.0422350795627
0.4,0.4,19,48,0.639130671983813,22.7182316065029,0.150544757987315,19.7369502429949,1437.23068372326,43.2448572794689
0.4,0.4,19,72,0.956097915813185,22.6566839896831,0.150136777613366,19.6834625729597,1433.33574962103,43.4463812560693
0.4,0.4,19,96,1.27135182318942,22.5954690626839,0.149731002538735,19.6302640254652,1429.46186921665,43.6468159138773
0.4,0.4,19,120,1.5849062485852,22.5345841352913,0.149327414930814,19.5773522625933,1425.60887226459,43.8461700614006
0.4,0.4,21,2,0.0267698710778561,26.7177219664128,0.162371230041177,23.1967266157767,1689.16913928824,50.1035896833086
0.4,0.4,21,4,0.0535275574169421,25.9417201951802,0.162334277098519,22.5308850626389,1640.68303080209,48.6884670923346
0.4,0.4,21,8,0.107006409140147,25.3352632020585,0.162260421649429,22.0099797925572,1602.75107939838,47.6145098254052
0.4,0.4,21,16,0.213818261172767,25.2001495617779,0.162112912175202,21.8938494944293,1594.29455365735,47.4699302295551
0.4,0.4,21,24,0.320436086226217,25.1772676466445,0.161965670656424,21.8739640725451,1592.84651137428,47.5336334760723
0.4,0.4,21,48,0.639130671983814,25.1088706177135,0.161525546551379,21.8145239527828,1588.51812411511,47.7240507890314
0.4,0.4,21,72,0.956097915813185,25.0408443043863,0.161087807942839,21.7554060016913,1584.21319694949,47.9134360298336
0.4,0.4,21,96,1.27135182318942,24.9731857008609,0.160652435488939,21.6966076070921,1579.93153966044,48.1017975666314
0.4,0.4,21,120,1.5849062485852,24.9058918337427,0.160219410056355,21.6381261849706,1575.67296408184,48.2891436773549
0.2,1,3,2,0.0267698710778561,12.5050536297687,0.0857020589859263,4.84715717347195,352.966539043477,17.4646827333044
0.2,1,3,4,0.0535275574169421,11.6499019480213,0.0856825546484237,4.52272910331605,329.341917643082,16.3118411634027
0.2,1,3,8,0.107006409140147,10.6218263371724,0.0856435725944436,4.1319782503917,300.887718356988,14.9464545692987
0.2,1,3,16,0.213818261172767,9.94300381418083,0.0855657148011758,3.874344613337,282.12702008418,14.1167324034918
0.2,1,3,24,0.320436086226217,9.69095524801506,0.0854879984389585,3.7788877426825,275.175918632955,13.8757670753627
0.2,1,3,48,0.639130671983813,9.39055566730155,0.0852556940953744,3.66493167733414,266.877718977049,13.7798737107149
0.2,1,3,72,0.956097915813183,9.25046050365817,0.0850246488539234,3.61158353294785,262.992945033371,13.9031666012731
0.2,1,3,96,1.27135182318942,9.16532651800945,0.0847948525056696,3.57940802869317,260.649947690328,14.1008812223977
0.2,1,3,120,1.58490624858519,9.08689139430539,0.0845662949517459,3.54987892401023,258.49965928251,14.3062428618526
0.2,1,5,2,0.0267698710778561,18.5899082776699,0.11483505984563,7.24437132759502,527.529969327455,25.9758845361884
0.2,1,5,4,0.0535275574169421,17.4548827950103,0.114808925330417,6.80870846214541,495.805309221712,24.4319277399031
0.2,1,5,8,0.107006409140147,16.0911462748529,0.114756691970394,6.28480920881951,457.655338086889,22.5977185847829
0.2,1,5,16,0.213818261172766,15.1888507408668,0.114652367704966,5.93882003573363,432.460652501077,21.4561414054782
0.2,1,5,24,0.320436086226216,15.0734304893214,0.114548232947741,5.89458018944286,429.239138348715,21.4029949979382
0.2,1,5,48,0.639130671983812,14.9486548200674,0.114236960575601,5.8465094355003,425.738660224923,21.5485318881271
0.2,1,5,72,0.956097915813182,14.9081629668965,0.113927375316588,5.8306652364881,424.58489691808,21.8088534945144
0.2,1,5,96,1.27135182318942,14.8678899886076,0.113619463491408,5.81490668179489,423.437370169653,22.0677679570833
0.2,1,5,120,1.5849062485852,14.827834115323,0.113313211568251,5.799233078879,422.29602954925,22.3252866543554
0.2,1,7,2,0.0267698710778561,24.6085495197544,0.143003534460661,9.60666550148908,699.550551479263,34.384988426782
0.2,1,7,4,0.0535275574169421,23.3418707137716,0.142970989277579,9.11795289002945,663.96284658744,32.6563221504955
0.2,1,7,8,0.107006409140147,21.8535606434418,0.142905943331592,8.54358827539815,622.13802372323,30.6470612713117
0.2,1,7,16,0.213818261172766,21.0210864275136,0.142776028837655,8.22249161495577,598.755993209541,29.6001723324798
0.2,1,7,24,0.320436086226217,20.9822498722039,0.142646350337348,8.20741597048985,597.658195498316,29.6527482792574
0.2,1,7,48,0.639130671983813,20.9252523480947,0.142258724385344,8.18511320970048,596.034124314897,29.8917549541643
0.2,1,7,72,0.956097915813183,20.8685637536554,0.14187319938701,8.16293133108341,594.418855685317,30.129466199939
0.2,1,7,96,1.27135182318942,20.8121815840509,0.141489758307586,8.14086935451291,592.812318237519,30.3658925200609
0.2,1,7,120,1.5849062485852,20.7561033614524,0.141108384295975,8.11892631043067,591.214441368955,30.6010443047643
0.2,1,9,2,0.0267698710778561,30.5315243648488,0.170605211713589,11.9287055883227,868.639859631985,42.657605035963
0.2,1,9,4,0.0535275574169421,29.1701648981738,0.170566384856121,11.402027433178,830.287530842516,40.7962862736249
0.2,1,9,8,0.107006409140147,27.6655344237567,0.170488784135076,10.8196037996794,787.875855954352,38.7626334167113
0.2,1,9,16,0.213818261172766,26.9999717112104,0.170333794331317,10.5621099982927,769.125340415468,37.9462337650072
0.2,1,9,24,0.320436086226217,26.975132407119,0.170179086071252,10.5523919620582,768.417679926396,38.0181395414748
0.2,1,9,48,0.639130671983813,26.9018498761214,0.169716642902581,10.5237169839005,766.329588404857,38.2344141749083
0.2,1,9,72,0.956097915813183,26.8289645404138,0.169256706200948,10.4951974256785,764.252814452541,38.4495165881065
0.2,1,9,96,1.27135182318942,26.7564731794938,0.168799255643648,10.4668320272307,762.187266305371,38.6634562855576
0.2,1,9,120,1.5849062485852,26.6843726075814,0.168344271127088,10.4386195419822,760.132853188646,38.8762426692758
0.2,1,11,2,0.0267698710778561,36.4529494366139,0.197822199453134,14.2485699024903,1037.57072956614,50.9261114096352
0.2,1,11,4,0.0535275574169421,35.0667059844856,0.197777178470099,13.7112497883985,998.443460892579,49.0292605087711
0.2,1,11,8,0.107006409140147,33.5221013674904,0.197687197952142,13.1122964438786,954.828104200468,46.9390914184613
0.2,1,11,16,0.213818261172767,32.997979354709,0.19750748231764,12.9090928335847,940.030961776633,46.3183979317841
0.2,1,11,24,0.320436086226217,32.9680149420344,0.197328093142056,12.8973679536269,939.177164354493,46.3831470750295
0.2,1,11,48,0.639130671983813,32.8784474041484,0.196791875497648,12.8623207581007,936.625052494834,46.5766907097306
0.2,1,11,72,0.956097915813184,32.7893653271724,0.196258564181937,12.8274635202739,934.08677321978,46.7691853274414
0.2,1,11,96,1.27135182318942,32.7007647749368,0.195728135630094,12.7927946999488,931.56221437324,46.9606394337051
0.2,1,11,120,1.5849062485852,32.6126418537106,0.19520056653136,12.7583127735339,929.051265008353,47.151061442361
0.2,1,13,2,0.0267698710778561,42.2639559306023,0.224755982953641,16.5247618822837,1203.3214111622,59.0402436669176
0.2,1,13,4,0.0535275574169421,40.8081459149172,0.224704832297529,15.9597216502371,1162.17558320817,57.0460999548688
0.2,1,13,8,0.107006409140147,39.3919814780431,0.224602600799669,15.4098723030497,1122.13594468888,55.1334627910327
0.2,1,13,16,0.213818261172767,38.9963099646565,0.224398416617123,15.2562006215095,1110.94568209968,54.6907272639558
0.2,1,13,24,0.320436086226217,38.9608974769502,0.224194603341359,15.2423439451956,1109.9366487826,54.7478721117134
0.2,1,13,48,0.639130671983813,38.8550449321758,0.223585378875757,15.2009245323011,1106.92051658482,54.9186855153365
0.2,1,13,72,0.956097915813184,38.7497661139315,0.222979456439779,15.1597296148694,1103.92073198703,55.0885731010538
0.2,1,13,96,1.27135182318942,38.6450563703803,0.222376809260212,15.118757372667,1100.93716244112,55.257542375497
0.2,1,13,120,1.5849062485852,38.5409110998402,0.221777410852503,15.0780060050857,1097.96967682807,55.4256007643636
0.2,1,15,2,0.0267698710778561,48.1194970437251,0.251469994550792,18.8177706828792,1370.29668169231,67.2155075922329
0.2,1,15,4,0.0535275574169421,46.612903213417,0.251412764237967,18.2324175089368,1327.67167975193,65.1502610440087
0.2,1,15,8,0.107006409140147,45.334707697858,0.251298381724665,17.735547231839,1291.48993944843,63.4285597205617
0.2,1,15,16,0.213818261172767,44.994640574603,0.25106992865037,17.6033084094331,1281.86040242264,63.0628371738593
0.2,1,15,24,0.320436086226217,44.9537800118649,0.250841890568035,17.5873199367634,1280.69613321063,63.1123779254225
0.2,1,15,48,0.639130671983814,44.8316424602022,0.25016025499584,17.5395283065004,1277.21598067473,63.2604616936823
0.2,1,15,72,0.956097915813186,44.7101669006895,0.24948231392539,17.4919957094638,1273.75469075421,63.4077428398919
0.2,1,15,96,1.27135182318942,44.5893479658228,0.248808037401268,17.4447200453842,1270.31211050893,63.5542278717977
0.2,1,15,120,1.5849062485852,44.4691803459688,0.248137395791022,17.3976992366365,1266.88808864771,63.6999232269816
0.2,1,17,2,0.0267698710778561,54.0238363771823,0.278007020363479,21.1292755650884,1538.61882373481,75.457888833712
0.2,1,17,4,0.0535275574169421,52.4853642325179,0.277943750672909,20.5310472238476,1495.05626126601,73.3478827644554
0.2,1,17,8,0.107006409140147,51.2906502198035,0.277817297647125,20.0662729042546,1461.21172576778,71.7417468308454
0.2,1,17,16,0.213818261172767,50.9929711845503,0.277564736467446,19.9504161973576,1452.77512274566,71.4347703795482
0.2,1,17,24,0.320436086226217,50.9466625467805,0.277312634072835,19.9322959283318,1451.45561763872,71.4767071954114
0.2,1,17,48,0.639130671983814,50.8082399882295,0.276559067132419,19.8781320807005,1447.5114447647,71.6020618080462
0.2,1,17,72,0.956097915813185,50.6705676874484,0.275809584565665,19.824261804059,1443.58864952144,71.7267369918863
0.2,1,17,96,1.27135182318942,50.5336395612661,0.275064153256028,19.7706827181021,1439.68705857678,71.8507382558137
0.2,1,17,120,1.5849062485852,50.3974495920983,0.274322740444017,19.7173924681881,1435.80650046741,71.9740710493156
0.2,1,19,2,0.0267698710778561,59.8405308745512,0.304397538200389,23.4065571143141,1704.44884700225,83.5782553981435
0.2,1,19,4,0.0535275574169421,58.3163048396553,0.304328262474808,22.8135241370627,1661.26460724525,81.4876847966098
0.2,1,19,8,0.107006409140147,57.2335076636465,0.304189805576503,22.3918845771418,1630.56111427753,80.036588455505
0.2,1,19,16,0.213818261172767,56.9913017944974,0.303913269389615,22.2975239852818,1623.68984306867,79.8065573103416
0.2,1,19,24,0.320436086226217,56.9395450816959,0.303637235539125,22.2772719199001,1622.21510206679,79.8408903233613
0.2,1,19,48,0.639130671983814,56.7848375162565,0.302812134355595,22.2167358549004,1617.80690885465,79.9435161774963
0.2,1,19,72,0.956097915813185,56.630968474207,0.301991505265201,22.156527898654,1613.42260828865,80.0455857939394
0.2,1,19,96,1.27135182318942,56.4779311567091,0.301175312007727,22.0966453908198,1609.06200664463,80.1471036827261
0.2,1,19,120,1.5849062485852,56.3257188382275,0.300363518713906,22.0370856997395,1604.72491228709,80.248074305266
0.2,1,21,2,0.0267698710778561,65.7636321995095,0.330664168926986,25.7249370117084,1873.27162276239,91.8460032512228
0.2,1,21,4,0.0535275574169422,64.230242102012,0.330588915361003,25.1280234974425,1829.80480505906,89.7423820722325
0.2,1,21,8,0.107006409140147,63.2204613114648,0.330438510940912,24.7346169673083,1801.15722124673,88.3925231988542
0.2,1,21,16,0.213818261172767,62.9896324044448,0.330138112294602,24.6446317732068,1794.60456339173,88.1782205511191
0.2,1,21,24,0.320436086226218,62.9324276166116,0.329838259331573,24.6222479114692,1792.97458649492,88.2049498736385
0.2,1,21,48,0.639130671983815,62.7614350442838,0.328941959713824,24.555339629101,1788.10237294466,88.2848473050825
0.2,1,21,72,0.956097915813186,62.591369260966,0.328050518088584,24.4887939932498,1783.25656705592,88.3643116881175
0.2,1,21,96,1.27135182318943,62.4222227521526,0.327163895066723,24.4226080635383,1778.43695471253,88.4433465339471
0.2,1,21,120,1.5849062485852,62.253988084357,0.326282051683794,24.3567789312916,1773.64332410683,88.5219553159176
0.2,0.9,3,2,0.0267698710778561,11.2737263920811,0.0811963203770718,4.85026533401486,353.19287308431,16.2319579175509
0.2,0.9,3,4,0.053527557416942,10.5089508395034,0.0811778414693846,4.52895275461898,329.795119505945,15.1726089930087
0.2,0.9,3,8,0.107006409140147,9.60765152466675,0.0811409088754493,4.14948245687949,302.162362227938,13.9452812995618
0.2,0.9,3,16,0.213818261172766,9.01106773096226,0.0810671444128352,3.89874751231587,283.904021837361,13.2047006488637
0.2,0.9,3,24,0.320436086226216,8.77930156572088,0.0809935139456119,3.80146272855354,276.819813053268,12.9821938944462
0.2,0.9,3,48,0.639130671983811,8.50590923027281,0.0807734228751075,3.68659699541583,268.455372035717,12.9124103205476
0.2,0.9,3,72,0.95609791581318,8.38307531944558,0.0805545247101343,3.63470682136135,264.676766454984,13.0544345813302
0.2,0.9,3,96,1.27135182318942,8.3036416962269,0.0803368097784853,3.6013806885911,262.249981161534,13.2567110177859
0.2,0.9,3,120,1.58490624858519,8.25000059816093,0.080120268512236,3.57896654463598,260.617799135179,13.4939936598943
0.2,0.9,5,2,0.0267698710778561,16.738517621148,0.107666904521466,7.24437132759502,527.529969327455,24.1173257243424
0.2,0.9,5,4,0.053527557416942,15.7187779744938,0.107642401357032,6.81037801317295,495.926884740487,22.6903259464407
0.2,0.9,5,8,0.107006409140147,14.4912056329042,0.107593428471974,6.28744028538526,457.846931211712,20.9932457559015
0.2,0.9,5,16,0.213818261172766,13.6889496786932,0.107495616264272,5.94637748854875,433.010980841726,19.956641044679
0.2,0.9,5,24,0.320436086226217,13.5725680308935,0.107397981735422,5.89692550188565,429.409922333281,19.8973276007408
0.2,0.9,5,48,0.639130671983813,13.4545054380608,0.107106139393749,5.8465094355003,425.738660224923,20.0472516849387
0.2,0.9,5,72,0.956097915813183,13.418062770207,0.106815878853387,5.8306652364881,424.58489691808,20.3116418013616
0.2,0.9,5,96,1.27135182318942,13.381817089747,0.106527187288918,5.81490668179489,423.437370169653,20.5746027820202
0.2,0.9,5,120,1.5849062485852,13.3457668037908,0.106240052013207,5.799233078879,422.29602954925,20.8361461832682
0.2,0.9,7,2,0.0267698710778561,22.1534447293577,0.133222458727006,9.60666550148908,699.550551479263,31.9201025606517
0.2,0.9,7,4,0.0535275574169421,21.0116626082169,0.133192139551146,9.11795289002945,663.96284658744,30.3163351952144
0.2,0.9,7,8,0.107006409140147,19.6717645877886,0.133131542581378,8.54428149999407,622.188503845422,28.4561840395042
0.2,0.9,7,16,0.213818261172767,18.9212286749044,0.133010513906304,8.22313370937505,598.802750068624,27.4911911593585
0.2,0.9,7,24,0.320436086226217,18.8847409849835,0.1328897050835,8.20741597048985,597.658195498316,27.545482746783
0.2,0.9,7,48,0.639130671983813,18.8334432132852,0.132528591754469,8.18511320970048,596.034124314897,27.7902156867239
0.2,0.9,7,72,0.956097915813183,18.7824234782898,0.132169435679254,8.16293133108341,594.418855685317,28.0336221608656
0.2,0.9,7,96,1.27135182318942,18.7316795256458,0.131812220988229,8.14086935451291,592.812318237519,28.2757129243363
0.2,0.9,7,120,1.5849062485852,18.6812091253071,0.13145693198287,8.11892631043067,591.214441368955,28.5164986163059
0.2,0.9,9,2,0.0267698710778561,27.4829928813096,0.158240301741742,11.9287055883227,868.639859631985,39.5967086424519
0.2,0.9,9,4,0.0535275574169421,26.256232674023,0.158204288928418,11.402027433178,830.287530842516,37.8699919535464
0.2,0.9,9,8,0.107006409140147,24.9004479205713,0.158132312454838,10.8196037996794,787.875855954352,35.9851904418456
0.2,0.9,9,16,0.213818261172766,24.3006910035098,0.157988555807152,10.5621099982927,769.125340415468,35.2346078187824
0.2,0.9,9,24,0.320436086226217,24.2783352664073,0.15784506029779,10.5523919620582,768.417679926397,35.3090083749896
0.2,0.9,9,48,0.639130671983813,24.2123809885095,0.157416133503503,10.5237169839005,766.329588404857,35.5326447778973
0.2,0.9,9,72,0.956097915813183,24.1467841863726,0.156989531515689,10.4951974256785,764.252814452541,35.75506905938
0.2,0.9,9,96,1.27135182318942,24.0815419615445,0.156565235484565,10.4668320272308,762.187266305372,35.9762910474493
0.2,0.9,9,120,1.5849062485852,24.0166514468234,0.156143226763583,10.4386195419822,760.132853188647,36.1963204641544
0.2,0.9,11,2,0.0267698710778561,32.811547306137,0.182893196240194,14.2485699024903,1037.57072956614,47.2697802759454
0.2,0.9,11,4,0.0535275574169421,31.5626228005129,0.182851572845511,13.7112497883985,998.443460892579,45.5102517191739
0.2,0.9,11,8,0.107006409140147,30.1710882810585,0.182768382866964,13.1122964438786,954.828104200468,43.5731595169442
0.2,0.9,11,16,0.213818261172767,29.6988975192383,0.18260222979163,12.9090928335847,940.030961776633,43.0044108437874
0.2,0.9,11,24,0.320436086226217,29.6719295478312,0.182436378538413,12.8973679536269,939.177164354493,43.0721699662226
0.2,0.9,11,48,0.639130671983813,29.5913187637338,0.181940627509776,12.8623207581007,936.625052494834,43.2747108213281
0.2,0.9,11,72,0.956097915813184,29.5111448944554,0.181447563478585,12.8274635202739,934.08677321978,43.476153894021
0.2,0.9,11,96,1.27135182318942,29.4314043974434,0.180957164658372,12.7927946999488,931.56221437324,43.67650808524
0.2,0.9,11,120,1.5849062485852,29.3520937683397,0.180469409497568,12.7583127735339,929.051265008353,43.8757821999564
0.2,0.9,13,2,0.0267698710778561,38.0408441702241,0.207277419607135,16.5247618822837,1203.3214111622,54.7996533431928
0.2,0.9,13,4,0.0535275574169421,36.7294373275494,0.207230246776091,15.9597216502371,1162.17558320817,52.9499167819795
0.2,0.9,13,8,0.107006409140147,35.4537938410578,0.207135965499123,15.4098723030497,1122.13594468888,51.1778085187468
0.2,0.9,13,16,0.213818261172767,35.0973950681907,0.206947660075942,15.2562006215095,1110.94568209968,50.7743616109489
0.2,0.9,13,24,0.320436086226217,35.065523829255,0.206759696715292,15.2423439451957,1109.9366487826,50.8350635573922
0.2,0.9,13,48,0.639130671983813,34.9702565389581,0.206197849713348,15.2009245323011,1106.92051658482,51.0165095929564
0.2,0.9,13,72,0.956097915813184,34.8755056025382,0.205639047952607,15.1597296148694,1103.92073198703,51.1969721811734
0.2,0.9,13,96,1.27135182318942,34.7812668333421,0.205083266741924,15.118757372667,1100.93716244112,51.3764592959405
0.2,0.9,13,120,1.5849062485852,34.6875360898561,0.204530481656367,15.0780060050857,1097.96967682807,51.5549788251834
0.2,0.9,15,2,0.0267698710778561,43.3103779023377,0.231453149039981,18.8177706828792,1370.29668169231,62.3863716053348
0.2,0.9,15,4,0.0535275574169421,41.9533784740828,0.231400474222266,18.2324175089368,1327.67167975193,60.4707240146588
0.2,0.9,15,8,0.107006409140147,40.8021644379267,0.231295196481492,17.735547231839,1291.48993944843,58.8760132753873
0.2,0.9,15,16,0.213818261172767,40.4958926171432,0.231084928121054,17.6033084094331,1281.86040242264,58.5441042158701
0.2,0.9,15,24,0.320436086226217,40.4591181106789,0.230875041719491,17.5873199367634,1280.69613321063,58.597749175388
0.2,0.9,15,48,0.639130671983814,40.3491943141825,0.230247663888731,17.5395283065004,1277.21598067473,58.7581009565555
0.2,0.9,15,72,0.956097915813186,40.239866310621,0.229623686479819,17.4919957094638,1273.75469075421,58.9175836223779
0.2,0.9,15,96,1.27135182318942,40.131129269241,0.229003081921765,17.4447200453842,1270.31211050892,59.0762042197364
0.2,0.9,15,120,1.5849062485852,40.0229784113724,0.228385822940844,17.3976992366365,1266.88808864772,59.233969719535
0.2,0.9,17,2,0.0267698710778561,48.6239829473512,0.255460975015115,21.1292755650884,1538.61882373481,70.0354893585325
0.2,0.9,17,4,0.0535275574169421,47.2383956164761,0.255402836422712,20.5310472238476,1495.05626126601,68.0783732341634
0.2,0.9,17,8,0.107006409140147,46.162460555554,0.255286638589945,20.0662729042546,1461.21172576778,66.5910265075386
0.2,0.9,17,16,0.213818261172767,45.8943901660956,0.25505455982759,19.9504161973576,1452.77512274566,66.3136791844535
0.2,0.9,17,24,0.320436086226217,45.8527123921027,0.254822902643369,19.9322959283318,1451.45561763872,66.3602673093041
0.2,0.9,17,48,0.639130671983814,45.7281320894068,0.254130449103577,19.8781320807005,1447.5114447647,66.4995252911947
0.2,0.9,17,72,0.956097915813185,45.6042270187038,0.253441748699503,19.824261804059,1443.58864952144,66.6380284872755
0.2,0.9,17,96,1.27135182318942,45.4809917051397,0.252756771000315,19.7706827181021,1439.68705857678,66.7757830174316
0.2,0.9,17,120,1.5849062485852,45.3584207328887,0.252075485903279,19.7173924681881,1435.80650046741,66.9127949355653
0.2,0.9,19,2,0.0267698710778561,53.8586893615789,0.279329811320596,23.4065571143141,1704.44884700225,77.5713461582915
0.2,0.9,19,4,0.0535275574169421,52.4860203995392,0.279266240585202,22.8135241370627,1661.26460724525,75.6323383346041
0.2,0.9,19,8,0.107006409140147,51.5109785422955,0.279139185880659,22.3918845771418,1630.56111427753,74.2890087144581
0.2,0.9,19,16,0.213818261172767,51.2928877150477,0.278885422984404,22.2975239852818,1623.68984306867,74.0831153844867
0.2,0.9,19,24,0.320436086226217,51.2463066735263,0.278632121056171,22.2772719199001,1622.21510206679,74.1226468007088
0.2,0.9,19,48,0.639130671983814,51.1070698646309,0.277874968553301,22.2167358549004,1617.80690885465,74.2408113600683
0.2,0.9,19,72,0.956097915813185,50.9685877267863,0.277121919858035,22.156527898654,1613.42260828865,74.3583354611116
0.2,0.9,19,96,1.27135182318942,50.8308541410383,0.276372941696256,22.0966453908198,1609.06200664463,74.4752242967438
0.2,0.9,19,120,1.5849062485852,50.6938630544048,0.275628001152601,22.0370856997395,1604.72491228709,74.591483003882
0.2,0.9,21,2,0.0267698710778561,59.1892994010681,0.30308111799368,25.7249370117084,1873.27162276239,85.244087401848
0.2,0.9,21,4,0.0535275574169422,57.808458096708,0.303012141863049,25.1280234974425,1829.80480505906,83.2930212934305
0.2,0.9,21,8,0.107006409140147,56.8992173173182,0.302874283745732,24.7346169673083,1801.15722124673,82.0437149775124
0.2,0.9,21,16,0.213818261172767,56.6913852640004,0.302598943487781,24.6446317732068,1794.60456339173,81.8524342418678
0.2,0.9,21,24,0.320436086226218,56.6399009549504,0.302324103393787,24.6222479114692,1792.97458649492,81.8849090560396
0.2,0.9,21,48,0.639130671983815,56.4860076398555,0.30150257050413,24.555339629101,1788.10237294466,81.9819805114444
0.2,0.9,21,72,0.956097915813186,56.3329484348694,0.300685490367262,24.4887939932498,1783.25656705592,82.0785258342997
0.2,0.9,21,96,1.27135182318943,56.1807165769374,0.299872826879783,24.4226080635383,1778.43695471253,82.1745492905449
0.2,0.9,21,120,1.5849062485852,56.0293053759214,0.299064544327547,24.3567789312916,1773.64332410683,82.2700551001257
0.2,0.8,3,2,0.0267698710778561,10.0417200398571,0.0766385262680765,4.85379715079369,353.450057471023,14.9989255879968
0.2,0.8,3,4,0.053527557416942,9.36694626149118,0.076621084637155,4.53616209793366,330.320098760278,14.0332570014789
0.2,0.8,3,8,0.107006409140147,8.60209762930356,0.076586225180996,4.17526400757965,304.03975641924,12.9609542712043
0.2,0.8,3,16,0.213818261172766,8.09724788215414,0.0765166013399223,3.93749141565441,286.725325331557,12.3250741603212
0.2,0.8,3,24,0.320436086226216,7.90290029324778,0.0764471039726744,3.84616050027051,280.074673009583,12.1459439837172
0.2,0.8,3,48,0.639130671983811,7.64122621844657,0.0762393672770965,3.72292830651994,271.100992278756,12.0795245642274
0.2,0.8,3,72,0.95609791581318,7.51708166070028,0.076032756525668,3.66411576841278,266.818305069507,12.2133281014519
0.2,0.8,3,96,1.27135182318942,7.45885460894133,0.0758272625891121,3.63664194964482,264.81768112071,12.4426756443647
0.2,0.8,3,120,1.58490624858519,7.41516565678774,0.0756228764365808,3.61626705784844,263.333995986645,12.6919618396579
0.2,0.8,5,2,0.0267698710778561,14.8871269646259,0.100431545835593,7.24437132759502,527.529969327455,22.2586997091343
0.2,0.8,5,4,0.0535275574169421,13.9821952527267,0.100408689316286,6.81222277802554,496.061219205424,20.9483542774855
0.2,0.8,5,8,0.107006409140147,12.8904846684661,0.100363007474012,6.29033389160241,458.057641559091,19.3881879766827
0.2,0.8,5,16,0.213818261172766,12.1923427736277,0.100271768376309,5.95737333632897,433.811690659033,18.4638061395057
0.2,0.8,5,24,0.320436086226216,12.0773811217673,0.100180695017202,5.90255707620673,429.820009571293,18.4005549792174
0.2,0.8,5,48,0.639130671983812,11.960356056054,0.0999084648676987,5.8465094355003,425.738660224923,18.5459046284058
0.2,0.8,5,72,0.956097915813182,11.9279625735173,0.0996377102203608,5.8306652364881,424.58489691808,18.8143634360389
0.2,0.8,5,96,1.27135182318942,11.8957441908862,0.0993684191116571,5.81490668179489,423.437370169653,19.0813711149821
0.2,0.8,5,120,1.5849062485852,11.8636994922584,0.0991005797070436,5.79923307887901,422.29602954925,19.3469393994297
0.2,0.8,7,2,0.0267698710778561,19.6983399389609,0.12336186690344,9.60666550148908,699.550551479263,29.4551371784313
0.2,0.8,7,4,0.0535275574169421,18.6814545026621,0.123333791831318,9.11795289002945,663.96284658744,27.9762687419398
0.2,0.8,7,8,0.107006409140147,17.4896502233642,0.123277680006099,8.54499217196449,622.24025447302,26.2649264844749
0.2,0.8,7,16,0.213818261172767,16.823303879459,0.123165609387911,8.22486434383222,598.928773639314,25.3851520938519
0.2,0.8,7,24,0.320436086226217,16.7878099171185,0.123053742349412,8.20768705079068,597.677935373084,25.4389867964848
0.2,0.8,7,48,0.639130671983813,16.7416340784755,0.122719357179984,8.18511320970048,596.034124314897,25.6885973173398
0.2,0.8,7,72,0.956097915813183,16.6962832029241,0.122386784396299,8.1629313310834,594.418855685317,25.937699234217
0.2,0.8,7,96,1.27135182318942,16.6511774672405,0.122056009303336,8.1408693545129,592.812318237519,26.1854546542462
0.2,0.8,7,120,1.5849062485852,16.6063148891617,0.121727017364513,8.11892631043067,591.214441368955,26.4318744655421
0.2,0.8,9,2,0.0267698710778561,24.4344613977702,0.145785228998836,11.9287055883227,868.639859631985,36.5357220861696
0.2,0.8,9,4,0.0535275574169421,23.342300449872,0.145752050749178,11.402027433178,830.287530842516,34.9436074912161
0.2,0.8,9,8,0.107006409140147,22.1353614173857,0.145685739534096,10.8196037996794,787.875855954351,33.2076573657393
0.2,0.8,9,16,0.213818261172766,21.601410295809,0.145553297952701,10.5621099982927,769.125340415468,32.5228918532272
0.2,0.8,9,24,0.320436086226217,21.5815381256954,0.145421096955469,10.5523919620582,768.417679926396,32.5997872709353
0.2,0.8,9,48,0.639130671983813,21.5229121008973,0.145025930931134,10.5237169839005,766.329588404857,32.8307856877127
0.2,0.8,9,72,0.956097915813183,21.4646038323312,0.144632906728068,10.4951974256785,764.25281445254,33.060532080551
0.2,0.8,9,96,1.27135182318942,21.4066107435952,0.144242006980155,10.4668320272307,762.187266305372,33.2890366009955
0.2,0.8,9,120,1.5849062485852,21.3489302860653,0.14385321450851,10.4386195419822,760.132853188646,33.5163092911411
0.2,0.8,11,2,0.0267698710778561,29.17014517566,0.16786451433337,14.2485699024903,1037.57072956614,43.6133494635615
0.2,0.8,11,4,0.0535275574169421,28.0585396165401,0.167826311212219,13.7112497883985,998.443460892579,41.9911432735678
0.2,0.8,11,8,0.107006409140147,26.8200751946265,0.167749957112487,13.1122964438786,954.828104200468,40.2071280047577
0.2,0.8,11,16,0.213818261172767,26.3998156837675,0.167597457151475,12.9090928335847,940.030961776633,39.6903242356764
0.2,0.8,11,24,0.320436086226217,26.3758441536278,0.167445234211283,12.8973679536269,939.177164354493,39.7610934276922
0.2,0.8,11,48,0.639130671983813,26.3041901233191,0.166990219987883,12.8623207581007,936.625052494834,39.9726317733915
0.2,0.8,11,72,0.956097915813184,26.2329244617383,0.166537671966235,12.8274635202739,934.08677321978,40.1830235697915
0.2,0.8,11,96,1.27135182318942,26.1620440199498,0.166087570150111,12.7927946999488,931.562214373239,40.3922781132381
0.2,0.8,11,120,1.5849062485852,26.0915456829688,0.16563989475887,12.7583127735339,929.051265008353,40.6004045998467
0.2,0.8,13,2,0.0267698710778561,33.8177324098457,0.189690494095901,16.5247618822837,1203.3214111622,50.5589546573032
0.2,0.8,13,4,0.0535275574169421,32.6507287401814,0.189647323751318,15.9597216502371,1162.17558320817,48.8536252715868
0.2,0.8,13,8,0.107006409140147,31.5156062040724,0.18956104198437,15.4098723030497,1122.13594468888,47.2220459582466
0.2,0.8,13,16,0.213818261172767,31.1984801717248,0.189388713764385,15.2562006215095,1110.94568209968,46.8578877681714
0.2,0.8,13,24,0.320436086226217,31.1701501815598,0.189216698583854,15.2423439451957,1109.9366487826,46.9221469115655
0.2,0.8,13,48,0.639130671983813,31.0854681457403,0.188702522772485,15.2009245323011,1106.92051658482,47.1142258727977
0.2,0.8,13,72,0.956097915813184,31.0012450911448,0.188191133821882,15.1597296148694,1103.92073198703,47.3052637556493
0.2,0.8,13,96,1.27135182318942,30.9174772963039,0.187682509135877,15.118757372667,1100.93716244112,47.4952690012962
0.2,0.8,13,120,1.5849062485852,30.8341610798718,0.187176626361926,15.0780060050857,1097.96967682807,47.6842499599046
0.2,0.8,15,2,0.0267698710778561,38.5012587609493,0.211319903892253,18.8177706828792,1370.29668169231,57.5571192187987
0.2,0.8,15,4,0.0535275574169421,37.2938537347476,0.211271811060234,18.2324175089368,1327.67167975193,55.7910706121616
0.2,0.8,15,8,0.107006409140147,36.2696211779944,0.211175691037003,17.735547231839,1291.48993944843,54.3233505100106
0.2,0.8,15,16,0.213818261172767,35.9971446596824,0.210983713136061,17.6033084094331,1281.86040242264,54.0252550434244
0.2,0.8,15,24,0.320436086226217,35.9644562094919,0.210792083968816,17.5873199367633,1280.69613321063,54.0830043164503
0.2,0.8,15,48,0.639130671983814,35.8667461681618,0.210219279392814,17.5395283065004,1277.21598067473,54.2556244260388
0.2,0.8,15,72,0.956097915813186,35.7695657205516,0.20964957944866,17.4919957094638,1273.75469075421,54.4273089252773
0.2,0.8,15,96,1.27135182318942,35.6729105726582,0.209082958963664,17.4447200453842,1270.31211050892,54.5980654001955
0.2,0.8,15,120,1.5849062485852,35.5767764767751,0.208519393036538,17.3976992366365,1266.88808864772,54.7679013550334
0.2,0.8,17,2,0.0267698710778561,43.2241295175199,0.232791012790561,21.1292755650884,1538.61882373481,64.6129659664767
0.2,0.8,17,4,0.0535275574169421,41.9914270004341,0.232738033497709,20.5310472238476,1495.05626126601,62.8087398151964
0.2,0.8,17,8,0.107006409140147,41.0342708913043,0.232632147222232,20.0662729042546,1461.21172576778,61.4401823519213
0.2,0.8,17,16,0.213818261172767,40.7958091476407,0.23242066345203,19.9504161973576,1452.77512274566,61.192464269623
0.2,0.8,17,24,0.320436086226217,40.7587622374248,0.232209563848531,19.9322959283318,1451.45561763872,61.2437038158314
0.2,0.8,17,48,0.639130671983814,40.648024190584,0.231578559598943,19.8781320807005,1447.5114447647,61.3968655028672
0.2,0.8,17,72,0.956097915813185,40.5378863499591,0.230950975426588,19.8242618040591,1443.58864952144,61.5491970452579
0.2,0.8,17,96,1.27135182318942,40.4283438490133,0.230326783601111,19.7706827181021,1439.68705857678,61.7007051739059
0.2,0.8,17,120,1.5849062485852,40.319391873679,0.229705956691135,19.7173924681881,1435.80650046741,61.8513965471435
0.2,0.8,19,2,0.0267698710778561,47.8768478486067,0.254131080971634,23.4065571143141,1704.44884700225,71.5643059149703
0.2,0.8,19,4,0.0535275574169421,46.6557359594231,0.254073245040598,22.8135241370627,1661.26460724525,69.7768608989434
0.2,0.8,19,8,0.107006409140147,45.7884494209445,0.253957652117468,22.3918845771418,1630.56111427753,68.5412980593439
0.2,0.8,19,16,0.213818261172767,45.594473635598,0.253726781524633,22.2975239852818,1623.68984306867,68.3595426635772
0.2,0.8,19,24,0.320436086226217,45.5530682653567,0.253496330315256,22.2772719199001,1622.21510206679,68.4042726017983
0.2,0.8,19,48,0.639130671983814,45.4293022130052,0.252807481591573,22.2167358549004,1617.80690885465,68.5379762214809
0.2,0.8,19,72,0.956097915813185,45.3062069793656,0.252122366465309,22.156527898654,1613.42260828865,68.6709551602981
0.2,0.8,19,96,1.27135182318942,45.1837771253673,0.251440954664051,22.0966453908198,1609.06200664463,68.8032152940407
0.2,0.8,19,120,1.5849062485852,45.062007270582,0.250763216241776,22.0370856997395,1604.72491228709,68.9347624351484
0.2,0.8,21,2,0.0267698710778561,52.6149666026259,0.275360341152629,25.7249370117084,1873.27162276239,78.6420338265648
0.2,0.8,21,4,0.0535275574169422,51.3866740914033,0.275297673801434,25.1280234974425,1829.80480505906,76.8435228200642
0.2,0.8,21,8,0.107006409140147,50.577973323171,0.275172424632279,24.7346169673083,1801.15722124673,75.6947691242517
0.2,0.8,21,16,0.213818261172767,50.3931381235553,0.274922267882613,24.6446317732068,1794.60456339173,75.5265104258176
0.2,0.8,21,24,0.320436086226218,50.3473742932887,0.274672565550295,24.6222479114692,1792.97458649492,75.5647308565344
0.2,0.8,21,48,0.639130671983814,50.2105802354265,0.273926172709126,24.555339629101,1788.10237294466,75.6789767092205
0.2,0.8,21,72,0.956097915813186,50.0745276087722,0.27318382535761,24.4887939932498,1783.25656705592,75.7926033431929
0.2,0.8,21,96,1.27135182318943,49.9392104017215,0.272445490694482,24.4226080635383,1778.43695471253,75.9056157791437
0.2,0.8,21,120,1.5849062485852,49.8046226674851,0.271711136272125,24.3567789312916,1773.64332410683,76.018018983634
0.2,0.7,3,2,0.0267698710778561,8.80814386252187,0.072018552961765,4.85742546484018,353.714268720157,13.7643577514017
0.2,0.7,3,4,0.0535275574169421,8.23476436509909,0.072002162758542,4.55051850104969,331.365521827784,12.9108125863243
0.2,0.7,3,8,0.107006409140147,7.6096057569631,0.07196940472271,4.21521793838621,306.94917325333,12.0037995092122
0.2,0.7,3,16,0.213818261172766,7.2108066626915,0.0719039779911438,4.00149362058594,291.385920389104,11.4980225224413
0.2,0.7,3,24,0.320436086226216,7.04633128587935,0.0718386701092262,3.91367650186379,284.991140241728,11.3522825440786
0.2,0.7,3,48,0.639130671983812,6.8225449501068,0.0716434563317555,3.79402680499733,276.278334386847,11.3273458834197
0.2,0.7,3,72,0.956097915813181,6.75359362876717,0.0714493006235393,3.75659157276976,273.552327392486,11.5377324179736
0.2,0.7,3,96,1.27135182318942,6.71385001369928,0.0712561944056379,3.73485445621693,271.969446020199,11.7913124875113
0.2,0.7,3,120,1.58490624858519,6.67471610327707,0.0710641291916066,3.71336745143303,270.404777609095,12.0440539324869
0.2,0.7,5,2,0.0267698710778561,13.0357363081037,0.0931159141511581,7.24437132759502,527.529969327455,20.3999934209277
0.2,0.7,5,4,0.0535275574169421,12.2455346638108,0.0930947225457527,6.81453720038431,496.229753796036,19.2066941441578
0.2,0.7,5,8,0.107006409140147,11.2935040442239,0.09305236825888,6.29607873868078,458.475977238751,17.7896415603037
0.2,0.7,5,16,0.213818261172766,10.7125089536172,0.0929677751968264,5.98034694271437,435.484612341784,16.9996419327011
0.2,0.7,5,24,0.320436086226216,10.6066670940503,0.092883335800644,5.92285350431887,431.297981035658,16.9428400203961
0.2,0.7,5,48,0.639130671983812,10.4662066740472,0.0926309354316205,5.8465094355003,425.738660224923,17.0444777169629
0.2,0.7,5,72,0.956097915813182,10.4378623768276,0.0923799030862773,5.8306652364881,424.58489691808,17.3170054322151
0.2,0.7,5,96,1.27135182318942,10.4096712920253,0.0921302276725306,5.81490668179489,423.437370169653,17.5880600246822
0.2,0.7,5,120,1.5849062485852,10.3816321807261,0.0918818982178878,5.79923307887901,422.29602954925,17.8576534064082
0.2,0.7,7,2,0.0267698710778561,17.2432351485646,0.11340629478709,9.60666550148908,699.550551479263,26.9900768159186
0.2,0.7,7,4,0.053527557416942,16.3514399264408,0.113380485434612,9.11805813109659,663.970510167123,25.636406100389
0.2,0.7,7,8,0.107006409140147,15.3075089870684,0.113328901956252,8.54588785518724,622.30547748847,24.073732153352
0.2,0.7,7,16,0.213818261172766,14.7249400240916,0.113225875681746,8.22684024415278,599.072657295792,23.2788244050989
0.2,0.7,7,24,0.320436086226217,14.6914709050628,0.113123036557603,8.20834283090832,597.725688814991,23.333372858755
0.2,0.7,7,48,0.639130671983813,14.6498249436663,0.11281563700174,8.18511320970048,596.034124314897,23.5868844623523
0.2,0.7,7,72,0.956097915813183,14.6101429275588,0.112509903568131,8.16293133108341,594.418855685317,23.8416820780235
0.2,0.7,7,96,1.27135182318942,14.5706754088356,0.112205822747676,8.14086935451291,592.812318237519,24.0951024092856
0.2,0.7,7,120,1.5849062485852,14.5314206530167,0.111903381176928,8.11892631043067,591.214441368955,24.3471565932095
0.2,0.7,9,2,0.0267698710778561,21.3859299142308,0.133222458727006,11.9287055883227,868.639859631985,33.4746278323583
0.2,0.7,9,4,0.0535275574169421,20.4283682257211,0.133192139551146,11.402027433178,830.287530842516,32.0171153558671
0.2,0.7,9,8,0.107006409140147,19.3702749142001,0.133131542581378,10.8196037996794,787.875855954352,30.430016665601
0.2,0.7,9,16,0.213818261172766,18.9021295881082,0.133010513906303,10.5621099982927,769.125340415468,29.81106836148
0.2,0.7,9,24,0.320436086226217,18.8847409849835,0.1328897050835,10.5523919620582,768.417679926397,29.8904587383514
0.2,0.7,9,48,0.639130671983813,18.8334432132852,0.132528591754469,10.5237169839005,766.329588404858,30.1288194609239
0.2,0.7,9,72,0.956097915813183,18.7824234782898,0.132169435679254,10.4951974256785,764.252814452541,30.3658882554608
0.2,0.7,9,96,1.27135182318942,18.7316795256458,0.131812220988229,10.4668320272308,762.187266305372,30.6016755970542
0.2,0.7,9,120,1.5849062485852,18.6812091253071,0.13145693198287,10.4386195419822,760.132853188647,30.8361918478573
0.2,0.7,11,2,0.0267698710778561,25.5287430451823,0.152716768328447,14.2485699024903,1037.57072956614,39.9567995870789
0.2,0.7,11,4,0.0535275574169421,24.5544564325668,0.152682012577803,13.7112497883985,998.443460892579,38.47191579096
0.2,0.7,11,8,0.107006409140147,23.469062108194,0.152612548513846,13.1122964438786,954.828104200468,36.8409775097266
0.2,0.7,11,16,0.213818261172767,23.1007338482962,0.152473809833378,12.9090928335847,940.030961776633,36.3761187528871
0.2,0.7,11,24,0.320436086226217,23.079758759424,0.152335323175946,12.8973679536269,939.177164354493,36.4498981224531
0.2,0.7,11,48,0.639130671983813,23.0170614829039,0.151921368493402,12.8623207581007,936.625052494834,36.6704342814818
0.2,0.7,11,72,0.956097915813184,22.9547040290207,0.151509657467675,12.8274635202739,934.08677321978,36.8897751225754
0.2,0.7,11,96,1.27135182318942,22.8926836424557,0.151100171906952,12.7927946999488,931.562214373241,37.1079303375009
0.2,0.7,11,120,1.5849062485852,22.8309975975974,0.150692893815558,12.7583127735339,929.051265008353,37.324909513532
0.2,0.7,13,2,0.0267698710778561,29.594620649468,0.17197413226374,16.5247618822837,1203.3214111622,46.3181265350933
0.2,0.7,13,4,0.0535275574169421,28.572020152814,0.171934993863134,15.9597216502371,1162.17558320817,44.7572043543312
0.2,0.7,13,8,0.107006409140147,27.5774185670875,0.17185677048103,15.4098723030497,1122.13594468888,43.2661540497584
0.2,0.7,13,16,0.213818261172767,27.2995652752594,0.17170053705332,15.2562006215095,1110.94568209968,42.941284694995
0.2,0.7,13,24,0.320436086226217,27.274776533865,0.171544587428385,15.2423439451957,1109.9366487826,43.0091011527152
0.2,0.7,13,48,0.639130671983813,27.200679752523,0.171078433658199,15.2009245323011,1106.92051658482,43.2118133904661
0.2,0.7,13,72,0.956097915813184,27.1269845797519,0.170614806466714,15.1597296148694,1103.92073198703,43.4134269169012
0.2,0.7,13,96,1.27135182318942,27.0536877592661,0.170153685368155,15.118757372667,1100.93716244112,43.6139506404907
0.2,0.7,13,120,1.5849062485852,26.980786069888,0.169695050097621,15.0780060050857,1097.96967682807,43.8133933736566
0.2,0.7,15,2,0.0267698710778561,33.6921396195619,0.19104762183254,18.8177706828792,1370.29668169231,52.7277277953515
0.2,0.7,15,4,0.0535275574169421,32.6343289954133,0.191004142628663,18.2324175089368,1327.67167975193,51.1112782043957
0.2,0.7,15,8,0.107006409140147,31.7370779180631,0.190917243564683,17.735547231839,1291.48993944843,49.7705488026069
0.2,0.7,15,16,0.213818261172767,31.4983967022225,0.19074368243417,17.6033084094332,1281.86040242264,49.5062670552626
0.2,0.7,15,24,0.320436086226217,31.4697943083058,0.190570436582731,17.5873199367634,1280.69613321063,49.5681207678782
0.2,0.7,15,48,0.639130671983814,31.384298022142,0.190052582135495,17.5395283065004,1277.21598067473,49.7530095827617
0.2,0.7,15,72,0.956097915813186,31.299265130483,0.189537534487431,17.4919957094638,1273.75469075421,49.9368962902475
0.2,0.7,15,96,1.27135182318943,31.2146918760763,0.189025270880709,17.4447200453842,1270.31211050893,50.1197890155307
0.2,0.7,15,120,1.5849062485852,31.1305745421786,0.188515768802863,17.3976992366365,1266.88808864772,50.3016957962032
0.2,0.7,17,2,0.0267698710778561,37.8242760876885,0.209973034470214,21.1292755650884,1538.61882373481,59.1902945583249
0.2,0.7,17,4,0.0535275574169421,36.744458384392,0.20992524816287,20.5310472238476,1495.05626126601,57.5389584138194
0.2,0.7,17,8,0.107006409140147,35.9060812270545,0.209829740770621,20.0662729042546,1461.21172576778,56.2891902812198
0.2,0.7,17,16,0.213818261172767,35.6972281291856,0.209638986460829,19.9504161973576,1452.77512274566,56.0711015741768
0.2,0.7,17,24,0.320436086226217,35.6648120827467,0.209448578662046,19.9322959283318,1451.45561763872,56.1269926759668
0.2,0.7,17,48,0.639130671983814,35.567916291761,0.208879424915682,19.8781320807005,1447.5114447647,56.294058469361
0.2,0.7,17,72,0.956097915813185,35.4715456812142,0.208313356013471,19.824261804059,1443.58864952144,56.4602187570999
0.2,0.7,17,96,1.27135182318942,35.3756959928866,0.207750346943164,19.7706827181021,1439.68705857678,56.6254808811213
0.2,0.7,17,120,1.5849062485852,35.2803630144692,0.207190372962186,19.7173924681881,1435.80650046741,56.7898521042046
0.2,0.7,19,2,0.0267698710778561,41.8950063356344,0.228775869740987,23.4065571143141,1704.44884700225,65.5571091907674
0.2,0.7,19,4,0.0535275574169421,40.8254515193069,0.228723804226708,22.8135241370627,1661.26460724525,63.9212270180133
0.2,0.7,19,8,0.107006409140147,40.0659202995934,0.228619744261182,22.3918845771418,1630.56111427753,62.7934310301365
0.2,0.7,19,16,0.213818261172767,39.8960595561482,0.228411908130035,22.2975239852818,1623.68984306867,62.6358137107328
0.2,0.7,19,24,0.320436086226217,39.8598298571871,0.228204449539545,22.2772719199001,1622.21510206679,62.6857423128529
0.2,0.7,19,48,0.639130671983814,39.7515345613795,0.227584328752752,22.2167358549004,1617.80690885465,62.8349854170165
0.2,0.7,19,72,0.956097915813185,39.6438262319449,0.226967569054236,22.156527898654,1613.42260828865,62.9834196154663
0.2,0.7,19,96,1.27135182318942,39.5367001096964,0.226354143191927,22.0966453908198,1609.06200664463,63.1310514668975
0.2,0.7,19,120,1.5849062485852,39.4301514867592,0.225744024207582,22.0370856997395,1604.72491228709,63.2778874592914
0.2,0.7,21,2,0.0267698710778561,46.0406338041851,0.247475053618758,25.7249370117084,1873.27162276239,72.0398157405902
0.2,0.7,21,4,0.0535275574169422,44.9648900860998,0.247418732486846,25.1280234974425,1829.80480505906,70.3938598734461
0.2,0.7,21,8,0.107006409140147,44.256729329025,0.24730616709445,24.7346169673083,1801.15722124673,69.3456588725679
0.2,0.7,21,16,0.213818261172767,44.0948909831115,0.247081343306183,24.6446317732068,1794.60456339173,69.2004223607973
0.2,0.7,21,24,0.320436086226218,44.0548476316282,0.246856927917167,24.6222479114692,1792.97458649492,69.2443885572407
0.2,0.7,21,48,0.639130671983815,43.9351528309988,0.246186121047827,24.5553396291011,1788.10237294466,69.3758092531315
0.2,0.7,21,72,0.956097915813186,43.8161067826763,0.245518949988077,24.4887939932499,1783.25656705592,69.5065176417274
0.2,0.7,21,96,1.27135182318943,43.6977042265069,0.244855385258379,24.4226080635383,1778.43695471253,69.636519498493
0.2,0.7,21,120,1.5849062485852,43.57993995905,0.244195397697036,24.3567789312916,1773.64332410684,69.7658205366239
0.2,0.6,3,2,0.0267698710778561,7.58167824017117,0.0673224960743868,4.86653010930291,354.37726245653,12.5423007166263
0.2,0.6,3,4,0.0535275574169421,7.11601870315444,0.0673071746141969,4.57764836656883,333.341099345553,11.8145018017544
0.2,0.6,3,8,0.107006409140147,6.65702923643817,0.0672765526057281,4.29270730048942,312.591893506749,11.1240194986735
0.2,0.6,3,16,0.213818261172766,6.35441510906241,0.0672153921033592,4.10448020992889,298.885330601592,10.7399289722674
0.2,0.6,3,24,0.320436086226216,6.22088596333933,0.0671543427009037,4.02159102257571,292.849398912746,10.6300674148422
0.2,0.6,3,48,0.639130671983811,6.08353194717058,0.0669718580739991,3.93672141501756,286.669254432652,10.7263558922459
0.2,0.6,3,72,0.956097915813182,6.03665043416962,0.066790362523663,3.90704278719526,284.508077856137,10.9665814997017
0.2,0.6,3,96,1.27135182318942,5.9995412686653,0.0666098480303558,3.88353511234143,282.796265687238,11.2210380522265
0.2,0.6,3,120,1.58490624858519,5.9632307779627,0.0664303066610019,3.86030862496115,281.104929390238,11.47487595817
0.2,0.6,5,2,0.0267698710778561,11.1843456515817,0.0857020589859263,7.24437132759502,527.529969327455,18.5411889092405
0.2,0.6,5,4,0.053527557416942,10.5099202336788,0.0856825546484237,6.81826207411849,496.500996452974,17.4673924198626
0.2,0.6,5,8,0.107006409140147,9.70547513081817,0.0856435725944434,6.30937281053502,459.444042099092,16.2074979230878
0.2,0.6,5,16,0.213818261172766,9.24935773653916,0.0855657148011756,6.0212043740711,438.459821443548,15.5699460865842
0.2,0.6,5,24,0.320436086226216,9.1458381234476,0.0854879984389584,5.95602406301323,433.713437535515,15.507786271126
0.2,0.6,5,48,0.639130671983812,8.99933733961145,0.0852556940953742,5.86359178290148,426.982584617128,15.5873154885921
0.2,0.6,5,72,0.956097915813182,8.94776218013798,0.0850246488539233,5.8306652364881,424.58489691808,15.8195499812932
0.2,0.6,5,96,1.27135182318942,8.92359839316464,0.0847948525056695,5.81490668179489,423.437370169653,16.0946517506546
0.2,0.6,5,120,1.58490624858519,8.89956486919385,0.0845662949517459,5.799233078879,422.29602954925,16.3682704916098
0.2,0.6,7,2,0.0267698710778561,14.788130358168,0.103334503080945,9.60666550148908,699.550551479263,24.5249002338159
0.2,0.6,7,4,0.053527557416942,14.0239539259246,0.103310985897722,9.11980554836027,664.09775584985,23.3005980175995
0.2,0.6,7,8,0.107006409140147,13.126846086157,0.103263983629343,8.54802102778098,622.46081360006,21.8851375067075
0.2,0.6,7,16,0.213818261172766,12.6299785665318,0.103170107280589,8.23162317356514,599.420946814937,21.1785901085503
0.2,0.6,7,24,0.320436086226217,12.5947782651601,0.103076401461079,8.20899871582576,597.773449888345,21.2272894686731
0.2,0.6,7,48,0.639130671983813,12.5580158088568,0.102796302544065,8.18511320970048,596.034124314897,21.4850559930851
0.2,0.6,7,72,0.956097915813183,12.5240026521932,0.102517721778363,8.1629313310834,594.418855685317,21.7455496208681
0.2,0.6,7,96,1.27135182318942,12.4901733504305,0.102240646854638,8.14086935451291,592.812318237519,22.0046351749875
0.2,0.6,7,120,1.5849062485852,12.4565264168714,0.10196506559627,8.11892631043067,591.214441368955,22.2623240414835
0.2,0.6,9,2,0.0267698710778561,18.3373984306914,0.120527907827146,11.9287055883227,868.639859631985,30.4134017979191
0.2,0.6,9,4,0.0535275574169421,17.5144360015701,0.120500477716125,11.402027433178,830.287530842516,29.0904914698811
0.2,0.6,9,8,0.107006409140147,16.6051884110145,0.120445654932814,10.8196037996794,787.875855954352,27.6522442747669
0.2,0.6,9,16,0.213818261172766,16.2028488804075,0.120336158882875,10.5621099982927,769.125340415467,27.0991132987558
0.2,0.6,9,24,0.320436086226217,16.1879438442716,0.120226861735843,10.5523919620582,768.417679926396,27.1809987542919
0.2,0.6,9,48,0.639130671983813,16.143974325673,0.119900158307213,10.5237169839005,766.329588404857,27.4267221398645
0.2,0.6,9,72,0.956097915813183,16.1002431242484,0.119575225628873,10.4951974256785,764.252814452541,27.671113691369
0.2,0.6,9,96,1.27135182318942,16.0567483076964,0.11925204934339,10.4668320272307,762.187266305372,27.9141842074599
0.2,0.6,9,120,1.5849062485852,16.013487964549,0.118930615248125,10.4386195419822,760.132853188646,28.1559443703644
0.2,0.6,11,2,0.0267698710778561,21.8873409147054,0.137423333357587,14.2485699024903,1037.57072956614,36.3001040216311
0.2,0.6,11,4,0.0535275574169421,21.0503732485941,0.137392058133791,13.7112497883985,998.443460892579,34.9525426525433
0.2,0.6,11,8,0.107006409140147,20.1180490217621,0.137329550373039,13.1122964438786,954.828104200468,33.4746814251539
0.2,0.6,11,16,0.213818261172766,19.8016520128255,0.137204705327245,12.9090928335847,940.030961776633,33.0617678129103
0.2,0.6,11,24,0.320436086226217,19.7836733652208,0.137080087066276,12.8973679536269,939.177164354493,33.1385574921402
0.2,0.6,11,48,0.639130671983813,19.7299328424892,0.136707586829683,12.8623207581007,936.625052494834,33.3680918594034
0.2,0.6,11,72,0.956097915813184,19.6764835963036,0.136337105564561,12.8274635202739,934.08677321978,33.5963821379552
0.2,0.6,11,96,1.27135182318942,19.6233232649623,0.135968626900873,12.7927946999488,931.56221437324,33.8234384150014
0.2,0.6,11,120,1.5849062485852,19.5704495122265,0.135602134645076,12.7583127735339,929.051265008353,34.0492706689906
0.2,0.6,13,2,0.0267698710778561,25.3715088890899,0.154099389827755,16.5247618822837,1203.3214111622,42.0771400322793
0.2,0.6,13,4,0.0535275574169421,24.4933115654464,0.154064319415868,15.9597216502371,1162.17558320817,40.6606250925163
0.2,0.6,13,8,0.107006409140147,23.6392309301023,0.1539942264589,15.4098723030497,1122.13594468888,39.3101038687511
0.2,0.6,13,16,0.213818261172767,23.4006503787938,0.153854231707574,15.2562006215095,1110.94568209968,39.0245234931836
0.2,0.6,13,24,0.320436086226217,23.37940288617,0.153714491260973,15.2423439451957,1109.9366487826,39.0958974088529
0.2,0.6,13,48,0.639130671983813,23.3158913593054,0.153296788839068,15.2009245323011,1106.92051658482,39.3092433524294
0.2,0.6,13,72,0.956097915813185,23.2527240683588,0.15288135038693,15.1597296148694,1103.92073198703,39.5214329494283
0.2,0.6,13,96,1.27135182318942,23.1898982222281,0.152468157548046,15.1187573726671,1100.93716244112,39.7324755756326
0.2,0.6,13,120,1.5849062485852,23.127411059904,0.15205719216382,15.0780060050857,1097.96967682807,39.9423805057388
0.2,0.6,15,2,0.0267698710778561,28.8830204781738,0.170605211713589,18.8177706828792,1370.29668169231,47.8981662438444
0.2,0.6,15,4,0.0535275574169421,27.9748042560783,0.170566384856122,18.2324175089368,1327.67167975193,46.4313157072881
0.2,0.6,15,8,0.107006409140147,27.2045346581311,0.170488784135077,17.735547231839,1291.48993944843,45.2175770832453
0.2,0.6,15,16,0.213818261172767,26.9996487447619,0.170333794331318,17.6033084094331,1281.86040242264,44.9871092096992
0.2,0.6,15,24,0.320436086226217,26.9751324071191,0.170179086071253,17.5873199367634,1280.69613321063,45.0530675161799
0.2,0.6,15,48,0.639130671983814,26.9018498761215,0.169716642902581,17.5395283065004,1277.21598067473,45.2502254975083
0.2,0.6,15,72,0.956097915813186,26.8289645404139,0.169256706200948,17.4919957094638,1273.75469075421,45.4463148718918
0.2,0.6,15,96,1.27135182318942,26.7564731794938,0.168799255643648,17.4447200453842,1270.31211050893,45.6413443037111
0.2,0.6,15,120,1.5849062485852,26.6843726075814,0.168344271127089,17.3976992366365,1266.88808864772,45.8353223639303
0.2,0.6,17,2,0.0267698710778561,32.4244226578566,0.186973941000276,21.1292755650884,1538.61882373481,53.7674420350231
0.2,0.6,17,4,0.0535275574169421,31.4974897683494,0.186931388897181,20.5310472238476,1495.05626126601,52.2689959385111
0.2,0.6,17,8,0.107006409140147,30.7778915628043,0.186846342769384,20.0662729042546,1461.21172576778,51.1380172189683
0.2,0.6,17,16,0.213818261172767,30.5986471107301,0.186676482457775,19.9504161973576,1452.77512274566,50.9495580517182
0.2,0.6,17,24,0.320436086226217,30.5708619280682,0.186506930702591,19.9322959283318,1451.45561763872,51.0101008733289
0.2,0.6,17,48,0.639130671983814,30.4878083929376,0.186000118390899,19.8781320807005,1447.5114447647,51.1910712640128
0.2,0.6,17,72,0.956097915813185,30.4052050124689,0.185496053029406,19.824261804059,1443.58864952144,51.3710607853706
0.2,0.6,17,96,1.27135182318942,30.3230481367596,0.184994712345543,19.7706827181021,1439.68705857678,51.5500773903967
0.2,0.6,17,120,1.5849062485852,30.2413341552589,0.184496074306876,19.7173924681881,1435.80650046741,51.728128946339
0.2,0.6,19,2,0.0267698710778561,35.9131648226621,0.203229185696908,23.4065571143141,1704.44884700225,59.549720993751
0.2,0.6,19,4,0.0535275574169421,34.9951670791906,0.203182934175356,22.8135241370627,1661.26460724525,58.0654017078457
0.2,0.6,19,8,0.107006409140147,34.3433911782423,0.203090494259899,22.3918845771418,1630.56111427753,57.0453726587841
0.2,0.6,19,16,0.213818261172767,34.1976454766983,0.202905866537844,22.2975239852818,1623.68984306867,56.9118935896907
0.2,0.6,19,24,0.320436086226217,34.1665914490174,0.202721574197664,22.2772719199001,1622.21510206679,56.9670210293413
0.2,0.6,19,48,0.639130671983814,34.0737669097537,0.202170700354736,22.2167358549004,1617.80690885465,57.1318041369927
0.2,0.6,19,72,0.956097915813185,33.9814454845241,0.201622812277894,22.156527898654,1613.42260828865,57.2956941112692
0.2,0.6,19,96,1.27135182318942,33.8896230940253,0.201077885758224,22.0966453908198,1609.06200664463,57.4586981937928
0.2,0.6,19,120,1.5849062485852,33.7982957029363,0.200535896847825,22.0370856997395,1604.72491228709,57.6208235481088
0.2,0.6,21,2,0.0267698710778561,39.4663010057431,0.219388467850529,25.7249370117084,1873.27162276239,65.4373963563799
0.2,0.6,21,4,0.0535275574169422,38.5431060807952,0.219338538749971,25.1280234974425,1829.80480505906,63.9439956744047
0.2,0.6,21,8,0.107006409140147,37.9354853348778,0.219238748695945,24.7346169673083,1801.15722124673,62.9963474600222
0.2,0.6,21,16,0.213818261172767,37.7966438426665,0.219039440742585,24.6446317732068,1794.60456339173,62.8741333177887
0.2,0.6,21,24,0.320436086226218,37.7623209699665,0.218840494838186,24.6222479114692,1792.97458649492,62.9238454625001
0.2,0.6,21,48,0.639130671983815,37.6597254265699,0.218245819580474,24.555339629101,1788.10237294466,63.0724415472352
0.2,0.6,21,72,0.956097915813186,37.5576859565792,0.21765436749489,24.4887939932498,1783.25656705592,63.2202322331371
0.2,0.6,21,96,1.27135182318943,37.4561980512911,0.217066112447607,24.4226080635383,1778.43695471253,63.3672240504665
0.2,0.6,21,120,1.5849062485852,37.3552572506138,0.216481028586562,24.3567789312916,1773.64332410683,63.5134234590772
0.2,0.5,3,2,0.0267698710778561,6.36531845979707,0.0625303378457009,4.8862734341938,355.814957337581,11.3408921029144
0.2,0.5,3,4,0.0535275574169422,6.02667978803495,0.0625161069995822,4.63638954797105,337.618590410283,10.7791130004225
0.2,0.5,3,8,0.107006409140147,5.74177721152665,0.0624876647307016,4.42666347388619,322.346486810662,10.3379347592837
0.2,0.5,3,16,0.213818261172768,5.52071167516186,0.0624308577627647,4.26340070649666,310.457808169185,10.0603615005941
0.2,0.5,3,24,0.320436086226219,5.44828941836945,0.0623741539864134,4.20939737076735,306.525323657748,10.0404970293494
0.2,0.5,3,48,0.639130671983817,5.37918027225828,0.0622046590027548,4.15768368187596,302.75956960111,10.2381992851208
0.2,0.5,3,72,0.956097915813191,5.34379468586104,0.0620360826910942,4.13107345155293,300.82183154886,10.4930021359183
0.2,0.5,3,96,1.27135182318943,5.30887825530736,0.06186841760274,4.10480167946095,298.908739784352,10.7469001755605
0.2,0.5,3,120,1.58490624858521,5.2744635111617,0.0617016563693095,4.0788619490791,297.019827061095,10.9999333651953
0.2,0.5,5,2,0.0267698710778561,9.34249269250105,0.07816413752255,7.25157745556829,528.054714442912,16.6990041566697
0.2,0.5,5,4,0.053527557416942,8.77830308924579,0.078146348688339,6.826423563971,497.095310341214,15.7364005593221
0.2,0.5,5,8,0.107006409140147,8.1422490504985,0.0781107952994907,6.34647135991009,462.145532087516,14.6738376148482
0.2,0.5,5,16,0.213818261172766,7.79327454591416,0.078039785485582,6.08345245854319,442.992682696417,14.1685850511157
0.2,0.5,5,24,0.320436086226216,7.68583794939355,0.077968904663161,6.00264027225413,437.107996748312,14.0868832125371
0.2,0.5,5,48,0.639130671983812,7.55666636943965,0.0777570326396198,5.90520347786841,430.012718658705,14.1787575519315
0.2,0.5,5,72,0.956097915813182,7.48780679490902,0.0775463089739298,5.85303193805574,426.213624223511,14.3744829577519
0.2,0.5,5,96,1.27135182318942,7.44630669822825,0.0773367243550813,5.82135882247736,423.907210466679,14.6163540682501
0.2,0.5,5,120,1.58490624858519,7.41749755766148,0.0771282695724531,5.799233078879,422.296029549249,14.8787651546981
0.2,0.5,7,2,0.0267698710778561,12.3330255677713,0.0931159141511581,9.60666550148908,699.550551479263,22.0595768544894
0.2,0.5,7,4,0.0535275574169421,11.6964802461618,0.0930947225457527,9.12223489816432,664.274659375313,20.9653374242888
0.2,0.5,7,8,0.107006409140147,10.9469853955066,0.09305236825888,8.55158400251734,622.720266887087,19.698628175423
0.2,0.5,7,16,0.213818261172766,10.5365853570659,0.0929677751968264,8.23947750383521,599.992893560774,19.0828488972707
0.2,0.5,7,24,0.320436086226216,10.4977308908778,0.092883335800644,8.2096547055681,597.821218594973,19.1207050184727
0.2,0.5,7,48,0.639130671983812,10.4662066740472,0.0926309354316205,8.18511320970048,596.034124314897,19.3830814911631
0.2,0.5,7,72,0.956097915813183,10.4378623768276,0.0923799030862774,8.1629313310834,594.418855685317,19.6492715268104
0.2,0.5,7,96,1.27135182318942,10.4096712920253,0.0921302276725307,8.14086935451291,592.812318237519,19.9140226974002
0.2,0.5,7,120,1.5849062485852,10.3816321807261,0.0918818982178879,8.11892631043067,591.214441368955,20.1773466379598
0.2,0.5,9,2,0.0267698710778561,15.2888669471519,0.107666904521466,11.9287055883227,868.639859631985,27.3520093110739
0.2,0.5,9,4,0.053527557416942,14.6014060022136,0.107642401357032,11.4027076078188,830.337060676253,26.1652835688064
0.2,0.5,9,8,0.107006409140147,13.8401019078289,0.107593428471974,10.8196037996794,787.875855954353,24.8743055451205
0.2,0.5,9,16,0.213818261172766,13.5035681727067,0.107495616264272,10.5621099982927,769.125340415468,24.3869920484364
0.2,0.5,9,24,0.320436086226217,13.4911467035596,0.107397981735422,10.5523919620583,768.417679926397,24.4713727335795
0.2,0.5,9,48,0.639130671983813,13.4545054380608,0.107106139393749,10.5237169839005,766.329588404858,24.7244592333389
0.2,0.5,9,72,0.956097915813183,13.418062770207,0.106815878853387,10.4951974256785,764.252814452541,24.9761739905521
0.2,0.5,9,96,1.27135182318942,13.381817089747,0.106527187288918,10.4668320272308,762.187266305372,25.2265281274561
0.2,0.5,9,120,1.5849062485852,13.3457668037908,0.106240052013207,10.4386195419822,760.132853188647,25.4755326463713
0.2,0.5,11,2,0.0267698710778561,18.2459387842282,0.121945878328208,14.2485699024903,1037.57072956614,32.6432244361246
0.2,0.5,11,4,0.0535275574169421,17.5462900646212,0.12191812551111,13.7112497883985,998.443460892579,31.4329855359477
0.2,0.5,11,8,0.107006409140147,16.76703593533,0.1218626577561,13.1122964438786,954.828104200468,30.1082014461048
0.2,0.5,11,16,0.213818261172767,16.5025701773547,0.121751873521776,12.9090928335847,940.030961776632,29.7472331456339
0.2,0.5,11,24,0.320436086226217,16.4875879710174,0.121641290530385,12.8973679536269,939.177164354492,29.8270333014008
0.2,0.5,11,48,0.639130671983813,16.4428042020744,0.121310743545248,12.8623207581007,936.625052494833,30.0655663757042
0.2,0.5,11,72,0.956097915813184,16.3982631635864,0.120981988142686,12.8274635202739,934.08677321978,30.3028065878161
0.2,0.5,11,96,1.27135182318942,16.3539628874686,0.120655009796355,12.7927946999488,931.562214373239,30.5387644204032
0.2,0.5,11,120,1.5849062485852,16.3099014268555,0.120329794136526,12.7583127735338,929.051265008353,30.7734502431111
0.2,0.5,13,2,0.0267698710778561,21.1483971287117,0.136024596497066,16.5247618822837,1203.3214111622,37.8359534785703
0.2,0.5,13,4,0.0535275574169421,20.4146029780785,0.135993639602096,15.9597216502371,1162.17558320817,36.5638458253347
0.2,0.5,13,8,0.107006409140147,19.701043293117,0.135931768064515,15.4098723030497,1122.13594468887,35.3538537733714
0.2,0.5,13,16,0.213818261172767,19.501735482328,0.135808193729911,15.2562006215095,1110.94568209968,35.1075625587401
0.2,0.5,13,24,0.320436086226217,19.4840292384748,0.135684843871846,15.2423439451956,1109.9366487826,35.1824941137685
0.2,0.5,13,48,0.639130671983813,19.4311029660877,0.135316135056976,15.2009245323011,1106.92051658482,35.4064743054295
0.2,0.5,13,72,0.956097915813184,19.3784635569655,0.134949424663868,15.1597296148694,1103.92073198703,35.6292405123119
0.2,0.5,13,96,1.27135182318942,19.3261086851899,0.134584696489101,15.118757372667,1100.93716244112,35.8508025775354
0.2,0.5,13,120,1.5849062485852,19.2740360499199,0.134221934503955,15.0780060050857,1097.96967682807,36.0711702380947
0.2,0.5,15,2,0.0267698710778561,24.073901336786,0.149947912462746,18.8177706828792,1370.29668169231,43.0683898032058
0.2,0.5,15,4,0.0535275574169421,23.3152795167437,0.149913786856815,18.2324175089368,1327.67167975193,41.7511383699542
0.2,0.5,15,8,0.107006409140147,22.6719913981994,0.149845582222212,17.735547231839,1291.48993944843,40.6643906214008
0.2,0.5,15,16,0.213818261172767,22.5009007873018,0.149709358965646,17.6033084094331,1281.86040242264,40.4677368168733
0.2,0.5,15,24,0.320436086226217,22.4804705059328,0.149573383162771,17.5873199367633,1280.69613321063,40.5377999120851
0.2,0.5,15,48,0.639130671983814,22.4194017301014,0.149166933752002,17.5395283065004,1277.21598067473,40.7472276423376
0.2,0.5,15,72,0.956097915813185,22.358663950345,0.14876268731907,17.4919957094638,1273.75469075421,40.9555202629411
0.2,0.5,15,96,1.27135182318942,22.2982544829117,0.148360626001992,17.4447200453842,1270.31211050892,41.1626869774873
0.2,0.5,15,120,1.5849062485852,22.2381706729847,0.147960732131366,17.3976992366365,1266.88808864772,41.3687368903378
0.2,0.5,17,2,0.0267698710778561,27.0245692280255,0.163746080580059,21.1292755650884,1538.61882373481,48.3443607447718
0.2,0.5,17,4,0.0535275574169421,26.2505211523076,0.163708814744697,20.5310472238476,1495.05626126601,46.9988047483169
0.2,0.5,17,8,0.107006409140147,25.6497018985548,0.163634333937261,20.0662729042546,1461.21172576778,45.9866155458867
0.2,0.5,17,16,0.213818261172767,25.5000660922754,0.163485575451863,19.9504161973576,1452.77512274566,45.8277861262576
0.2,0.5,17,24,0.320436086226217,25.4769117733905,0.163337087190781,19.9322959283318,1451.45561763872,45.8929808751393
0.2,0.5,17,48,0.639130671983814,25.4077004941149,0.162893236410371,19.8781320807005,1447.5114447647,46.0878564832096
0.2,0.5,17,72,0.956097915813185,25.3388643437244,0.162451791325248,19.824261804059,1443.58864952144,46.2816758549219
0.2,0.5,17,96,1.27135182318942,25.2704002806333,0.162012732429774,19.7706827181021,1439.68705857678,46.4744475543546
0.2,0.5,17,120,1.5849062485852,25.2023052960493,0.161576040428616,19.7173924681881,1435.80650046741,46.6661800532513
0.2,0.5,19,2,0.0267698710778561,29.9313233096902,0.177440651914201,23.4065571143141,1704.44884700225,53.5420909469964
0.2,0.5,19,4,0.0535275574169421,29.1648826390748,0.177400269426283,22.8135241370627,1661.26460724525,52.2093346029808
0.2,0.5,19,8,0.107006409140147,28.6208620568915,0.177319559567581,22.3918845771418,1630.56111427753,51.2970726027411
0.2,0.5,19,16,0.213818261172767,28.4992313972489,0.177158359967974,22.2975239852818,1623.68984306867,51.1877320036714
0.2,0.5,19,24,0.320436086226217,28.4733530408481,0.176997453192345,22.2772719199001,1622.21510206679,51.2480585001667
0.2,0.5,19,48,0.639130671983814,28.3959992581284,0.176516481852148,22.2167358549004,1617.80690885465,51.4283822668647
0.2,0.5,19,72,0.956097915813185,28.3190647371036,0.176038117402684,22.156527898654,1613.42260828865,51.6077286689736
0.2,0.5,19,96,1.27135182318942,28.2425460783547,0.175562338707001,22.0966453908198,1609.06200664463,51.786105631071
0.2,0.5,19,120,1.5849062485852,28.1664399191139,0.175089124856039,22.0370856997395,1604.72491228709,51.9635209922946
0.2,0.5,21,2,0.0267698710778561,32.8919682073022,0.19104762183254,25.7249370117084,1873.27162276239,58.834722711921
0.2,0.5,21,4,0.0535275574169422,32.1213220754916,0.191004142628663,25.1280234974425,1829.80480505906,57.4938772729798
0.2,0.5,21,8,0.107006409140147,31.6142413407317,0.190917243564683,24.7346169673083,1801.15722124673,56.6467819607448
0.2,0.5,21,16,0.213818261172767,31.4983967022225,0.19074368243417,24.6446317732068,1794.60456339173,56.5475904190363
0.2,0.5,21,24,0.320436086226218,31.4697943083059,0.190570436582731,24.6222479114692,1792.97458649492,56.603048742584
0.2,0.5,21,48,0.639130671983815,31.384298022142,0.190052582135495,24.555339629101,1788.10237294466,56.7688209053623
0.2,0.5,21,72,0.956097915813186,31.2992651304831,0.189537534487431,24.4887939932498,1783.25656705592,56.9336945740335
0.2,0.5,21,96,1.27135182318943,31.2146918760764,0.189025270880709,24.4226080635383,1778.43695471253,57.0976770336848
0.2,0.5,21,120,1.5849062485852,31.1305745421786,0.188515768802863,24.3567789312916,1773.64332410684,57.2607754908583
0.2,0.4,3,2,0.0267698710778562,5.2105786971866,0.0576113552356116,4.97054026011446,361.95120768741,10.2655001836145
0.2,0.4,3,4,0.0535275574169424,5.09806419640029,0.0575982438666459,4.86792975854132,354.47918391892,10.0771197562252
0.2,0.4,3,8,0.107006409140148,4.9997120690127,0.0575720390241225,4.77924736104161,348.021394786176,9.94353787821857
0.2,0.4,3,16,0.213818261172769,4.93463684345192,0.057519700806828,4.72012489617317,343.716138930529,9.92609970160468
0.2,0.4,3,24,0.320603953213129,4.9168055286239,0.0574975631646503,4.70387109664336,342.53254880522,9.99877814164504
0.2,0.4,3,48,0.641207906426258,4.91431679267503,0.0574975631646503,4.70161055218533,342.367937565033,10.3146328144513
0.2,0.4,3,72,0.961811859639388,4.91431679267503,0.0574975631646503,4.70161055218533,342.367937565033,10.6352367676644
0.2,0.4,3,96,1.28241581285252,4.91431679267503,0.0574975631646503,4.70161055218533,342.367937565033,10.9558407208775
0.2,0.4,3,120,1.60301976606565,4.91431679267503,0.0574975631646503,4.70161055218533,342.367937565033,11.2764446740907
0.2,0.4,5,2,0.0267698710778561,7.49803891209165,0.0704624864868176,7.25975451264188,528.650161925123,14.8550257822982
0.2,0.4,5,4,0.0535275574169421,7.05364968909166,0.0704464504179767,6.84490964229348,498.441453421055,14.0225333392201
0.2,0.4,5,8,0.107006409140147,6.6099233432109,0.0704144001675589,6.4298692141446,468.218504536998,13.2172133666632
0.2,0.4,5,16,0.213818261172766,6.35324425801915,0.0703503870764974,6.19030656233173,450.773722561031,12.8277194686002
0.2,0.4,5,24,0.320436086226216,6.25085631604207,0.0702864902671635,6.09415098687605,443.771741922963,12.7357298794115
0.2,0.4,5,48,0.639130671983811,6.13508236581143,0.0700954943696984,5.98586690935108,435.886572387573,12.830175441516
0.2,0.4,5,72,0.956097915813181,6.08195380629029,0.0699055336803496,5.93607538544351,432.260789018397,13.0440326412273
0.2,0.4,5,96,1.27135182318942,6.03754904037662,0.0697165998055379,5.89427658543604,429.2170301208,13.2728940488076
0.2,0.4,5,120,1.5849062485852,6.00374252216757,0.0695286844421808,5.86215673907407,426.878085745932,13.520334194269
0.2,0.4,7,2,0.0267698710778561,9.8793950028401,0.0827035977787882,9.60808537503187,699.653945661119,19.5969538467286
0.2,0.4,7,4,0.053527557416942,9.36867519885344,0.0826847758402858,9.12556231564782,664.516959550668,18.6304498477585
0.2,0.4,7,8,0.107006409140147,8.7720796827706,0.0826471576529153,8.56154011137883,623.445263655587,17.5232733609425
0.2,0.4,7,16,0.213818261172766,8.46138931633291,0.0825720238732308,8.26806505240306,602.074618521739,17.025844653782
0.2,0.4,7,24,0.320436086226217,8.40959513564838,0.0824970265763432,8.21895327254543,598.498333630981,17.0314815209964
0.2,0.4,7,48,0.639130671983813,8.3743975392378,0.0822728498736901,8.18511320970048,596.034124314897,17.2809142707958
0.2,0.4,7,72,0.956097915813183,8.35172210146208,0.0820498882209159,8.1629313310834,594.418855685317,17.5528012365796
0.2,0.4,7,96,1.27135182318942,8.32916923362029,0.0818281317662647,8.14086935451291,592.812318237519,17.8232185430889
0.2,0.4,7,120,1.5849062485852,8.30673794458089,0.0816075707641994,8.11892631043067,591.214441368955,18.092178074361
0.2,0.4,9,2,0.0267698710778561,12.2403354636124,0.0945862349435557,11.9287055883227,868.639859631985,24.2903971579565
0.2,0.4,9,4,0.0535275574169421,11.6915543095308,0.0945647087180337,11.4067429281228,830.630909831683,23.2463895037886
0.2,0.4,9,8,0.107006409140147,11.0753001708334,0.0945216856476431,10.8198772025527,787.895764957193,22.0967054681738
0.2,0.4,9,16,0.213818261172766,10.8073949678798,0.0944357568425089,10.5650000056371,769.335788695488,21.6806489915322
0.2,0.4,9,24,0.320436086226216,10.7943495628477,0.0943499841296637,10.5523919620583,768.417679926397,21.7615275952618
0.2,0.4,9,48,0.639130671983812,10.7650365504487,0.0940935983032244,10.5237169839005,766.329588404858,22.0219778046362
0.2,0.4,9,72,0.956097915813183,10.7358824161656,0.0938386021018607,10.4951974256785,764.252814452541,22.2810163597592
0.2,0.4,9,96,1.27135182318942,10.7068858717976,0.0935849842583421,10.4668320272308,762.187266305372,22.5386547064761
0.2,0.4,9,120,1.5849062485852,10.6780456430326,0.0933327336269181,10.4386195419822,760.132853188647,22.7949041672269
0.2,0.4,11,2,0.0267698710778561,14.6045366537507,0.106225573097468,14.2485699024903,1037.57072956614,28.9861020004164
0.2,0.4,11,4,0.053527557416942,14.0432417393714,0.106201397955661,13.7122249736471,998.514473189024,27.9151956683911
0.2,0.4,11,8,0.107006409140147,13.4160228488976,0.106153080668147,13.1122964438786,954.828104200467,26.7414787825845
0.2,0.4,11,16,0.213818261172767,13.2034883418836,0.10605657786754,12.9090928335847,940.030961776633,26.4324560145086
0.2,0.4,11,24,0.320436086226217,13.1915025768137,0.105960250367206,12.8973679536268,939.177164354492,26.515266867034
0.2,0.4,11,48,0.639130671983813,13.1556755616593,0.105672314904252,12.8623207581007,936.625052494833,26.7627993066481
0.2,0.4,11,72,0.956097915813184,13.1200427308689,0.105385940067113,12.8274635202739,934.086773219779,27.0089901070231
0.2,0.4,11,96,1.27135182318942,13.0846025099747,0.105101113202067,12.7927946999488,931.562214373239,27.253850146315
0.2,0.4,11,120,1.5849062485852,13.0493533414842,0.104817821791819,12.7583127735338,929.051265008353,27.4973901853951
0.2,0.4,13,2,0.0267698710778561,16.9252853683339,0.117685797163706,16.5247618822837,1203.3214111622,33.5945029188592
0.2,0.4,13,4,0.0535275574169421,16.3358943907111,0.117659013868948,15.9597216502371,1162.17558320817,32.4668026122341
0.2,0.4,13,8,0.107006409140147,15.7628556561321,0.117605483835341,15.4098723030497,1122.13594468887,31.3973398521573
0.2,0.4,13,16,0.213818261172767,15.6028205858626,0.117498569759127,15.2562006215094,1110.94568209968,31.1903380383039
0.2,0.4,13,24,0.320436086226217,15.5886555907801,0.117391849895585,15.2423439451956,1109.9366487826,31.2688274720975
0.2,0.4,13,48,0.639130671983813,15.5463145728703,0.117072850303478,15.2009245323011,1106.92051658482,31.5034426274587
0.2,0.4,13,72,0.956097915813184,15.5042030455726,0.116755579706449,15.1597296148694,1103.92073198703,31.7367861559616
0.2,0.4,13,96,1.27135182318942,15.4623191481521,0.116440024085621,15.118757372667,1100.93716244112,31.9688683680942
0.2,0.4,13,120,1.5849062485852,15.4206610399361,0.116126169573261,15.0780060050857,1097.96967682807,32.1996994631803
0.2,0.4,15,2,0.0267698710778561,19.2647821953981,0.12900702527388,18.8177706828792,1370.29668169231,38.2383297746291
0.2,0.4,15,4,0.0535275574169421,18.6557547774089,0.128977665459298,18.2324175089368,1327.67167975193,37.070677509222
0.2,0.4,15,8,0.107006409140147,18.1394481382676,0.128918985902674,17.735547231839,1291.48993944843,36.1109207651495
0.2,0.4,15,16,0.213818261172767,18.0021528298415,0.128801786824581,17.6033084094331,1281.86040242264,35.9480812872719
0.2,0.4,15,24,0.320436086226217,17.9858086047462,0.128684800642179,17.5873199367634,1280.69613321063,36.022249428378
0.2,0.4,15,48,0.639130671983814,17.9369535840812,0.128335113683912,17.5395283065004,1277.21598067473,36.2439476762493
0.2,0.4,15,72,0.956097915813186,17.8883633602761,0.127987322047912,17.4919957094638,1273.75469075421,36.464444307601
0.2,0.4,15,96,1.27135182318943,17.8400357863294,0.127641410366702,17.4447200453842,1270.31211050893,36.6837490652697
0.2,0.4,15,120,1.5849062485852,17.7919687383878,0.127297363438489,17.3976992366365,1266.88808864771,36.901871587048
0.2,0.4,17,2,0.0267698710778561,21.6247157981937,0.140216317745579,21.1292755650884,1538.61882373481,42.9209775521055
0.2,0.4,17,4,0.0535275574169421,21.0035525362652,0.140184406885828,20.5310472238476,1495.05626126601,41.7283117244156
0.2,0.4,17,8,0.107006409140147,20.5215122343047,0.14012062872073,20.0662729042546,1461.21172576778,40.8349121764201
0.2,0.4,17,16,0.213818261172767,20.4014850738201,0.139993246330984,19.9504161973576,1452.77512274567,40.7057127786814
0.2,0.4,17,24,0.320436086226217,20.3829616187121,0.139866095335225,19.9322959283318,1451.45561763872,40.7755597286054
0.2,0.4,17,48,0.639130671983814,20.3275925952917,0.139486024423988,19.8781320807005,1447.5114447647,40.9843413724
0.2,0.4,17,72,0.956097915813185,20.2725236749793,0.13910801351769,19.824261804059,1443.58864952144,41.1919914083692
0.2,0.4,17,96,1.27135182318942,20.2177524245064,0.138732045913588,19.7706827181021,1439.68705857678,41.3985190117115
0.2,0.4,17,120,1.5849062485852,20.1632764368392,0.138358105089023,19.7173924681881,1435.80650046741,41.6039332587016
0.2,0.4,19,2,0.0267698710778561,23.9494817967182,0.151332950437511,23.4065571143141,1704.44884700225,47.5341417325476
0.2,0.4,19,4,0.0535275574169421,23.3345981989588,0.151298509620388,22.8135241370627,1661.26460724525,46.3529484030589
0.2,0.4,19,8,0.107006409140147,22.8983329355407,0.151229674993627,22.3918845771418,1630.56111427753,45.5484535968162
0.2,0.4,19,16,0.213818261172767,22.8008173177993,0.151092193470906,22.2975239852818,1623.68984306867,45.4632517577248
0.2,0.4,19,24,0.320436086226217,22.7801146326786,0.150954961687553,22.2772719199001,1622.21510206679,45.5287776004925
0.2,0.4,19,48,0.639130671983814,22.7182316065029,0.150544757987315,22.2167358549004,1617.80690885465,45.7246428913744
0.2,0.4,19,72,0.956097915813185,22.6566839896831,0.150136777613366,22.1565278986541,1613.42260828865,45.9194465817637
0.2,0.4,19,96,1.27135182318942,22.595469062684,0.149731002538735,22.0966453908198,1609.06200664463,46.113197279232
0.2,0.4,19,120,1.5849062485852,22.5345841352913,0.149327414930814,22.0370856997395,1604.7249122871,46.3059034985468
0.2,0.4,21,2,0.0267698710778561,26.3176354088606,0.162371230041177,25.7249370117084,1873.27162276239,52.231713521688
0.2,0.4,21,4,0.0535275574169422,25.6995380701874,0.162334277098519,25.1280234974425,1829.80480505906,51.0434234021454
0.2,0.4,21,8,0.107006409140147,25.2929973465849,0.162260421649429,24.7346169673084,1801.15722124673,50.2968811446829
0.2,0.4,21,16,0.213818261172767,25.2001495617779,0.162112912175203,24.6446317732068,1794.60456339173,50.2207125083327
0.2,0.4,21,24,0.320436086226218,25.1772676466446,0.161965670656424,24.6222479114691,1792.97458649492,50.2819173149964
0.2,0.4,21,48,0.639130671983815,25.1088706177135,0.161525546551379,24.555339629101,1788.10237294466,50.4648664653497
0.2,0.4,21,72,0.956097915813186,25.0408443043864,0.161087807942839,24.4887939932498,1783.25656705592,50.6468240213922
0.2,0.4,21,96,1.27135182318943,24.973185700861,0.16065243548894,24.4226080635383,1778.43695471253,50.8277980230777
0.2,0.4,21,120,1.5849062485852,24.9058918337428,0.160219410056355,24.3567789312916,1773.64332410683,51.0077964236759
0,1,3,2,0.0267698710778561,12.5567946811812,0.0857020589859264,5.40894955718224,393.875860990876,18.0782161684272
0,1,3,4,0.0535275574169421,11.76842823886,0.0856825546484237,5.07650888746229,369.667767787185,16.9841472383876
0,1,3,8,0.107006409140147,10.8482394939402,0.0856435725944436,4.68804695859106,341.380246323213,15.7289364342659
0,1,3,16,0.213818261172767,10.1302545516337,0.0855657148011758,4.38543870681104,319.344528583059,14.8150772344187
0,1,3,24,0.320436086226217,9.78019447110368,0.0854879984389585,4.23839260965506,308.636736337936,14.4245111654239
0,1,3,48,0.639130671983813,9.40486336875974,0.0852556940953744,4.07990209507351,297.095569752863,14.2091518299124
0,1,3,72,0.956097915813183,9.25070578756773,0.0850246488539234,4.01476471457531,292.352312017662,14.3065930668101
0,1,3,96,1.27135182318942,9.15136703556463,0.0847948525056696,3.97321745515408,289.32687012671,14.4807311664138
0,1,3,120,1.5849062485852,9.07335684657965,0.0845662949517459,3.94048623874816,286.943406219925,14.6833156288647
0,1,5,2,0.0267698710778561,18.6549495180656,0.11483505984563,8.08020040127367,588.394448198263,26.8767548502628
0,1,5,4,0.0535275574169421,17.6293159956803,0.114808925330417,7.64273032620044,556.538188372654,25.4403828046282
0,1,5,8,0.107006409140147,16.4059259585449,0.114756691970394,7.12044017897731,518.50539120016,23.7481292386327
0,1,5,16,0.213818261172766,15.4532650378951,0.114652367704966,6.71417869714444,488.921718945005,22.4959143639173
0,1,5,24,0.320436086226216,15.2168307821282,0.114548232947741,6.61329577079643,481.575495976103,22.2651108720986
0,1,5,48,0.639130671983811,14.9692599828036,0.1142369605756,6.50783144673791,473.895658883296,22.2304590621009
0,1,5,72,0.956097915813182,14.9081629668965,0.113927375316588,6.48147190114487,471.976175514848,22.4596601591711
0,1,5,96,1.27135182318942,14.8678899886076,0.113619463491408,6.46395440952016,470.700564229673,22.7168156848086
0,1,5,120,1.58490624858519,14.8278341153229,0.113313211568251,6.44653135181256,469.431829555199,22.9725849272889
0,1,7,2,0.0267698710778561,24.5869911016007,0.143003534460661,10.6694720301554,776.943367241303,35.4262365372946
0,1,7,4,0.0535275574169421,23.380248137966,0.142970989277579,10.1522347662119,739.278517436633,33.7289814508724
0,1,7,8,0.107006409140147,22.0031777789032,0.142905943331592,9.56137824389037,696.252765580165,31.8144683752653
0,1,7,16,0.213818261172767,21.1466909867425,0.142776028837655,9.19404121011407,669.503543957206,30.697326486867
0,1,7,24,0.320436086226217,21.0223124077548,0.142646350337348,9.14066507712359,665.61673190327,30.6260599214419
0,1,7,48,0.639130671983813,20.9252523480947,0.142258724385344,9.09871843513965,662.562207258062,30.8053601796035
0,1,7,72,0.956097915813184,20.8685637536554,0.14187319938701,9.07406066160269,660.766645720777,31.0405955304583
0,1,7,96,1.27135182318942,20.812181584051,0.141489758307586,9.04953617332808,658.980789921532,31.274559338876
0,1,7,120,1.5849062485852,20.7561033614524,0.141108384295975,9.02514389253746,657.20456137727,31.5072618868711
0,1,9,2,0.0267698710778561,30.5138983517771,0.170605211713589,13.2525533648029,965.041513459503,43.9638267993714
0,1,9,4,0.0535275574169421,29.2612202439383,0.170566384856121,12.7139448338867,925.820423188856,42.1992590200981
0,1,9,8,0.107006409140147,27.8221264532916,0.170488784135077,12.0946699548014,880.7252667983,40.1942916013682
0,1,9,16,0.213818261172767,27.0843055398682,0.170333794331317,11.7772515505899,857.611084288105,39.2457091459622
0,1,9,24,0.320436086226217,27.0068238345031,0.170179086071253,11.7438277856222,855.17718948745,39.2412667924227
0,1,9,48,0.639130671983813,26.9018498761215,0.169716642902581,11.6983522737509,851.865695046076,39.4090494647588
0,1,9,72,0.956097915813185,26.8289645404138,0.169256706200948,11.6666494220605,849.55711592671,39.6209685844885
0,1,9,96,1.27135182318942,26.7564731794938,0.168799255643648,11.6351179371361,847.261015613394,39.8317421954629
0,1,9,120,1.5849062485852,26.6843726075814,0.168344271127088,11.6037564332624,844.977293199343,40.0413795605561
0,1,11,2,0.0267698710778561,36.3305544441914,0.197822199453134,15.7863581992296,1149.55137996722,52.341504713952
0,1,11,4,0.0535275574169421,34.9533066746135,0.197777178470099,15.1929973278002,1106.34326318931,50.3976087383007
0,1,11,8,0.107006409140147,33.5843553711417,0.197687197952142,14.6027425240257,1063.36132804962,48.4917915022597
0,1,11,16,0.213818261172767,33.0084363687708,0.19750748231764,14.3544866113246,1045.28350899667,47.7742487235858
0,1,11,24,0.320436086226217,32.9680149420344,0.197328093142056,14.3369452025862,1044.00615608429,47.8227243239889
0,1,11,48,0.639130671983814,32.8784474041484,0.196791875497649,14.2979861123618,1041.16918283406,48.0123560639917
0,1,11,72,0.956097915813185,32.7893653271724,0.196258564181937,14.259238182518,1038.34758613261,48.2009599896855
0,1,11,96,1.27135182318942,32.7007647749368,0.195728135630094,14.2206997009436,1035.54124130522,48.3885444346999
0,1,11,120,1.5849062485852,32.6126418537106,0.19520056653136,14.1823689739869,1032.75002502138,48.5751176428141
0,1,13,2,0.0267698710778561,42.1798428256984,0.224755982953641,18.3330815255337,1335.0019618684,60.7644502052635
0,1,13,4,0.0535275574169421,40.740224559418,0.224704832297529,17.7119343450776,1289.77046582323,58.73039129421
0,1,13,8,0.107006409140147,39.501774683454,0.224602600799669,17.1772153230945,1250.83260682764,57.0105990164883
0,1,13,16,0.213818261172767,39.0036338404182,0.224398416617123,16.9622273634923,1235.17733646585,56.4040778817004
0,1,13,24,0.320436086226217,38.9608974769502,0.224194603341359,16.9436625121491,1233.82545719065,56.4491906786668
0,1,13,48,0.639130671983813,38.8550449321758,0.223585378875757,16.8976199509748,1230.4726706222,56.6153809340102
0,1,13,72,0.956097915813185,38.7497661139315,0.222979456439779,16.8518269429776,1227.13805633867,56.780670429162
0,1,13,96,1.27135182318942,38.6450563703803,0.222376809260213,16.8062814647533,1223.82146699721,56.9450664675832
0,1,13,120,1.5849062485852,38.5409110998402,0.221777410852503,16.7609815147135,1220.52275684358,57.1085762739915
0,1,15,2,0.0267698710778561,48.0413536495487,0.251469994550792,20.8846109799566,1520.80252260203,69.204204495134
0,1,15,4,0.0535275574169421,46.5559824317897,0.251412764237967,20.243186221355,1474.09442773367,67.1041089747997
0,1,15,8,0.107006409140147,45.3733072671136,0.251298381724665,19.7318965552054,1436.8626777716,65.4635086131837
0,1,15,16,0.213818261172767,45.0004231955198,0.25106992865037,19.5706514351175,1425.12092277208,65.0359628204604
0,1,15,24,0.320436086226217,44.9537800118649,0.250841890568035,19.5503798217077,1423.6447582967,65.0754378103669
0,1,15,48,0.639130671983814,44.8316424602022,0.250160254995839,19.4972537895835,1419.77615841003,65.2181871767654
0,1,15,72,0.956097915813185,44.7101669006895,0.24948231392539,19.4444157034329,1415.92852654442,65.360162833861
0,1,15,96,1.27135182318942,44.5893479658228,0.248808037401267,19.3918632285588,1412.10169268889,65.5013710549722
0,1,15,120,1.5849062485852,44.4691803459688,0.248137395791022,19.339594055436,1408.29548866548,65.641818045781
0,1,17,2,0.0267698710778561,53.8966217151939,0.278007020363479,23.4329229855713,1706.36879100106,77.6343215922066
0,1,17,4,0.0535275574169421,52.373231435718,0.277943750672909,22.7745078399908,1658.42346823306,75.4792105837986
0,1,17,8,0.107006409140147,51.3399169712026,0.277817297647126,22.3273885165886,1625.86455700474,74.0521291945785
0,1,17,16,0.213818261172767,50.9965075546895,0.277564736467446,22.1787691613545,1615.04220122496,73.6666597136842
0,1,17,24,0.320436086226217,50.9466625467806,0.277312634072835,22.1570971312686,1613.46405940292,73.7015083983482
0,1,17,48,0.639130671983814,50.8082399882295,0.276559067132419,22.0968876281945,1609.07964619802,73.8208173555403
0,1,17,72,0.956097915813185,50.6705676874484,0.275809584565665,22.0370044638905,1604.71899675033,73.9394796517177
0,1,17,96,1.27135182318942,50.5336395612661,0.275064153256028,21.9774449923665,1600.38191838074,74.057500530078
0,1,17,120,1.5849062485852,50.3974495920983,0.274322740444017,21.9182065961606,1596.06822048753,74.1748851772882
0,1,19,2,0.0267698710778561,59.727788547481,0.304397538200389,25.9705171040987,1891.1545904828,86.029473060858
0,1,19,4,0.0535275574169421,58.1498783873472,0.304328262474809,25.2879863552333,1841.45318662979,83.7957205624723
0,1,19,8,0.107006409140147,57.2413697884786,0.304189805576503,24.8946525867106,1812.81090126628,82.5472185899058
0,1,19,16,0.213818261172767,56.9913017944974,0.303913269389616,24.7863269994147,1804.92270901888,82.2953603244745
0,1,19,24,0.320436086226217,56.9395450816959,0.303637235539126,24.7638144408321,1803.28336050933,82.3274328442934
0,1,19,48,0.639130671983814,56.7848375162565,0.302812134355595,24.6965214668081,1798.3831339862,82.423301789404
0,1,19,72,0.956097915813186,56.630968474207,0.301991505265201,24.6295932243506,1793.50946695643,82.518651119636
0,1,19,96,1.27135182318943,56.4779311567092,0.301175312007727,24.5630267561767,1788.66214407276,82.613485048083
0,1,19,120,1.5849062485852,56.3257188382275,0.300363518713906,24.4968191368879,1783.84095230977,82.7078077424145
0,1,21,2,0.0267698710778561,65.7452856307289,0.330664168926986,28.5884509962976,2081.79067516173,94.6911706670313
0,1,21,4,0.0535275574169422,64.1314521728358,0.330588915361003,27.8900365401045,2030.93263103443,92.4056051857182
0,1,21,8,0.107006409140147,63.200821127172,0.330438510940912,27.4869593825777,2001.58083901119,91.1252254298308
0,1,21,16,0.213818261172767,62.9896324044448,0.330138112294602,27.3954140519834,1994.91457312604,90.9290028298956
0,1,21,24,0.320436086226218,62.9324276166115,0.329838259331573,27.3705317503921,1993.10266161548,90.9532337125614
0,1,21,48,0.639130671983814,62.7614350442838,0.328941959713824,27.2961553054182,1987.68662177413,91.0256629813996
0,1,21,72,0.956097915813186,62.591369260966,0.328050518088584,27.2221819848073,1982.29993716227,91.097699679675
0,1,21,96,1.27135182318943,62.4222227521525,0.327163895066723,27.1486085199835,1976.94236976454,91.1693469903922
0,1,21,120,1.5849062485852,62.253988084357,0.326282051683794,27.0754316776116,1971.61368413175,91.2406080622376
0,0.9,3,2,0.0267698710778561,11.3244866013416,0.0811963203770719,5.4141791218138,394.256674169126,16.8466319146103
0,0.9,3,4,0.053527557416942,10.623074936483,0.0811778414693846,5.08664280363885,370.405712357948,15.8444231390082
0,0.9,3,8,0.107006409140147,9.81282817548195,0.0811409088754493,4.70786740714611,342.823557294653,14.7088429006437
0,0.9,3,16,0.213818261172766,9.18034557843221,0.0810671444128352,4.41257888299532,321.320856916133,13.8878098670131
0,0.9,3,24,0.320436086226216,8.87492679261934,0.0809935139456119,4.27041810036178,310.968809801075,13.546774493153
0,0.9,3,48,0.639130671983811,8.51392888027109,0.0807734228751075,4.10175590268681,298.686948485207,13.3355888778168
0,0.9,3,72,0.95609791581318,8.3747164501385,0.0805545247101343,4.03658366777501,293.941152676389,13.4479525584368
0,0.9,3,96,1.27135182318942,8.29378703348428,0.0803368097784852,3.99892658735993,291.198990854747,13.6444022538121
0,0.9,3,120,1.58490624858519,8.22226396977851,0.080120268512236,3.96577218608717,288.784710926843,13.8530626729631
0,0.9,5,2,0.0267698710778561,16.7972992202835,0.107666904521466,8.08020040127367,588.394448198263,25.0119363971565
0,0.9,5,4,0.053527557416942,15.8796862266537,0.107642401357032,7.64624066248601,556.79380856512,23.6870968479137
0,0.9,5,8,0.107006409140147,14.7827624095707,0.107593428471974,7.12699863774292,518.982973504408,22.1243608849258
0,0.9,5,16,0.213818261172766,13.937465773179,0.107495616264272,6.72731912944357,489.87859588218,20.9860987800596
0,0.9,5,24,0.320436086226216,13.7068966033641,0.107397981735422,6.61822945934626,481.934763668449,20.752960130672
0,0.9,5,48,0.639130671983812,13.4785527709593,0.107106139393749,6.51036035401007,474.079812112802,20.7351499363469
0,0.9,5,72,0.956097915813182,13.418062770207,0.106815878853387,6.48147190114487,471.976175514848,20.9624484660184
0,0.9,5,96,1.27135182318942,13.3818170897469,0.106527187288918,6.46395440952016,470.700564229673,21.2236505097454
0,0.9,5,120,1.5849062485852,13.3457668037908,0.106240052013207,6.44653135181256,469.431829555199,21.4834444562017
0,0.9,7,2,0.0267698710778561,22.1340633387106,0.133222458727006,10.6694720301554,776.943367241303,32.9635276986709
0,0.9,7,4,0.0535275574169421,21.0462340046484,0.133192139551146,10.1522347662119,739.278517436633,31.3851884678284
0,0.9,7,8,0.107006409140147,19.8132521106014,0.133131542581378,9.5652847722041,696.53723619443,29.618674834527
0,0.9,7,16,0.213818261172767,19.042386644238,0.133010513906304,9.19852982923499,669.830402010183,28.5877452485521
0,0.9,7,24,0.320436086226217,18.9296356137129,0.1328897050835,9.14484683306452,665.92124439766,28.5278082380871
0,0.9,7,48,0.639130671983813,18.8334432132852,0.132528591754469,9.09871843513966,662.562207258062,28.7038209121631
0,0.9,7,72,0.956097915813184,18.7824234782898,0.132169435679254,9.07406066160269,660.766645720777,28.9447514913849
0,0.9,7,96,1.27135182318942,18.7316795256458,0.131812220988229,9.04953617332809,658.980789921532,29.1843797431515
0,0.9,7,120,1.5849062485852,18.6812091253071,0.13145693198287,9.02514389253745,657.20456137727,29.4227161984126
0,0.9,9,2,0.0267698710778561,27.4671162817902,0.158240301741742,13.2525533648029,965.041513459503,40.9046798194126
0,0.9,9,4,0.0535275574169421,26.3382650901361,0.158204288928418,12.7139448338867,925.820423188856,39.2639417703682
0,0.9,9,8,0.107006409140147,25.0415435311683,0.158132312454838,12.0946699548014,880.7252667983,37.4013522075647
0,0.9,9,16,0.213818261172767,24.3766975891345,0.157988555807152,11.7772515505899,857.611084288104,36.5257559567043
0,0.9,9,24,0.320436086226217,24.3069000579064,0.157845060297791,11.7438277856222,855.17718948745,36.5290089900526
0,0.9,9,48,0.639130671983813,24.2123809885095,0.157416133503503,11.6983522737509,851.865695046075,36.7072800677477
0,0.9,9,72,0.956097915813184,24.1467841863726,0.156989531515689,11.6666494220605,849.557115926709,36.926521055762
0,0.9,9,96,1.27135182318942,24.0815419615446,0.156565235484565,11.6351179371361,847.261015613394,37.1445769573546
0,0.9,9,120,1.5849062485852,24.0166514468234,0.156143226763583,11.6037564332624,844.977293199342,37.3614573554346
0,0.9,11,2,0.0267698710778561,32.7012468090646,0.182893196240195,15.7863581992296,1149.55137996722,48.6972680756123
0,0.9,11,4,0.0535275574169421,31.460413601597,0.182851572845511,15.1929973278002,1106.34326318931,46.8897900596596
0,0.9,11,8,0.107006409140147,30.2271627705821,0.182768382866964,14.6027425240257,1063.36132804962,45.1196800866149
0,0.9,11,16,0.213818261172767,29.7146104612448,0.18260222979163,14.3574747889387,1045.50110596594,44.4685057411479
0,0.9,11,24,0.320436086226217,29.6719295478312,0.182436378538413,14.3369452025862,1044.00615608429,44.511747215182
0,0.9,11,48,0.639130671983813,29.5913187637338,0.181940627509776,14.2979861123618,1041.16918283406,44.7103761755892
0,0.9,11,72,0.956097915813185,29.5111448944554,0.181447563478585,14.259238182518,1038.34758613261,44.9079285562652
0,0.9,11,96,1.27135182318942,29.4314043974434,0.180957164658372,14.2206997009436,1035.54124130522,45.1044130862348
0,0.9,11,120,1.5849062485852,29.3520937683398,0.180469409497568,14.1823689739869,1032.75002502138,45.2998384004094
0,0.9,13,2,0.0267698710778561,37.9650396446031,0.207277419607135,18.3330815255337,1335.0019618684,56.5321684608217
0,0.9,13,4,0.0535275574169421,36.6682240549196,0.207230246776091,17.7119343450776,1289.77046582323,54.6409162041902
0,0.9,13,8,0.107006409140147,35.5527068911518,0.207135965499123,17.1772153230945,1250.83260682764,53.0440645888855
0,0.9,13,16,0.213818261172767,35.1039921053102,0.206947660075942,16.9622273634923,1235.17733646585,52.4869853900513
0,0.9,13,24,0.320436086226217,35.065523829255,0.206759696715292,16.9436625121491,1233.82545719065,52.5363821243456
0,0.9,13,48,0.639130671983813,34.9702565389581,0.206197849713348,16.8976199509748,1230.4726706222,52.7132050116301
0,0.9,13,72,0.956097915813185,34.8755056025382,0.205639047952607,16.8518269429776,1227.13805633867,52.8890695092815
0,0.9,13,96,1.27135182318942,34.7812668333422,0.205083266741924,16.8062814647533,1223.82146699721,53.0639833880268
0,0.9,13,120,1.5849062485852,34.6875360898561,0.204530481656367,16.7609815147135,1220.52275684358,53.2379543348112
0,0.9,15,2,0.0267698710778561,43.2399499863588,0.231453149039981,20.8846109799566,1520.80252260203,64.3827839864332
0,0.9,15,4,0.0535275574169421,41.9020432910928,0.231400474222266,20.243186221355,1474.09442773367,62.430157544087
0,0.9,15,8,0.107006409140147,40.8369143942575,0.231295196481492,19.7318965552054,1436.8626777716,60.9071125550845
0,0.9,15,16,0.213818261172767,40.5011008197395,0.231084928121054,19.5706514351175,1425.12092277208,60.5166554441508
0,0.9,15,24,0.320436086226217,40.4591181106789,0.230875041719491,19.5503798217077,1423.6447582967,60.5608090603324
0,0.9,15,48,0.639130671983814,40.3491943141825,0.230247663888731,19.4972537895835,1419.77615841003,60.7158264396386
0,0.9,15,72,0.956097915813185,40.239866310621,0.229623686479819,19.4444157034329,1415.92852654442,60.8700036163469
0,0.9,15,96,1.27135182318942,40.131129269241,0.229003081921765,19.3918632285588,1412.10169268889,61.0233474029109
0,0.9,15,120,1.5849062485852,40.0229784113724,0.228385822940844,19.339594055436,1408.29548866548,61.1758645383345
0,0.9,17,2,0.0267698710778561,48.509357266258,0.255460975015115,23.4329229855713,1706.36879100106,72.2245110979223
0,0.9,17,4,0.0535275574169421,47.1373376249483,0.255402836422712,22.7745078399908,1658.42346823306,70.2207758587788
0,0.9,17,8,0.107006409140147,46.206816569385,0.255286638589945,22.3273885165886,1625.86455700474,68.8964981337036
0,0.9,17,16,0.213818261172767,45.8975749675046,0.25505455982759,22.1787691613545,1615.04220122496,68.5452169498595
0,0.9,17,24,0.320436086226217,45.8527123921028,0.254822902643369,22.1570971312686,1613.46405940292,68.585068512241
0,0.9,17,48,0.639130671983814,45.7281320894068,0.254130449103577,22.0968876281945,1609.07964619802,68.7182808386887
0,0.9,17,72,0.956097915813185,45.6042270187038,0.253441748699503,22.0370044638905,1604.71899675033,68.850771147107
0,0.9,17,96,1.27135182318942,45.4809917051398,0.252756771000315,21.9774449923664,1600.38191838073,68.9825452916959
0,0.9,17,120,1.5849062485852,45.3584207328888,0.252075485903279,21.9182065961606,1596.06822048753,69.1136090635379
0,0.9,19,2,0.0267698710778561,53.7571273712575,0.279329811320597,25.9705171040987,1891.1545904828,80.0337441577546
0,0.9,19,4,0.0535275574169421,52.3361320629726,0.279266240585203,25.2879863552333,1841.45318662979,77.9569122162081
0,0.9,19,8,0.107006409140147,51.5180514926104,0.27913918588066,24.8946525867106,1812.81090126628,76.7988496743418
0,0.9,19,16,0.213818261172767,51.2928877150477,0.278885422984404,24.7863269994147,1804.92270901888,76.5719183986196
0,0.9,19,24,0.320436086226217,51.2463066735263,0.278632121056172,24.7638144408321,1803.28336050933,76.6091893216408
0,0.9,19,48,0.639130671983814,51.1070698646309,0.277874968553302,24.6965214668081,1798.3831339862,76.7205969719761
0,0.9,19,72,0.956097915813186,50.9685877267864,0.277121919858035,24.6295932243506,1793.50946695643,76.8314007868082
0,0.9,19,96,1.27135182318943,50.8308541410383,0.276372941696257,24.5630267561767,1788.66214407276,76.9416056621007
0,0.9,19,120,1.5849062485852,50.6938630544048,0.275628001152601,24.4968191368879,1783.84095230977,77.0512164410305
0,0.9,21,2,0.0267698710778561,59.1727574916942,0.303081117993681,28.5884509962976,2081.79067516173,88.0910594770633
0,0.9,21,4,0.0535275574169422,57.7194905739971,0.303012141863049,27.8900365401045,2030.93263103443,85.9660668133816
0,0.9,21,8,0.107006409140147,56.8815275767138,0.302874283745732,27.4869593825777,2001.58083901119,84.7783676521774
0,0.9,21,16,0.213818261172767,56.6913852640004,0.302598943487781,27.3954140519834,1994.91457312604,84.6032165206443
0,0.9,21,24,0.320436086226218,56.6399009549505,0.302324103393787,27.370531750392,1993.10266161547,84.6331928949625
0,0.9,21,48,0.639130671983814,56.4860076398555,0.30150257050413,27.2961553054182,1987.68662177413,84.7227961877616
0,0.9,21,72,0.956097915813186,56.3329484348694,0.300685490367262,27.2221819848073,1982.29993716227,84.8119138258572
0,0.9,21,96,1.27135182318943,56.1807165769374,0.299872826879783,27.1486085199834,1976.94236976454,84.90054974699
0,0.9,21,120,1.5849062485852,56.0293053759214,0.299064544327547,27.0754316776116,1971.61368413175,84.9887078464457
0,0.8,3,2,0.0267698710778561,10.0920216966844,0.0766385262680765,5.42059086331918,394.723572626799,15.6160209573495
0,0.8,3,4,0.053527557416942,9.4785788248963,0.0766210846371551,5.09964869333709,371.352791998586,14.7083761602875
0,0.8,3,8,0.107006409140147,8.78299786026259,0.0765862251809961,4.73534138333059,344.82419270641,13.7019318779143
0,0.8,3,16,0.213818261172766,8.24044770344997,0.0765166013399223,4.45157660173601,324.160643067452,12.9823591676987
0,0.8,3,24,0.320436086226216,7.98469965467476,0.0764471039726744,4.31818668559935,314.447284214611,12.699769530473
0,0.8,3,48,0.63913067198381,7.66436835840339,0.0762393672770964,4.15059588679019,302.243441402386,12.5303342844545
0,0.8,3,72,0.956097915813179,7.51825487021833,0.0760327565256679,4.07384908020443,296.654793513791,12.6242346227616
0,0.8,3,96,1.27135182318942,7.43123979178396,0.0758272625891121,4.02824169482435,293.333696137264,12.8066605723868
0,0.8,3,120,1.58490624858519,7.38807422200584,0.0756228764365808,4.00575227020417,291.696032226404,13.0543556172318
0,0.8,5,2,0.0267698710778561,14.9396489225011,0.100431545835593,8.08020040127367,588.394448198263,23.1470507406882
0,0.8,5,4,0.0535275574169421,14.1294865439821,0.100408689316286,7.65029840922038,557.089290797259,21.9337211999357
0,0.8,5,8,0.107006409140147,13.1578284113709,0.100363007474012,7.13421478800368,519.508448435713,20.4994126159887
0,0.8,5,16,0.213818261172766,12.4339587681539,0.100271768376309,6.75019803535994,491.544621544108,19.4982468330629
0,0.8,5,24,0.320436086226216,12.2133130140107,0.100180695017202,6.6329030040248,483.00328075905,19.2668327992789
0,0.8,5,48,0.639130671983812,11.988911054064,0.0999084648676987,6.51403761030963,474.347587302007,19.2419878012251
0,0.8,5,72,0.956097915813182,11.9279625735173,0.0996377102203607,6.48147190114487,471.976175514848,19.4651701006957
0,0.8,5,96,1.27135182318942,11.8957441908862,0.099368419111657,6.46395440952015,470.700564229672,19.7304188427074
0,0.8,5,120,1.5849062485852,11.8636994922584,0.0991005797070436,6.44653135181256,469.4318295552,19.9942376723632
0,0.8,7,2,0.0267698710778561,19.6811355758203,0.12336186690344,10.6694720301554,776.943367241303,30.500739343957
0,0.8,7,4,0.0535275574169421,18.7122198713307,0.123333791831318,10.1522347662119,739.278517436633,29.0413159867908
0,0.8,7,8,0.107006409140147,17.6217126504517,0.123277680006099,9.56929227802906,696.829059919267,27.421289017627
0,0.8,7,16,0.213818261172767,16.9498820303079,0.123165609387911,9.21041342200784,670.695756786668,26.4972793228764
0,0.8,7,24,0.320436086226217,16.8381994126001,0.123053742349412,9.15070885710241,666.3481128202,26.4323980982781
0,0.8,7,48,0.639130671983813,16.7416340784755,0.122719357179984,9.09871843513965,662.562207258062,26.602202542779
0,0.8,7,72,0.956097915813184,16.6962832029241,0.122386784396299,9.07406066160269,660.766645720777,26.8488285647363
0,0.8,7,96,1.27135182318942,16.6511774672405,0.122056009303336,9.04953617332809,658.980789921532,27.0941214730614
0,0.8,7,120,1.5849062485852,16.6063148891617,0.121727017364513,9.02514389253745,657.20456137727,27.3380920476489
0,0.8,9,2,0.0267698710778561,24.4203342118031,0.145785228998836,13.2525533648029,965.041513459503,37.8454426766826
0,0.8,9,4,0.0535275574169421,23.4153099363337,0.145752050749178,12.7139448338867,925.820423188856,36.3285343783866
0,0.8,9,8,0.107006409140147,22.2609606090448,0.145685739534096,12.0946699548014,880.7252667983,34.6083227125205
0,0.8,9,16,0.213818261172767,21.6690896384007,0.145553297952702,11.7772515505899,857.611084288105,33.805712748116
0,0.8,9,24,0.320436086226217,21.6069762813096,0.145421096955469,11.7438277856222,855.177189487451,33.8166612501134
0,0.8,9,48,0.639130671983813,21.5229121008973,0.145025930931134,11.6983522737509,851.865695046076,34.0054209775632
0,0.8,9,72,0.956097915813184,21.4646038323312,0.144632906728069,11.6666494220606,849.55711592671,34.231984076933
0,0.8,9,96,1.27135182318942,21.4066107435952,0.144242006980155,11.6351179371361,847.261015613395,34.4573225109008
0,0.8,9,120,1.5849062485852,21.3489302860653,0.14385321450851,11.6037564332624,844.977293199343,34.6814461824214
0,0.8,11,2,0.0267698710778561,29.0719391739377,0.16786451433337,15.7863581992296,1149.55137996722,45.0529317585785
0,0.8,11,4,0.0535275574169421,27.9675205285804,0.167826311212219,15.1929973278002,1106.34326318931,43.3818717250097
0,0.8,11,8,0.107006409140147,26.8711949706838,0.167749957112487,14.6034031833367,1063.40943679091,41.7493545202731
0,0.8,11,16,0.213818261172767,26.42049877994,0.167597457151475,14.3610617157305,1045.76230342462,41.1629762139948
0,0.8,11,24,0.320436086226217,26.3758441536279,0.167445234211283,14.3369452025862,1044.00615608429,41.2006706766515
0,0.8,11,48,0.639130671983814,26.3041901233191,0.166990219987883,14.2979861123618,1041.16918283406,41.4082971276526
0,0.8,11,72,0.956097915813185,26.2329244617383,0.166537671966236,14.259238182518,1038.34758613261,41.6147982320357
0,0.8,11,96,1.27135182318942,26.1620440199498,0.166087570150111,14.2206997009436,1035.54124130523,41.8201831142329
0,0.8,11,120,1.5849062485852,26.0915456829688,0.165639894758871,14.1823689739869,1032.75002502138,42.0244608002998
0,0.8,13,2,0.0267698710778561,33.7502364635077,0.189690494095901,18.3330815255337,1335.0019618684,52.2997783542151
0,0.8,13,4,0.0535275574169421,32.5962235504211,0.189647323751318,17.7119343450776,1289.77046582323,50.5513327766669
0,0.8,13,8,0.107006409140147,31.6036390988494,0.18956104198437,17.1772153230945,1250.83260682764,49.0774218730683
0,0.8,13,16,0.213818261172767,31.2043503702021,0.189388713764385,16.9622273634923,1235.17733646585,48.5697847086316
0,0.8,13,24,0.320436086226217,31.1701501815598,0.189216698583854,16.9436625121491,1233.82545719065,48.6234654785189
0,0.8,13,48,0.639130671983813,31.0854681457403,0.188702522772485,16.8976199509748,1230.4726706222,48.8109212914714
0,0.8,13,72,0.956097915813185,31.0012450911448,0.188191133821882,16.8518269429776,1227.13805633867,48.9973610837574
0,0.8,13,96,1.27135182318942,30.9174772963039,0.187682509135877,16.8062814647533,1223.82146699721,49.1827930933825
0,0.8,13,120,1.5849062485852,30.8341610798718,0.187176626361926,16.7609815147135,1220.52275684358,49.3672254695325
0,0.8,15,2,0.0267698710778561,38.4385463231678,0.211319903892253,20.8846109799566,1520.80252260203,59.5612470780945
0,0.8,15,4,0.0535275574169421,37.2481041503948,0.211271811060234,20.243186221355,1474.09442773367,57.756089740227
0,0.8,15,8,0.107006409140147,36.3005215214004,0.211175691037003,19.7318965552054,1436.8626777716,56.3506001767829
0,0.8,15,16,0.213818261172767,36.0017784439582,0.210983713136061,19.5706514351175,1425.12092277208,55.9972318533845
0,0.8,15,24,0.320436086226217,35.9644562094919,0.210792083968816,19.5503798217077,1423.6447582967,56.0460642013947
0,0.8,15,48,0.639130671983814,35.8667461681618,0.210219279392814,19.4972537895835,1419.77615841003,56.213349909122
0,0.8,15,72,0.956097915813185,35.7695657205516,0.20964957944866,19.4444157034329,1415.92852654442,56.3797289192464
0,0.8,15,96,1.27135182318942,35.6729105726582,0.209082958963664,19.3918632285588,1412.10169268889,56.5452085833701
0,0.8,15,120,1.5849062485852,35.5767764767751,0.208519393036538,19.339594055436,1408.29548866548,56.7097961738328
0,0.8,17,2,0.0267698710778561,43.1220928173219,0.232791012790561,23.4329229855713,1706.36879100106,66.8145766867617
0,0.8,17,4,0.0535275574169421,41.9014438141785,0.232738033497709,22.7745078399908,1658.42346823306,64.9622172450839
0,0.8,17,8,0.107006409140147,41.0737161675672,0.232632147222232,22.3273885165886,1625.86455700474,63.7407432405181
0,0.8,17,16,0.213818261172767,40.7986423803197,0.23242066345203,22.1787691613545,1615.04220122496,63.423650466299
0,0.8,17,24,0.320436086226217,40.7587622374248,0.232209563848531,22.1570971312686,1613.46405940292,63.4685050187682
0,0.8,17,48,0.639130671983814,40.648024190584,0.231578559598943,22.0968876281945,1609.07964619802,63.6156210503612
0,0.8,17,72,0.956097915813185,40.5378863499591,0.230950975426588,22.0370044638905,1604.71899675033,63.7619397050894
0,0.8,17,96,1.27135182318942,40.4283438490133,0.230326783601111,21.9774449923664,1600.38191838073,63.9074674481703
0,0.8,17,120,1.5849062485852,40.319391873679,0.229705956691135,21.9182065961606,1596.06822048753,64.052210675116
0,0.8,19,2,0.0267698710778561,47.7864661950339,0.254131080971634,25.9705171040987,1891.1545904828,74.0378842511821
0,0.8,19,4,0.0535275574169421,46.522385738598,0.254073245040598,25.2879863552333,1841.45318662979,72.1179728962888
0,0.8,19,8,0.107006409140147,45.7947331967422,0.253957652117468,24.8946525867106,1812.81090126628,71.0503498447104
0,0.8,19,16,0.213818261172767,45.594473635598,0.253726781524634,24.7863269994147,1804.92270901888,70.8483456777101
0,0.8,19,24,0.320436086226217,45.5530682653567,0.253496330315256,24.7638144408321,1803.28336050933,70.8908151227303
0,0.8,19,48,0.639130671983814,45.4293022130052,0.252807481591573,24.6965214668081,1798.3831339862,71.0177618333887
0,0.8,19,72,0.956097915813186,45.3062069793657,0.252122366465309,24.6295932243506,1793.50946695643,71.1440204859948
0,0.8,19,96,1.27135182318943,45.1837771253674,0.251440954664051,24.5630267561767,1788.66214407277,71.2695966593976
0,0.8,19,120,1.5849062485852,45.0620072705821,0.250763216241776,24.4968191368879,1783.84095230977,71.3944958722969
0,0.8,21,2,0.0267698710778561,52.6002293526588,0.275360341152629,28.5884509962976,2081.79067516173,81.4908105611869
0,0.8,21,4,0.0535275574169422,51.3075289751577,0.275297673801434,27.8900365401045,2030.93263103443,79.5263907464805
0,0.8,21,8,0.107006409140147,50.5622340262548,0.275172424632279,27.4869593825777,2001.58083901119,78.431372242605
0,0.8,21,16,0.213818261172767,50.3931381235553,0.274922267882613,27.3954140519834,1994.91457312604,78.277292704594
0,0.8,21,24,0.320436086226218,50.3473742932887,0.274672565550295,27.370531750392,1993.10266161547,78.3130146954572
0,0.8,21,48,0.639130671983814,50.2105802354265,0.273926172709126,27.2961553054181,1987.68662177413,78.4197923855376
0,0.8,21,72,0.956097915813186,50.0745276087722,0.27318382535761,27.2221819848073,1982.29993716227,78.5259913347503
0,0.8,21,96,1.27135182318943,49.9392104017215,0.272445490694482,27.1486085199834,1976.94236976454,78.6316162355888
0,0.8,21,120,1.5849062485852,49.804622667485,0.271711136272125,27.0754316776116,1971.61368413175,78.736671729954
0,0.7,3,2,0.0267698710778561,8.85791770196066,0.0720185529617651,5.4277759427844,395.246785004865,14.3844820687847
0,0.7,3,4,0.0535275574169421,8.33836733865402,0.072002162758542,5.11871648825702,372.741295267453,13.5826135470865
0,0.7,3,8,0.107006409140147,7.76084737659671,0.0719694047227099,4.77491956304781,347.706247613332,12.7147427535074
0,0.7,3,16,0.213818261172766,7.31388111346291,0.0719039779911437,4.50923665563483,328.359407196066,12.1088400082616
0,0.7,3,24,0.320436086226216,7.09852049634118,0.0718386701092262,4.38149865664993,319.057616931703,11.8722939093265
0,0.7,3,48,0.639130671983811,6.82496376852948,0.0716434563317555,4.2189132433281,307.218262731837,11.7546511401732
0,0.7,3,72,0.956097915813181,6.70619304995071,0.0714493006235393,4.14771839651145,302.033904606184,11.8814586628989
0,0.7,3,96,1.27135182318942,6.66287999927409,0.0712561944056378,4.12133329962646,300.112560610823,12.1268213164956
0,0.7,3,120,1.58490624858519,6.6243035220291,0.0710641291916066,4.0977954518028,298.398551267714,12.3780693516087
0,0.7,5,2,0.0267698710778561,13.0819986247187,0.0931159141511581,8.08020040127367,588.394448198263,21.2820848112213
0,0.7,5,4,0.0535275574169421,12.3778990947277,0.0930947225457527,7.65463999613354,557.405442069407,20.179161370824
0,0.7,5,8,0.107006409140147,11.5415390035533,0.09305236825888,7.14862009417455,520.557432588904,18.8902178751269
0,0.7,5,16,0.213818261172766,10.9379339223868,0.0929677751968264,6.78392956534775,494.000927574702,18.0286495241042
0,0.7,5,24,0.320436086226216,10.7316762380621,0.0928833358006439,6.65884598337512,484.892430069882,17.803841643464
0,0.7,5,48,0.639130671983812,10.502038858223,0.0926309354316204,6.52043178730564,474.813206724596,17.7542322529441
0,0.7,5,72,0.956097915813182,10.4378623768276,0.0923799030862773,6.48147190114487,471.976175514848,17.9678120968719
0,0.7,5,96,1.27135182318942,10.4096712920253,0.0921302276725306,6.46395440952015,470.700564229672,18.2371077524074
0,0.7,5,120,1.5849062485852,10.3816321807261,0.0918818982178878,6.44653135181256,469.4318295552,18.5049516793417
0,0.7,7,2,0.0267698710778561,17.2282078129306,0.11340629478709,10.6694720301554,776.943367241303,28.0378560089509
0,0.7,7,4,0.0535275574169421,16.3794523898196,0.113380485434612,10.152988814824,739.333426720438,26.6993492474952
0,0.7,7,8,0.107006409140147,15.4293596217649,0.113328901956252,9.57392937242215,697.166729835997,25.2236243052834
0,0.7,7,16,0.213818261172766,14.8536196064149,0.113225875681746,9.22332523335712,671.635985708824,24.4039889766266
0,0.7,7,24,0.320436086226217,14.7456578167665,0.113123036557603,9.15750305618008,666.84286156636,24.3367199957304
0,0.7,7,48,0.639130671983813,14.6498249436663,0.11281563700174,9.09871843513965,662.562207258062,24.5004896877915
0,0.7,7,72,0.956097915813183,14.6101429275588,0.112509903568131,9.07406066160269,660.766645720778,24.7528114085428
0,0.7,7,96,1.27135182318942,14.5706754088356,0.112205822747676,9.04953617332809,658.980789921532,25.0037692281008
0,0.7,7,120,1.5849062485852,14.5314206530167,0.111903381176928,9.02514389253746,657.20456137727,25.2533741753163
0,0.7,9,2,0.0267698710778561,21.373552141816,0.133222458727006,13.2525533648029,965.041513459503,34.7860978364237
0,0.7,9,4,0.0535275574169421,20.4923547825314,0.133192139551146,12.7139448338867,925.820423188856,33.3930193133862
0,0.7,9,8,0.107006409140147,19.4803776869214,0.133131542581378,12.0946699548014,880.7252667983,31.8151855934443
0,0.7,9,16,0.213818261172767,18.9614816876668,0.133010513906304,11.7772515505899,857.611084288104,31.0855620133358
0,0.7,9,24,0.320436086226217,18.9070525047127,0.1328897050835,11.7438277856222,855.177189487449,31.1042060816446
0,0.7,9,48,0.639130671983813,18.8334432132852,0.132528591754469,11.6983522737509,851.865695046076,31.3034547507744
0,0.7,9,72,0.956097915813185,18.7824234782898,0.132169435679254,11.6666494220605,849.55711592671,31.5373402518428
0,0.7,9,96,1.27135182318942,18.7316795256458,0.131812220988229,11.6351179371361,847.261015613394,31.7699615069595
0,0.7,9,120,1.5849062485852,18.6812091253071,0.13145693198287,11.6037564332624,844.977293199343,32.0013287391376
0,0.7,11,2,0.0267698710778561,25.4426315388101,0.152716768328447,15.7863581992296,1149.55137996722,41.408476377446
0,0.7,11,4,0.0535275574169421,24.4746274555632,0.152682012577803,15.1929973278002,1106.34326318931,39.8738343533581
0,0.7,11,8,0.107006409140147,23.5198812847186,0.152612548513846,14.6071140589582,1063.67966011524,38.3866143013307
0,0.7,11,16,0.213818261172767,23.1247163097236,0.152473809833379,14.3646504352134,1046.02363142578,37.8556588159432
0,0.7,11,24,0.320436086226217,23.0797587594241,0.152335323175946,14.3369452025862,1044.00615608429,37.8894753714124
0,0.7,11,48,0.639130671983814,23.0170614829039,0.151921368493403,14.2979861123618,1041.16918283406,38.1060996357429
0,0.7,11,72,0.956097915813185,22.9547040290207,0.151509657467675,14.259238182518,1038.34758613261,38.3215497848195
0,0.7,11,96,1.27135182318942,22.8926836424558,0.151100171906952,14.2206997009436,1035.54124130523,38.5358353384957
0,0.7,11,120,1.5849062485852,22.8309975975974,0.150692893815558,14.1823689739869,1032.75002502138,38.7489657139851
0,0.7,13,2,0.0267698710778561,29.5354332824129,0.17197413226374,18.3330815255337,1335.0019618684,48.0672588112881
0,0.7,13,4,0.0535275574169421,28.5242230459231,0.171934993863134,17.7119343450776,1289.77046582323,46.4616199422807
0,0.7,13,8,0.107006409140147,27.6545713065475,0.17185677048103,17.1772153230945,1250.83260682764,45.1106498092631
0,0.7,13,16,0.213818261172767,27.3047086350945,0.17170053705332,16.9622273634923,1235.17733646585,44.6524547968129
0,0.7,13,24,0.320436086226217,27.274776533865,0.171544587428385,16.9436625121491,1233.82545719065,44.7104197196687
0,0.7,13,48,0.639130671983813,27.200679752523,0.171078433658199,16.8976199509748,1230.4726706222,44.9085088091398
0,0.7,13,72,0.956097915813185,27.1269845797519,0.170614806466714,16.8518269429776,1227.13805633867,45.1055242450094
0,0.7,13,96,1.27135182318942,27.0536877592661,0.170153685368155,16.8062814647533,1223.82146699721,45.301474732577
0,0.7,13,120,1.5849062485852,26.980786069888,0.169695050097621,16.7609815147135,1220.52275684358,45.4963688832844
0,0.7,15,2,0.0267698710778561,33.6371426599777,0.19104762183254,20.8846109799566,1520.80252260203,54.7395711328447
0,0.7,15,4,0.0535275574169421,32.5941650096977,0.191004142628663,20.243186221355,1474.09442773367,53.0818829310983
0,0.7,15,8,0.107006409140147,31.7641286485442,0.190917243564683,19.7318965552054,1436.8626777716,51.7939488564544
0,0.7,15,16,0.213818261172767,31.5024560681778,0.190743682434169,19.5706514351175,1425.12092277208,51.4776694469022
0,0.7,15,24,0.320436086226217,31.4697943083058,0.190570436582731,19.5503798217077,1423.6447582967,51.5311806528225
0,0.7,15,48,0.639130671983814,31.384298022142,0.190052582135495,19.4972537895835,1419.77615841003,51.7107350658448
0,0.7,15,72,0.956097915813185,31.299265130483,0.189537534487431,19.4444157034329,1415.92852654442,51.8893162842165
0,0.7,15,96,1.27135182318942,31.2146918760763,0.189025270880708,19.3918632285588,1412.10169268889,52.0669321987052
0,0.7,15,120,1.5849062485852,31.1305745421786,0.188515768802863,19.339594055436,1408.29548866548,52.2435906150026
0,0.7,17,2,0.0267698710778561,37.7348283683856,0.209973034470214,23.4329229855713,1706.36879100106,61.404494259505
0,0.7,17,4,0.0535275574169421,36.6655500034085,0.20992524816287,22.7745078399908,1658.42346823306,59.7035106489791
0,0.7,17,8,0.107006409140147,35.9406157657492,0.209829740770621,22.3273885165886,1625.86455700474,58.5848404322486
0,0.7,17,16,0.213818261172767,35.6997097931345,0.209638986460829,22.1787691613545,1615.04220122496,58.3019362021226
0,0.7,17,24,0.320436086226217,35.6648120827467,0.209448578662046,22.1570971312686,1613.46405940292,58.3517938789036
0,0.7,17,48,0.639130671983814,35.567916291761,0.208879424915682,22.0968876281945,1609.07964619802,58.512814016855
0,0.7,17,72,0.956097915813185,35.4715456812142,0.208313356013471,22.0370044638905,1604.71899675033,58.6729614169314
0,0.7,17,96,1.27135182318942,35.3756959928866,0.207750346943164,21.9774449923665,1600.38191838074,58.8322431553857
0,0.7,17,120,1.5849062485852,35.2803630144692,0.207190372962186,21.9182065961606,1596.06822048753,58.9906662321772
0,0.7,19,2,0.0267698710778561,41.8158050188103,0.228775869740987,25.9705171040987,1891.1545904828,68.0418678637278
0,0.7,19,4,0.0535275574169421,40.7086394142233,0.228723804226708,25.2879863552333,1841.45318662979,66.2788771311003
0,0.7,19,8,0.107006409140147,40.071414900874,0.228619744261182,24.8946525867106,1812.81090126628,65.3016936409859
0,0.7,19,16,0.213818261172767,39.8960595561482,0.228411908130035,24.7863269994147,1804.92270901888,65.1246167248657
0,0.7,19,24,0.320436086226218,39.8598298571871,0.228204449539545,24.7638144408321,1803.28336050933,65.172284833785
0,0.7,19,48,0.639130671983814,39.7515345613796,0.227584328752753,24.6965214668081,1798.3831339862,65.3147710289242
0,0.7,19,72,0.956097915813186,39.6438262319449,0.226967569054236,24.6295932243506,1793.50946695643,65.456484941163
0,0.7,19,96,1.27135182318943,39.5367001096964,0.226354143191927,24.5630267561767,1788.66214407277,65.5974328322545
0,0.7,19,120,1.5849062485852,39.4301514867593,0.225744024207582,24.4968191368879,1783.84095230977,65.7376208964399
0,0.7,21,2,0.0267698710778561,46.0277012136248,0.247475053618758,28.5884509962976,2081.79067516173,74.890397134619
0,0.7,21,4,0.0535275574169422,44.8955673763196,0.247418732486846,27.8900365401045,2030.93263103443,73.0865502063279
0,0.7,21,8,0.107006409140147,44.2429404757972,0.24730616709445,27.4869593825777,2001.58083901119,72.0842124346095
0,0.7,21,16,0.213818261172767,44.0948909831115,0.247081343306183,27.3954140519834,1994.91457312604,71.9512046395738
0,0.7,21,24,0.320436086226218,44.0548476316282,0.246856927917167,27.370531750392,1993.10266161547,71.9926723961636
0,0.7,21,48,0.639130671983814,43.9351528309988,0.246186121047827,27.2961553054181,1987.68662177413,72.1166249294485
0,0.7,21,72,0.956097915813186,43.8161067826763,0.245518949988077,27.2221819848073,1982.29993716227,72.2399056332848
0,0.7,21,96,1.27135182318943,43.6977042265069,0.244855385258379,27.1486085199835,1976.94236976454,72.3625199549382
0,0.7,21,120,1.5849062485852,43.57993995905,0.244195397697036,27.0754316776116,1971.61368413175,72.4844732829438
0,0.6,3,2,0.0267698710778561,7.63124541189475,0.0673224960743869,5.44227386125619,396.30251311996,13.1676116403032
0,0.6,3,4,0.0535275574169421,7.20626034438104,0.0673071746141969,5.14922042246292,374.96257006803,12.4763154988751
0,0.6,3,8,0.107006409140147,6.76989584576081,0.067276552605728,4.84834737438188,353.053208627506,11.7925261818886
0,0.6,3,16,0.213818261172766,6.41568317545811,0.0672153921033591,4.60462865739289,335.305784940375,11.3013454861271
0,0.6,3,24,0.320436086226216,6.25283038844194,0.0671543427009037,4.49250129911133,327.140750432864,11.1329221164804
0,0.6,3,48,0.639130671983811,6.05055239254735,0.0669718580739991,4.35341858574757,317.012846133524,11.1100735083527
0,0.6,3,72,0.956097915813181,5.98034701057378,0.066790362523663,4.30457461787768,313.4560631213,11.3078099067883
0,0.6,3,96,1.27135182318942,5.94394685877369,0.0666098480303558,4.27890369458683,311.586724739286,11.5608122245803
0,0.6,3,120,1.58490624858519,5.90829154762657,0.0664303066610018,4.2535371403191,309.73955029313,11.8131652431919
0,0.6,5,2,0.0267698710778561,11.2243483269364,0.0857020589859263,8.08020040127367,588.394448198263,19.4170206582739
0,0.6,5,4,0.053527557416942,10.6259299412337,0.0856825546484236,7.66014120753328,557.806036372175,18.4252812608324
0,0.6,5,8,0.107006409140147,9.93235085713731,0.0856435725944435,7.17267440317279,522.309050267542,17.2976752420447
0,0.6,5,16,0.213818261172766,9.43515677807897,0.0855657148011757,6.82380475460827,496.904610505393,16.5583455086612
0,0.6,5,24,0.320436086226216,9.25382555974014,0.0854879984389584,6.69587984588636,487.589209606874,16.3556294902917
0,0.6,5,48,0.639130671983811,9.03711061551988,0.0852556940953742,6.54424755256402,476.547453817702,16.3057445341631
0,0.6,5,72,0.956097915813181,8.95344953736389,0.0850246488539233,6.48540251955407,472.262400352736,16.4799746215851
0,0.6,5,96,1.27135182318942,8.92359839316463,0.0847948525056695,6.46395440952015,470.700564229672,16.7436994783799
0,0.6,5,120,1.58490624858519,8.89956486919384,0.0845662949517458,6.44653135181255,469.431829555199,17.0155687645433
0,0.6,7,2,0.0267698710778561,14.7752800500405,0.103334503080946,10.6694720301554,776.943367241303,25.5748564543548
0,0.6,7,4,0.053527557416942,14.0546099396437,0.103310985897723,10.1595599024811,739.811928651581,24.3710083854395
0,0.6,7,8,0.107006409140147,13.2435626928248,0.103263983629343,9.58474648397935,697.954424208626,23.0385795695737
0,0.6,7,16,0.213818261172766,12.7584530071301,0.103170107280589,9.24125268824742,672.941450227515,22.3166940638308
0,0.6,7,24,0.320436086226217,12.6558192240414,0.103076401461079,9.16846642388873,667.64120620795,22.2477981356174
0,0.6,7,48,0.639130671983813,12.5580158088568,0.102796302544065,9.09871843513966,662.562207258062,22.3986612185243
0,0.6,7,72,0.956097915813183,12.5240026521932,0.102517721778363,9.07406066160269,660.766645720778,22.6566789513874
0,0.6,7,96,1.27135182318942,12.4901733504305,0.102240646854638,9.04953617332809,658.980789921533,22.9133019938027
0,0.6,7,120,1.5849062485852,12.4565264168714,0.10196506559627,9.02514389253746,657.20456137727,23.1685416235903
0,0.6,9,2,0.0267698710778561,18.3267700718289,0.120527907827146,13.2525533648029,965.041513459503,31.7266212155367
0,0.6,9,4,0.0535275574169421,17.569399628729,0.120500477716125,12.7139448338867,925.820423188856,30.4573724977488
0,0.6,9,8,0.107006409140147,16.6997947647979,0.120445654932814,12.0946699548014,880.7252667983,29.0219167836723
0,0.6,9,16,0.213818261172767,16.2545326977142,0.120336158882875,11.7777219225482,857.645336439674,28.3664090403181
0,0.6,9,24,0.320436086226217,16.2071287281159,0.120226861735843,11.7438277856222,855.177189487451,28.3916194617001
0,0.6,9,48,0.639130671983813,16.143974325673,0.119900158307213,11.6983522737509,851.865695046076,28.601357429715
0,0.6,9,72,0.956097915813184,16.1002431242484,0.119575225628874,11.6666494220606,849.55711592671,28.842565687751
0,0.6,9,96,1.27135182318942,16.0567483076964,0.11925204934339,11.6351179371361,847.261015613395,29.0824701173653
0,0.6,9,120,1.5849062485852,16.013487964549,0.118930615248125,11.6037564332624,844.977293199344,29.3210812616447
0,0.6,11,2,0.0267698710778561,21.8133239036833,0.137423333357587,15.7863581992296,1149.55137996722,37.7638753073484
0,0.6,11,4,0.0535275574169421,20.9817343825466,0.137392058133791,15.1929973278002,1106.34326318931,36.3656513258975
0,0.6,11,8,0.107006409140147,20.1668764949389,0.137329550373039,14.6108268210027,1063.95002080755,35.0220392754548
0,0.6,11,16,0.213818261172767,19.8272915094742,0.137204705327245,14.3682409487318,1046.28509006733,34.5465554247059
0,0.6,11,24,0.320436086226217,19.7836733652208,0.137080087066276,14.3369452025862,1044.00615608429,34.5781347410995
0,0.6,11,48,0.639130671983813,19.7299328424892,0.136707586829683,14.2979861123618,1041.16918283406,34.8037572136645
0,0.6,11,72,0.956097915813185,19.6764835963036,0.136337105564562,14.259238182518,1038.34758613261,35.0281568001994
0,0.6,11,96,1.27135182318942,19.6233232649623,0.135968626900874,14.2206997009436,1035.54124130523,35.2513434159962
0,0.6,11,120,1.5849062485852,19.5704495122265,0.135602134645076,14.1823689739869,1032.75002502138,35.4733268694437
0,0.6,13,2,0.0267698710778561,25.3206301013178,0.154099389827755,18.3330815255337,1335.0019618684,43.8345808877571
0,0.6,13,4,0.0535275574169421,24.4522225414249,0.154064319415868,17.7119343450776,1289.77046582323,42.3717487633352
0,0.6,13,8,0.107006409140147,23.708779531017,0.1539942264589,17.1795704070897,1251.00410236971,41.1493505737057
0,0.6,13,16,0.213818261172767,23.4080253938491,0.153854231707574,16.9643145245316,1235.32932204876,40.740012411261
0,0.6,13,24,0.320436086226217,23.37940288617,0.153714491260973,16.9436625121491,1233.82545719065,40.7972159758063
0,0.6,13,48,0.639130671983813,23.3158913593054,0.153296788839068,16.8976199509748,1230.4726706222,41.0059387711031
0,0.6,13,72,0.956097915813185,23.2527240683588,0.15288135038693,16.8518269429776,1227.13805633867,41.2135302775365
0,0.6,13,96,1.27135182318942,23.1898982222281,0.152468157548046,16.8062814647533,1223.82146699721,41.4199996677189
0,0.6,13,120,1.5849062485852,23.127411059904,0.15205719216382,16.7609815147135,1220.52275684358,41.6253560153666
0,0.6,15,2,0.0267698710778561,28.835738996787,0.170605211713589,20.8846109799566,1520.80252260203,49.9177250595351
0,0.6,15,4,0.0535275574169421,27.9402258689999,0.170566384856122,20.243186221355,1474.09442773367,48.407506032628
0,0.6,15,8,0.107006409140147,27.2277357756873,0.170488784135077,19.7318965552054,1436.8626777716,47.2371275241679
0,0.6,15,16,0.213818261172767,27.0031336923968,0.170333794331318,19.5706514351175,1425.12092277208,46.9579371830183
0,0.6,15,24,0.320436086226217,26.9751324071191,0.170179086071253,19.5503798217077,1423.6447582967,47.0161274011243
0,0.6,15,48,0.639130671983814,26.9018498761215,0.169716642902581,19.4972537895835,1419.77615841003,47.2079509805914
0,0.6,15,72,0.956097915813185,26.8289645404139,0.169256706200948,19.4444157034329,1415.92852654442,47.3987348658609
0,0.6,15,96,1.27135182318942,26.7564731794938,0.168799255643648,19.3918632285588,1412.10169268889,47.5884874868857
0,0.6,15,120,1.5849062485852,26.6843726075815,0.168344271127088,19.339594055436,1408.29548866548,47.7772171827297
0,0.6,17,2,0.0267698710778561,32.3475639194488,0.186973941000276,23.4329229855713,1706.36879100106,55.9942307170983
0,0.6,17,4,0.0535275574169421,31.4296561926381,0.186931388897181,22.7745078399908,1658.42346823306,54.444622978943
0,0.6,17,8,0.107006409140147,30.8075153639309,0.186846342769384,22.3273885165886,1625.86455700474,53.428756632429
0,0.6,17,16,0.213818261172767,30.600777205949,0.186676482457775,22.1787691613545,1615.04220122496,53.1800411109341
0,0.6,17,24,0.320436086226217,30.5708619280682,0.186506930702591,22.1570971312686,1613.46405940292,53.2349020762656
0,0.6,17,48,0.639130671983814,30.4878083929376,0.186000118390899,22.0968876281945,1609.07964619802,53.4098268115068
0,0.6,17,72,0.956097915813185,30.405205012469,0.185496053029406,22.0370044638905,1604.71899675033,53.583803445202
0,0.6,17,96,1.27135182318942,30.3230481367596,0.184994712345543,21.9774449923665,1600.38191838074,53.756839664661
0,0.6,17,120,1.5849062485852,30.2413341552589,0.184496074306876,21.9182065961606,1596.06822048753,53.9289430743116
0,0.6,19,2,0.0267698710778561,35.8451438425867,0.203229185696908,25.9705171040987,1891.1545904828,62.0456600034601
0,0.6,19,4,0.0535275574169421,34.8948930898485,0.203182934175356,25.2879863552333,1841.45318662979,60.4395899366742
0,0.6,19,8,0.107006409140147,34.3480966050056,0.203090494259899,24.8946525867106,1812.81090126628,59.5528460951163
0,0.6,19,16,0.213818261172767,34.1976454766983,0.202905866537844,24.7863269994147,1804.92270901888,59.4006966038236
0,0.6,19,24,0.320436086226218,34.1665914490174,0.202721574197665,24.7638144408321,1803.28336050932,59.4535635502734
0,0.6,19,48,0.639130671983814,34.0737669097538,0.202170700354736,24.6965214668081,1798.38313398621,59.6115897489004
0,0.6,19,72,0.956097915813186,33.9814454845241,0.201622812277894,24.6295932243506,1793.50946695643,59.7687594369658
0,0.6,19,96,1.27135182318943,33.8896230940254,0.201077885758224,24.5630267561767,1788.66214407276,59.9250795591497
0,0.6,19,120,1.5849062485852,33.7982957029364,0.200535896847825,24.4968191368879,1783.84095230977,60.0805569852572
0,0.6,21,2,0.0267698710778561,39.4551730745896,0.219388467850529,28.5884509962976,2081.79067516173,68.2897824098155
0,0.6,21,4,0.0535275574169422,38.4836057774803,0.219338538749971,27.8900365401045,2030.93263103443,66.6465084137517
0,0.6,21,8,0.107006409140147,37.9236469253383,0.219238748695945,27.4869593825777,2001.58083901119,65.7368514657521
0,0.6,21,16,0.213818261172767,37.7966438426665,0.219039440742585,27.3954140519833,1994.91457312603,65.6249155965651
0,0.6,21,24,0.320436086226218,37.7623209699665,0.218840494838186,27.3705317503921,1993.10266161548,65.672129301423
0,0.6,21,48,0.639130671983814,37.6597254265699,0.218245819580474,27.2961553054182,1987.68662177413,65.8132572235524
0,0.6,21,72,0.956097915813186,37.5576859565792,0.21765436749489,27.2221819848073,1982.29993716228,65.9536202246946
0,0.6,21,96,1.27135182318943,37.4561980512911,0.217066112447607,27.1486085199834,1976.94236976454,66.0932245069116
0,0.6,21,120,1.5849062485852,37.3552572506138,0.216481028586562,27.0754316776116,1971.61368413175,66.2320762053972
0,0.5,3,2,0.0267698710778562,6.41162274238032,0.062530337845701,5.46788929158149,398.167810543678,11.9688122428854
0,0.5,3,4,0.0535275574169422,6.09961330143705,0.0625161069995822,5.21177262367035,379.51757688534,11.4274295895239
0,0.5,3,8,0.107006409140147,5.81519200278117,0.0624876647307016,4.97897819673392,362.565652232666,10.9636642733859
0,0.5,3,16,0.213818261172767,5.55155072055893,0.0624308577627646,4.76378899320847,346.895727431467,10.5915888327029
0,0.5,3,24,0.320436086226218,5.43476711789797,0.0623741539864134,4.66780607268722,339.906319402965,10.4853834307978
0,0.5,3,48,0.639130671983817,5.34744971209557,0.0622046590027547,4.5958075550221,334.663438537537,10.6445925981042
0,0.5,3,72,0.95609791581319,5.31251719527218,0.0620360826910942,4.56655731165694,332.533456612609,10.8972085054334
0,0.5,3,96,1.27135182318943,5.27792090610692,0.0618684176027399,4.5376770427977,330.430415968151,11.1488181896968
0,0.5,3,120,1.58490624858521,5.24388350362378,0.0617016563693094,4.50915977307175,328.353808662486,11.3996511816501
0,0.5,5,2,0.0267698710778561,9.3766558389797,0.0781641375225501,8.08852069761095,589.000326261814,17.5701105451911
0,0.5,5,4,0.053527557416942,8.87961918333668,0.078146348688339,7.67245176345948,558.702482301915,16.6837448529014
0,0.5,5,8,0.107006409140147,8.34001293387538,0.0781107952994907,7.21985598697941,525.744779654234,15.7449861252944
0,0.5,5,16,0.213818261172766,7.93526562731036,0.078039785485582,6.88130307021683,501.091596966706,15.1084267441855
0,0.5,5,24,0.320436086226216,7.77105582790084,0.0779689046631609,6.74319329040653,491.034540996974,14.9126541091968
0,0.5,5,48,0.639130671983811,7.60603544739814,0.0777570326396198,6.60506940113246,480.976457586122,14.927992553154
0,0.5,5,72,0.956097915813181,7.50922388930463,0.0775463089739297,6.52409083919992,475.079656281952,15.0669589532917
0,0.5,5,96,1.27135182318942,7.45952260469176,0.0773367243550812,6.48204214586501,472.017700329924,15.2902532981013
0,0.5,5,120,1.58490624858519,7.41817360665292,0.077128269572453,6.44709546464603,469.472907850648,15.5273035894566
0,0.5,7,2,0.0267698710778561,12.3223522871504,0.0931159141511581,10.6694720301554,776.943367241303,23.1117101025348
0,0.5,7,4,0.0535275574169421,11.7327681829683,0.0930947225457527,10.1712272787202,740.66153869381,22.0506177416512
0,0.5,7,8,0.107006409140147,11.0597321773886,0.0930523682588801,9.60134828525889,699.163355573921,20.8611392400465
0,0.5,7,16,0.213818261172767,10.6579440825061,0.0929677751968265,9.26154276722136,674.418959352152,20.2262728860971
0,0.5,7,24,0.320436086226217,10.5675034581281,0.092883335800644,9.18485948289166,668.834937109079,20.1656823630466
0,0.5,7,48,0.639130671983813,10.4662066740472,0.0926309354316206,9.09871843513966,662.562207258062,20.2966867166023
0,0.5,7,72,0.956097915813183,10.4378623768276,0.0923799030862774,9.07406066160269,660.766645720777,20.5604008573297
0,0.5,7,96,1.27135182318942,10.4096712920253,0.0921302276725307,9.04953617332809,658.980789921532,20.8226895162154
0,0.5,7,120,1.5849062485852,10.3816321807261,0.0918818982178879,9.02514389253746,657.204561377271,21.0835642200666
0,0.5,9,2,0.0267698710778561,15.2799880018417,0.107666904521466,13.2525533648029,965.041513459503,28.6669781422439
0,0.5,9,4,0.0535275574169421,14.6484803354212,0.107642401357032,12.7156745708405,925.946381403985,27.5253248650357
0,0.5,9,8,0.107006409140147,13.9224804649168,0.107593428471974,12.0974243214937,880.925837822477,26.2345046240226
0,0.5,9,16,0.213818261172767,13.5509070344392,0.107495616264272,11.7812041893265,857.898912630575,25.6534251012027
0,0.5,9,24,0.320436086226217,13.507204951519,0.107397981735422,11.7438277856222,855.177189487451,25.6788668051028
0,0.5,9,48,0.639130671983813,13.4545054380608,0.107106139393749,11.6983522737509,851.865695046077,25.8990945231893
0,0.5,9,72,0.956097915813185,13.418062770207,0.106815878853387,11.6666494220606,849.55711592671,26.1476259869341
0,0.5,9,96,1.27135182318942,13.381817089747,0.106527187288918,11.6351179371361,847.261015613395,26.3948140373614
0,0.5,9,120,1.5849062485852,13.3457668037908,0.106240052013207,11.6037564332624,844.977293199343,26.6406695376516
0,0.5,11,2,0.0267698710778561,18.1840162685562,0.121945878328208,15.7863581992296,1149.55137996722,34.1190902171919
0,0.5,11,4,0.0535275574169421,17.4888413095299,0.12191812551111,15.1929973278002,1106.34326318931,32.8572843202581
0,0.5,11,8,0.107006409140147,16.8121894194538,0.1218626577561,14.6145414709091,1064.22051897262,31.6555999572591
0,0.5,11,16,0.213818261172767,16.5282061757124,0.121751873521776,14.3718332576312,1046.54667944725,31.2356095680381
0,0.5,11,24,0.320436086226217,16.4880742663632,0.121641290530385,14.3373611477701,1044.03644491684,31.2675127908899
0,0.5,11,48,0.639130671983813,16.4428042020744,0.121310743545248,14.2979861123617,1041.16918283406,31.5012317299652
0,0.5,11,72,0.956097915813185,16.3982631635864,0.120981988142686,14.259238182518,1038.34758613261,31.7345812500603
0,0.5,11,96,1.27135182318942,16.3539628874686,0.120655009796355,14.2206997009436,1035.54124130522,31.966669421398
0,0.5,11,120,1.5849062485852,16.3099014268555,0.120329794136526,14.1823689739869,1032.75002502139,32.1975064435641
0,0.5,13,2,0.0267698710778561,21.1058269202225,0.136024596497066,18.3330815255337,1335.0019618684,39.6017029133311
0,0.5,13,4,0.0535275574169421,20.3802220369264,0.135993639602096,17.7119343450776,1289.77046582323,38.281677579023
0,0.5,13,8,0.107006409140147,19.7621611525678,0.135931768064515,17.1821502940099,1251.19196790094,37.1872496237823
0,0.5,13,16,0.213818261172767,19.510837895483,0.135808193729911,16.9668301610229,1235.51250890944,36.8272945114086
0,0.5,13,24,0.320436086226217,19.4840292384748,0.135684843871846,16.9436625121491,1233.82545719065,36.883812680722
0,0.5,13,48,0.639130671983813,19.4311029660877,0.135316135056976,16.8976199509748,1230.4726706222,37.1031697241032
0,0.5,13,72,0.956097915813185,19.3784635569655,0.134949424663868,16.8518269429776,1227.13805633867,37.3213378404201
0,0.5,13,96,1.27135182318942,19.3261086851899,0.134584696489101,16.8062814647533,1223.82146699721,37.5383266696217
0,0.5,13,120,1.5849062485852,19.2740360499199,0.134221934503955,16.7609815147135,1220.52275684358,37.7541457477225
0,0.5,15,2,0.0267698710778561,24.0343353335967,0.149947912462746,20.8846109799566,1520.80252260203,45.0956640970939
0,0.5,15,4,0.0535275574169421,23.2862867283026,0.149913786856815,20.243186221355,1474.09442773367,43.7329142939314
0,0.5,15,8,0.107006409140147,22.6913429028309,0.149845582222212,19.7318965552054,1436.8626777716,42.6800914493986
0,0.5,15,16,0.213818261172767,22.5038113166161,0.149709358965646,19.5706514351175,1425.12092277208,42.437990371872
0,0.5,15,24,0.320436086226217,22.4804705059328,0.149573383162771,19.5503798217077,1423.6447582967,42.5008597970295
0,0.5,15,48,0.639130671983814,22.4194017301014,0.149166933752002,19.4972537895835,1419.77615841003,42.7049531254208
0,0.5,15,72,0.956097915813185,22.358663950345,0.14876268731907,19.4444157034329,1415.92852654442,42.9079402569102
0,0.5,15,96,1.27135182318942,22.2982544829117,0.148360626001992,19.3918632285588,1412.10169268889,43.1098301606619
0,0.5,15,120,1.5849062485852,22.2381706729847,0.147960732131366,19.339594055436,1408.29548866548,43.3106317091373
0,0.5,17,2,0.0267698710778561,26.9602994705129,0.163746080580059,23.4329229855713,1706.36879100106,50.5837384077421
0,0.5,17,4,0.0535275574169421,26.1937623818684,0.163708814744697,22.7745078399908,1658.42346823306,49.1855065940209
0,0.5,17,8,0.107006409140147,25.6744149621133,0.163634333937261,22.3273885165886,1625.86455700474,48.2724442217792
0,0.5,17,16,0.213818261172767,25.5018446187642,0.163485575451863,22.1787691613545,1615.04220122496,48.0579176167434
0,0.5,17,24,0.320436086226217,25.4769117733905,0.163337087190781,22.1570971312686,1613.46405940292,48.1177820780761
0,0.5,17,48,0.639130671983814,25.407700494115,0.162893236410371,22.0968876281945,1609.07964619802,48.3066120307036
0,0.5,17,72,0.956097915813185,25.3388643437244,0.162451791325248,22.0370044638905,1604.71899675033,48.4944185147533
0,0.5,17,96,1.27135182318942,25.2704002806333,0.162012732429774,21.9774449923665,1600.38191838074,48.6812098286189
0,0.5,17,120,1.5849062485852,25.2023052960494,0.161576040428616,21.9182065961606,1596.06822048753,48.8669941812238
0,0.5,19,2,0.0267698710778561,29.8744826663634,0.177440651914201,25.9705171040987,1891.1545904828,56.0492102934541
0,0.5,19,4,0.0535275574169421,29.0811467654742,0.177400269426283,25.2879863552333,1841.45318662979,54.6000609475507
0,0.5,19,8,0.107006409140147,28.6247783091377,0.177319559567581,24.8946525867106,1812.81090126628,53.8037568645561
0,0.5,19,16,0.213818261172767,28.4992313972488,0.177158359967974,24.7863269994147,1804.92270901888,53.6765350178043
0,0.5,19,24,0.320436086226218,28.4733530408481,0.176997453192345,24.7638144408321,1803.28336050933,53.7346010210988
0,0.5,19,48,0.639130671983814,28.3959992581284,0.176516481852148,24.6965214668081,1798.3831339862,53.9081678787724
0,0.5,19,72,0.956097915813186,28.3190647371036,0.176038117402684,24.6295932243506,1793.50946695643,54.0807939946701
0,0.5,19,96,1.27135182318943,28.2425460783547,0.175562338707001,24.5630267561767,1788.66214407276,54.2524869964278
0,0.5,19,120,1.5849062485852,28.1664399191139,0.175089124856039,24.4968191368879,1783.84095230977,54.423254429443
0,0.5,21,2,0.0267698710778561,32.8826449355554,0.19104762183254,28.5884509962976,2081.79067516173,61.6889134247633
0,0.5,21,4,0.0535275574169422,32.0716441786421,0.191004142628663,27.8900365401045,2030.93263103443,60.2062124187921
0,0.5,21,8,0.107006409140147,31.6043533748805,0.190917243564683,27.4869593825777,2001.58083901119,59.389236410163
0,0.5,21,16,0.213818261172767,31.4983967022225,0.19074368243417,27.3954140519833,1994.91457312603,59.2983726978128
0,0.5,21,24,0.320436086226218,31.4697943083059,0.190570436582731,27.3705317503921,1993.10266161548,59.3513325815069
0,0.5,21,48,0.639130671983814,31.384298022142,0.190052582135495,27.2961553054182,1987.68662177413,59.5096365816795
0,0.5,21,72,0.956097915813186,31.2992651304831,0.189537534487431,27.2221819848073,1982.29993716227,59.667082565591
0,0.5,21,96,1.27135182318943,31.2146918760764,0.189025270880709,27.1486085199834,1976.94236976454,59.8236774901299
0,0.5,21,120,1.5849062485852,31.1305745421786,0.188515768802863,27.0754316776116,1971.61368413175,59.9794282371783
0,0.4,3,2,0.0267698710778562,5.24802456444325,0.0576113552356116,5.56131331957492,404.970881837675,10.8937191103316
0,0.4,3,4,0.0535275574169423,5.12855229545813,0.0575982438666458,5.44037606220402,396.164316742316,10.6800541589457
0,0.4,3,8,0.107006409140148,5.01657761134504,0.0575720390241225,5.32745947696563,387.941811288949,10.5086155364749
0,0.4,3,16,0.213818261172769,4.93704994174394,0.0575197008068279,5.24772447521463,382.135565153027,10.4561123789382
0,0.4,3,24,0.320447142423518,4.91027023139702,0.0574694404974461,5.22074955883961,380.171270921764,10.5089363731576
0,0.4,3,48,0.640894284847036,4.90784224646163,0.0574694404974461,5.21832807862593,379.994940454277,10.824534050432
0,0.4,3,72,0.961341427270554,4.90784224646163,0.0574694404974461,5.21832807862593,379.994940454277,11.1449811928556
0,0.4,3,96,1.28178856969407,4.90784224646163,0.0574694404974461,5.21832807862593,379.994940454277,11.4654283352791
0,0.4,3,120,1.60223571211759,4.90784224646163,0.0574694404974461,5.21832807862593,379.994940454277,11.7858754777026
0,0.4,5,2,0.0267698710778561,7.52739181398434,0.0704624864868176,8.09920348504891,589.778239247584,15.7238276565979
0,0.4,5,4,0.0535275574169421,7.14284975169091,0.0704464504179766,7.70046102338051,560.742096694781,14.9672847829063
0,0.4,5,8,0.107006409140147,6.75916789512596,0.0704144001675589,7.3017309661873,531.706857427042,14.238319670621
0,0.4,5,16,0.213818261172766,6.45256522013346,0.0703503870764974,6.98408106713551,508.575817627169,13.7208149355182
0,0.4,5,24,0.320436086226216,6.30652000458777,0.0702864902671635,6.83174481223496,497.482799856388,13.5289873933161
0,0.4,5,48,0.639130671983811,6.16600475733061,0.0700954943696984,6.68498435824277,486.795807943359,13.5602152819269
0,0.4,5,72,0.956097915813181,6.09480521799421,0.0699055336803496,6.61154815797006,481.44823605264,13.7323568254578
0,0.4,5,96,1.27135182318942,6.04254763219955,0.0697165998055378,6.55716796801476,477.488309284409,13.9407840232093
0,0.4,5,120,1.58490624858519,6.00781526415318,0.0695286844421807,6.52053135617101,474.820457258579,14.1827815533516
0,0.4,7,2,0.0267698710778561,9.87446776048141,0.0827035977787882,10.6747257027932,777.325935947424,20.6586669321312
0,0.4,7,4,0.053527557416942,9.41272843262335,0.0826847758402859,10.1903212735653,742.0519498226,19.7392620394459
0,0.4,7,8,0.107006409140147,8.88821725025164,0.0826471576529153,9.63901444933296,701.906178861153,18.7168852663777
0,0.4,7,16,0.213818261172766,8.57626874359139,0.0825720238732308,9.3112141290067,678.035992601022,18.1838731576441
0,0.4,7,24,0.320436086226217,8.49278288634972,0.0824970265763433,9.22329610666224,671.633864723613,18.1190121058145
0,0.4,7,48,0.639130671983813,8.3743975392378,0.0822728498736902,9.09871843513965,662.562207258062,18.1945194962349
0,0.4,7,72,0.956097915813183,8.35172210146208,0.0820498882209159,9.07406066160268,660.766645720777,18.4639305670989
0,0.4,7,96,1.27135182318942,8.32916923362029,0.0818281317662648,9.04953617332808,658.980789921531,18.7318853619041
0,0.4,7,120,1.5849062485852,8.30673794458089,0.0816075707641994,9.02514389253745,657.204561377269,18.9983956564677
0,0.4,9,2,0.0267698710778561,12.2332059318546,0.0945862349435558,13.2525533648029,965.041513459503,25.6071154026789
0,0.4,9,4,0.0535275574169421,11.7319480481568,0.0945647087180337,12.7228594797989,926.469581365868,24.6028997940907
0,0.4,9,8,0.107006409140147,11.1489156374915,0.0945216856476433,12.105494618388,881.513511104338,23.4559383506672
0,0.4,9,16,0.213818261172767,10.8577081284039,0.094435756842509,11.7974066992288,859.078767881678,22.963368845648
0,0.4,9,24,0.320436086226217,10.8088137274314,0.0943499841296638,11.7454389275833,855.294511699539,22.9690387253705
0,0.4,9,48,0.639130671983813,10.7650365504487,0.0940935983032246,11.6983522737509,851.865695046077,23.1966130944867
0,0.4,9,72,0.956097915813184,10.7358824161656,0.0938386021018608,11.6666494220606,849.557115926711,23.4524683561412
0,0.4,9,96,1.27135182318942,10.7068858717976,0.0935849842583423,11.6351179371361,847.261015613395,23.7069406163814
0,0.4,9,120,1.5849062485852,10.6780456430327,0.0933327336269183,11.6037564332624,844.977293199344,23.9600410585072
0,0.4,11,2,0.0267698710778561,14.5547086334289,0.106225573097468,15.7863581992296,1149.55137996722,30.4740622768338
0,0.4,11,4,0.0535275574169421,14.0011799774422,0.106201397955661,15.1985094009754,1106.74464843884,29.3594183337902
0,0.4,11,8,0.107006409140147,13.457648694762,0.106153080668147,14.6202524782717,1064.63639046823,28.2910606628419
0,0.4,11,16,0.213818261172767,13.2280654936229,0.10605657786754,14.3760465249717,1046.85348657936,27.9239868576349
0,0.4,11,24,0.320436086226217,13.1935754091487,0.105960250367206,14.3391493660082,1044.16666169752,27.9591211117503
0,0.4,11,48,0.639130671983814,13.1556755616594,0.105672314904252,14.2979861123618,1041.16918283406,28.1984646609092
0,0.4,11,72,0.956097915813185,13.120042730869,0.105385940067113,14.259238182518,1038.34758613261,28.4407647692672
0,0.4,11,96,1.27135182318942,13.0846025099747,0.105101113202067,14.2206997009436,1035.54124130523,28.6817551473098
0,0.4,11,120,1.5849062485852,13.0493533414842,0.104817821791819,14.1823689739869,1032.75002502138,28.9214463858481
0,0.4,13,2,0.0267698710778561,16.8910237391277,0.117685797163706,18.3330815255337,1335.0019618684,35.3685609329029
0,0.4,13,4,0.0535275574169421,16.3082215324285,0.117659013868948,17.7119343450776,1289.77046582323,34.1913424487919
0,0.4,13,8,0.107006409140147,15.8143831767669,0.117605483835341,17.1847309558989,1251.37988986485,33.2237260256414
0,0.4,13,16,0.213818261172767,15.6124761698853,0.117498569759127,16.9693465437119,1235.69575010771,32.9131395445291
0,0.4,13,24,0.320436086226217,15.5886555907801,0.117391849895585,16.9436625121491,1233.82545719065,32.970146039051
0,0.4,13,48,0.639130671983813,15.5463145728703,0.117072850303478,16.8976199509748,1230.4726706222,33.2001380461325
0,0.4,13,72,0.956097915813185,15.5042030455726,0.11675557970645,16.8518269429776,1227.13805633867,33.4288834840698
0,0.4,13,96,1.27135182318942,15.4623191481521,0.116440024085621,16.8062814647533,1223.82146699721,33.6563924601805
0,0.4,13,120,1.5849062485852,15.4206610399361,0.116126169573261,16.7609815147136,1220.52275684358,33.8826749728081
0,0.4,15,2,0.0267698710778561,19.2329316704061,0.12900702527388,20.8846109799566,1520.80252260203,40.2733195467145
0,0.4,15,4,0.0535275574169421,18.6323475876051,0.128977665459298,20.243186221355,1474.09442773367,39.0580390318363
0,0.4,15,8,0.107006409140147,18.1554026207532,0.128918985902674,19.7323820789595,1436.89803326617,38.1237100947555
0,0.4,15,16,0.213818261172767,18.0044889408353,0.128801786824581,19.5706514351175,1425.12092277208,37.9177604239501
0,0.4,15,24,0.320436086226217,17.9858086047462,0.128684800642179,19.5503798217077,1423.6447582967,37.9853093133223
0,0.4,15,48,0.639130671983814,17.9369535840812,0.128335113683912,19.4972537895835,1419.77615841003,38.2016731593324
0,0.4,15,72,0.956097915813185,17.8883633602761,0.127987322047912,19.4444157034329,1415.92852654442,38.41686430157
0,0.4,15,96,1.27135182318942,17.8400357863294,0.127641410366701,19.3918632285588,1412.10169268889,38.6308922484442
0,0.4,15,120,1.5849062485852,17.7919687383878,0.127297363438489,19.339594055436,1408.29548866548,38.8437664058475
0,0.4,17,2,0.0267698710778561,21.5730350215763,0.140216317745579,23.4329229855713,1706.36879100106,45.1729441959711
0,0.4,17,4,0.0535275574169421,20.9578685710982,0.140184406885828,22.7745078399908,1658.42346823306,43.9260883753917
0,0.4,17,8,0.107006409140147,20.5413145602951,0.14012062872073,22.3273885165886,1625.86455700474,43.1158301147445
0,0.4,17,16,0.213818261172767,20.4029120315788,0.139993246330984,22.1787691613545,1615.04220122496,42.9354927004371
0,0.4,17,24,0.320436086226217,20.3829616187121,0.139866095335225,22.1570971312686,1613.46405940292,43.0003609315422
0,0.4,17,48,0.639130671983814,20.3275925952917,0.139486024423988,22.0968876281945,1609.07964619802,43.203096919894
0,0.4,17,72,0.956097915813185,20.2725236749793,0.13910801351769,22.0370044638905,1604.71899675033,43.4047340682006
0,0.4,17,96,1.27135182318942,20.2177524245064,0.138732045913588,21.9774449923665,1600.38191838074,43.6052812859758
0,0.4,17,120,1.5849062485852,20.1632764368392,0.138358105089023,21.9182065961606,1596.06822048753,43.8047473866741
0,0.4,19,2,0.0267698710778561,23.9038214901401,0.151332950437511,25.9705171040987,1891.1545904828,50.0524414157541
0,0.4,19,4,0.0535275574169421,23.2674004410997,0.151298509620388,25.2879863552333,1841.45318662979,48.7602128633704
0,0.4,19,8,0.107006409140147,22.9014600132697,0.151229674993627,24.8946525867106,1812.81090126628,48.0543486841141
0,0.4,19,16,0.213818261172767,22.8008173177993,0.151092193470906,24.7863269994147,1804.92270901888,47.9520547718576
0,0.4,19,24,0.320436086226217,22.7801146326787,0.150954961687553,24.7638144408321,1803.28336050932,48.0153201214245
0,0.4,19,48,0.639130671983814,22.7182316065029,0.150544757987315,24.6965214668081,1798.3831339862,48.2044285032821
0,0.4,19,72,0.956097915813186,22.6566839896831,0.150136777613366,24.6295932243506,1793.50946695643,48.3925119074603
0,0.4,19,96,1.27135182318943,22.595469062684,0.149731002538735,24.5630267561767,1788.66214407277,48.5795786445889
0,0.4,19,120,1.5849062485852,22.5345841352913,0.149327414930814,24.4968191368878,1783.84095230976,48.7656369356951
0,0.4,21,2,0.0267698710778561,26.3101167965205,0.162371230041177,28.5884509962976,2081.79067516173,55.0877088939371
0,0.4,21,4,0.0535275574169422,25.6596825798031,0.162334277098519,27.8900365401045,2030.93263103443,53.7655809544231
0,0.4,21,8,0.107006409140147,25.285059824422,0.162260421649429,27.4869593825778,2001.58083901119,53.0412860377894
0,0.4,21,16,0.213818261172767,25.2001495617779,0.162112912175203,27.3954140519833,1994.91457312603,52.9714947871092
0,0.4,21,24,0.320436086226218,25.1772676466446,0.161965670656424,27.3705317503921,1993.10266161548,53.0302011539193
0,0.4,21,48,0.639130671983814,25.1088706177135,0.161525546551379,27.2961553054181,1987.68662177413,53.2056821416668
0,0.4,21,72,0.956097915813186,25.0408443043864,0.161087807942839,27.2221819848073,1982.29993716227,53.3802120129497
0,0.4,21,96,1.27135182318943,24.973185700861,0.16065243548894,27.1486085199834,1976.94236976454,53.5537984795228
0,0.4,21,120,1.5849062485852,24.9058918337428,0.160219410056355,27.0754316776116,1971.61368413175,53.7264491699959
