PV_gen_share,ReM_OcM_Ratio,REM,Storage_hrs,Storage_LCOH,GreenHydrogen_LCOH,Transport_LCHS,Electricity_LCOH,Electricity_LCOS,Total_LCOH
0,0.45,2.3,1,0.013386459151397,5.1850476460467,0.0548407812079996,4.83023880139624,351.734555217886,10.0835136878023
0,0.45,2.3,2,0.0267716029268958,5.1666805154392,0.0548380868344905,4.81406091841087,350.556493281366,10.0623511236115
0,0.45,2.3,3,0.0401537919020826,5.16031969202109,0.0548331536982991,4.80835873414623,350.141264277468,10.0636653717677
0,0.45,2.3,4,0.053537571966861,5.15883313811668,0.0548323166984706,4.80705161156841,350.046080540716,10.0742546383504
0,0.45,2.3,5,0.0669219649585762,5.15883313811668,0.0548323166984706,4.80705161156841,350.046080540716,10.0876390313421
0,0.45,2.3,6,0.0803063579502915,5.15883313811668,0.0548323166984706,4.80705161156841,350.046080540716,10.1010234243339
0,0.45,2.3,7,0.0936907509420067,5.15883313811668,0.0548323166984706,4.80705161156841,350.046080540716,10.1144078173256
0,0.45,2.3,8,0.107075143933722,5.15883313811668,0.0548323166984706,4.80705161156841,350.046080540716,10.1277922103173
0,0.45,2.3,9,0.120459536925437,5.15883313811668,0.0548323166984706,4.80705161156841,350.046080540716,10.141176603309
0,0.45,2.3,10,0.133843929917152,5.15883313811668,0.0548323166984706,4.80705161156841,350.046080540716,10.1545609963007
0,0.45,2.3,11,0.147228322908868,5.15883313811668,0.0548323166984706,4.80705161156841,350.046080540716,10.1679453892924
0,0.45,2.3,12,0.160612715900583,5.15883313811668,0.0548323166984706,4.80705161156841,350.046080540716,10.1813297822842
0,0.45,2.3,13,0.173997108892298,5.15883313811668,0.0548323166984706,4.80705161156841,350.046080540716,10.1947141752759
0,0.45,2.3,14,0.187381501884013,5.15883313811668,0.0548323166984706,4.80705161156841,350.046080540716,10.2080985682676
0,0.45,2.3,15,0.200765894875729,5.15883313811668,0.0548323166984706,4.80705161156841,350.046080540716,10.2214829612593
0,0.45,2.3,16,0.214150287867444,5.15883313811668,0.0548323166984706,4.80705161156841,350.046080540716,10.234867354251
0,0.45,2.3,17,0.227534680859159,5.15883313811668,0.0548323166984706,4.80705161156841,350.046080540716,10.2482517472427
0,0.45,2.3,18,0.240919073850874,5.15883313811668,0.0548323166984706,4.80705161156841,350.046080540716,10.2616361402344
0,0.45,2.3,19,0.25430346684259,5.15883313811668,0.0548323166984706,4.80705161156841,350.046080540716,10.2750205332262
0,0.45,2.3,20,0.267687859834305,5.15883313811668,0.0548323166984706,4.80705161156841,350.046080540716,10.2884049262179
0,0.45,2.3,21,0.28107225282602,5.15883313811668,0.0548323166984706,4.80705161156841,350.046080540716,10.3017893192096
0,0.45,2.3,22,0.294456645817735,5.15883313811668,0.0548323166984706,4.80705161156841,350.046080540716,10.3151737122013
0,0.45,2.3,23,0.307841038809451,5.15883313811668,0.0548323166984706,4.80705161156841,350.046080540716,10.328558105193
0,0.45,2.3,24,0.321225431801166,5.15883313811668,0.0548323166984706,4.80705161156841,350.046080540716,10.3419424981847
0,0.45,2.4,1,0.0133864591513969,5.26327103374215,0.0556041340926516,4.91686998327217,358.042976287321,10.2491316102584
0,0.45,2.4,2,0.026769871077856,5.21519696299566,0.0555978053726318,4.87401736972485,354.922479437013,10.171582009171
0,0.45,2.4,3,0.0401502368197411,5.19467177241925,0.0555914780930856,4.85588046524793,353.601762948343,10.14629395258
0,0.45,2.4,4,0.053527557416942,5.18283070876734,0.0555851522535211,4.84562922946923,352.855275247567,10.137572647907
0,0.45,2.4,5,0.0669018339088756,5.17527549240171,0.0555788278534467,4.83903884778284,352.375368338926,10.1367950019469
0,0.45,2.4,6,0.0802730673344857,5.17132188250889,0.0555725048923712,4.83548565520549,352.116627381763,10.1426531099412
0,0.45,2.4,7,0.0936489014089225,5.16962315228891,0.0555707184901079,4.83398025663048,352.007005327869,10.1528230288184
0,0.45,2.4,8,0.107027315895911,5.16956422715911,0.0555707184901079,4.83392834949375,352.003225487078,10.1660906110389
0,0.45,2.4,9,0.1204057303829,5.16956422715911,0.0555707184901079,4.83392834949375,352.003225487078,10.1794690255259
0,0.45,2.4,10,0.133784144869889,5.16956422715911,0.0555707184901079,4.83392834949375,352.003225487078,10.1928474400129
0,0.45,2.4,11,0.147162559356878,5.16956422715911,0.0555707184901079,4.83392834949375,352.003225487078,10.2062258544998
0,0.45,2.4,12,0.160540973843867,5.16956422715911,0.0555707184901079,4.83392834949375,352.003225487078,10.2196042689868
0,0.45,2.4,13,0.173919388330856,5.16956422715911,0.0555707184901079,4.83392834949375,352.003225487078,10.2329826834738
0,0.45,2.4,14,0.187297802817845,5.16956422715911,0.0555707184901079,4.83392834949375,352.003225487078,10.2463610979608
0,0.45,2.4,15,0.200676217304834,5.16956422715911,0.0555707184901079,4.83392834949375,352.003225487078,10.2597395124478
0,0.45,2.4,16,0.214054631791823,5.16956422715911,0.0555707184901079,4.83392834949375,352.003225487078,10.2731179269348
0,0.45,2.4,17,0.227433046278812,5.16956422715911,0.0555707184901079,4.83392834949375,352.003225487078,10.2864963414218
0,0.45,2.4,18,0.240811460765801,5.16956422715911,0.0555707184901079,4.83392834949375,352.003225487078,10.2998747559088
0,0.45,2.4,19,0.25418987525279,5.16956422715911,0.0555707184901079,4.83392834949375,352.003225487078,10.3132531703958
0,0.45,2.4,20,0.267568289739779,5.16956422715911,0.0555707184901079,4.83392834949375,352.003225487078,10.3266315848827
0,0.45,2.4,21,0.280946704226768,5.16956422715911,0.0555707184901079,4.83392834949375,352.003225487078,10.3400099993697
0,0.45,2.4,22,0.294325118713757,5.16956422715911,0.0555707184901079,4.83392834949375,352.003225487078,10.3533884138567
0,0.45,2.4,23,0.307703533200746,5.16956422715911,0.0555707184901079,4.83392834949375,352.003225487078,10.3667668283437
0,0.45,2.4,24,0.321081947687734,5.16956422715911,0.0555707184901079,4.83392834949375,352.003225487078,10.3801452428307
0,0.45,2.5,1,0.0133864591513969,5.36217987073727,0.0563628720893674,5.02114456790729,365.636177401221,10.4530737698853
0,0.45,2.5,2,0.026769871077856,5.26541613870989,0.0563564570117337,4.93448378753267,359.325600990156,10.2830262543321
0,0.45,2.5,3,0.040150236819741,5.22425236037908,0.0563500433942292,4.89761319315189,356.64071052234,10.2183658337449
0,0.45,2.5,4,0.0535275574169419,5.19742779778556,0.0563436312363555,4.87382637742916,354.908571513837,10.181125363868
0,0.45,2.5,5,0.0669018339088756,5.17761736770075,0.0563372205376143,4.85633939446475,353.635181847614,10.157195816612
0,0.45,2.5,6,0.0802730673344856,5.164167227641,0.0563308112975076,4.84463418781402,352.782817021709,10.145405294087
0,0.45,2.5,7,0.0936412587322432,5.15383818582417,0.0563244035155377,4.83567790099837,352.130626583714,10.1394817490703
0,0.45,2.5,8,0.107006409140147,5.1446654439673,0.056317997191207,4.82768119042022,351.548311805074,10.1356710407189
0,0.45,2.5,9,0.120368519595723,5.13858435878106,0.0563115923240182,4.82239042509339,351.163042035708,10.1376548957942
0,0.45,2.5,10,0.133727591136026,5.1330555729502,0.0563051889134742,4.81753354802146,350.80936770057,10.1406219010212
0,0.45,2.5,11,0.147083624797639,5.12883226850558,0.0562987869590781,4.81375863682205,350.534481350991,10.1459733170843
0,0.45,2.5,12,0.160436621616673,5.12606369961541,0.0562923864603333,4.81125230141088,350.351971788354,10.1540450091033
0,0.45,2.5,13,0.173802084042286,5.12555530288836,0.0562910080135755,4.81078589687213,350.318008541456,10.1664342918164
0,0.45,2.5,14,0.187171475122462,5.12555530288836,0.0562910080135755,4.81078589687213,350.318008541456,10.1798036828965
0,0.45,2.5,15,0.200540866202638,5.12555530288836,0.0562910080135755,4.81078589687213,350.318008541456,10.1931730739767
0,0.45,2.5,16,0.213910257282814,5.12555530288836,0.0562910080135755,4.81078589687213,350.318008541456,10.2065424650569
0,0.45,2.5,17,0.22727964836299,5.12555530288836,0.0562910080135755,4.81078589687213,350.318008541456,10.2199118561371
0,0.45,2.5,18,0.240649039443166,5.12555530288836,0.0562910080135755,4.81078589687213,350.318008541456,10.2332812472172
0,0.45,2.5,19,0.254018430523342,5.12555530288836,0.0562910080135755,4.81078589687213,350.318008541456,10.2466506382974
0,0.45,2.5,20,0.267387821603518,5.12555530288836,0.0562910080135755,4.81078589687213,350.318008541456,10.2600200293776
0,0.45,2.5,21,0.280757212683693,5.12555530288836,0.0562910080135755,4.81078589687213,350.318008541456,10.2733894204578
0,0.45,2.5,22,0.294126603763869,5.12555530288836,0.0562910080135755,4.81078589687213,350.318008541456,10.2867588115379
0,0.45,2.5,23,0.307495994844045,5.12555530288836,0.0562910080135755,4.81078589687213,350.318008541456,10.3001282026181
0,0.45,2.5,24,0.320865385924221,5.12555530288836,0.0562910080135755,4.81078589687213,350.318008541456,10.3134975936983
0,0.46,2.2,1,0.0133875609509073,5.24630216081226,0.0544532253433693,4.76947302544071,347.309634617272,10.0836159725472
0,0.46,2.2,2,0.0267751219018146,5.24630216081226,0.0544532253433693,4.76947302544071,347.309634617272,10.0970035334982
0,0.46,2.2,3,0.040162682852722,5.24630216081226,0.0544532253433693,4.76947302544071,347.309634617272,10.1103910944491
0,0.46,2.2,4,0.0535502438036293,5.24630216081226,0.0544532253433693,4.76947302544071,347.309634617272,10.1237786554
0,0.46,2.2,5,0.0669378047545366,5.24630216081226,0.0544532253433693,4.76947302544071,347.309634617272,10.1371662163509
0,0.46,2.2,6,0.0803253657054439,5.24630216081226,0.0544532253433693,4.76947302544071,347.309634617272,10.1505537773018
0,0.46,2.2,7,0.0937129266563513,5.24630216081226,0.0544532253433693,4.76947302544071,347.309634617272,10.1639413382527
0,0.46,2.2,8,0.107100487607259,5.24630216081226,0.0544532253433693,4.76947302544071,347.309634617272,10.1773288992036
0,0.46,2.2,9,0.120488048558166,5.24630216081226,0.0544532253433693,4.76947302544071,347.309634617272,10.1907164601545
0,0.46,2.2,10,0.133875609509073,5.24630216081226,0.0544532253433693,4.76947302544071,347.309634617272,10.2041040211054
0,0.46,2.2,11,0.147263170459981,5.24630216081226,0.0544532253433693,4.76947302544071,347.309634617272,10.2174915820563
0,0.46,2.2,12,0.160650731410888,5.24630216081226,0.0544532253433693,4.76947302544071,347.309634617272,10.2308791430072
0,0.46,2.2,13,0.174038292361795,5.24630216081226,0.0544532253433693,4.76947302544071,347.309634617272,10.2442667039581
0,0.46,2.2,14,0.187425853312703,5.24630216081226,0.0544532253433693,4.76947302544071,347.309634617272,10.257654264909
0,0.46,2.2,15,0.20081341426361,5.24630216081226,0.0544532253433693,4.76947302544071,347.309634617272,10.2710418258599
0,0.46,2.2,16,0.214200975214517,5.24630216081226,0.0544532253433693,4.76947302544071,347.309634617272,10.2844293868109
0,0.46,2.2,17,0.227588536165425,5.24630216081226,0.0544532253433693,4.76947302544071,347.309634617272,10.2978169477618
0,0.46,2.2,18,0.240976097116332,5.24630216081226,0.0544532253433693,4.76947302544071,347.309634617272,10.3112045087127
0,0.46,2.2,19,0.254363658067239,5.24630216081226,0.0544532253433693,4.76947302544071,347.309634617272,10.3245920696636
0,0.46,2.2,20,0.267751219018147,5.24630216081226,0.0544532253433693,4.76947302544071,347.309634617272,10.3379796306145
0,0.46,2.2,21,0.281138779969054,5.24630216081226,0.0544532253433693,4.76947302544071,347.309634617272,10.3513671915654
0,0.46,2.2,22,0.294526340919961,5.24630216081226,0.0544532253433693,4.76947302544071,347.309634617272,10.3647547525163
0,0.46,2.2,23,0.307913901870869,5.24630216081226,0.0544532253433693,4.76947302544071,347.309634617272,10.3781423134672
0,0.46,2.2,24,0.321301462821776,5.24630216081226,0.0544532253433693,4.76947302544071,347.309634617272,10.3915298744181
0,0.46,2.3,1,0.0133864591513968,5.26154009123514,0.0552315340446665,4.80029550202477,349.554105447342,10.130453586456
0,0.46,2.3,2,0.0267698710778558,5.23005388790303,0.0552252477330291,4.77297030762442,347.564304219322,10.0850193143383
0,0.46,2.3,3,0.0401508116183291,5.21600007301549,0.0552197533776098,4.76087055515598,346.683208847493,10.0722411931674
0,0.46,2.3,4,0.0535283236406488,5.20954800446813,0.0552134697472246,4.75528710251518,346.276625796025,10.0735769003712
0,0.46,2.3,5,0.0669081115163464,5.20723780567492,0.0552115775693207,4.75331715946138,346.133175943478,10.082674654222
0,0.46,2.3,6,0.0802897338196157,5.20702990429185,0.0552115775693207,4.75314043162025,346.12030674774,10.095671647301
0,0.46,2.3,7,0.0936713561228849,5.20702990429185,0.0552115775693207,4.75314043162025,346.12030674774,10.1090532696043
0,0.46,2.3,8,0.107052978426154,5.20702990429185,0.0552115775693207,4.75314043162025,346.12030674774,10.1224348919076
0,0.46,2.3,9,0.120434600729424,5.20702990429185,0.0552115775693207,4.75314043162025,346.12030674774,10.1358165142109
0,0.46,2.3,10,0.133816223032693,5.20702990429185,0.0552115775693207,4.75314043162025,346.12030674774,10.1491981365141
0,0.46,2.3,11,0.147197845335962,5.20702990429185,0.0552115775693207,4.75314043162025,346.12030674774,10.1625797588174
0,0.46,2.3,12,0.160579467639231,5.20702990429185,0.0552115775693207,4.75314043162025,346.12030674774,10.1759613811207
0,0.46,2.3,13,0.173961089942501,5.20702990429185,0.0552115775693207,4.75314043162025,346.12030674774,10.1893430034239
0,0.46,2.3,14,0.18734271224577,5.20702990429185,0.0552115775693207,4.75314043162025,346.12030674774,10.2027246257272
0,0.46,2.3,15,0.200724334549039,5.20702990429185,0.0552115775693207,4.75314043162025,346.12030674774,10.2161062480305
0,0.46,2.3,16,0.214105956852308,5.20702990429185,0.0552115775693207,4.75314043162025,346.12030674774,10.2294878703337
0,0.46,2.3,17,0.227487579155578,5.20702990429185,0.0552115775693207,4.75314043162025,346.12030674774,10.242869492637
0,0.46,2.3,18,0.240869201458847,5.20702990429185,0.0552115775693207,4.75314043162025,346.12030674774,10.2562511149403
0,0.46,2.3,19,0.254250823762116,5.20702990429185,0.0552115775693207,4.75314043162025,346.12030674774,10.2696327372435
0,0.46,2.3,20,0.267632446065386,5.20702990429185,0.0552115775693207,4.75314043162025,346.12030674774,10.2830143595468
0,0.46,2.3,21,0.281014068368655,5.20702990429185,0.0552115775693207,4.75314043162025,346.12030674774,10.2963959818501
0,0.46,2.3,22,0.294395690671924,5.20702990429185,0.0552115775693207,4.75314043162025,346.12030674774,10.3097776041533
0,0.46,2.3,23,0.307777312975193,5.20702990429185,0.0552115775693207,4.75314043162025,346.12030674774,10.3231592264566
0,0.46,2.3,24,0.321158935278463,5.20702990429185,0.0552115775693207,4.75314043162025,346.12030674774,10.3365408487599
0,0.46,2.4,1,0.0133864591513968,5.3407316927776,0.0560093505561373,4.88599833372979,355.794924717388,10.2961258362149
0,0.46,2.4,2,0.0267698710778559,5.25935302220375,0.0560029757154183,4.81477055625489,350.608168604615,10.1568964252519
0,0.46,2.4,3,0.0401502368197407,5.2262333073766,0.0559966023256702,4.78585167575439,348.502316287893,10.1082318222764
0,0.46,2.4,4,0.0535275574169415,5.20436736119811,0.0559902303863978,4.76699149114595,347.128931054298,10.0808766401474
0,0.46,2.4,5,0.0669018339088749,5.19013489686584,0.0559838598971058,4.75480814780731,346.241748654735,10.0678287384791
0,0.46,2.4,6,0.0802730673344848,5.17952078972739,0.0559774908572995,4.74586473389024,345.590495612061,10.0616360818094
0,0.46,2.4,7,0.0936412587322422,5.17056232747075,0.0559711232664842,4.73837200811954,345.044880648767,10.058546717589
0,0.46,2.4,8,0.107006409140146,5.16496839473849,0.0559647571241654,4.73365022933096,344.701044074568,10.0615897903338
0,0.46,2.4,9,0.120368519595722,5.16066624149916,0.055958392429849,4.72988926113693,344.427173044727,10.0668824146617
0,0.46,2.4,10,0.133728792042357,5.158267106695,0.0559525316458878,4.72776773231289,344.272684824167,10.0757161626961
0,0.46,2.4,11,0.147101671246593,5.15815892432101,0.0559525316458878,4.72767351655396,344.265824099589,10.0888866437674
0,0.46,2.4,12,0.160474550450828,5.15815892432101,0.0559525316458878,4.72767351655396,344.265824099589,10.1022595229717
0,0.46,2.4,13,0.173847429655064,5.15815892432101,0.0559525316458878,4.72767351655396,344.265824099589,10.1156324021759
0,0.46,2.4,14,0.1872203088593,5.15815892432101,0.0559525316458878,4.72767351655396,344.265824099589,10.1290052813802
0,0.46,2.4,15,0.200593188063535,5.15815892432101,0.0559525316458878,4.72767351655396,344.265824099589,10.1423781605844
0,0.46,2.4,16,0.213966067267771,5.15815892432101,0.0559525316458878,4.72767351655396,344.265824099589,10.1557510397886
0,0.46,2.4,17,0.227338946472007,5.15815892432101,0.0559525316458878,4.72767351655396,344.265824099589,10.1691239189929
0,0.46,2.4,18,0.240711825676242,5.15815892432101,0.0559525316458878,4.72767351655396,344.265824099589,10.1824967981971
0,0.46,2.4,19,0.254084704880478,5.15815892432101,0.0559525316458878,4.72767351655396,344.265824099589,10.1958696774013
0,0.46,2.4,20,0.267457584084714,5.15815892432101,0.0559525316458878,4.72767351655396,344.265824099589,10.2092425566056
0,0.46,2.4,21,0.280830463288949,5.15815892432101,0.0559525316458878,4.72767351655396,344.265824099589,10.2226154358098
0,0.46,2.4,22,0.294203342493185,5.15815892432101,0.0559525316458878,4.72767351655396,344.265824099589,10.235988315014
0,0.46,2.4,23,0.307576221697421,5.15815892432101,0.0559525316458878,4.72767351655396,344.265824099589,10.2493611942183
0,0.46,2.4,24,0.320949100901656,5.15815892432101,0.0559525316458878,4.72767351655396,344.265824099589,10.2627340734225
0,0.46,2.5,1,0.0133864591513968,5.45980355564706,0.0567825011848867,5.00570639997933,364.511980989245,10.5356789159627
0,0.46,2.5,2,0.0267698710778559,5.33742159619244,0.0567760383461448,4.898321849986,356.692314409145,10.3192893556024
0,0.46,2.5,3,0.0401502368197408,5.28022899860599,0.056769576978403,4.8480396518829,353.03080049392,10.225188464287
0,0.46,2.5,4,0.0535275574169416,5.24424377222751,0.0567631170811592,4.81659667333914,350.741145152322,10.1711311200648
0,0.46,2.5,5,0.066901833908875,5.2175675810182,0.0567566586539113,4.79343841365676,349.054777147773,10.1346644872377
0,0.46,2.5,6,0.0802730673344849,5.19550376103983,0.0567502016961576,4.77432525839164,347.662970770821,10.1068522884621
0,0.46,2.5,7,0.0936412587322423,5.17961847021907,0.0567437462073968,4.76056189731699,346.660732603114,10.0905653724757
0,0.46,2.5,8,0.107006409140146,5.16699252702185,0.0567372921871275,4.74966736530411,345.867400527949,10.0804035936532
0,0.46,2.5,9,0.120368519595722,5.15737015818115,0.0567308396348487,4.74130598165719,345.258530515724,10.0757754990689
0,0.46,2.5,10,0.133727591136025,5.14859526174891,0.0567243885500596,4.73359844126517,344.697272904438,10.0726456827002
0,0.46,2.5,11,0.147083624797637,5.14194203984218,0.0567179389322597,4.72771267325227,344.26867546252,10.0734562768244
0,0.46,2.5,12,0.160436621616671,5.13644268325771,0.0567114907809486,4.72287612178324,343.916481223333,10.0764669174386
0,0.46,2.5,13,0.173786582628767,5.13115655431578,0.0567050440956262,4.71821753156969,343.57724599624,10.0798657126099
0,0.46,2.5,14,0.187133508869093,5.12624682847152,0.0566985988757927,4.71390669716103,343.263334099604,10.0839856333774
0,0.46,2.5,15,0.200477401372349,5.12257384469053,0.0566921551209483,4.71069906549046,343.029756641979,10.0904424666743
0,0.46,2.5,16,0.213820144090067,5.12032913520773,0.0566862120139138,4.70872529508238,342.886028084214,10.0995607863941
0,0.46,2.5,17,0.227183903095696,5.11943842579841,0.0566862120139138,4.70795287384361,342.829780918799,10.1112614147516
0,0.46,2.5,18,0.240547662101325,5.11920174248915,0.0566862120139138,4.7077472190085,342.814805279926,10.1241828356129
0,0.46,2.5,19,0.253911421106954,5.11920174248915,0.0566862120139138,4.7077472190085,342.814805279926,10.1375465946185
0,0.46,2.5,20,0.267275180112584,5.11920174248915,0.0566862120139138,4.7077472190085,342.814805279926,10.1509103536241
0,0.46,2.5,21,0.280638939118213,5.11920174248915,0.0566862120139138,4.7077472190085,342.814805279926,10.1642741126298
0,0.46,2.5,22,0.294002698123842,5.11920174248915,0.0566862120139138,4.7077472190085,342.814805279926,10.1776378716354
0,0.46,2.5,23,0.307366457129471,5.11920174248915,0.0566862120139138,4.7077472190085,342.814805279926,10.191001630641
0,0.46,2.5,24,0.3207302161351,5.11920174248915,0.0566862120139138,4.7077472190085,342.814805279926,10.2043653896467
0,0.47,2.2,1,0.013386459151397,5.25499582481652,0.054823763125187,4.68366887137411,341.061437124895,10.0068749184672
0,0.47,2.2,2,0.0267720796938676,5.23723701256603,0.0548220458788034,4.6686890058653,339.970613969228,9.987520144004
0,0.47,2.2,3,0.0401552673152138,5.23110103628528,0.0548181521496196,4.6634468896874,339.588886796298,9.98952134543752
0,0.47,2.2,4,0.0535400628668596,5.22982744405194,0.0548178515902394,4.66236589218447,339.510169326724,10.0005512506935
0,0.47,2.2,5,0.0669250785835745,5.22982744405194,0.0548178515902394,4.66236589218447,339.510169326724,10.0139362664102
0,0.47,2.2,6,0.0803100943002894,5.22982744405194,0.0548178515902394,4.66236589218447,339.510169326724,10.0273212821269
0,0.47,2.2,7,0.0936951100170043,5.22982744405194,0.0548178515902394,4.66236589218447,339.510169326724,10.0407062978437
0,0.47,2.2,8,0.107080125733719,5.22982744405194,0.0548178515902394,4.66236589218447,339.510169326724,10.0540913135604
0,0.47,2.2,9,0.120465141450434,5.22982744405194,0.0548178515902394,4.66236589218447,339.510169326724,10.0674763292771
0,0.47,2.2,10,0.133850157167149,5.22982744405194,0.0548178515902394,4.66236589218447,339.510169326724,10.0808613449938
0,0.47,2.2,11,0.147235172883864,5.22982744405194,0.0548178515902394,4.66236589218447,339.510169326724,10.0942463607105
0,0.47,2.2,12,0.160620188600579,5.22982744405194,0.0548178515902394,4.66236589218447,339.510169326724,10.1076313764272
0,0.47,2.2,13,0.174005204317294,5.22982744405194,0.0548178515902394,4.66236589218447,339.510169326724,10.1210163921439
0,0.47,2.2,14,0.187390220034009,5.22982744405194,0.0548178515902394,4.66236589218447,339.510169326724,10.1344014078607
0,0.47,2.2,15,0.200775235750724,5.22982744405194,0.0548178515902394,4.66236589218447,339.510169326724,10.1477864235774
0,0.47,2.2,16,0.214160251467438,5.22982744405194,0.0548178515902394,4.66236589218447,339.510169326724,10.1611714392941
0,0.47,2.2,17,0.227545267184153,5.22982744405194,0.0548178515902394,4.66236589218447,339.510169326724,10.1745564550108
0,0.47,2.2,18,0.240930282900868,5.22982744405194,0.0548178515902394,4.66236589218447,339.510169326724,10.1879414707275
0,0.47,2.2,19,0.254315298617583,5.22982744405194,0.0548178515902394,4.66236589218447,339.510169326724,10.2013264864442
0,0.47,2.2,20,0.267700314334298,5.22982744405194,0.0548178515902394,4.66236589218447,339.510169326724,10.2147115021609
0,0.47,2.2,21,0.281085330051013,5.22982744405194,0.0548178515902394,4.66236589218447,339.510169326724,10.2280965178777
0,0.47,2.2,22,0.294470345767728,5.22982744405194,0.0548178515902394,4.66236589218447,339.510169326724,10.2414815335944
0,0.47,2.2,23,0.307855361484443,5.22982744405194,0.0548178515902394,4.66236589218447,339.510169326724,10.2548665493111
0,0.47,2.2,24,0.321240377201158,5.22982744405194,0.0548178515902394,4.66236589218447,339.510169326724,10.2682515650278
0,0.47,2.3,1,0.0133864591513969,5.34544334427982,0.0556210440067294,4.77791438000961,347.924328055176,10.1923652274476
0,0.47,2.3,2,0.026769871077856,5.29770573643319,0.0556147133620666,4.73711765516247,344.953539558278,10.1172079760356
0,0.47,2.3,3,0.040150236819741,5.27721371192912,0.0556083841583154,4.71983877737357,343.695303962973,10.0928111102807
0,0.47,2.3,4,0.053527557416942,5.26555080168738,0.0556020563949837,4.71010661105382,342.986614531139,10.0847870265531
0,0.47,2.3,5,0.0669018339088756,5.25834128013683,0.0555957300715801,4.70403833329067,342.544726858971,10.084877177408
0,0.47,2.3,6,0.0802731165702042,5.2551756491934,0.0555894392835357,4.70132282860246,342.3469857383,10.0923610336496
0,0.47,2.3,7,0.0936519693319049,5.2541059351972,0.0555894392835357,4.70042507046269,342.281611628868,10.1037724142753
0,0.47,2.3,8,0.107030822093606,5.2541059351972,0.0555894392835357,4.70042507046269,342.281611628868,10.117151267037
0,0.47,2.3,9,0.120409674855306,5.2541059351972,0.0555894392835357,4.70042507046269,342.281611628868,10.1305301197987
0,0.47,2.3,10,0.133788527617007,5.2541059351972,0.0555894392835357,4.70042507046269,342.281611628868,10.1439089725604
0,0.47,2.3,11,0.147167380378708,5.2541059351972,0.0555894392835357,4.70042507046269,342.281611628868,10.1572878253221
0,0.47,2.3,12,0.160546233140408,5.2541059351972,0.0555894392835357,4.70042507046269,342.281611628868,10.1706666780838
0,0.47,2.3,13,0.173925085902109,5.2541059351972,0.0555894392835357,4.70042507046269,342.281611628868,10.1840455308455
0,0.47,2.3,14,0.18730393866381,5.2541059351972,0.0555894392835357,4.70042507046269,342.281611628868,10.1974243836072
0,0.47,2.3,15,0.20068279142551,5.2541059351972,0.0555894392835357,4.70042507046269,342.281611628868,10.2108032363689
0,0.47,2.3,16,0.214061644187211,5.2541059351972,0.0555894392835357,4.70042507046269,342.281611628868,10.2241820891306
0,0.47,2.3,17,0.227440496948912,5.2541059351972,0.0555894392835357,4.70042507046269,342.281611628868,10.2375609418923
0,0.47,2.3,18,0.240819349710613,5.2541059351972,0.0555894392835357,4.70042507046269,342.281611628868,10.250939794654
0,0.47,2.3,19,0.254198202472313,5.2541059351972,0.0555894392835357,4.70042507046269,342.281611628868,10.2643186474157
0,0.47,2.3,20,0.267577055234014,5.2541059351972,0.0555894392835357,4.70042507046269,342.281611628868,10.2776975001774
0,0.47,2.3,21,0.280955907995715,5.2541059351972,0.0555894392835357,4.70042507046269,342.281611628868,10.2910763529391
0,0.47,2.3,22,0.294334760757415,5.2541059351972,0.0555894392835357,4.70042507046269,342.281611628868,10.3044552057008
0,0.47,2.3,23,0.307713613519116,5.2541059351972,0.0555894392835357,4.70042507046269,342.281611628868,10.3178340584625
0,0.47,2.3,24,0.321092466280817,5.2541059351972,0.0555894392835357,4.70042507046269,342.281611628868,10.3312129112242
0,0.47,2.4,1,0.0133864591513969,5.44079724113123,0.056413297413474,4.87557909046593,355.036202830996,10.386176088162
0,0.47,2.4,2,0.026769871077856,5.34285722485805,0.0564068765965591,4.79160915364749,348.921571734502,10.21764312618
0,0.47,2.4,3,0.040150236819741,5.30143270809539,0.0564004572410798,4.75602507884759,346.330364707851,10.1540084810038
0,0.47,2.4,4,0.053527557416942,5.27488945878791,0.0563940393465372,4.73351137481432,344.690932787391,10.1183224303657
0,0.47,2.4,5,0.0669018339088756,5.25567964783424,0.0563876229124324,4.71726159278399,343.507635213538,10.0962306974395
0,0.47,2.4,6,0.0802730673344857,5.24263996414282,0.0563812079382672,4.7064024856819,342.716882755189,10.0856967250975
0,0.47,2.4,7,0.0936412587322433,5.23223971898523,0.0563747944235432,4.69783985338242,342.093357959172,10.0800956255234
0,0.47,2.4,8,0.107006409140147,5.22301122825088,0.0563683823677626,4.69014117685287,341.532745808049,10.0765271966117
0,0.47,2.4,9,0.120368519595723,5.21721565636124,0.0563619717704274,4.68531596547141,341.181377345977,10.0792621131988
0,0.47,2.4,10,0.133727591136026,5.21199089925138,0.0563555626310403,4.68091127588068,340.860630981714,10.0829853288991
0,0.47,2.4,11,0.147083624797639,5.20810260484308,0.0563491549491039,4.67756795009595,340.617172375175,10.0891033346858
0,0.47,2.4,12,0.160441359361923,5.2066226389984,0.0563444125436867,4.67627875212405,340.523293895481,10.0996871630281
0,0.47,2.4,13,0.173811472642083,5.2066226389984,0.0563444125436867,4.67627875212405,340.523293895481,10.1130572763082
0,0.47,2.4,14,0.187181585922243,5.2066226389984,0.0563444125436867,4.67627875212405,340.523293895481,10.1264273895884
0,0.47,2.4,15,0.200551699202403,5.2066226389984,0.0563444125436867,4.67627875212405,340.523293895481,10.1397975028685
0,0.47,2.4,16,0.213921812482564,5.2066226389984,0.0563444125436867,4.67627875212405,340.523293895481,10.1531676161487
0,0.47,2.4,17,0.227291925762724,5.2066226389984,0.0563444125436867,4.67627875212405,340.523293895481,10.1665377294289
0,0.47,2.4,18,0.240662039042884,5.2066226389984,0.0563444125436867,4.67627875212405,340.523293895481,10.179907842709
0,0.47,2.4,19,0.254032152323044,5.2066226389984,0.0563444125436867,4.67627875212405,340.523293895481,10.1932779559892
0,0.47,2.4,20,0.267402265603204,5.2066226389984,0.0563444125436867,4.67627875212405,340.523293895481,10.2066480692693
0,0.47,2.4,21,0.280772378883365,5.2066226389984,0.0563444125436867,4.67627875212405,340.523293895481,10.2200181825495
0,0.47,2.4,22,0.294142492163525,5.2066226389984,0.0563444125436867,4.67627875212405,340.523293895481,10.2333882958297
0,0.47,2.4,23,0.307512605443685,5.2066226389984,0.0563444125436867,4.67627875212405,340.523293895481,10.2467584091098
0,0.47,2.4,24,0.320882718723845,5.2066226389984,0.0563444125436867,4.67627875212405,340.523293895481,10.26012852239
0,0.47,2.5,1,0.0133864591513969,5.5685623181991,0.057200834494056,5.00035875326749,364.122569157865,10.639508365112
0,0.47,2.5,2,0.026769871077856,5.43313151333198,0.0571943240416892,4.88387260965275,355.640131001488,10.4009683181043
0,0.47,2.5,3,0.040150236819741,5.36689544240412,0.0571878150711597,4.82679901387465,351.484072336253,10.2910325081697
0,0.47,2.5,4,0.053527557416942,5.32645134617311,0.0571813075819618,4.79208055065654,348.955898529538,10.2292407618285
0,0.47,2.5,5,0.0669018339088755,5.29547133134279,0.0571748015735897,4.76567562697668,347.033110761071,10.1852235938019
0,0.47,2.5,6,0.0802730673344856,5.27078465648155,0.0571682970455381,4.74468953745039,345.504918642876,10.152915558312
0,0.47,2.5,7,0.0936412587322432,5.25072470676835,0.0571617939973018,4.72751963748831,344.254618735436,10.1290473969862
0,0.47,2.5,8,0.107006409140147,5.23575012123734,0.0571552924283758,4.7147570338979,343.325255016194,10.1146688567038
0,0.47,2.5,9,0.120368519595723,5.22333058251454,0.0571487923382554,4.70405990370572,342.546297601259,10.1049077981542
0,0.47,2.5,10,0.133727591136026,5.21379599322931,0.0571422937264362,4.69584715552498,341.948251118002,10.1005130336167
0,0.47,2.5,11,0.147083624797639,5.20505846255175,0.0571357965924139,4.68827694337272,341.396993651495,10.0975548273145
0,0.47,2.5,12,0.160436621616673,5.19820968593355,0.0571293009356844,4.68235292373781,340.965610753659,10.0981285322237
0,0.47,2.5,13,0.173786582628769,5.19234364458678,0.057122806755744,4.67728509050596,340.596574740945,10.1005381244773
0,0.47,2.5,14,0.187133508869095,5.18702033042062,0.0571163140520891,4.67271596360413,340.263854168603,10.1039861169459
0,0.47,2.5,15,0.200477401372351,5.18110784692394,0.0571098228242164,4.66815575492985,339.93178301525,10.1068508260504
0,0.47,2.5,16,0.213818261172766,5.17617480382532,0.0571033330716227,4.66425501374506,339.6477338156,10.1113514118148
0,0.47,2.5,17,0.227156089304098,5.1726205936985,0.0570968447938052,4.66116047466288,339.422391679853,10.1180340024593
0,0.47,2.5,18,0.240497005453811,5.17041568799493,0.0570918105033357,4.65924442303256,339.282866162446,10.1272489269846
0,0.47,2.5,19,0.253857950201245,5.16952237561397,0.0570918105033356,4.65848814892071,339.227794819332,10.1389602852393
0,0.47,2.5,20,0.267218894948679,5.16879075707034,0.0570918105033357,4.65786552445852,339.182455748682,10.1509669869809
0,0.47,2.5,21,0.280579839696113,5.16879075707034,0.0570918105033357,4.65786552445852,339.182455748682,10.1643279317283
0,0.47,2.5,22,0.293940784443547,5.16879075707034,0.0570918105033357,4.65786552445852,339.182455748682,10.1776888764757
0,0.47,2.5,23,0.307301729190981,5.16879075707034,0.0570918105033357,4.65786552445852,339.182455748682,10.1910498212232
0,0.47,2.5,24,0.320662673938415,5.16879075707034,0.0570918105033357,4.65786552445852,339.182455748682,10.2044107659706
0,0.48,2.1,1,0.0133875801394145,5.31486326304401,0.0543849829120195,4.62591107908867,336.85555575646,10.0085469051841
0,0.48,2.1,2,0.026775160278829,5.31486326304401,0.0543849829120195,4.62591107908867,336.85555575646,10.0219344853235
0,0.48,2.1,3,0.0401627404182435,5.31486326304401,0.0543849829120195,4.62591107908867,336.85555575646,10.0353220654629
0,0.48,2.1,4,0.053550320557658,5.31486326304401,0.0543849829120195,4.62591107908867,336.85555575646,10.0487096456024
0,0.48,2.1,5,0.0669379006970725,5.31486326304401,0.0543849829120195,4.62591107908867,336.85555575646,10.0620972257418
0,0.48,2.1,6,0.080325480836487,5.31486326304401,0.0543849829120195,4.62591107908867,336.85555575646,10.0754848058812
0,0.48,2.1,7,0.0937130609759015,5.31486326304401,0.0543849829120195,4.62591107908867,336.85555575646,10.0888723860206
0,0.48,2.1,8,0.107100641115316,5.31486326304401,0.0543849829120195,4.62591107908867,336.85555575646,10.10225996616
0,0.48,2.1,9,0.120488221254731,5.31486326304401,0.0543849829120195,4.62591107908867,336.85555575646,10.1156475462994
0,0.48,2.1,10,0.133875801394145,5.31486326304401,0.0543849829120195,4.62591107908867,336.85555575646,10.1290351264388
0,0.48,2.1,11,0.14726338153356,5.31486326304401,0.0543849829120195,4.62591107908867,336.85555575646,10.1424227065783
0,0.48,2.1,12,0.160650961672974,5.31486326304401,0.0543849829120195,4.62591107908867,336.85555575646,10.1558102867177
0,0.48,2.1,13,0.174038541812389,5.31486326304401,0.0543849829120195,4.62591107908867,336.85555575646,10.1691978668571
0,0.48,2.1,14,0.187426121951803,5.31486326304401,0.0543849829120195,4.62591107908867,336.85555575646,10.1825854469965
0,0.48,2.1,15,0.200813702091217,5.31486326304401,0.0543849829120195,4.62591107908867,336.85555575646,10.1959730271359
0,0.48,2.1,16,0.214201282230632,5.31486326304401,0.0543849829120195,4.62591107908867,336.85555575646,10.2093606072753
0,0.48,2.1,17,0.227588862370046,5.31486326304401,0.0543849829120195,4.62591107908867,336.85555575646,10.2227481874147
0,0.48,2.1,18,0.240976442509461,5.31486326304401,0.0543849829120195,4.62591107908867,336.85555575646,10.2361357675542
0,0.48,2.1,19,0.254364022648875,5.31486326304401,0.0543849829120195,4.62591107908867,336.85555575646,10.2495233476936
0,0.48,2.1,20,0.26775160278829,5.31486326304401,0.0543849829120195,4.62591107908867,336.85555575646,10.262910927833
0,0.48,2.1,21,0.281139182927704,5.31486326304401,0.0543849829120195,4.62591107908867,336.85555575646,10.2762985079724
0,0.48,2.1,22,0.294526763067119,5.31486326304401,0.0543849829120195,4.62591107908867,336.85555575646,10.2896860881118
0,0.48,2.1,23,0.307914343206534,5.31486326304401,0.0543849829120195,4.62591107908867,336.85555575646,10.3030736682512
0,0.48,2.1,24,0.321301923345948,5.31486326304401,0.0543849829120195,4.62591107908867,336.85555575646,10.3164612483906
0,0.48,2.2,1,0.0133864591513968,5.3274832945621,0.0551976054598504,4.65441127126711,338.930919487257,10.0504786304405
0,0.48,2.2,2,0.0267701447029223,5.29716463819127,0.0551918871414486,4.62918667824149,337.094082557817,10.0083133482771
0,0.48,2.2,3,0.0401523652410637,5.28313307464135,0.0551879674276371,4.61758059284879,336.248935671447,9.99605400015884
0,0.48,2.2,4,0.0535303946662016,5.27705520618009,0.0551816871713003,4.61246574333139,335.876475966248,9.99823303134898
0,0.48,2.2,5,0.0669114852092792,5.27479116708073,0.0551804434547433,4.61061762454122,335.74189726996,10.007500720286
0,0.48,2.2,6,0.080293782251135,5.27476456650174,0.0551804434547433,4.61059625797548,335.740341371835,10.0208350501831
0,0.48,2.2,7,0.0936760792929909,5.27476456650174,0.0551804434547433,4.61059625797548,335.740341371835,10.034217347225
0,0.48,2.2,8,0.107058376334847,5.27476456650174,0.0551804434547433,4.61059625797548,335.740341371835,10.0475996442668
0,0.48,2.2,9,0.120440673376703,5.27476456650174,0.0551804434547433,4.61059625797548,335.740341371835,10.0609819413087
0,0.48,2.2,10,0.133822970418558,5.27476456650174,0.0551804434547433,4.61059625797548,335.740341371835,10.0743642383505
0,0.48,2.2,11,0.147205267460414,5.27476456650174,0.0551804434547433,4.61059625797548,335.740341371835,10.0877465353924
0,0.48,2.2,12,0.16058756450227,5.27476456650174,0.0551804434547433,4.61059625797548,335.740341371835,10.1011288324342
0,0.48,2.2,13,0.173969861544126,5.27476456650174,0.0551804434547433,4.61059625797548,335.740341371835,10.1145111294761
0,0.48,2.2,14,0.187352158585982,5.27476456650174,0.0551804434547433,4.61059625797548,335.740341371835,10.1278934265179
0,0.48,2.2,15,0.200734455627838,5.27476456650174,0.0551804434547433,4.61059625797548,335.740341371835,10.1412757235598
0,0.48,2.2,16,0.214116752669693,5.27476456650174,0.0551804434547433,4.61059625797548,335.740341371835,10.1546580206017
0,0.48,2.2,17,0.227499049711549,5.27476456650174,0.0551804434547433,4.61059625797548,335.740341371835,10.1680403176435
0,0.48,2.2,18,0.240881346753405,5.27476456650174,0.0551804434547433,4.61059625797548,335.740341371835,10.1814226146854
0,0.48,2.2,19,0.254263643795261,5.27476456650174,0.0551804434547433,4.61059625797548,335.740341371835,10.1948049117272
0,0.48,2.2,20,0.267645940837117,5.27476456650174,0.0551804434547433,4.61059625797548,335.740341371835,10.2081872087691
0,0.48,2.2,21,0.281028237878973,5.27476456650174,0.0551804434547433,4.61059625797548,335.740341371835,10.2215695058109
0,0.48,2.2,22,0.294410534920829,5.27476456650174,0.0551804434547433,4.61059625797548,335.740341371835,10.2349518028528
0,0.48,2.2,23,0.307792831962684,5.27476456650174,0.0551804434547433,4.61059625797548,335.740341371835,10.2483340998946
0,0.48,2.2,24,0.32117512900454,5.27476456650174,0.0551804434547433,4.61059625797548,335.740341371835,10.2617163969365
0,0.48,2.3,1,0.0133864591513968,5.41920014445736,0.0560093505561373,4.74793211899508,345.741041125485,10.23652807316
0,0.48,2.3,2,0.0267698710778559,5.3368601647452,0.0560029757154183,4.67874513211643,340.70289393293,10.0983781436549
0,0.48,2.3,3,0.0401502368197407,5.30405860570147,0.0559966023256702,4.65124524568837,338.700371755657,10.0514506905353
0,0.48,2.3,4,0.0535275574169415,5.28319078172251,0.0559902303863978,4.63397378863205,337.442676532822,10.0266823581579
0,0.48,2.3,5,0.0669018339088749,5.268993451407,0.0559838598971058,4.62237163646278,336.597816060986,10.0142507816758
0,0.48,2.3,6,0.0802730673344848,5.25841602362429,0.0559774908572995,4.61378964493377,335.972881539639,10.0084562267498
0,0.48,2.3,7,0.0936412587322422,5.2500136911694,0.0559711232664842,4.60707450298378,335.483889677307,10.0067005761519
0,0.48,2.3,8,0.107006409140146,5.24479473987122,0.0559647571241654,4.60276751222238,335.170257672333,10.0105334183579
0,0.48,2.3,9,0.120368519595722,5.24106123436062,0.055958392429849,4.59963516481715,334.942162361382,10.0170233112033
0,0.48,2.3,10,0.133733171163466,5.23963108803936,0.0559543638834239,4.59842610931443,334.854119799313,10.0277447324007
0,0.48,2.3,11,0.147106488279813,5.23963108803936,0.0559543638834239,4.59842610931443,334.854119799313,10.041118049517
0,0.48,2.3,12,0.160479805396159,5.23963108803936,0.0559543638834239,4.59842610931443,334.854119799313,10.0544913666334
0,0.48,2.3,13,0.173853122512506,5.23963108803936,0.0559543638834239,4.59842610931443,334.854119799313,10.0678646837497
0,0.48,2.3,14,0.187226439628852,5.23963108803936,0.0559543638834239,4.59842610931443,334.854119799313,10.0812380008661
0,0.48,2.3,15,0.200599756745199,5.23963108803936,0.0559543638834239,4.59842610931443,334.854119799313,10.0946113179824
0,0.48,2.3,16,0.213973073861545,5.23963108803936,0.0559543638834239,4.59842610931443,334.854119799313,10.1079846350988
0,0.48,2.3,17,0.227346390977892,5.23963108803936,0.0559543638834239,4.59842610931443,334.854119799313,10.1213579522151
0,0.48,2.3,18,0.240719708094239,5.23963108803936,0.0559543638834239,4.59842610931443,334.854119799313,10.1347312693315
0,0.48,2.3,19,0.254093025210585,5.23963108803936,0.0559543638834239,4.59842610931443,334.854119799313,10.1481045864478
0,0.48,2.3,20,0.267466342326932,5.23963108803936,0.0559543638834239,4.59842610931443,334.854119799313,10.1614779035641
0,0.48,2.3,21,0.280839659443278,5.23963108803936,0.0559543638834239,4.59842610931443,334.854119799313,10.1748512206805
0,0.48,2.3,22,0.294212976559625,5.23963108803936,0.0559543638834239,4.59842610931443,334.854119799313,10.1882245377968
0,0.48,2.3,23,0.307586293675972,5.23963108803936,0.0559543638834239,4.59842610931443,334.854119799313,10.2015978549132
0,0.48,2.3,24,0.320959610792318,5.23963108803936,0.0559543638834239,4.59842610931443,334.854119799313,10.2149711720295
0,0.48,2.4,1,0.0133864591513968,5.53441511137595,0.0568160149753529,4.86022286992545,353.917973769511,10.4648404554281
0,0.48,2.4,2,0.0267698710778559,5.40957351504108,0.0568095483221573,4.75530640852002,346.278031645571,10.2484593429611
0,0.48,2.4,3,0.0401502368197408,5.35220958307634,0.05680308314083,4.70687792208358,342.751503695924,10.1560408251205
0,0.48,2.4,4,0.0535275574169416,5.31639547232868,0.0567966194308685,4.67690895185275,340.569184591653,10.1036286010292
0,0.48,2.4,5,0.0669018339088751,5.28974125618933,0.0567901571917706,4.65468985758749,338.951205945032,10.0681231048775
0,0.48,2.4,6,0.0802730673344849,5.2689385483377,0.0567836964230343,4.63745830611729,337.696416618605,10.0434536182125
0,0.48,2.4,7,0.0936412587322423,5.25283824542183,0.0567772371241578,4.62416109481856,336.728123146149,10.0274178360968
0,0.48,2.4,8,0.107006409140146,5.24094125745724,0.0567707792946396,4.6143550646184,336.014054999061,10.0190735105104
0,0.48,2.4,9,0.120368519595722,5.23134358685968,0.0567643229339782,4.60639360536535,335.434307196851,10.0148700347547
0,0.48,2.4,10,0.133727591136025,5.22240991799375,0.0567578680416728,4.59886875043117,334.886352610716,10.0117641276026
0,0.48,2.4,11,0.147083624797637,5.21615495125074,0.0567514146172223,4.59356803186558,334.500358053581,10.0135580225312
0,0.48,2.4,12,0.160436621616671,5.21068584873422,0.0567449626601262,4.58897748059988,334.166077374294,10.0168449136109
0,0.48,2.4,13,0.173786582628767,5.20525630856974,0.0567385121698841,4.58439609524725,333.832464150281,10.0201774986156
0,0.48,2.4,14,0.187133508869093,5.20099619782847,0.0567320631459957,4.58079230040331,333.570038372043,10.0256540702469
0,0.48,2.4,15,0.200477401372349,5.19775327440856,0.0567256155879611,4.5780631384904,333.371302741979,10.0330194298593
0,0.48,2.4,16,0.213833357808963,5.19649574164149,0.0567231741516777,4.57701459210374,333.294948339619,10.0440668657059
0,0.48,2.4,17,0.227197942672024,5.19619747760138,0.0567231741516777,4.57677017805379,333.27715028228,10.0568887724789
0,0.48,2.4,18,0.240562527535084,5.19619747760138,0.0567231741516777,4.57677017805379,333.27715028228,10.0702533573419
0,0.48,2.4,19,0.253927112398144,5.19619747760138,0.0567231741516777,4.57677017805379,333.27715028228,10.083617942205
0,0.48,2.4,20,0.267291697261204,5.19619747760138,0.0567231741516777,4.57677017805379,333.27715028228,10.0969825270681
0,0.48,2.4,21,0.280656282124264,5.19619747760138,0.0567231741516777,4.57677017805379,333.27715028228,10.1103471119311
0,0.48,2.4,22,0.294020866987324,5.19619747760138,0.0567231741516777,4.57677017805379,333.27715028228,10.1237116967942
0,0.48,2.4,23,0.307385451850385,5.19619747760138,0.0567231741516777,4.57677017805379,333.27715028228,10.1370762816572
0,0.48,2.4,24,0.320750036713445,5.19619747760138,0.0567231741516777,4.57677017805379,333.27715028228,10.1504408665203
0,0.48,2.5,1,0.0133864591513969,5.67764376105695,0.0576179131588028,4.99546226398927,363.766010290029,10.7441103973564
0,0.48,2.5,2,0.0267698710778562,5.53070183177913,0.0576113552356115,4.87155223998246,354.74297044188,10.4866352980751
0,0.48,2.5,3,0.0401502368197413,5.45543198195841,0.0576047988050624,4.80795378987338,350.111776523435,10.3611408074566
0,0.48,2.5,4,0.0535275574169423,5.41024043729194,0.0575982438666458,4.76986693207199,347.338318618093,10.2912331706475
0,0.48,2.5,5,0.066901833908876,5.37478942437469,0.0575916904198525,4.74020979697197,345.178707126334,10.2394927456754
0,0.48,2.5,6,0.0802730673344863,5.34763163008195,0.0575851384641734,4.71751896135522,343.526376609905,10.2030087972358
0,0.48,2.5,7,0.093641258732244,5.32449557347508,0.0575785879990996,4.69800252390397,342.105203510893,10.1737179441104
0,0.48,2.5,8,0.107006409140148,5.30527176491176,0.0575720390241224,4.68183853255225,340.928153153258,10.1516887456283
0,0.48,2.5,9,0.120368519595724,5.2912543170442,0.0575654915387336,4.66996433041566,340.06348219623,10.1391526585943
0,0.48,2.5,10,0.133727591136027,5.27900464229221,0.0575589455424249,4.65957762914276,339.307129994482,10.1298688081134
0,0.48,2.5,11,0.147083624797641,5.26935489293883,0.0575524010346884,4.6513897650559,338.710895553247,10.1253806838271
0,0.48,2.5,12,0.160436621616675,5.26057696996212,0.0575458580150165,4.64395264015747,338.169329405939,10.1225120897513
0,0.48,2.5,13,0.173786582628771,5.25353692972286,0.0575393164829016,4.63799252259083,337.735317882381,10.1228553514254
0,0.48,2.5,14,0.187133508869097,5.24730579829989,0.0575327764378365,4.63275186398988,337.353696849168,10.1247239475967
0,0.48,2.5,15,0.200477401372354,5.24133765893111,0.0575262378793142,4.62822026912003,337.023709332709,10.1275615673028
0,0.48,2.5,16,0.213818261172769,5.23564743599339,0.0575197008068279,4.62374645406307,336.697929301144,10.1307318520361
0,0.48,2.5,17,0.2271560893041,5.2305216365406,0.0575131652198711,4.61948902841141,336.38790659222,10.134679919476
0,0.48,2.5,18,0.240490886799637,5.22602223824636,0.0575066311179375,4.61577429840337,336.117402594207,10.1397940545673
0,0.48,2.5,19,0.253822654692199,5.22254408776333,0.0575000985005209,4.61278868513149,335.89999235852,10.1466555260875
0,0.48,2.5,20,0.267162633485835,5.22021747023835,0.05749598621028,4.61079266011032,335.754643235652,10.1556687500448
0,0.48,2.5,21,0.280520765160127,5.21934380355205,0.05749598621028,4.61005203204444,335.700711226481,10.1674125869669
0,0.48,2.5,22,0.293878896834418,5.2184746217779,0.05749598621028,4.60931164187337,335.646796540641,10.179161146696
0,0.48,2.5,23,0.30723702850871,5.21813445844572,0.05749598621028,4.60902980616954,335.626273465074,10.1918972793342
0,0.48,2.5,24,0.320595160183002,5.21813445844572,0.05749598621028,4.60902980616954,335.626273465074,10.2052554110085
0,0.49,2.1,1,0.01338703087682,5.36467715798649,0.0547409740147072,4.579992636565,333.511807419899,10.012797799443
0,0.49,2.1,2,0.02677406175364,5.35745902358742,0.0547409740147072,4.57416309951355,333.087304676613,10.0131371588693
0,0.49,2.1,3,0.04016109263046,5.35731841996366,0.0547409740147072,4.57404823066292,333.078940008582,10.0262687172717
0,0.49,2.1,4,0.05354812350728,5.35731841996366,0.0547409740147072,4.57404823066292,333.078940008582,10.0396557481486
0,0.49,2.1,5,0.0669351543841,5.35731841996366,0.0547409740147072,4.57404823066292,333.078940008582,10.0530427790254
0,0.49,2.1,6,0.08032218526092,5.35731841996366,0.0547409740147072,4.57404823066292,333.078940008582,10.0664298099022
0,0.49,2.1,7,0.09370921613774,5.35731841996366,0.0547409740147072,4.57404823066292,333.078940008582,10.079816840779
0,0.49,2.1,8,0.10709624701456,5.35731841996366,0.0547409740147072,4.57404823066292,333.078940008582,10.0932038716558
0,0.49,2.1,9,0.12048327789138,5.35731841996366,0.0547409740147072,4.57404823066292,333.078940008582,10.1065909025327
0,0.49,2.1,10,0.1338703087682,5.35731841996366,0.0547409740147072,4.57404823066292,333.078940008582,10.1199779334095
0,0.49,2.1,11,0.14725733964502,5.35731841996366,0.0547409740147072,4.57404823066292,333.078940008582,10.1333649642863
0,0.49,2.1,12,0.16064437052184,5.35731841996366,0.0547409740147072,4.57404823066292,333.078940008582,10.1467519951631
0,0.49,2.1,13,0.17403140139866,5.35731841996366,0.0547409740147072,4.57404823066292,333.078940008582,10.1601390260399
0,0.49,2.1,14,0.18741843227548,5.35731841996366,0.0547409740147072,4.57404823066292,333.078940008582,10.1735260569168
0,0.49,2.1,15,0.2008054631523,5.35731841996366,0.0547409740147072,4.57404823066292,333.078940008582,10.1869130877936
0,0.49,2.1,16,0.21419249402912,5.35731841996366,0.0547409740147072,4.57404823066292,333.078940008582,10.2003001186704
0,0.49,2.1,17,0.22757952490594,5.35731841996366,0.0547409740147072,4.57404823066292,333.078940008582,10.2136871495472
0,0.49,2.1,18,0.24096655578276,5.35731841996366,0.0547409740147072,4.57404823066292,333.078940008582,10.227074180424
0,0.49,2.1,19,0.25435358665958,5.35731841996366,0.0547409740147072,4.57404823066292,333.078940008582,10.2404612113009
0,0.49,2.1,20,0.2677406175364,5.35731841996366,0.0547409740147072,4.57404823066292,333.078940008582,10.2538482421777
0,0.49,2.1,21,0.28112764841322,5.35731841996366,0.0547409740147072,4.57404823066292,333.078940008582,10.2672352730545
0,0.49,2.1,22,0.29451467929004,5.35731841996366,0.0547409740147072,4.57404823066292,333.078940008582,10.2806223039313
0,0.49,2.1,23,0.30790171016686,5.35731841996366,0.0547409740147072,4.57404823066292,333.078940008582,10.2940093348081
0,0.49,2.1,24,0.32128874104368,5.35731841996366,0.0547409740147072,4.57404823066292,333.078940008582,10.307396365685
0,0.49,2.2,1,0.0133864591513969,5.40748800206945,0.0555703074281664,4.63250511363629,337.335728663859,10.1089498822853
0,0.49,2.2,2,0.026769871077856,5.36019686039057,0.0555639825582109,4.59372421103012,334.511730909299,10.0362549250568
0,0.49,2.2,3,0.040150236819741,5.33996224800749,0.0555576591278526,4.57740462430233,333.323350207008,10.0130747682574
0,0.49,2.2,4,0.053527557416942,5.32871548584829,0.0555513371366,4.56830270401717,332.660554843308,10.006097084419
0,0.49,2.2,5,0.0669018339088756,5.32180359899842,0.0555450165839619,4.56272669257024,332.254513654286,10.0069771420615
0,0.49,2.2,6,0.0802774768270264,5.31925050177166,0.0555417482744102,4.5606527243944,332.103488766313,10.0157224512675
0,0.49,2.2,7,0.0936570562981975,5.31839320295265,0.0555417482744102,4.55996367000159,332.053312315346,10.0275556775268
0,0.49,2.2,8,0.107036635769369,5.31839320295265,0.0555417482744102,4.55996367000159,332.053312315346,10.040935256998
0,0.49,2.2,9,0.12041621524054,5.31839320295265,0.0555417482744102,4.55996367000159,332.053312315346,10.0543148364692
0,0.49,2.2,10,0.133795794711711,5.31839320295265,0.0555417482744102,4.55996367000159,332.053312315346,10.0676944159404
0,0.49,2.2,11,0.147175374182882,5.31839320295265,0.0555417482744102,4.55996367000159,332.053312315346,10.0810739954115
0,0.49,2.2,12,0.160554953654053,5.31839320295265,0.0555417482744102,4.55996367000159,332.053312315346,10.0944535748827
0,0.49,2.2,13,0.173934533125224,5.31839320295265,0.0555417482744102,4.55996367000159,332.053312315346,10.1078331543539
0,0.49,2.2,14,0.187314112596395,5.31839320295265,0.0555417482744102,4.55996367000159,332.053312315346,10.121212733825
0,0.49,2.2,15,0.200693692067566,5.31839320295265,0.0555417482744102,4.55996367000159,332.053312315346,10.1345923132962
0,0.49,2.2,16,0.214073271538737,5.31839320295265,0.0555417482744102,4.55996367000159,332.053312315346,10.1479718927674
0,0.49,2.2,17,0.227452851009908,5.31839320295265,0.0555417482744102,4.55996367000159,332.053312315346,10.1613514722386
0,0.49,2.2,18,0.240832430481079,5.31839320295265,0.0555417482744102,4.55996367000159,332.053312315346,10.1747310517097
0,0.49,2.2,19,0.25421200995225,5.31839320295265,0.0555417482744102,4.55996367000159,332.053312315346,10.1881106311809
0,0.49,2.2,20,0.267591589423421,5.31839320295265,0.0555417482744102,4.55996367000159,332.053312315346,10.2014902106521
0,0.49,2.2,21,0.280971168894592,5.31839320295265,0.0555417482744102,4.55996367000159,332.053312315346,10.2148697901232
0,0.49,2.2,22,0.294350748365763,5.31839320295265,0.0555417482744102,4.55996367000159,332.053312315346,10.2282493695944
0,0.49,2.2,23,0.307730327836935,5.31839320295265,0.0555417482744102,4.55996367000159,332.053312315346,10.2416289490656
0,0.49,2.2,24,0.321109907308106,5.31839320295265,0.0555417482744102,4.55996367000159,332.053312315346,10.2550085285368
0,0.49,2.3,1,0.0133864591513969,5.51563506555929,0.0563964911097871,4.73757176051643,344.986607187285,10.3229897763369
0,0.49,2.3,2,0.026769871077856,5.4163635977416,0.0563900722057226,4.65576593326857,339.029565011039,10.1552894742938
0,0.49,2.3,3,0.040150236819741,5.37523859827303,0.0563836547626583,4.62186764094526,336.561115465741,10.0936401308007
0,0.49,2.3,4,0.053527557416942,5.34938234209533,0.0563772387800954,4.60082952853841,335.029135078372,10.0601166668308
0,0.49,2.3,5,0.0669018339088756,5.3309761263342,0.0563708242575354,4.58594378209,333.945165605765,10.0401925665906
0,0.49,2.3,6,0.0802730673344857,5.31809064221854,0.0563644111944799,4.57561489016627,333.193023039721,10.0303430109138
0,0.49,2.3,7,0.0936412587322433,5.30759709788072,0.056357999590431,4.56734488972157,332.590807487308,10.024941245925
0,0.49,2.3,8,0.107006409140147,5.29898394976284,0.0563515894448906,4.5605235527377,332.094082578113,10.0228655010856
0,0.49,2.3,9,0.120368519595723,5.29300339130412,0.0563451807573614,4.55580225122759,331.750280758992,10.0255193428848
0,0.49,2.3,10,0.133727591136026,5.288230516679,0.0563387735273457,4.55191060732728,331.466894017131,10.0302074886696
0,0.49,2.3,11,0.147083624797639,5.28529053975141,0.0563323677543466,4.54946180306823,331.288573832086,10.0381683353716
0,0.49,2.3,12,0.160446612133673,5.28483272212861,0.0563294709007492,4.54906883961251,331.259958512638,10.0506776447755
0,0.49,2.3,13,0.173817163144812,5.28483272212861,0.0563294709007492,4.54906883961251,331.259958512638,10.0640481957867
0,0.49,2.3,14,0.187187714155952,5.28483272212861,0.0563294709007492,4.54906883961251,331.259958512638,10.0774187467978
0,0.49,2.3,15,0.200558265167091,5.28483272212861,0.0563294709007492,4.54906883961251,331.259958512638,10.090789297809
0,0.49,2.3,16,0.213928816178231,5.28483272212861,0.0563294709007492,4.54906883961251,331.259958512638,10.1041598488201
0,0.49,2.3,17,0.22729936718937,5.28483272212861,0.0563294709007492,4.54906883961251,331.259958512638,10.1175303998312
0,0.49,2.3,18,0.24066991820051,5.28483272212861,0.0563294709007492,4.54906883961251,331.259958512638,10.1309009508424
0,0.49,2.3,19,0.254040469211649,5.28483272212861,0.0563294709007492,4.54906883961251,331.259958512638,10.1442715018535
0,0.49,2.3,20,0.267411020222788,5.28483272212861,0.0563294709007492,4.54906883961251,331.259958512638,10.1576420528647
0,0.49,2.3,21,0.280781571233928,5.28483272212861,0.0563294709007492,4.54906883961251,331.259958512638,10.1710126038758
0,0.49,2.3,22,0.294152122245067,5.28483272212861,0.0563294709007492,4.54906883961251,331.259958512638,10.1843831548869
0,0.49,2.3,23,0.307522673256207,5.28483272212861,0.0563294709007492,4.54906883961251,331.259958512638,10.1977537058981
0,0.49,2.3,24,0.320893224267346,5.28483272212861,0.0563294709007492,4.54906883961251,331.259958512638,10.2111242569092
0,0.49,2.4,1,0.0133864591513969,5.63938145481883,0.0572175414634269,4.8547376091271,353.518540978195,10.5647230645608
0,0.49,2.4,2,0.0267698710778561,5.50079546755932,0.0572110291095156,4.74044772303656,345.196032733191,10.3252240907833
0,0.49,2.4,3,0.040150236819741,5.43501671613976,0.0572045182378746,4.68600615126896,341.231636185032,10.2183776224663
0,0.49,2.4,4,0.053527557416942,5.39415120503936,0.0571980088479977,4.65236606049277,338.781988692814,10.1572428317971
0,0.49,2.4,5,0.0669018339088756,5.36412998729785,0.0571915009393792,4.62777980222962,336.991634846921,10.1160031243757
0,0.49,2.4,6,0.0802730673344857,5.33946120374256,0.0571849945115135,4.60768273691171,335.528180839484,10.0846020025003
0,0.49,2.4,7,0.0936412587322433,5.3201219768732,0.0571784895638953,4.59192413513133,334.380650662204,10.0628658603007
0,0.49,2.4,8,0.107006409140147,5.30513672973805,0.0571719860960195,4.57969295669426,333.489984944784,10.0490080816685
0,0.49,2.4,9,0.120368519595723,5.2933273363376,0.0571654841073813,4.57003624599121,332.786790137309,10.0408975860319
0,0.49,2.4,10,0.133727591136026,5.28393835312163,0.057158983597476,4.56226920563636,332.221199781034,10.0370941334915
0,0.49,2.4,11,0.147083624797639,5.27499683833671,0.0571524845657992,4.55482596084628,331.679187987568,10.0340589085464
0,0.49,2.4,12,0.160436621616673,5.26856929140379,0.0571459870118467,4.54948029748722,331.289920582528,10.0356321975195
0,0.49,2.4,13,0.173786582628769,5.26283676123502,0.0571394909351146,4.5447350064989,330.944371866661,10.0384978412978
0,0.49,2.4,14,0.187133508869095,5.25740375501248,0.0571329963350993,4.54024149061476,330.617157234867,10.0419117508314
0,0.49,2.4,15,0.200477401372352,5.25164669432189,0.0571265032112971,4.53579870966497,330.293637084921,10.0450493085705
0,0.49,2.4,16,0.213818261172766,5.24717943729613,0.057120011563205,4.53260102789729,330.06078417215,10.0507187379294
0,0.49,2.4,17,0.227156089304098,5.2441886925774,0.0571135213903197,4.5301207616327,329.880172946231,10.0585790649045
0,0.49,2.4,18,0.240512802635119,5.2431076559227,0.0571122368325121,4.52922864755243,329.8152098332,10.0699613429428
0,0.49,2.4,19,0.253874625003737,5.24231845002985,0.0571122368325121,4.52858728655772,329.768506381573,10.0818925984238
0,0.49,2.4,20,0.267236447372354,5.24231845002985,0.0571122368325121,4.52858728655772,329.768506381573,10.0952544207924
0,0.49,2.4,21,0.280598269740972,5.24231845002985,0.0571122368325121,4.52858728655772,329.768506381573,10.1086162431611
0,0.49,2.4,22,0.29396009210959,5.24231845002985,0.0571122368325121,4.52858728655772,329.768506381573,10.1219780655297
0,0.49,2.4,23,0.307321914478208,5.24231845002985,0.0571122368325121,4.52858728655772,329.768506381573,10.1353398878983
0,0.49,2.4,24,0.320683736846825,5.24231845002985,0.0571122368325121,4.52858728655772,329.768506381573,10.1487017102669
0,0.49,2.5,1,0.0133864591513969,5.78305338929723,0.0580337761889373,4.98774646632315,363.204151389914,10.8422200909607
0,0.49,2.5,2,0.0267698710778561,5.61920104673517,0.0580271709332817,4.85227682969266,353.339348769394,10.556274918439
0,0.49,2.5,3,0.0401502368197411,5.52800396449421,0.0580205671810416,4.77667071371435,347.833765159801,10.4028454822093
0,0.49,2.5,4,0.053527557416942,5.47112396618638,0.0580139649317038,4.72953521933324,344.401391972306,10.3122007078683
0,0.49,2.5,5,0.0669018339088756,5.42935204066227,0.0580073641847551,4.69521352718906,341.90211075309,10.249474765945
0,0.49,2.5,6,0.0802730673344856,5.39483901191815,0.0580007649396828,4.6668597379203,339.837407978082,10.1999725821126
0,0.49,2.5,7,0.0936412587322432,5.36793488601623,0.0579941671959745,4.64457381822526,338.214563151178,10.1641441301697
0,0.49,2.5,8,0.107006409140147,5.34434993202314,0.0579875709531178,4.62518959903225,336.803018091724,10.1345335111487
0,0.49,2.5,9,0.120368519595723,5.32428927848676,0.0579809762106007,4.60862285367917,335.596639474068,10.1112616279722
0,0.49,2.5,10,0.133727591136026,5.30719961006367,0.0579743829679113,4.59441881539698,334.56231150543,10.0933203995646
0,0.49,2.5,11,0.147083624797639,5.29352738771165,0.057967791224538,4.58296187226023,333.728025052099,10.0815406759941
0,0.49,2.5,12,0.160436621616673,5.28200248983562,0.0579612009799695,4.57341086767089,333.032527688667,10.0738111801032
0,0.49,2.5,13,0.173786582628769,5.27170809102621,0.0579546122336946,4.56499431143254,332.419640047562,10.0684435973212
0,0.49,2.5,14,0.187133508869095,5.26292634654143,0.0579480249852025,4.55777170106027,331.893694695529,10.065779581456
0,0.49,2.5,15,0.200477401372351,5.25499934413193,0.0579414392339825,4.55174644020633,331.454939484106,10.0651646249446
0,0.49,2.5,16,0.213818261172766,5.24852221139691,0.0579348549795241,4.5466987693458,331.087371680936,10.066974096895
0,0.49,2.5,17,0.227156089304098,5.2424621087003,0.0579282722213171,4.54172361577627,330.725084535337,10.069270086002
0,0.49,2.5,18,0.240490886799635,5.23718659079795,0.0579216909588516,4.53741538224527,330.411362032764,10.0730145508017
0,0.49,2.5,19,0.253822654692196,5.23198541346956,0.0579151111916178,4.53311531446268,330.098234154184,10.0768384938161
0,0.49,2.5,20,0.267151394014133,5.22696080934582,0.0579085329191063,4.52891022462271,329.792022501856,10.0809309609018
0,0.49,2.5,21,0.280477105797325,5.22274714343746,0.0579019561408077,4.52533968673581,329.532018471584,10.0864658921114
0,0.49,2.5,22,0.293799791073185,5.21857254916162,0.057895380856213,4.52184374622105,329.277446568913,10.0921114673121
0,0.49,2.5,23,0.307119450872657,5.21515771637644,0.0578888070648134,4.51899577089425,329.070059030526,10.0991617452082
0,0.49,2.5,24,0.320460217924157,5.2125462925334,0.0578865938151138,4.51685065693772,328.913853357388,10.1077437612104
0,0.5,2,1,0.0133875801394145,5.37180967068288,0.0542482204489013,4.48270118615438,326.427113175219,9.92214665742558
0,0.5,2,2,0.026775160278829,5.37180967068288,0.0542482204489013,4.48270118615438,326.427113175219,9.93553423756499
0,0.5,2,3,0.0401627404182435,5.37180967068288,0.0542482204489013,4.48270118615438,326.427113175219,9.94892181770441
0,0.5,2,4,0.053550320557658,5.37180967068288,0.0542482204489013,4.48270118615438,326.427113175219,9.96230939784382
0,0.5,2,5,0.0669379006970725,5.37180967068288,0.0542482204489013,4.48270118615438,326.427113175219,9.97569697798324
0,0.5,2,6,0.080325480836487,5.37180967068288,0.0542482204489013,4.48270118615438,326.427113175219,9.98908455812265
0,0.5,2,7,0.0937130609759015,5.37180967068288,0.0542482204489013,4.48270118615438,326.427113175219,10.0024721382621
0,0.5,2,8,0.107100641115316,5.37180967068288,0.0542482204489013,4.48270118615438,326.427113175219,10.0158597184015
0,0.5,2,9,0.120488221254731,5.37180967068288,0.0542482204489013,4.48270118615438,326.427113175219,10.0292472985409
0,0.5,2,10,0.133875801394145,5.37180967068288,0.0542482204489013,4.48270118615438,326.427113175219,10.0426348786803
0,0.5,2,11,0.14726338153356,5.37180967068288,0.0542482204489013,4.48270118615438,326.427113175219,10.0560224588197
0,0.5,2,12,0.160650961672974,5.37180967068288,0.0542482204489013,4.48270118615438,326.427113175219,10.0694100389591
0,0.5,2,13,0.174038541812389,5.37180967068288,0.0542482204489013,4.48270118615438,326.427113175219,10.0827976190986
0,0.5,2,14,0.187426121951803,5.37180967068288,0.0542482204489013,4.48270118615438,326.427113175219,10.096185199238
0,0.5,2,15,0.200813702091218,5.37180967068288,0.0542482204489013,4.48270118615438,326.427113175219,10.1095727793774
0,0.5,2,16,0.214201282230632,5.37180967068288,0.0542482204489013,4.48270118615438,326.427113175219,10.1229603595168
0,0.5,2,17,0.227588862370047,5.37180967068288,0.0542482204489013,4.48270118615438,326.427113175219,10.1363479396562
0,0.5,2,18,0.240976442509461,5.37180967068288,0.0542482204489013,4.48270118615438,326.427113175219,10.1497355197956
0,0.5,2,19,0.254364022648876,5.37180967068288,0.0542482204489013,4.48270118615438,326.427113175219,10.163123099935
0,0.5,2,20,0.26775160278829,5.37180967068288,0.0542482204489013,4.48270118615438,326.427113175219,10.1765106800745
0,0.5,2,21,0.281139182927705,5.37180967068288,0.0542482204489013,4.48270118615438,326.427113175219,10.1898982602139
0,0.5,2,22,0.294526763067119,5.37180967068288,0.0542482204489013,4.48270118615438,326.427113175219,10.2032858403533
0,0.5,2,23,0.307914343206534,5.37180967068288,0.0542482204489013,4.48270118615438,326.427113175219,10.2166734204927
0,0.5,2,24,0.321301923345948,5.37180967068288,0.0542482204489013,4.48270118615438,326.427113175219,10.2300610006321
0,0.5,2.1,1,0.0133864591513968,5.38672215447641,0.055095763058453,4.51340606703223,328.663020769573,9.96861044371849
0,0.5,2.1,2,0.0267710313231529,5.35813030261697,0.0550918798589451,4.49059881524984,327.002212910736,9.93059202904891
0,0.5,2.1,3,0.0401546894568412,5.34420307654106,0.0550893314649487,4.47954476748639,326.197265012029,9.91899186494925
0,0.5,2.1,4,0.0535334929152843,5.33887738598474,0.0550830620703033,4.47522000573757,325.882338936386,9.9227139467079
0,0.5,2.1,5,0.0669156820965222,5.3369823290027,0.0550820874136841,4.47373474727421,325.774183471102,9.93271484578711
0,0.5,2.1,6,0.0802988185158266,5.3369823290027,0.0550820874136841,4.47373474727421,325.774183471102,9.94609798220641
0,0.5,2.1,7,0.093681954935131,5.3369823290027,0.0550820874136841,4.47373474727421,325.774183471102,9.95948111862572
0,0.5,2.1,8,0.107065091354435,5.3369823290027,0.0550820874136841,4.47373474727421,325.774183471102,9.97286425504502
0,0.5,2.1,9,0.12044822777374,5.3369823290027,0.0550820874136841,4.47373474727421,325.774183471102,9.98624739146433
0,0.5,2.1,10,0.133831364193044,5.3369823290027,0.0550820874136841,4.47373474727421,325.774183471102,9.99963052788363
0,0.5,2.1,11,0.147214500612349,5.3369823290027,0.0550820874136841,4.47373474727421,325.774183471102,10.0130136643029
0,0.5,2.1,12,0.160597637031653,5.3369823290027,0.0550820874136841,4.47373474727421,325.774183471102,10.0263968007222
0,0.5,2.1,13,0.173980773450958,5.3369823290027,0.0550820874136841,4.47373474727421,325.774183471102,10.0397799371415
0,0.5,2.1,14,0.187363909870262,5.3369823290027,0.0550820874136841,4.47373474727421,325.774183471102,10.0531630735608
0,0.5,2.1,15,0.200747046289567,5.3369823290027,0.0550820874136841,4.47373474727421,325.774183471102,10.0665462099802
0,0.5,2.1,16,0.214130182708871,5.3369823290027,0.0550820874136841,4.47373474727421,325.774183471102,10.0799293463995
0,0.5,2.1,17,0.227513319128175,5.3369823290027,0.0550820874136841,4.47373474727421,325.774183471102,10.0933124828188
0,0.5,2.1,18,0.24089645554748,5.3369823290027,0.0550820874136841,4.47373474727421,325.774183471102,10.1066956192381
0,0.5,2.1,19,0.254279591966784,5.3369823290027,0.0550820874136841,4.47373474727421,325.774183471102,10.1200787556574
0,0.5,2.1,20,0.267662728386089,5.3369823290027,0.0550820874136841,4.47373474727421,325.774183471102,10.1334618920767
0,0.5,2.1,21,0.281045864805393,5.3369823290027,0.0550820874136841,4.47373474727421,325.774183471102,10.146845028496
0,0.5,2.1,22,0.294429001224698,5.3369823290027,0.0550820874136841,4.47373474727421,325.774183471102,10.1602281649153
0,0.5,2.1,23,0.307812137644002,5.3369823290027,0.0550820874136841,4.47373474727421,325.774183471102,10.1736113013346
0,0.5,2.1,24,0.321195274063306,5.3369823290027,0.0550820874136841,4.47373474727421,325.774183471102,10.1869944377539
0,0.5,2.2,1,0.0133864591513968,5.47677410861581,0.0559419037666489,4.60287567037242,335.178133671918,10.1489781419063
0,0.5,2.2,2,0.0267698710778559,5.39438621687941,0.0559355366025506,4.53641376592164,330.338425044226,10.0135053904815
0,0.5,2.2,3,0.0401502368197407,5.36121173248333,0.0559291708876759,4.50984588127162,328.403770573777,9.96713702146237
0,0.5,2.2,4,0.0535275574169415,5.34116163051924,0.0559228066215302,4.49387431807312,327.240732697445,9.94448631263083
0,0.5,2.2,5,0.0669018339088749,5.32708682001141,0.055916443803619,4.48285590498273,326.438379690294,9.93276100270663
0,0.5,2.2,6,0.0802730673344848,5.31704867262998,0.0559100824334479,4.47503748008204,325.869047547926,9.92826930247995
0,0.5,2.2,7,0.0936412587322422,5.30909061100876,0.0559037225105229,4.46885207247234,325.418630563613,9.92748766472387
0,0.5,2.2,8,0.107006409140146,5.30424283032311,0.0558973640343502,4.46493004883298,325.133031590753,9.93207665233059
0,0.5,2.2,9,0.120368519595722,5.30114800770424,0.0558910070044361,4.46243165398051,324.951100253955,9.93983918828491
0,0.5,2.2,10,0.133741476396329,5.30056148759095,0.0558904540592596,4.46196301148619,324.916974040723,9.95215642953273
0,0.5,2.2,11,0.147115624035962,5.30056148759095,0.0558904540592596,4.46196301148619,324.916974040723,9.96553057717236
0,0.5,2.2,12,0.160489771675595,5.30056148759095,0.0558904540592596,4.46196301148619,324.916974040723,9.97890472481199
0,0.5,2.2,13,0.173863919315228,5.30056148759095,0.0558904540592596,4.46196301148619,324.916974040723,9.99227887245163
0,0.5,2.2,14,0.187238066954861,5.30056148759095,0.0558904540592596,4.46196301148619,324.916974040723,10.0056530200913
0,0.5,2.2,15,0.200612214594494,5.30056148759095,0.0558904540592596,4.46196301148619,324.916974040723,10.0190271677309
0,0.5,2.2,16,0.213986362234127,5.30056148759095,0.0558904540592596,4.46196301148619,324.916974040723,10.0324013153705
0,0.5,2.2,17,0.22736050987376,5.30056148759095,0.0558904540592596,4.46196301148619,324.916974040723,10.0457754630102
0,0.5,2.2,18,0.240734657513393,5.30056148759095,0.0558904540592596,4.46196301148619,324.916974040723,10.0591496106498
0,0.5,2.2,19,0.254108805153025,5.30056148759095,0.0558904540592596,4.46196301148619,324.916974040723,10.0725237582894
0,0.5,2.2,20,0.267482952792658,5.30056148759095,0.0558904540592596,4.46196301148619,324.916974040723,10.0858979059291
0,0.5,2.2,21,0.280857100432291,5.30056148759095,0.0558904540592596,4.46196301148619,324.916974040723,10.0992720535687
0,0.5,2.2,22,0.294231248071924,5.30056148759095,0.0558904540592596,4.46196301148619,324.916974040723,10.1126462012083
0,0.5,2.2,23,0.307605395711557,5.30056148759095,0.0558904540592596,4.46196301148619,324.916974040723,10.126020348848
0,0.5,2.2,24,0.32097954335119,5.30056148759095,0.0558904540592596,4.46196301148619,324.916974040723,10.1393944964876
0,0.5,2.3,1,0.0133864591513968,5.60512961211692,0.0567825011848867,4.7220922542761,343.859400548793,10.3973908267293
0,0.5,2.3,2,0.0267698710778559,5.47820814338238,0.0567760383461448,4.61954245278337,336.391796917001,10.1812965055898
0,0.5,2.3,3,0.0401502368197408,5.42073669325682,0.056769576978403,4.57294332269437,332.998481395902,10.0905998297493
0,0.5,2.3,4,0.0535275574169416,5.38586495280613,0.0567631170811592,4.54495064497031,330.960074506829,10.0411062722745
0,0.5,2.3,5,0.0669018339088751,5.35926115631033,0.0567566586539113,4.52369077574741,329.411945945785,10.0066104246205
0,0.5,2.3,6,0.080273067334485,5.33908202197321,0.0567502016961577,4.50762521361329,328.242063133793,9.98373050461715
0,0.5,2.3,7,0.0936412587322424,5.32349077840522,0.0567437462073968,4.49530304133777,327.344771309754,9.96917882468263
0,0.5,2.3,8,0.107006409140146,5.31196598406365,0.0567372921871275,4.48625098264231,326.685606831564,9.96196066803324
0,0.5,2.3,9,0.120368519595722,5.30226864228521,0.0567308396348487,4.47856670984409,326.126043549916,9.95793471135987
0,0.5,2.3,10,0.133727591136025,5.29326994194012,0.0567243885500597,4.47135962281,325.601228596332,9.9550815444362
0,0.5,2.3,11,0.147083624797638,5.28758815821839,0.0567179389322598,4.46682103939238,325.270732178794,9.95821076134066
0,0.5,2.3,12,0.160436621616671,5.28195549318632,0.0567114907809487,4.46229166026783,324.940906011333,9.96139526585177
0,0.5,2.3,13,0.173786582628767,5.27678707237686,0.0567050440956263,4.45811360311752,324.636662860246,9.96539230221877
0,0.5,2.3,14,0.187133508869093,5.27316468685906,0.0566985988757927,4.45517022673467,324.422328284787,9.97216702133861
0,0.5,2.3,15,0.200477401372349,5.27118315623211,0.0566921551209483,4.45353433579065,324.303203869363,9.98188704851606
0,0.5,2.3,16,0.213840355713808,5.27110257262071,0.0566915703509096,4.45346615942862,324.298239315153,9.99510065811405
0,0.5,2.3,17,0.227205377945921,5.27110257262071,0.0566915703509096,4.45346615942862,324.298239315153,10.0084656803462
0,0.5,2.3,18,0.240570400178034,5.27110257262071,0.0566915703509096,4.45346615942862,324.298239315153,10.0218307025783
0,0.5,2.3,19,0.253935422410147,5.27110257262071,0.0566915703509096,4.45346615942862,324.298239315153,10.0351957248104
0,0.5,2.3,20,0.26730044464226,5.27110257262071,0.0566915703509096,4.45346615942862,324.298239315153,10.0485607470425
0,0.5,2.3,21,0.280665466874373,5.27110257262071,0.0566915703509096,4.45346615942862,324.298239315153,10.0619257692746
0,0.5,2.3,22,0.294030489106486,5.27110257262071,0.0566915703509096,4.45346615942862,324.298239315153,10.0752907915067
0,0.5,2.3,23,0.307395511338599,5.27110257262071,0.0566915703509096,4.45346615942862,324.298239315153,10.0886558137388
0,0.5,2.3,24,0.320760533570711,5.27110257262071,0.0566915703509096,4.45346615942862,324.298239315153,10.102020835971
0,0.5,2.4,1,0.0133864591513969,5.74461597327375,0.0576179131588028,4.84965787179701,353.148638117511,10.665278217381
0,0.5,2.4,2,0.0267698710778562,5.59430700212133,0.0576113552356116,4.72798710899713,344.288659678337,10.4066753374319
0,0.5,2.4,3,0.0401502368197413,5.51907749317373,0.0576047988050624,4.6669281490254,339.842389626116,10.2837606778239
0,0.5,2.4,4,0.0535275574169423,5.47396703256263,0.0575982438666459,4.63042982679486,337.184607751595,10.2155226606411
0,0.5,2.4,5,0.0669018339088761,5.43945285340772,0.0575916904198525,4.60266626512723,335.162884930851,10.1666126428637
0,0.5,2.4,6,0.0802730673344863,5.41224371635238,0.0575851384641734,4.58087519553663,333.576074736714,10.1309771176877
0,0.5,2.4,7,0.093641258732244,5.38936665518523,0.0575785879990996,4.5624669341194,332.235598228584,10.103053436036
0,0.5,2.4,8,0.107006409140148,5.37088231707073,0.0575720390241225,4.54753829456988,331.148505310851,10.0829990598049
0,0.5,2.4,9,0.120368519595724,5.35692814099719,0.0575654915387337,4.53622494314223,330.324675103682,10.0710870952739
0,0.5,2.4,10,0.133727591136028,5.34527225333618,0.057558945542425,4.52671302954188,329.632024318276,10.0632718195565
0,0.5,2.4,11,0.147083624797641,5.33599196301399,0.0575524010346885,4.51913398220051,329.08012347958,10.0597619710468
0,0.5,2.4,12,0.160436621616675,5.32701491626355,0.0575458580150165,4.51182140532552,328.547626830785,10.0568188012208
0,0.5,2.4,13,0.173786582628771,5.32040776833295,0.0575393164829016,4.50645638390285,328.156949785317,10.0581900513475
0,0.5,2.4,14,0.187133508869097,5.31427163121444,0.0575327764378365,4.50148815506333,327.795166893633,10.0604260715847
0,0.5,2.4,15,0.200477401372354,5.30846576122466,0.0575262378793142,4.49707970973058,327.474147038907,10.0635491102069
0,0.5,2.4,16,0.213818261172769,5.30235469299199,0.0575197008068279,4.49267989060123,327.153755338179,10.0663725455728
0,0.5,2.4,17,0.2271560893041,5.29728742844489,0.0575131652198711,4.48863753460273,326.859393848484,10.0705942175716
0,0.5,2.4,18,0.240490886799638,5.29349518413639,0.0575066311179375,4.48556279003877,326.635493135479,10.0770554920927
0,0.5,2.4,19,0.2538226546922,5.29059432471681,0.057500098500521,4.48317210235321,326.461404957996,10.0850891802627
0,0.5,2.4,20,0.267181220319376,5.28966983086214,0.0574999862768725,4.48243020353378,326.407380413455,10.0967812409922
0,0.5,2.4,21,0.280540281335345,5.28876917072168,0.0574999862768725,4.4817010752688,326.35428581161,10.1085105136027
0,0.5,2.4,22,0.293899342351314,5.28840893646876,0.0574999862768725,4.48140833650626,326.332968783058,10.1212166016032
0,0.5,2.4,23,0.307258403367282,5.28840893646876,0.0574999862768725,4.48140833650626,326.332968783058,10.1345756626192
0,0.5,2.4,24,0.320617464383251,5.28840893646876,0.0574999862768725,4.48140833650626,326.332968783058,10.1479347236351
0,0.5,2.5,1,0.0133864591513969,5.89337997242066,0.05844846061371,4.98426673212728,362.950759619862,10.949481624313
0,0.5,2.5,2,0.0267698710778561,5.72052004812925,0.0584418081597362,4.84403614286258,352.739267813555,10.6497678702294
0,0.5,2.5,3,0.0401502368197412,5.62083918523342,0.0584351572199206,4.76296567376719,346.835773895133,10.4823902530403
0,0.5,2.5,4,0.0535275574169422,5.55791494773855,0.0584285077937464,4.71176233408785,343.107183105258,10.3816333470371
0,0.5,2.5,5,0.066901833908876,5.51229663408988,0.0584218598806967,4.67494275279414,340.426007374172,10.3125630806736
0,0.5,2.5,6,0.0802730673344861,5.47433200594782,0.0584152134802552,4.64428544932157,338.193564332642,10.2573057360841
0,0.5,2.5,7,0.0936412587322439,5.4437818866527,0.0584085685919058,4.61944106152214,336.384413677447,10.215272775499
0,0.5,2.5,8,0.107006409140148,5.41930887588328,0.0584019252151324,4.5997027786331,334.947085951387,10.1844199888717
0,0.5,2.5,9,0.120368519595724,5.39727427287029,0.0583952833494193,4.5818410390502,333.646406774657,10.1578791148656
0,0.5,2.5,10,0.133727591136027,5.37770903048938,0.0583886429942511,4.56591826126375,332.486921417343,10.1357435258834
0,0.5,2.5,11,0.14708362479764,5.36165370769549,0.0583820041491125,4.55272560129512,331.526241298408,10.1198449379374
0,0.5,2.5,12,0.160436621616675,5.34782891417122,0.0583753668134884,4.54141692237232,330.702751339721,10.1080578249737
0,0.5,2.5,13,0.17378658262877,5.33614519595385,0.0583687309868642,4.53209399330926,330.023862273951,10.1003945028787
0,0.5,2.5,14,0.187133508869097,5.32547971892441,0.0583620966687252,4.52356924334798,329.403096042868,10.0945445678102
0,0.5,2.5,15,0.200477401372353,5.31608008280914,0.0583554638585572,4.51645059971715,328.884721475026,10.0913635477572
0,0.5,2.5,16,0.213818261172768,5.3077829437398,0.058348832555846,4.51002054929971,328.416489775394,10.0899705867681
0,0.5,2.5,17,0.2271560893041,5.30156194315002,0.0583422027600778,4.50498902538419,328.05009778128,10.0920492605984
0,0.5,2.5,18,0.240490886799637,5.29543195127368,0.058335574470739,4.50004446906417,327.690038705635,10.0943028816082
0,0.5,2.5,19,0.253822654692199,5.28979333213057,0.0583289476873163,4.49544759561534,327.355297649469,10.0973925301254
0,0.5,2.5,20,0.267151394014136,5.28467759226241,0.0583223224092963,4.49122666795632,327.047932698418,10.1013779766422
0,0.5,2.5,21,0.280477105797328,5.27991480375245,0.0583156986361664,4.48733478291331,326.764528396716,10.1060423910992
0,0.5,2.5,22,0.293799791073188,5.27559277734394,0.0583090763674137,4.48382947390648,326.509274287114,10.111531118691
0,0.5,2.5,23,0.307119450872661,5.27127740736584,0.0583024556025259,4.48032963701222,326.254418652858,10.1170289508532
0,0.5,2.5,24,0.32043608622622,5.26696158710356,0.0582958363409906,4.4768352594268,325.99996056159,10.1225287690976
0,0.51,2,1,0.01338703087682,5.41773259178625,0.054587584345257,4.43830317617131,323.194081655237,9.92401038317963
0,0.51,2,2,0.02677406175364,5.41128749583544,0.054587584345257,4.43333203475459,322.832086671753,9.92598117668893
0,0.51,2,3,0.04016109263046,5.41121919049952,0.054587584345257,4.43327828823683,322.828172888543,9.93924615571207
0,0.51,2,4,0.05354812350728,5.41121919049952,0.054587584345257,4.43327828823683,322.828172888543,9.95263318658889
0,0.51,2,5,0.0669351543841,5.41121919049952,0.054587584345257,4.43327828823683,322.828172888543,9.96602021746571
0,0.51,2,6,0.08032218526092,5.41121919049952,0.054587584345257,4.43327828823683,322.828172888543,9.97940724834253
0,0.51,2,7,0.0937092161377401,5.41121919049952,0.054587584345257,4.43327828823683,322.828172888543,9.99279427921935
0,0.51,2,8,0.10709624701456,5.41121919049952,0.054587584345257,4.43327828823683,322.828172888543,10.0061813100962
0,0.51,2,9,0.12048327789138,5.41121919049952,0.054587584345257,4.43327828823683,322.828172888543,10.019568340973
0,0.51,2,10,0.1338703087682,5.41121919049952,0.054587584345257,4.43327828823683,322.828172888543,10.0329553718498
0,0.51,2,11,0.14725733964502,5.41121919049952,0.054587584345257,4.43327828823683,322.828172888543,10.0463424027266
0,0.51,2,12,0.16064437052184,5.41121919049952,0.054587584345257,4.43327828823683,322.828172888543,10.0597294336035
0,0.51,2,13,0.17403140139866,5.41121919049952,0.054587584345257,4.43327828823683,322.828172888543,10.0731164644803
0,0.51,2,14,0.18741843227548,5.41121919049952,0.054587584345257,4.43327828823683,322.828172888543,10.0865034953571
0,0.51,2,15,0.2008054631523,5.41121919049952,0.054587584345257,4.43327828823683,322.828172888543,10.0998905262339
0,0.51,2,16,0.21419249402912,5.41121919049952,0.054587584345257,4.43327828823683,322.828172888543,10.1132775571107
0,0.51,2,17,0.22757952490594,5.41121919049952,0.054587584345257,4.43327828823683,322.828172888543,10.1266645879876
0,0.51,2,18,0.24096655578276,5.41121919049952,0.054587584345257,4.43327828823683,322.828172888543,10.1400516188644
0,0.51,2,19,0.25435358665958,5.41121919049952,0.054587584345257,4.43327828823683,322.828172888543,10.1534386497412
0,0.51,2,20,0.2677406175364,5.41121919049952,0.054587584345257,4.43327828823683,322.828172888543,10.166825680618
0,0.51,2,21,0.28112764841322,5.41121919049952,0.054587584345257,4.43327828823683,322.828172888543,10.1802127114948
0,0.51,2,22,0.29451467929004,5.41121919049952,0.054587584345257,4.43327828823683,322.828172888543,10.1935997423717
0,0.51,2,23,0.30790171016686,5.41121919049952,0.054587584345257,4.43327828823683,322.828172888543,10.2069867732485
0,0.51,2,24,0.32128874104368,5.41121919049952,0.054587584345257,4.43327828823683,322.828172888543,10.2203738041253
0,0.51,2.1,1,0.0133864591513969,5.46310429534352,0.0554518419869082,4.49202543156156,327.106098096231,10.0239680280434
0,0.51,2.1,2,0.026769871077856,5.4171426755917,0.0554455306003856,4.45585177356319,324.471958040261,9.95520985083314
0,0.51,2.1,3,0.0401519443198483,5.39767033559689,0.0554415783569132,4.44072075533674,323.370128051165,9.9339846136104
0,0.51,2.1,4,0.0535298335656393,5.3866343574101,0.0554352693064016,4.43202400997212,322.736837237099,9.92762347025426
0,0.51,2.1,5,0.0669046784473279,5.3806924428128,0.0554289616916209,4.42740557482716,322.40052607355,9.93043165777891
0,0.51,2.1,6,0.0802828245891293,5.37826903308562,0.0554270357957767,4.42553189386659,322.264085958189,9.93951078733711
0,0.51,2.1,7,0.0936632953539842,5.37785031201528,0.0554270357957767,4.42521009071823,322.240652481727,9.95215073388327
0,0.51,2.1,8,0.107043766118839,5.37785031201528,0.0554270357957767,4.42521009071823,322.240652481727,9.96553120464812
0,0.51,2.1,9,0.120424236883694,5.37785031201528,0.0554270357957767,4.42521009071823,322.240652481727,9.97891167541298
0,0.51,2.1,10,0.133804707648549,5.37785031201528,0.0554270357957767,4.42521009071823,322.240652481727,9.99229214617783
0,0.51,2.1,11,0.147185178413404,5.37785031201528,0.0554270357957767,4.42521009071823,322.240652481727,10.0056726169427
0,0.51,2.1,12,0.160565649178259,5.37785031201528,0.0554270357957767,4.42521009071823,322.240652481727,10.0190530877075
0,0.51,2.1,13,0.173946119943114,5.37785031201528,0.0554270357957767,4.42521009071823,322.240652481727,10.0324335584724
0,0.51,2.1,14,0.187326590707968,5.37785031201528,0.0554270357957767,4.42521009071823,322.240652481727,10.0458140292373
0,0.51,2.1,15,0.200707061472823,5.37785031201528,0.0554270357957767,4.42521009071823,322.240652481727,10.0591945000021
0,0.51,2.1,16,0.214087532237678,5.37785031201528,0.0554270357957767,4.42521009071823,322.240652481727,10.072574970767
0,0.51,2.1,17,0.227468003002533,5.37785031201528,0.0554270357957767,4.42521009071823,322.240652481727,10.0859554415318
0,0.51,2.1,18,0.240848473767388,5.37785031201528,0.0554270357957767,4.42521009071823,322.240652481727,10.0993359122967
0,0.51,2.1,19,0.254228944532243,5.37785031201528,0.0554270357957767,4.42521009071823,322.240652481727,10.1127163830615
0,0.51,2.1,20,0.267609415297098,5.37785031201528,0.0554270357957767,4.42521009071823,322.240652481727,10.1260968538264
0,0.51,2.1,21,0.280989886061953,5.37785031201528,0.0554270357957767,4.42521009071823,322.240652481727,10.1394773245912
0,0.51,2.1,22,0.294370356826808,5.37785031201528,0.0554270357957767,4.42521009071823,322.240652481727,10.1528577953561
0,0.51,2.1,23,0.307750827591663,5.37785031201528,0.0554270357957767,4.42521009071823,322.240652481727,10.1662382661209
0,0.51,2.1,24,0.321131298356517,5.37785031201528,0.0554270357957767,4.42521009071823,322.240652481727,10.1796187368858
0,0.51,2.2,1,0.0133864591513969,5.56968171013846,0.0563124274833228,4.59277744573449,334.442788133622,10.2321580425077
0,0.51,2.2,2,0.026769871077856,5.46965984447272,0.0563060181471648,4.51361056192916,328.677911942572,10.0663462956269
0,0.51,2.2,3,0.040150236819741,5.42817848434306,0.0562996102698292,4.4807373440908,326.28410759244,10.0053656755234
0,0.51,2.2,4,0.0535275574169419,5.40379672684054,0.0562932038508181,4.46161313435782,324.891496236998,9.97523062246612
0,0.51,2.2,5,0.0669018339088756,5.38569700308794,0.0562867988896336,4.44761002383335,323.871799684818,9.9564956597198
0,0.51,2.2,6,0.0802730673344856,5.37298280042812,0.0562803953857781,4.43778935871642,323.156665833496,9.94732562186481
0,0.51,2.2,7,0.0936412587322432,5.36291098302313,0.0562739933387543,4.43019673515292,322.603776383957,9.94302297024704
0,0.51,2.2,8,0.107006409140147,5.35441897989815,0.0562675927480652,4.42377020749864,322.135801209433,9.941463189285
0,0.51,2.2,9,0.120368519595723,5.34917981140032,0.0562611936132138,4.4196930659369,321.838906659755,9.94550259054615
0,0.51,2.2,10,0.133727591136026,5.34483027681233,0.0562547959337036,4.41625887652473,321.588831428469,9.95107154040678
0,0.51,2.2,11,0.147085767151802,5.34265535680466,0.0562492189980204,4.4145255273284,321.462610172404,9.96051587028288
0,0.51,2.2,12,0.160457200529239,5.34265535680466,0.0562492189980204,4.4145255273284,321.462610172404,9.97388730366031
0,0.51,2.2,13,0.173828633906675,5.34265535680466,0.0562492189980204,4.4145255273284,321.462610172404,9.98725873703775
0,0.51,2.2,14,0.187200067284112,5.34265535680466,0.0562492189980204,4.4145255273284,321.462610172404,10.0006301704152
0,0.51,2.2,15,0.200571500661548,5.34265535680466,0.0562492189980204,4.4145255273284,321.462610172404,10.0140016037926
0,0.51,2.2,16,0.213942934038985,5.34265535680466,0.0562492189980204,4.4145255273284,321.462610172404,10.0273730371701
0,0.51,2.2,17,0.227314367416422,5.34265535680466,0.0562492189980204,4.4145255273284,321.462610172404,10.0407444705475
0,0.51,2.2,18,0.240685800793858,5.34265535680466,0.0562492189980204,4.4145255273284,321.462610172404,10.0541159039249
0,0.51,2.2,19,0.254057234171295,5.34265535680466,0.0562492189980204,4.4145255273284,321.462610172404,10.0674873373024
0,0.51,2.2,20,0.267428667548731,5.34265535680466,0.0562492189980204,4.4145255273284,321.462610172404,10.0808587706798
0,0.51,2.2,21,0.280800100926168,5.34265535680466,0.0562492189980204,4.4145255273284,321.462610172404,10.0942302040572
0,0.51,2.2,22,0.294171534303604,5.34265535680466,0.0562492189980204,4.4145255273284,321.462610172404,10.1076016374347
0,0.51,2.2,23,0.307542967681041,5.34265535680466,0.0562492189980204,4.4145255273284,321.462610172404,10.1209730708121
0,0.51,2.2,24,0.320914401058477,5.34265535680466,0.0562492189980204,4.4145255273284,321.462610172404,10.1343445041896
0,0.51,2.3,1,0.0133864591513969,5.70662270606097,0.0571674145313066,4.7165656317137,343.456955823227,10.4937422114574
0,0.51,2.3,2,0.0267698710778561,5.56560945462584,0.0571609078827143,4.60472830873605,335.313041480332,10.2542685423225
0,0.51,2.3,3,0.040150236819741,5.49970380830801,0.0571544027150936,4.5523139281891,331.496263555527,10.1493223760319
0,0.51,2.3,4,0.053527557416942,5.45977765004727,0.057147899027939,4.52074020193173,329.197087258385,10.0911933084239
0,0.51,2.3,5,0.0669018339088756,5.43014380089096,0.057141396820745,4.49746403695764,327.502133474325,10.0516510685782
0,0.51,2.3,6,0.0802730673344857,5.40591850976196,0.0571348960930065,4.47847424897757,326.119310615356,10.021800722167
0,0.51,2.3,7,0.0936412587322433,5.38694379918418,0.0571283968442188,4.46368698684314,325.04251270047,10.0014004416038
0,0.51,2.3,8,0.107006409140147,5.37228276266532,0.0571218990738771,4.45223685476366,324.208722223486,9.988647925643
0,0.51,2.3,9,0.120368519595723,5.36098490628525,0.057115402781477,4.44342803130897,323.567269962589,9.98189685997142
0,0.51,2.3,10,0.133727591136026,5.35149608734337,0.0571089079665144,4.435931411576,323.021371443731,9.97826399802191
0,0.51,2.3,11,0.147083624797639,5.3425839147142,0.0571024146284852,4.42881202673853,322.502942901748,9.97558198087885
0,0.51,2.3,12,0.160436621616673,5.3366332610561,0.0570959227668858,4.42408435257665,322.158677030657,9.97825015801631
0,0.51,2.3,13,0.173786582628769,5.33104066892772,0.0570894323812126,4.41964118616617,321.835128811737,9.98155787010387
0,0.51,2.3,14,0.187133508869095,5.32546476756127,0.0570829434709624,4.41520693546308,321.51222982829,9.98488815536441
0,0.51,2.3,15,0.200477401372352,5.32096915749893,0.0570764560356321,4.41163598803308,321.252195975381,9.99015900294
0,0.51,2.3,16,0.213818261172766,5.31754112896722,0.057069970074719,4.4089246249112,321.054756440625,9.9973539851259
0,0.51,2.3,17,0.227158412466885,5.31565129638369,0.0570640691853982,4.40741268986069,320.944658405233,10.0072864678967
0,0.51,2.3,18,0.24052067202376,5.31532283788013,0.0570640691853982,4.40715603054681,320.925968656481,10.0200636096361
0,0.51,2.3,19,0.253882931580636,5.31532283788013,0.0570640691853982,4.40715603054681,320.925968656481,10.033425869193
0,0.51,2.3,20,0.267245191137512,5.31532283788013,0.0570640691853982,4.40715603054681,320.925968656481,10.0467881287498
0,0.51,2.3,21,0.280607450694387,5.31532283788013,0.0570640691853982,4.40715603054681,320.925968656481,10.0601503883067
0,0.51,2.3,22,0.293969710251263,5.31532283788013,0.0570640691853982,4.40715603054681,320.925968656481,10.0735126478636
0,0.51,2.3,23,0.307331969808138,5.31532283788013,0.0570640691853982,4.40715603054681,320.925968656481,10.0868749074205
0,0.51,2.3,24,0.320694229365014,5.31532283788013,0.0570640691853982,4.40715603054681,320.925968656481,10.1002371669773
0,0.51,2.4,1,0.0133864591513969,5.8467835594411,0.0580171645372368,4.8423455831049,352.616162453989,10.7605327662346
0,0.51,2.4,2,0.0267698710778561,5.6785328690977,0.0580105611722769,4.7086770548227,342.882515262803,10.4719903561705
0,0.51,2.4,3,0.0401502368197411,5.58655622416253,0.0580039593103021,4.63540535286024,337.546922022077,10.3201157731528
0,0.51,2.4,4,0.053527557416942,5.53113588865816,0.0579973589507993,4.59132919736557,334.337327717102,10.2339900023915
0,0.51,2.4,5,0.0669018339088756,5.4892592513957,0.0579907600932556,4.55821678795216,331.92610560654,10.17236863335
0,0.51,2.4,6,0.0802730673344857,5.45564382942839,0.0579841627371586,4.53171248085234,329.996080808094,10.1256135403524
0,0.51,2.4,7,0.0936412587322433,5.42864102239103,0.0579775668819957,4.51032462394249,328.438632274685,10.0905844719478
0,0.51,2.4,8,0.107006409140147,5.40550622031744,0.0579709725272547,4.49203860266796,327.107057206834,10.0625222046528
0,0.51,2.4,9,0.120368519595723,5.38501486830836,0.057964379672424,4.47582397698832,325.926319693442,10.0391717445648
0,0.51,2.4,10,0.133727591136026,5.36884052790089,0.0579577883169915,4.46287443411964,324.983343188869,10.0234003414735
0,0.51,2.4,11,0.147083624797639,5.35548870321614,0.0579511984604461,4.45212888006762,324.200859582891,10.0126524065419
0,0.51,2.4,12,0.160436621616673,5.3438689264633,0.0579446101022765,4.44282449618744,323.523320964153,10.0050746543697
0,0.51,2.4,13,0.173786582628769,5.33474080461787,0.0579380232419715,4.43555152954417,322.993708704269,10.0020169400328
0,0.51,2.4,14,0.187133508869095,5.32583875074866,0.0579314378790206,4.4284888120502,322.47940663795,9.99939250954697
0,0.51,2.4,15,0.200477401372352,5.31869692378103,0.0579248540129132,4.423089271644,322.086215944644,10.0001884508103
0,0.51,2.4,16,0.213818261172766,5.31179346933856,0.057918271643139,4.41812438661856,321.724676547124,10.001654388773
0,0.51,2.4,17,0.227156089304098,5.30585291038447,0.057911690769188,4.41345567481386,321.384704272961,10.0043763652716
0,0.51,2.4,18,0.240490886799635,5.30041389361035,0.0579051113905503,4.40921788812534,321.076111659369,10.0080277799259
0,0.51,2.4,19,0.253822654692197,5.29507209032101,0.0578985335067163,4.40498823184974,320.768111096665,10.0117815103697
0,0.51,2.4,20,0.267151394014133,5.29008451970645,0.0578919571171767,4.40099105983257,320.477039872364,10.0161189306703
0,0.51,2.4,21,0.280477105797325,5.2857247509346,0.0578853822214223,4.39747892023834,320.221288364244,10.0215661591917
0,0.51,2.4,22,0.293799791073185,5.28220246919652,0.0578788088189443,4.39463681347186,320.014328170247,10.0285178825605
0,0.51,2.4,23,0.307131459864077,5.27959450208101,0.0578744998306951,4.39254266852313,319.861834024017,10.0371431302989
0,0.51,2.4,24,0.320485001597298,5.27849613451226,0.0578744998306951,4.39167585542666,319.798713310636,10.0485314913669
0,0.51,2.5,1,0.0133864591513969,6.00165674628971,0.058862001619792,4.97929099382034,362.5884298941,11.0531962008812
0,0.51,2.5,2,0.0267698710778561,5.81364927131026,0.0588553020976408,4.82962339058961,351.689741440505,10.7288978350754
0,0.51,2.5,3,0.0401502368197411,5.69980178919595,0.058848604100361,4.73876733662943,345.073668189779,10.5375679667455
0,0.51,2.5,4,0.053527557416942,5.62694646189363,0.0588419076274319,4.68053897706075,340.833520446351,10.4198549039988
0,0.51,2.5,5,0.0669018339088756,5.57354023752872,0.0588352126783333,4.63814957996237,337.746754688509,10.3374268640783
0,0.51,2.5,6,0.0802730673344856,5.53066474886057,0.0588285192525451,4.60411840026691,335.268628379254,10.2738847357145
0,0.51,2.5,7,0.0936412587322432,5.4938477346741,0.0588218273495474,4.57470586922083,333.126828780788,10.2210166899767
0,0.51,2.5,8,0.107006409140147,5.4642186781488,0.0588151369688206,4.55124905591132,331.418720313384,10.1812892801691
0,0.51,2.5,9,0.120368519595723,5.43972024772706,0.0588084481098454,4.5317514455994,329.99891819327,10.150648661032
0,0.51,2.5,10,0.133727591136026,5.41730374210945,0.0588017607721027,4.51385296384615,328.695563477819,10.1236860578637
0,0.51,2.5,11,0.147083624797639,5.39786120914027,0.0587950749550734,4.49825198011566,327.559510934865,10.1019918890086
0,0.51,2.5,12,0.160436621616673,5.37993813512081,0.0587883906582391,4.48390512465727,326.514783120999,10.083068272053
0,0.51,2.5,13,0.173786582628769,5.36478128320473,0.0587817078810811,4.47187144903022,325.63849941778,10.0692210227448
0,0.51,2.5,14,0.187133508869095,5.35105280619965,0.0587750266230815,4.46098663225219,324.845874799109,10.057947973944
0,0.51,2.5,15,0.200477401372351,5.33906874061786,0.0587683468837221,4.45187568831937,324.182422339802,10.0501901771933
0,0.51,2.5,16,0.213818261172766,5.32804942043263,0.0587616686624853,4.44334024790234,323.560877637332,10.0439695981702
0,0.51,2.5,17,0.227156089304098,5.3192064457665,0.0587549919588536,4.43628116922939,323.046840547373,10.0413986962588
0,0.51,2.5,18,0.240490886799635,5.31095424794839,0.0587483167723098,4.42976346208842,322.572225747457,10.0399569136088
0,0.51,2.5,19,0.253822654692196,5.30367368404133,0.0587416431023368,4.42402275742933,322.154191715823,10.0402607392652
0,0.51,2.5,20,0.267151394014133,5.29763733941666,0.0587349709484178,4.41920831572797,321.803607494198,10.0427320201072
0,0.51,2.5,21,0.280477105797325,5.29203368648794,0.0587283003100364,4.41476098945427,321.479756356996,10.0460000820496
0,0.51,2.5,22,0.293799791073185,5.28752788678071,0.0587216311866762,4.41115603448749,321.217246099439,10.0512053435281
0,0.51,2.5,23,0.307119450872657,5.28413169549241,0.0587149635778211,4.4084457389101,321.019884302513,10.058411848853
0,0.51,2.5,24,0.320436086226216,5.28073976949407,0.0587082974829553,4.40573877179877,320.822764882119,10.065622925002
0,0.52,2,1,0.0133864816592937,5.4726410176332,0.0549259276260666,4.40230198964182,320.572500849003,9.94325541656038
0,0.52,2,2,0.0267729633185874,5.45549241410568,0.0549259276260667,4.38927294183159,319.623734851115,9.92646424688193
0,0.52,2,3,0.0401594449778811,5.45049205082032,0.0549259276260667,4.38541372284405,319.342709268347,9.93099114626832
0,0.52,2,4,0.0535459266371748,5.44986760478765,0.0549259276260667,4.38493330557191,319.307725624166,9.9432727646228
0,0.52,2,5,0.0669324082964684,5.44986760478765,0.0549259276260667,4.38493330557191,319.307725624166,9.95665924628209
0,0.52,2,6,0.0803188899557621,5.44986760478765,0.0549259276260667,4.38493330557191,319.307725624166,9.97004572794139
0,0.52,2,7,0.0937053716150558,5.44986760478765,0.0549259276260667,4.38493330557191,319.307725624166,9.98343220960068
0,0.52,2,8,0.10709185327435,5.44986760478765,0.0549259276260667,4.38493330557191,319.307725624166,9.99681869125997
0,0.52,2,9,0.120478334933643,5.44986760478765,0.0549259276260667,4.38493330557191,319.307725624166,10.0102051729193
0,0.52,2,10,0.133864816592937,5.44986760478765,0.0549259276260667,4.38493330557191,319.307725624166,10.0235916545786
0,0.52,2,11,0.147251298252231,5.44986760478765,0.0549259276260667,4.38493330557191,319.307725624166,10.0369781362379
0,0.52,2,12,0.160637779911524,5.44986760478765,0.0549259276260667,4.38493330557191,319.307725624166,10.0503646178971
0,0.52,2,13,0.174024261570818,5.44986760478765,0.0549259276260667,4.38493330557191,319.307725624166,10.0637510995564
0,0.52,2,14,0.187410743230112,5.44986760478765,0.0549259276260667,4.38493330557191,319.307725624166,10.0771375812157
0,0.52,2,15,0.200797224889405,5.44986760478765,0.0549259276260667,4.38493330557191,319.307725624166,10.090524062875
0,0.52,2,16,0.214183706548699,5.44986760478765,0.0549259276260667,4.38493330557191,319.307725624166,10.1039105445343
0,0.52,2,17,0.227570188207993,5.44986760478765,0.0549259276260667,4.38493330557191,319.307725624166,10.1172970261936
0,0.52,2,18,0.240956669867286,5.44986760478765,0.0549259276260667,4.38493330557191,319.307725624166,10.1306835078529
0,0.52,2,19,0.25434315152658,5.44986760478765,0.0549259276260667,4.38493330557191,319.307725624166,10.1440699895122
0,0.52,2,20,0.267729633185874,5.44986760478765,0.0549259276260667,4.38493330557191,319.307725624166,10.1574564711715
0,0.52,2,21,0.281116114845167,5.44986760478765,0.0549259276260667,4.38493330557191,319.307725624166,10.1708429528308
0,0.52,2,22,0.294502596504461,5.44986760478765,0.0549259276260667,4.38493330557191,319.307725624166,10.1842294344901
0,0.52,2,23,0.307889078163755,5.44986760478765,0.0549259276260667,4.38493330557191,319.307725624166,10.1976159161494
0,0.52,2,24,0.321275559823048,5.44986760478765,0.0549259276260667,4.38493330557191,319.307725624166,10.2110023978087
0,0.52,2.1,1,0.013386459151397,5.54376541850799,0.0558069036305438,4.47471451330596,325.845529336921,10.0876732945959
0,0.52,2.1,2,0.0267698710778562,5.47995487761897,0.0558005518318152,4.42527677352142,322.245508276044,9.98780207405007
0,0.52,2.1,3,0.0401502368197414,5.45493240799352,0.0557942014788129,4.40613549903515,320.8516542774,9.95701234532723
0,0.52,2.1,4,0.0535275574169425,5.4383154968822,0.0557878525710434,4.39349362996854,319.931082360338,9.94112453683873
0,0.52,2.1,5,0.0669018339088763,5.42839648539633,0.0557815051080134,4.38597372187746,319.383487999801,9.93705354629068
0,0.52,2.1,6,0.0802730673344866,5.42164063541333,0.0557751590892298,4.38078277477586,319.005486922625,9.9384716366129
0,0.52,2.1,7,0.0936446432045916,5.41887272484114,0.0557708301642787,4.37864857449955,318.850075975921,9.94693677270956
0,0.52,2.1,8,0.107022449376676,5.41766211810837,0.0557708301642787,4.37772679074245,318.782952338117,9.95818218839178
0,0.52,2.1,9,0.120400255548761,5.41766211810837,0.0557708301642787,4.37772679074245,318.782952338117,9.97155999456387
0,0.52,2.1,10,0.133778061720845,5.41766211810837,0.0557708301642787,4.37772679074245,318.782952338117,9.98493780073595
0,0.52,2.1,11,0.14715586789293,5.41766211810837,0.0557708301642787,4.37772679074245,318.782952338117,9.99831560690804
0,0.52,2.1,12,0.160533674065014,5.41766211810837,0.0557708301642787,4.37772679074245,318.782952338117,10.0116934130801
0,0.52,2.1,13,0.173911480237099,5.41766211810837,0.0557708301642787,4.37772679074245,318.782952338117,10.0250712192522
0,0.52,2.1,14,0.187289286409183,5.41766211810837,0.0557708301642787,4.37772679074245,318.782952338117,10.0384490254243
0,0.52,2.1,15,0.200667092581268,5.41766211810837,0.0557708301642787,4.37772679074245,318.782952338117,10.0518268315964
0,0.52,2.1,16,0.214044898753352,5.41766211810837,0.0557708301642787,4.37772679074245,318.782952338117,10.0652046377685
0,0.52,2.1,17,0.227422704925437,5.41766211810837,0.0557708301642787,4.37772679074245,318.782952338117,10.0785824439405
0,0.52,2.1,18,0.240800511097521,5.41766211810837,0.0557708301642787,4.37772679074245,318.782952338117,10.0919602501126
0,0.52,2.1,19,0.254178317269606,5.41766211810837,0.0557708301642787,4.37772679074245,318.782952338117,10.1053380562847
0,0.52,2.1,20,0.26755612344169,5.41766211810837,0.0557708301642787,4.37772679074245,318.782952338117,10.1187158624568
0,0.52,2.1,21,0.280933929613775,5.41766211810837,0.0557708301642787,4.37772679074245,318.782952338117,10.1320936686289
0,0.52,2.1,22,0.294311735785859,5.41766211810837,0.0557708301642787,4.37772679074245,318.782952338117,10.145471474801
0,0.52,2.1,23,0.307689541957944,5.41766211810837,0.0557708301642787,4.37772679074245,318.782952338117,10.1588492809731
0,0.52,2.1,24,0.321067348130028,5.41766211810837,0.0557708301642787,4.37772679074245,318.782952338117,10.1722270871451
0,0.52,2.2,1,0.0133864591513969,5.66411246053653,0.0566819099757883,4.5842119608587,333.819055615027,10.3183927905224
0,0.52,2.2,2,0.0267698710778562,5.54815410514713,0.0566754585860802,4.49415026209135,327.260826744656,10.1257496969024
0,0.52,2.2,3,0.0401502368197413,5.4979757955285,0.0566690086647662,4.45502963125011,324.412090221566,10.0498246722631
0,0.52,2.2,4,0.0535275574169424,5.46865372752386,0.0566625602113451,4.43240267669352,322.764411478519,10.0112465218457
0,0.52,2.2,5,0.0669018339088761,5.44642574164321,0.0566561132253159,4.41540928469269,321.52696475532,9.9853929734701
0,0.52,2.2,6,0.0802730673344864,5.43008798996451,0.0566496677061777,4.40293043311813,320.618263656125,9.96994115812331
0,0.52,2.2,7,0.0936412587322441,5.41799919398785,0.0566432236534299,4.39389874183946,319.960582318744,9.96218241821298
0,0.52,2.2,8,0.107006409140148,5.40790954145289,0.0566367810665722,4.38635946269705,319.411577372021,9.95791219435666
0,0.52,2.2,9,0.120368519595724,5.39947133679542,0.0566303399451044,4.38001766901401,318.949772465037,9.95648786535025
0,0.52,2.2,10,0.133727591136028,5.39344783440974,0.0566239002885266,4.37550374928816,318.621072039998,9.95930307512245
0,0.52,2.2,11,0.147083624797641,5.38855245031788,0.0566174620963391,4.37171682902165,318.345311198691,9.9639703662335
0,0.52,2.2,12,0.160436621616675,5.38490933690284,0.0566110253680426,4.36887637317305,318.13847122336,9.9708333570606
0,0.52,2.2,13,0.173793362817453,5.38391425279687,0.0566067985003302,4.36808609819166,318.080923961101,9.98240051230631
0,0.52,2.2,14,0.18716208303418,5.38391425279687,0.0566067985003302,4.36808609819166,318.080923961101,9.99576923252303
0,0.52,2.2,15,0.200530803250907,5.38391425279687,0.0566067985003302,4.36808609819166,318.080923961101,10.0091379527398
0,0.52,2.2,16,0.213899523467634,5.38391425279687,0.0566067985003302,4.36808609819166,318.080923961101,10.0225066729565
0,0.52,2.2,17,0.227268243684361,5.38391425279687,0.0566067985003302,4.36808609819166,318.080923961101,10.0358753931732
0,0.52,2.2,18,0.240636963901088,5.38391425279687,0.0566067985003302,4.36808609819166,318.080923961101,10.0492441133899
0,0.52,2.2,19,0.254005684117815,5.38391425279687,0.0566067985003302,4.36808609819166,318.080923961101,10.0626128336067
0,0.52,2.2,20,0.267374404334543,5.38391425279687,0.0566067985003302,4.36808609819166,318.080923961101,10.0759815538234
0,0.52,2.2,21,0.28074312455127,5.38391425279687,0.0566067985003302,4.36808609819166,318.080923961101,10.0893502740401
0,0.52,2.2,22,0.294111844767997,5.38391425279687,0.0566067985003302,4.36808609819166,318.080923961101,10.1027189942569
0,0.52,2.2,23,0.307480564984724,5.38391425279687,0.0566067985003302,4.36808609819166,318.080923961101,10.1160877144736
0,0.52,2.2,24,0.320849285201451,5.38391425279687,0.0566067985003302,4.36808609819166,318.080923961101,10.1294564346903
0,0.52,2.3,1,0.0133864591513969,5.80811958521782,0.0575512632522995,4.71122915570658,343.068357434623,10.5902864633281
0,0.52,2.3,2,0.0267698710778562,5.6553036025108,0.0575447129150298,4.59221109039632,334.401546540575,10.3318292769
0,0.52,2.3,3,0.0401502368197413,5.58016426800152,0.0575381640686756,4.53358189963841,330.132210554938,10.2114345685283
0,0.52,2.3,4,0.0535275574169423,5.53432860495514,0.0575316167127279,4.49792245859606,327.535515412097,10.1433102376809
0,0.52,2.3,5,0.0669018339088761,5.50172334756138,0.057525070846678,4.47275193203554,325.702615564204,10.0989021843525
0,0.52,2.3,6,0.0802730673344863,5.4745326298011,0.0575185264700174,4.45180065706988,324.176958617561,10.0641248806755
0,0.52,2.3,7,0.093641258732244,5.45198047674219,0.0575119835822379,4.43445048254889,322.913531244917,10.0375842016056
0,0.52,2.3,8,0.107006409140148,5.43413268847617,0.0575054421828314,4.42065013423946,321.908599693072,10.0192946740386
0,0.52,2.3,9,0.120368519595724,5.42050819594672,0.0574989022712901,4.41007627209297,321.13861856958,10.0084518899067
0,0.52,2.3,10,0.133727591136028,5.40943345764879,0.0574923638471064,4.40143756699134,320.509554206199,10.0020909796233
0,0.52,2.3,11,0.147083624797641,5.40011722082837,0.0574858269097731,4.39411275199078,319.976166385802,9.99879942452656
0,0.52,2.3,12,0.160436621616675,5.39116459579536,0.0574792914587829,4.38709599550751,319.465211167604,9.99617650437833
0,0.52,2.3,13,0.173786582628771,5.38483577863096,0.057472757493629,4.38216397613567,319.106065023612,9.99825909488903
0,0.52,2.3,14,0.187133508869097,5.37925489341661,0.0574662250138048,4.3778045716867,318.788616291175,10.0016591989862
0,0.52,2.3,15,0.200477401372354,5.37361765393391,0.0574596940188038,4.37345383214409,318.471798531058,10.0050085814692
0,0.52,2.3,16,0.213818261172769,5.36696390926479,0.0574531645081198,4.36911173169947,318.155609863914,10.0073470666451
0,0.52,2.3,17,0.2271560893041,5.36312486171352,0.057446636481247,4.3661237100899,317.938024254789,10.0138512975888
0,0.52,2.3,18,0.240490886799638,5.35997316457705,0.0574401099376795,4.36364931373408,317.757840471453,10.0215534750484
0,0.52,2.3,19,0.253830462447332,5.35838764631661,0.0574353515725114,4.36240262712831,317.667057639216,10.0320560874648
0,0.52,2.3,20,0.267189960470876,5.35759990096794,0.0574353515725114,4.3617991170694,317.623110465822,10.0440243300807
0,0.52,2.3,21,0.28054945849442,5.35759990096794,0.0574353515725114,4.3617991170694,317.623110465822,10.0573838281043
0,0.52,2.3,22,0.293908956517964,5.35759990096794,0.0574353515725114,4.3617991170694,317.623110465822,10.0707433261278
0,0.52,2.3,23,0.307268454541508,5.35759990096794,0.0574353515725114,4.3617991170694,317.623110465822,10.0841028241514
0,0.52,2.3,24,0.320627952565052,5.35759990096794,0.0574353515725114,4.3617991170694,317.623110465822,10.0974623221749
0,0.52,2.4,1,0.0133864591513969,5.95376590976617,0.0584153283924541,4.83899850060266,352.372430285952,10.8645661979127
0,0.52,2.4,2,0.0267698710778562,5.77626941810697,0.0584086797095048,4.7005380580507,342.289839304693,10.561986026945
0,0.52,2.4,3,0.0401502368197412,5.67566089690334,0.0584020325398554,4.62185576065681,336.560250351583,10.3960689269197
0,0.52,2.4,4,0.0535275574169423,5.61397360325666,0.0583953868829893,4.57361626270486,333.047484409005,10.2995128102615
0,0.52,2.4,5,0.066901833908876,5.56907611661895,0.05838874273839,4.53873004830782,330.507095080711,10.233096741574
0,0.52,2.4,6,0.0802730673344862,5.53107763129989,0.0583821001055415,4.50926003610051,328.361109744953,10.1789928348404
0,0.52,2.4,7,0.093641258732244,5.50122371670339,0.0583754589839279,4.48602153562789,326.668898663111,10.1392619700475
0,0.52,2.4,8,0.107006409140148,5.47646867666707,0.0583688193730335,4.4668077887684,325.269767277777,10.1086516939487
0,0.52,2.4,9,0.120368519595724,5.45492253357285,0.0583621812723429,4.4500414742538,324.048856175673,10.0836947086947
0,0.52,2.4,10,0.133727591136027,5.43504892613678,0.0583555446813408,4.43445647967051,322.913967951049,10.0615885416247
0,0.52,2.4,11,0.147083624797641,5.41971581511543,0.0583489095995124,4.42234576397067,322.032074244506,10.0474941134832
0,0.52,2.4,12,0.160436621616675,5.40639936958587,0.0583422760263428,4.41185791395719,321.268356463386,10.0370361811861
0,0.52,2.4,13,0.173786582628771,5.39449066740415,0.0583356439613177,4.40269294960746,320.600970275728,10.0293058436017
0,0.52,2.4,14,0.187133508869097,5.38512607591597,0.0583290134039227,4.39540222238508,320.070064703101,10.0259908205741
0,0.52,2.4,15,0.200477401372354,5.37572925982086,0.0583223843536438,4.38840134494052,319.560265785212,10.0229303904874
0,0.52,2.4,16,0.213818261172769,5.36773106351944,0.0583157568099672,4.38269343680337,319.144619972988,10.0225585183055
0,0.52,2.4,17,0.2271560893041,5.36143741007611,0.0583091307723795,4.37781877573225,318.789650619673,10.0247214058848
0,0.52,2.4,18,0.240490886799638,5.3551454371399,0.0583025062403672,4.37295494632006,318.43547002006,10.0268937765
0,0.52,2.4,19,0.2538226546922,5.34967613348864,0.0582958832134172,4.36869035167695,318.124925270275,10.0304850230712
0,0.52,2.4,20,0.267151394014136,5.34439950954182,0.0582892616910168,4.36453805562365,317.822558023957,10.0343782208706
0,0.52,2.4,21,0.280477105797329,5.33942173881346,0.0582826416726533,4.36056616826865,317.533328010777,10.0387476545521
0,0.52,2.4,22,0.293799791073189,5.33506289886409,0.0582760231578142,4.35711822793415,317.282251447104,10.0442569410292
0,0.52,2.4,23,0.307119450872661,5.33066309329847,0.0582694061459875,4.35367573592875,317.031571626883,10.0497276862459
0,0.52,2.4,24,0.32043608622622,5.32671937336381,0.0582627906366612,4.3505931791335,316.807102032751,10.0560114293602
0,0.52,2.5,1,0.0133864591513969,6.1130996964498,0.0592744326771388,4.9769460502487,362.417672770469,11.162706638527
0,0.52,2.5,2,0.0267698710778561,5.91740213641166,0.0592676862131419,4.82399327523981,351.279760443744,10.8274329689425
0,0.52,2.5,3,0.0401502368197412,5.79521677480199,0.0592609412847007,4.72823142363141,344.306450496297,10.6228593765378
0,0.52,2.5,4,0.0535275574169422,5.71664381309981,0.0592541978912909,4.66656744335216,339.816123295452,10.4959930117602
0,0.52,2.5,5,0.0669018339088759,5.65904272306738,0.0592474560323888,4.62164890964851,336.54518760823,10.4068409226572
0,0.52,2.5,6,0.0802730673344861,5.6131403316971,0.0592407157074704,4.58582269468776,333.936348107226,10.3384768094268
0,0.52,2.5,7,0.0936412587322438,5.57395553396951,0.0592339769160124,4.55507705615158,331.697472569171,10.2819078257693
0,0.52,2.5,8,0.107006409140148,5.54087699047263,0.0592272396574915,4.52935285038546,329.824254195193,10.2364634896557
0,0.52,2.5,9,0.120368519595724,5.51418780969045,0.0592205039313847,4.50848149587244,328.304416999087,10.20225832909
0,0.52,2.5,10,0.133727591136027,5.49027069911336,0.0592137697371692,4.4897537584164,326.94067647296,10.172965818403
0,0.52,2.5,11,0.14708362479764,5.46920375244166,0.0592070370743224,4.47317599008919,325.733495170166,10.1486704044028
0,0.52,2.5,12,0.160436621616674,5.4497408720302,0.0592003059423222,4.45789023903381,324.620397646482,10.127268038623
0,0.52,2.5,13,0.17378658262877,5.43231064716644,0.0591935763406463,4.44430790236258,323.631341547125,10.1095987084984
0,0.52,2.5,14,0.187133508869097,5.41783988145925,0.0591868482687731,4.43296598540982,322.805431218727,10.0971262240069
0,0.52,2.5,15,0.200477401372353,5.40414684182359,0.059180121726181,4.42261076538689,322.051371459219,10.086415130309
0,0.52,2.5,16,0.213818261172768,5.39227240527079,0.0591733967123485,4.4135423584123,321.391016510967,10.0788064215682
0,0.52,2.5,17,0.2271560893041,5.38159055453685,0.0591666732267545,4.40517943751008,320.782034556904,10.0730927545778
0,0.52,2.5,18,0.240490886799637,5.37227577955825,0.0591599512688783,4.3979695424913,320.257015127872,10.0698961601181
0,0.52,2.5,19,0.253822654692199,5.36396814060412,0.0591532308381991,4.39153231531496,319.788260821759,10.0684763414495
0,0.52,2.5,20,0.267151394014136,5.35669269655421,0.0591465119341966,4.38578974890978,319.370091219099,10.0687803514123
0,0.52,2.5,21,0.280477105797328,5.35119336418786,0.0591397945563506,4.38148327724114,319.05649701409,10.0722935417827
0,0.52,2.5,22,0.293799791073188,5.34693029940237,0.0591330787041412,4.37814132926661,318.81313873871,10.0780044984463
0,0.52,2.5,23,0.30711945087266,5.34268955422173,0.0591263643770486,4.37480447550482,318.570151420279,10.0837398449763
0,0.52,2.5,24,0.32043608622622,5.33898250782758,0.0591196515745535,4.37189793002244,318.358498844806,10.0904361756508
0,0.53,1.9,1,0.0133875801394145,5.50688837187947,0.0543678964857841,4.33250068678861,315.489619603958,9.90714453529328
0,0.53,1.9,2,0.026775160278829,5.50688837187947,0.0543678964857841,4.33250068678861,315.489619603958,9.92053211543269
0,0.53,1.9,3,0.0401627404182435,5.50688837187947,0.0543678964857841,4.33250068678861,315.489619603958,9.93391969557211
0,0.53,1.9,4,0.053550320557658,5.50688837187947,0.0543678964857841,4.33250068678861,315.489619603958,9.94730727571152
0,0.53,1.9,5,0.0669379006970725,5.50688837187947,0.0543678964857841,4.33250068678861,315.489619603958,9.96069485585094
0,0.53,1.9,6,0.080325480836487,5.50688837187947,0.0543678964857841,4.33250068678861,315.489619603958,9.97408243599035
0,0.53,1.9,7,0.0937130609759016,5.50688837187947,0.0543678964857841,4.33250068678861,315.489619603958,9.98747001612977
0,0.53,1.9,8,0.107100641115316,5.50688837187947,0.0543678964857841,4.33250068678861,315.489619603958,10.0008575962692
0,0.53,1.9,9,0.120488221254731,5.50688837187947,0.0543678964857841,4.33250068678861,315.489619603958,10.0142451764086
0,0.53,1.9,10,0.133875801394145,5.50688837187947,0.0543678964857841,4.33250068678861,315.489619603958,10.027632756548
0,0.53,1.9,11,0.14726338153356,5.50688837187947,0.0543678964857841,4.33250068678861,315.489619603958,10.0410203366874
0,0.53,1.9,12,0.160650961672974,5.50688837187947,0.0543678964857841,4.33250068678861,315.489619603958,10.0544079168268
0,0.53,1.9,13,0.174038541812389,5.50688837187947,0.0543678964857841,4.33250068678861,315.489619603958,10.0677954969663
0,0.53,1.9,14,0.187426121951803,5.50688837187947,0.0543678964857841,4.33250068678861,315.489619603958,10.0811830771057
0,0.53,1.9,15,0.200813702091218,5.50688837187947,0.0543678964857841,4.33250068678861,315.489619603958,10.0945706572451
0,0.53,1.9,16,0.214201282230632,5.50688837187947,0.0543678964857841,4.33250068678861,315.489619603958,10.1079582373845
0,0.53,1.9,17,0.227588862370047,5.50688837187947,0.0543678964857841,4.33250068678861,315.489619603958,10.1213458175239
0,0.53,1.9,18,0.240976442509461,5.50688837187947,0.0543678964857841,4.33250068678861,315.489619603958,10.1347333976633
0,0.53,1.9,19,0.254364022648876,5.50688837187947,0.0543678964857841,4.33250068678861,315.489619603958,10.1481209778027
0,0.53,1.9,20,0.26775160278829,5.50688837187947,0.0543678964857841,4.33250068678861,315.489619603958,10.1615085579422
0,0.53,1.9,21,0.281139182927705,5.50688837187947,0.0543678964857841,4.33250068678861,315.489619603958,10.1748961380816
0,0.53,1.9,22,0.294526763067119,5.50688837187947,0.0543678964857841,4.33250068678861,315.489619603958,10.188283718221
0,0.53,1.9,23,0.307914343206534,5.50688837187947,0.0543678964857841,4.33250068678861,315.489619603958,10.2016712983604
0,0.53,1.9,24,0.321301923345948,5.50688837187947,0.0543678964857841,4.33250068678861,315.489619603958,10.2150588784998
0,0.53,2,1,0.0133864591513968,5.53522819904053,0.0552654532329427,4.3731602571157,318.450420606222,9.97704036854057
0,0.53,2,2,0.0267714795035103,5.50790941593144,0.0552624832207235,4.35261865950457,316.954596073256,9.94256203816024
0,0.53,2,3,0.0401566717963083,5.49435858831997,0.0552617298333627,4.34246158045865,316.214964798815,9.93223857040829
0,0.53,2,4,0.053536650175889,5.48944752893302,0.0552559717824127,4.33871301376095,315.94199683712,9.93695316465228
0,0.53,2,5,0.0669208127198613,5.48798587597919,0.0552559717824127,4.33763135450854,315.863231179419,9.94779401499
0,0.53,2,6,0.0803049752638335,5.48798587597919,0.0552559717824127,4.33763135450854,315.863231179419,9.96117817753398
0,0.53,2,7,0.0936891378078057,5.48798587597919,0.0552559717824127,4.33763135450854,315.863231179419,9.97456234007795
0,0.53,2,8,0.107073300351778,5.48798587597919,0.0552559717824127,4.33763135450854,315.863231179419,9.98794650262192
0,0.53,2,9,0.12045746289575,5.48798587597919,0.0552559717824127,4.33763135450854,315.863231179419,10.0013306651659
0,0.53,2,10,0.133841625439723,5.48798587597919,0.0552559717824127,4.33763135450854,315.863231179419,10.0147148277099
0,0.53,2,11,0.147225787983695,5.48798587597919,0.0552559717824127,4.33763135450854,315.863231179419,10.0280989902538
0,0.53,2,12,0.160609950527667,5.48798587597919,0.0552559717824127,4.33763135450854,315.863231179419,10.0414831527978
0,0.53,2,13,0.173994113071639,5.48798587597919,0.0552559717824127,4.33763135450854,315.863231179419,10.0548673153418
0,0.53,2,14,0.187378275615611,5.48798587597919,0.0552559717824127,4.33763135450854,315.863231179419,10.0682514778858
0,0.53,2,15,0.200762438159584,5.48798587597919,0.0552559717824127,4.33763135450854,315.863231179419,10.0816356404297
0,0.53,2,16,0.214146600703556,5.48798587597919,0.0552559717824127,4.33763135450854,315.863231179419,10.0950198029737
0,0.53,2,17,0.227530763247528,5.48798587597919,0.0552559717824127,4.33763135450854,315.863231179419,10.1084039655177
0,0.53,2,18,0.2409149257915,5.48798587597919,0.0552559717824127,4.33763135450854,315.863231179419,10.1217881280616
0,0.53,2,19,0.254299088335473,5.48798587597919,0.0552559717824127,4.33763135450854,315.863231179419,10.1351722906056
0,0.53,2,20,0.267683250879445,5.48798587597919,0.0552559717824127,4.33763135450854,315.863231179419,10.1485564531496
0,0.53,2,21,0.281067413423417,5.48798587597919,0.0552559717824127,4.33763135450854,315.863231179419,10.1619406156936
0,0.53,2,22,0.294451575967389,5.48798587597919,0.0552559717824127,4.33763135450854,315.863231179419,10.1753247782375
0,0.53,2,23,0.307835738511362,5.48798587597919,0.0552559717824127,4.33763135450854,315.863231179419,10.1887089407815
0,0.53,2,24,0.321219901055334,5.48798587597919,0.0552559717824127,4.33763135450854,315.863231179419,10.2020931033255
0,0.53,2.1,1,0.0133864591513968,5.62968734781373,0.0561609771971008,4.46196588536873,324.917183314806,10.1612006695309
0,0.53,2.1,2,0.0267698710778559,5.54683560795731,0.0561545850986261,4.39887934186005,320.323266071037,10.0286394059938
0,0.53,2.1,3,0.0401502368197407,5.51419854165289,0.0561481944550504,4.3742292549556,318.528264268867,9.98472622788329
0,0.53,2.1,4,0.0535275574169415,5.4938333548934,0.056141805265877,4.35895884532876,317.416283897102,9.96246156290499
0,0.53,2.1,5,0.0669018339088749,5.47957533867826,0.0561354175306095,4.34839990979093,316.647389718639,9.95101249990867
0,0.53,2.1,6,0.0802730673344848,5.47000704201852,0.0561290312487516,4.34131286385107,316.131316072189,9.94772200445283
0,0.53,2.1,7,0.0936412587322422,5.46313081443558,0.0561226464198073,4.33608171831915,315.750387773899,9.94897643790678
0,0.53,2.1,8,0.107006409140146,5.45922423004054,0.0561162630432809,4.3330919226736,315.532672980735,9.95543882489757
0,0.53,2.1,9,0.120376283763229,5.45694703303945,0.0561135003915337,4.33136390144997,315.406839703853,9.96480071864418
0,0.53,2.1,10,0.133751426403587,5.4567947819368,0.0561135003915337,4.33125168139358,315.398667919135,9.9779113901255
0,0.53,2.1,11,0.147126569043946,5.4567947819368,0.0561135003915337,4.33125168139358,315.398667919135,9.99128653276586
0,0.53,2.1,12,0.160501711684305,5.4567947819368,0.0561135003915337,4.33125168139358,315.398667919135,10.0046616754062
0,0.53,2.1,13,0.173876854324663,5.4567947819368,0.0561135003915337,4.33125168139358,315.398667919135,10.0180368180466
0,0.53,2.1,14,0.187251996965022,5.4567947819368,0.0561135003915337,4.33125168139358,315.398667919135,10.0314119606869
0,0.53,2.1,15,0.200627139605381,5.4567947819368,0.0561135003915337,4.33125168139358,315.398667919135,10.0447871033273
0,0.53,2.1,16,0.21400228224574,5.4567947819368,0.0561135003915337,4.33125168139358,315.398667919135,10.0581622459676
0,0.53,2.1,17,0.227377424886098,5.4567947819368,0.0561135003915337,4.33125168139358,315.398667919135,10.071537388608
0,0.53,2.1,18,0.240752567526457,5.4567947819368,0.0561135003915337,4.33125168139358,315.398667919135,10.0849125312484
0,0.53,2.1,19,0.254127710166816,5.4567947819368,0.0561135003915337,4.33125168139358,315.398667919135,10.0982876738887
0,0.53,2.1,20,0.267502852807174,5.4567947819368,0.0561135003915337,4.33125168139358,315.398667919135,10.1116628165291
0,0.53,2.1,21,0.280877995447533,5.4567947819368,0.0561135003915337,4.33125168139358,315.398667919135,10.1250379591694
0,0.53,2.1,22,0.294253138087892,5.4567947819368,0.0561135003915337,4.33125168139358,315.398667919135,10.1384131018098
0,0.53,2.1,23,0.307628280728251,5.4567947819368,0.0561135003915337,4.33125168139358,315.398667919135,10.1517882444502
0,0.53,2.1,24,0.321003423368609,5.4567947819368,0.0561135003915337,4.33125168139358,315.398667919135,10.1651633870905
0,0.53,2.2,1,0.0133864591513968,5.76046367727995,0.0570503811391217,4.57741152184912,333.323852481461,10.4083120394196
0,0.53,2.2,2,0.0267698710778559,5.6296368225416,0.05704388781097,4.47761821922264,326.056975137239,10.1910688006531
0,0.53,2.2,3,0.0401502368197408,5.57082525646139,0.0570373959607581,4.43253884421993,322.774327100977,10.1005517334618
0,0.53,2.2,4,0.0535275574169416,5.53566413056889,0.0570309055879815,4.40582339131939,320.828926815447,10.0520459848932
0,0.53,2.2,5,0.066901833908875,5.50947782812052,0.0570244166921357,4.38610723091168,319.393210032747,10.0195113096332
0,0.53,2.2,6,0.0802730673344849,5.48924463136911,0.0570179292727167,4.37085055085447,318.282229438481,9.99738617883078
0,0.53,2.2,7,0.0936412587322423,5.47456116089711,0.0570114433292208,4.35996422582152,317.489494989758,9.98517808878009
0,0.53,2.2,8,0.107006409140146,5.46279764381572,0.0570049588611442,4.35127396932281,316.856676690295,9.97808298113983
0,0.53,2.2,9,0.120368519595722,5.45274225430965,0.0569984758679835,4.34379018365124,316.311712738662,9.9738994334246
0,0.53,2.2,10,0.133727591136025,5.44418326448709,0.0569919943492357,4.33740070245094,315.846435260578,9.97230355242328
0,0.53,2.2,11,0.147083624797637,5.43822471650795,0.0569855143043978,4.33293593198826,315.521313849937,9.97522978759824
0,0.53,2.2,12,0.160436621616671,5.43270345932051,0.0569790357329671,4.32875445614779,315.216821752264,9.97887357281794
0,0.53,2.2,13,0.173786582628767,5.42825038153412,0.0569725586344411,4.32534556943932,314.968589045871,9.98435509223665
0,0.53,2.2,14,0.187133508869093,5.42521487697479,0.0569660830083176,4.32300202891137,314.797934090884,9.99231649776357
0,0.53,2.2,15,0.200490122352507,5.42472366848552,0.0569632231370466,4.32261355429145,314.769645645266,10.0047905682665
0,0.53,2.2,16,0.213856130509341,5.42472366848552,0.0569632231370466,4.32261355429145,314.769645645266,10.0181565764234
0,0.53,2.2,17,0.227222138666175,5.42472366848552,0.0569632231370466,4.32261355429145,314.769645645266,10.0315225845802
0,0.53,2.2,18,0.240588146823009,5.42472366848552,0.0569632231370466,4.32261355429145,314.769645645266,10.044888592737
0,0.53,2.2,19,0.253954154979842,5.42472366848552,0.0569632231370466,4.32261355429145,314.769645645266,10.0582546008939
0,0.53,2.2,20,0.267320163136676,5.42472366848552,0.0569632231370466,4.32261355429145,314.769645645266,10.0716206090507
0,0.53,2.2,21,0.28068617129351,5.42472366848552,0.0569632231370466,4.32261355429145,314.769645645266,10.0849866172075
0,0.53,2.2,22,0.294052179450344,5.42472366848552,0.0569632231370466,4.32261355429145,314.769645645266,10.0983526253644
0,0.53,2.2,23,0.307418187607178,5.42472366848552,0.0569632231370466,4.32261355429145,314.769645645266,10.1117186335212
0,0.53,2.2,24,0.320784195764011,5.42472366848552,0.0569632231370466,4.32261355429145,314.769645645266,10.125084641678
0,0.53,2.3,1,0.0133864591513969,5.90594673240249,0.0579340779148254,4.70327464678422,342.489115750553,10.6805419162529
0,0.53,2.3,2,0.0267698710778561,5.73563255245235,0.0579274840065719,4.57306226561309,333.007142734674,10.3933921731499
0,0.53,2.3,3,0.0401502368197411,5.64193903210704,0.0579208915991511,4.50127437485815,327.77959957109,10.2412845353841
0,0.53,2.3,4,0.053527557416942,5.58705961652116,0.0579143006920505,4.45930701072202,324.723565953493,10.1578084853522
0,0.53,2.3,5,0.0669018339088756,5.54567734665055,0.0579077112847582,4.42782980891977,322.431418498543,10.098316700764
0,0.53,2.3,6,0.0802730673344857,5.51409750581162,0.0579011233767622,4.40387833308065,320.687289057438,10.0561500296035
0,0.53,2.3,7,0.0936412587322433,5.48696953119636,0.0578945369675509,4.3833077291486,319.189352304805,10.0218130560448
0,0.53,2.3,8,0.107006409140147,5.46418945606512,0.0578879520566128,4.36583101440931,317.916710363435,9.99491483167119
0,0.53,2.3,9,0.120368519595723,5.44389256283978,0.0578813686434368,4.35036319295606,316.79035460283,9.972505644035
0,0.53,2.3,10,0.133727591136026,5.42852710392002,0.0578747867275119,4.33850633736512,315.926946808922,9.95863581914868
0,0.53,2.3,11,0.147083624797639,5.41543935932294,0.0578682063083274,4.3284235276103,315.192723771454,9.9488147180392
0,0.53,2.3,12,0.160436621616673,5.40476969390032,0.0578616273853729,4.32015844802193,314.5908665523,9.9432263909243
0,0.53,2.3,13,0.173786582628769,5.39555443994542,0.057855049958138,4.31310144560205,314.076980653613,9.94029751813437
0,0.53,2.3,14,0.187133508869095,5.38668321062599,0.0578484740261127,4.30631064893452,313.58247966854,9.93797584245572
0,0.53,2.3,15,0.200477401372352,5.3800629956276,0.0578418995887873,4.30130715104956,313.218128510045,9.9396894476383
0,0.53,2.3,16,0.213818261172766,5.37312789507924,0.0578353266456522,4.29676543526495,312.887403995769,9.9415469181626
0,0.53,2.3,17,0.227156089304098,5.36759749219082,0.0578287551961981,4.29257420399758,312.582201514844,9.94515654068869
0,0.53,2.3,18,0.240490886799635,5.36199499502691,0.0578221852399159,4.28839114134054,312.277593866317,9.948699208407
0,0.53,2.3,19,0.253822654692197,5.35646590932595,0.0578156167762967,4.28421622343645,311.973579312907,9.95232040423089
0,0.53,2.3,20,0.267151394014133,5.35211452148962,0.0578090498048318,4.28085623947476,311.728907669766,9.95793120478335
0,0.53,2.3,21,0.280477105797325,5.34857221119738,0.057802484325013,4.27809300473551,311.527690880714,9.96494480605523
0,0.53,2.3,22,0.293799791073185,5.34592726246529,0.057795920336332,4.27603214692806,311.377620680445,9.97355512080287
0,0.53,2.3,23,0.307141502734618,5.34470396348792,0.0577935072431401,4.27508525120574,311.308668407188,9.98472422467141
0,0.53,2.3,24,0.320495481114384,5.34377664722043,0.0577935072431401,4.27439318097941,311.258272345369,9.99645881655736
0,0.53,2.4,1,0.0133864591513969,6.05839416449271,0.0588124359488434,4.83396639815292,352.005996163387,10.9645594577459
0,0.53,2.4,2,0.0267698710778561,5.86575283999482,0.0588057420681298,4.68640992391623,341.261038622124,10.637738377057
0,0.53,2.4,3,0.0401502368197411,5.75065222489642,0.0587990497110036,4.59802567759242,334.824960646023,10.4476271890196
0,0.53,2.4,4,0.053527557416942,5.67830386984997,0.0587923588769445,4.54241010810905,330.775074418914,10.3330338942529
0,0.53,2.4,5,0.0669018339088756,5.62619176144829,0.0587856695654327,4.50255288215668,327.87269956355,10.2544321470793
0,0.53,2.4,6,0.0802730673344857,5.5837353657368,0.0587789817759486,4.47016757223291,325.514424320857,10.1929549870801
0,0.53,2.4,7,0.0936412587322433,5.54682271743663,0.0587722955079727,4.44189766815369,323.45583000571,10.1411339398305
0,0.53,2.4,8,0.107006409140147,5.51808878962556,0.0587656107609859,4.41994085470734,321.856950461841,10.103801664234
0,0.53,2.4,9,0.120368519595723,5.49342367989787,0.0587589275344692,4.40111206880213,320.48585165949,10.0736631958302
0,0.53,2.4,10,0.133727591136026,5.47178058913358,0.058752245827904,4.38444741902417,319.272343711225,10.0487078451217
0,0.53,2.4,11,0.147083624797639,5.45191772172104,0.0587455656407718,4.36911544941279,318.155880585154,10.0268623615722
0,0.53,2.4,12,0.160436621616673,5.43409434451141,0.0587388869725543,4.35535505508727,317.153858454011,10.0086249081879
0,0.53,2.4,13,0.173786582628769,5.41906419179231,0.0587322098227336,4.34386243375279,316.316973939687,9.9954454179966
0,0.53,2.4,14,0.187133508869095,5.40583374065326,0.058725534190792,4.33381092867529,315.585030486564,9.98550371238844
0,0.53,2.4,15,0.200477401372352,5.39394550807042,0.0587188600762118,4.32501630459136,314.94461221375,9.97815807411035
0,0.53,2.4,16,0.213818261172766,5.38351080634657,0.0587121874784759,4.31748530148174,314.396209921851,9.97352655647955
0,0.53,2.4,17,0.227156089304098,5.37468356148621,0.0587055163970671,4.31073024124469,313.904311238237,9.97127540843206
0,0.53,2.4,18,0.240490886799635,5.36668452581912,0.0586988468314687,4.30461328370216,313.458878739147,9.97048754315239
0,0.53,2.4,19,0.253822654692197,5.3599649909513,0.0586921787811641,4.29945427776108,313.08320359457,9.97193410218574
0,0.53,2.4,20,0.267151394014133,5.35388047814054,0.0586855122456369,4.29476292508735,312.741582628421,9.97448030948766
0,0.53,2.4,21,0.280477105797325,5.34798706484894,0.0586788472243711,4.29024880300114,312.412867467644,9.97739182087178
0,0.53,2.4,22,0.293799791073185,5.3432770178554,0.0586721837168507,4.28665969530363,312.151511196967,9.98240868794906
0,0.53,2.4,23,0.307119450872657,5.33891781838951,0.0586655217225602,4.28332759692395,311.908870162081,9.98803038790868
0,0.53,2.4,24,0.320436086226216,5.33507157824137,0.058658861240984,4.28038768777835,311.694788068373,9.99455421348692
0,0.53,2.5,1,0.0133864591513969,6.22168383838478,0.0596857856540089,4.97250757304096,362.094466015958,11.2672636562311
0,0.53,2.5,2,0.0267698710778561,6.01459971525237,0.0596789923708704,4.81356895889883,350.520669139483,10.9146175375999
0,0.53,2.5,3,0.0401502368197411,5.88003121214704,0.0596722006339441,4.70995803878219,342.975795603953,10.6898116883829
0,0.53,2.5,4,0.053527557416942,5.79147226737481,0.0596654104427022,4.64169243119056,338.004742595978,10.546357666425
0,0.53,2.5,5,0.0669018339088756,5.72630864697477,0.0596586217966169,4.59170304067678,334.364550721221,10.444572143357
0,0.53,2.5,6,0.0802730673344856,5.67560619931882,0.0596518346951611,4.55276888552948,331.529393225579,10.368299986878
0,0.53,2.5,7,0.0936412587322432,5.63310614695505,0.0596450491378075,4.52003715068327,329.145891566342,10.3064296055084
0,0.53,2.5,8,0.107006409140147,5.59472567552453,0.0596382651240293,4.49076152463894,327.014061292764,10.2521318744276
0,0.53,2.5,9,0.120368519595723,5.56232103427234,0.0596314826532999,4.46582037944628,325.197864832989,10.2081414159676
0,0.53,2.5,10,0.133727591136026,5.53568571750513,0.0596247017250927,4.44535387808011,323.707508755186,10.1743918884464
0,0.53,2.5,11,0.147083624797639,5.51128531032988,0.0596179223388818,4.42662961884552,322.344021510672,10.1446164763119
0,0.53,2.5,12,0.160436621616673,5.48960341429781,0.0596111444941412,4.40998932533806,321.132287168707,10.1196405057467
0,0.53,2.5,13,0.173786582628769,5.47022457585076,0.0596043681903451,4.3951316503957,320.050361843212,10.0987471770656
0,0.53,2.5,14,0.187133508869095,5.45197979810815,0.0595975934269681,4.38101384895511,319.022313580065,10.0797247493593
0,0.53,2.5,15,0.200477401372351,5.4354040042632,0.0595908202034851,4.36867628270369,318.123900777646,10.0641485085427
0,0.53,2.5,16,0.213818261172766,5.4209807473585,0.0595840485193711,4.35789254962942,317.338637002411,10.0522756066801
0,0.53,2.5,17,0.227156089304097,5.40868472399439,0.0595772783741013,4.348486142186,316.653669100338,10.0439042338586
0,0.53,2.5,18,0.240490886799635,5.39745735817295,0.0595705097671513,4.33982071011713,316.022658498204,10.0373394648569
0,0.53,2.5,19,0.253822654692196,5.38742167888123,0.0595637426979967,4.33197541078891,315.451369379132,10.0327834870603
0,0.53,2.5,20,0.267151394014133,5.37863399054695,0.0595569771661137,4.32512972181626,314.952871175428,10.0304720835435
0,0.53,2.5,21,0.280477105797325,5.37169354697958,0.0595502131709785,4.31979042450873,314.564067341734,10.0315112904566
0,0.53,2.5,22,0.293799791073185,5.36592007116054,0.0595434507120674,4.31533674694684,314.239753708242,10.0346000598926
0,0.53,2.5,23,0.307119450872657,5.36095835207478,0.0595366897888572,4.31144712178351,313.956513969372,10.0390616145198
0,0.53,2.5,24,0.320436086226216,5.35622376425399,0.0595299304008248,4.30774491708472,313.686922055473,10.0439346979657
0,0.54,1.9,1,0.01338703087682,5.54853233159008,0.054689866297355,4.2899262936097,312.389382563064,9.90653552237395
0,0.54,1.9,2,0.02677406175364,5.54242861096583,0.054689866297355,4.28547538564548,312.065270609705,9.90936792466231
0,0.54,1.9,3,0.04016109263046,5.54240714532955,0.054689866297355,4.2854594299582,312.064108727901,9.92271753421557
0,0.54,1.9,4,0.05354812350728,5.54240714532955,0.054689866297355,4.2854594299582,312.064108727901,9.93610456509239
0,0.54,1.9,5,0.0669351543841,5.54240714532955,0.054689866297355,4.2854594299582,312.064108727901,9.94949159596921
0,0.54,1.9,6,0.08032218526092,5.54240714532955,0.054689866297355,4.2854594299582,312.064108727901,9.96287862684603
0,0.54,1.9,7,0.09370921613774,5.54240714532955,0.054689866297355,4.2854594299582,312.064108727901,9.97626565772285
0,0.54,1.9,8,0.10709624701456,5.54240714532955,0.054689866297355,4.2854594299582,312.064108727901,9.98965268859967
0,0.54,1.9,9,0.12048327789138,5.54240714532955,0.054689866297355,4.2854594299582,312.064108727901,10.0030397194765
0,0.54,1.9,10,0.1338703087682,5.54240714532955,0.054689866297355,4.2854594299582,312.064108727901,10.0164267503533
0,0.54,1.9,11,0.14725733964502,5.54240714532955,0.054689866297355,4.2854594299582,312.064108727901,10.0298137812301
0,0.54,1.9,12,0.16064437052184,5.54240714532955,0.054689866297355,4.2854594299582,312.064108727901,10.0432008121069
0,0.54,1.9,13,0.17403140139866,5.54240714532955,0.054689866297355,4.2854594299582,312.064108727901,10.0565878429838
0,0.54,1.9,14,0.18741843227548,5.54240714532955,0.054689866297355,4.2854594299582,312.064108727901,10.0699748738606
0,0.54,1.9,15,0.2008054631523,5.54240714532955,0.054689866297355,4.2854594299582,312.064108727901,10.0833619047374
0,0.54,1.9,16,0.21419249402912,5.54240714532955,0.054689866297355,4.2854594299582,312.064108727901,10.0967489356142
0,0.54,1.9,17,0.22757952490594,5.54240714532955,0.054689866297355,4.2854594299582,312.064108727901,10.1101359664911
0,0.54,1.9,18,0.24096655578276,5.54240714532955,0.054689866297355,4.2854594299582,312.064108727901,10.1235229973679
0,0.54,1.9,19,0.25435358665958,5.54240714532955,0.054689866297355,4.2854594299582,312.064108727901,10.1369100282447
0,0.54,1.9,20,0.2677406175364,5.54240714532955,0.054689866297355,4.2854594299582,312.064108727901,10.1502970591215
0,0.54,1.9,21,0.28112764841322,5.54240714532955,0.054689866297355,4.2854594299582,312.064108727901,10.1636840899983
0,0.54,1.9,22,0.29451467929004,5.54240714532955,0.054689866297355,4.2854594299582,312.064108727901,10.1770711208751
0,0.54,1.9,23,0.30790171016686,5.54240714532955,0.054689866297355,4.2854594299582,312.064108727901,10.190458151752
0,0.54,1.9,24,0.32128874104368,5.54240714532955,0.054689866297355,4.2854594299582,312.064108727901,10.2038451826288
0,0.54,2,1,0.0133864591513969,5.60714744814746,0.0556041340926516,4.35201187420635,316.910410399264,10.0281499155979
0,0.54,2,2,0.026769871077856,5.56218923415389,0.0555978053726318,4.31859985684438,314.477371050909,9.96315676744875
0,0.54,2,3,0.0401539263882765,5.5434879649614,0.0555965866200747,4.30485182980782,313.476249496954,9.94409030777756
0,0.54,2,4,0.0535324757220905,5.53271547768038,0.0555902596179087,4.2968274412556,312.891919227922,9.93866565427598
0,0.54,2,5,0.066907980391332,5.52760842587228,0.0555839340556297,4.29302141697684,312.614767246026,9.94312175729608
0,0.54,2,6,0.0802892924779226,5.52536080435419,0.0555837374501016,4.29139167813645,312.496090822413,9.95262551241866
0,0.54,2,7,0.093670841224243,5.52528841763878,0.0555837374501016,4.29133904054467,312.492257790405,9.9658820368578
0,0.54,2,8,0.107052389970563,5.52528841763878,0.0555837374501016,4.29133904054467,312.492257790405,9.97926358560412
0,0.54,2,9,0.120433938716884,5.52528841763878,0.0555837374501016,4.29133904054467,312.492257790405,9.99264513435044
0,0.54,2,10,0.133815487463204,5.52528841763878,0.0555837374501016,4.29133904054467,312.492257790405,10.0060266830968
0,0.54,2,11,0.147197036209525,5.52528841763878,0.0555837374501016,4.29133904054467,312.492257790405,10.0194082318431
0,0.54,2,12,0.160578584955845,5.52528841763878,0.0555837374501016,4.29133904054467,312.492257790405,10.0327897805894
0,0.54,2,13,0.173960133702166,5.52528841763878,0.0555837374501016,4.29133904054467,312.492257790405,10.0461713293357
0,0.54,2,14,0.187341682448486,5.52528841763878,0.0555837374501016,4.29133904054467,312.492257790405,10.059552878082
0,0.54,2,15,0.200723231194806,5.52528841763878,0.0555837374501016,4.29133904054467,312.492257790405,10.0729344268284
0,0.54,2,16,0.214104779941127,5.52528841763878,0.0555837374501016,4.29133904054467,312.492257790405,10.0863159755747
0,0.54,2,17,0.227486328687447,5.52528841763878,0.0555837374501016,4.29133904054467,312.492257790405,10.099697524321
0,0.54,2,18,0.240867877433768,5.52528841763878,0.0555837374501016,4.29133904054467,312.492257790405,10.1130790730673
0,0.54,2,19,0.254249426180088,5.52528841763878,0.0555837374501016,4.29133904054467,312.492257790405,10.1264606218136
0,0.54,2,20,0.267630974926409,5.52528841763878,0.0555837374501016,4.29133904054467,312.492257790405,10.13984217056
0,0.54,2,21,0.281012523672729,5.52528841763878,0.0555837374501016,4.29133904054467,312.492257790405,10.1532237193063
0,0.54,2,22,0.294394072419049,5.52528841763878,0.0555837374501016,4.29133904054467,312.492257790405,10.1666052680526
0,0.54,2,23,0.30777562116537,5.52528841763878,0.0555837374501016,4.29133904054467,312.492257790405,10.1799868167989
0,0.54,2,24,0.32115716991169,5.52528841763878,0.0555837374501016,4.29133904054467,312.492257790405,10.1933683655453
0,0.54,2.1,1,0.013386459151397,5.7072854558755,0.0565140905228503,4.44352419671414,323.57427265902,10.2207102022639
0,0.54,2.1,2,0.0267698710778562,5.59148734186152,0.0565076582339222,4.35698626056768,317.272641677307,10.031751131741
0,0.54,2.1,3,0.0401502368197413,5.54006099288597,0.0565012274090407,4.31837245410598,314.460811745183,9.95508491122073
0,0.54,2.1,4,0.0535275574169424,5.5124318216903,0.0564947980477061,4.29779040038107,312.962041226775,9.92024457753602
0,0.54,2.1,5,0.0669018339088762,5.49178037079161,0.0564883701494188,4.28263984589063,311.858788620825,9.89781042074054
0,0.54,2.1,6,0.0802730673344864,5.47588789090624,0.0564819437136794,4.27100166675436,311.011304690867,9.88364456870876
0,0.54,2.1,7,0.0936412587322442,5.46392529380118,0.0564755187399889,4.26235331711782,310.381538019311,9.87639538839123
0,0.54,2.1,8,0.107006409140148,5.45439942437374,0.0564690952278483,4.25558173185568,309.888435995119,9.87345666059741
0,0.54,2.1,9,0.120368519595724,5.44675925618138,0.056462673176759,4.25003648478126,309.48463504583,9.87362693373512
0,0.54,2.1,10,0.133727591136028,5.44173172917931,0.0564562525862227,4.24629355106787,309.212077274048,9.87820912396944
0,0.54,2.1,11,0.147083624797641,5.43738375712401,0.056449833455741,4.24306220336183,308.976772831582,9.88397941873923
0,0.54,2.1,12,0.160437825090109,5.43491667044133,0.0564438391803647,4.24120026632359,308.841187900294,9.8929986010354
0,0.54,2.1,13,0.173807643847618,5.43491667044133,0.0564438391803647,4.24120026632359,308.841187900294,9.90636841979291
0,0.54,2.1,14,0.187177462605127,5.43491667044133,0.0564438391803647,4.24120026632359,308.841187900294,9.91973823855042
0,0.54,2.1,15,0.200547281362636,5.43491667044133,0.0564438391803647,4.24120026632359,308.841187900294,9.93310805730793
0,0.54,2.1,16,0.213917100120145,5.43491667044133,0.0564438391803647,4.24120026632359,308.841187900294,9.94647787606544
0,0.54,2.1,17,0.227286918877654,5.43491667044133,0.0564438391803647,4.24120026632359,308.841187900294,9.95984769482294
0,0.54,2.1,18,0.240656737635164,5.43491667044133,0.0564438391803647,4.24120026632359,308.841187900294,9.97321751358045
0,0.54,2.1,19,0.254026556392673,5.43491667044133,0.0564438391803647,4.24120026632359,308.841187900294,9.98658733233796
0,0.54,2.1,20,0.267396375150182,5.43491667044133,0.0564438391803647,4.24120026632359,308.841187900294,9.99995715109547
0,0.54,2.1,21,0.280766193907691,5.43491667044133,0.0564438391803647,4.24120026632359,308.841187900294,10.013326969853
0,0.54,2.1,22,0.2941360126652,5.43491667044133,0.0564438391803647,4.24120026632359,308.841187900294,10.0266967886105
0,0.54,2.1,23,0.307505831422709,5.43491667044133,0.0564438391803647,4.24120026632359,308.841187900294,10.040066607368
0,0.54,2.1,24,0.320875650180218,5.43491667044133,0.0564438391803647,4.24120026632359,308.841187900294,10.0534364261255
0,0.54,2.2,1,0.0133864591513969,5.85088403025171,0.0574178694646543,4.56649617561134,332.529004729237,10.4881845344791
0,0.54,2.2,2,0.0267698710778562,5.69658331863139,0.0574113343099236,4.45079843845779,324.103977770807,10.231562962477
0,0.54,2.2,3,0.0401502368197412,5.62018037935474,0.0574048006426526,4.39334287945211,319.920104814916,10.1110782962692
0,0.54,2.2,4,0.0535275574169423,5.57537211977421,0.0573982684623338,4.3597732033373,317.475584868274,10.0460711489908
0,0.54,2.2,5,0.066901833908876,5.54275594879078,0.0573917377684594,4.33554777752917,315.711506585204,10.0025972979973
0,0.54,2.2,6,0.0802730673344863,5.51625501207774,0.0573852085605222,4.31586578480516,314.278277868939,9.96977907277791
0,0.54,2.2,7,0.093641258732244,5.49477997064071,0.057378680838015,4.30001414752449,313.123972912674,9.94581405773545
0,0.54,2.2,8,0.107006409140148,5.47710397493309,0.0573721546004311,4.28690742839035,312.169550944204,9.92838996706403
0,0.54,2.2,9,0.120368519595724,5.46458295978907,0.0573656298472638,4.27769167631688,311.498466430614,9.92000878554894
0,0.54,2.2,10,0.133727591136028,5.45381939482591,0.0573591065780067,4.26971079888953,310.917304610757,9.91461689142947
0,0.54,2.2,11,0.147083624797641,5.44429635591951,0.0573525847921536,4.26250471348147,310.392562594869,9.91123727899078
0,0.54,2.2,12,0.160436621616675,5.43539337695861,0.0573460644891986,4.25578734244217,309.903408411838,9.90896340550665
0,0.54,2.2,13,0.173786582628771,5.42965193666798,0.057339545668636,4.25148892792441,309.590400922828,9.91226699288979
0,0.54,2.2,14,0.187133508869097,5.42394813297228,0.0573330283299604,4.24719918758291,309.278025081165,9.91561385775424
0,0.54,2.2,15,0.200477401372354,5.41825463551471,0.0573265124726664,4.24292210288371,308.966570814377,9.91898065224345
0,0.54,2.2,16,0.213818261172769,5.41379522363262,0.057319998096249,4.23958348573445,308.723455087324,9.92451696863609
0,0.54,2.2,17,0.2271560893041,5.40998676958884,0.0573134852002035,4.23673869100249,308.516299157592,9.93119503509564
0,0.54,2.2,18,0.240490886799638,5.40739795647578,0.0573069737840254,4.23477675305912,308.373432231493,9.93997257011856
0,0.54,2.2,19,0.253851159399562,5.40695873453705,0.0573068987848468,4.23445080036019,308.34969658771,9.95256759308164
0,0.54,2.2,20,0.267211746736381,5.40695873453705,0.0573068987848468,4.23445080036019,308.34969658771,9.96592818041846
0,0.54,2.2,21,0.2805723340732,5.40695873453705,0.0573068987848468,4.23445080036019,308.34969658771,9.97928876775528
0,0.54,2.2,22,0.293932921410019,5.40695873453705,0.0573068987848468,4.23445080036019,308.34969658771,9.9926493550921
0,0.54,2.2,23,0.307293508746838,5.40695873453705,0.0573068987848468,4.23445080036019,308.34969658771,10.0060099424289
0,0.54,2.2,24,0.320654096083657,5.40695873453705,0.0573068987848468,4.23445080036019,308.34969658771,10.0193705297657
0,0.54,2.3,1,0.0133864591513969,6.00950346899924,0.0583158876505493,4.69986796162102,342.241043359122,10.7810737774222
0,0.54,2.3,2,0.0267698710778561,5.83018122491858,0.0583092502856904,4.56518265761928,332.433355282966,10.4804430039014
0,0.54,2.3,3,0.0401502368197412,5.72679627229307,0.0583026144315552,4.48735400408733,326.765928068943,10.3126031276317
0,0.54,2.3,4,0.0535275574169423,5.66653799292267,0.0582959800876281,4.442044190679,323.466499671825,10.2204057211062
0,0.54,2.3,5,0.066901833908876,5.62166611590673,0.0582893472533936,4.40846656297048,321.021400695784,10.1553238600395
0,0.54,2.3,6,0.0802730673344862,5.58645849747029,0.0582827159283364,4.38221866924666,319.110047737068,10.1072329499798
0,0.54,2.3,7,0.093641258732244,5.55660359696356,0.0582760861119414,4.3599210915764,317.486353984697,10.0684420333841
0,0.54,2.3,8,0.107006409140148,5.53168808841603,0.0582694578036939,4.3412340804012,316.125579117384,10.0381980357611
0,0.54,2.3,9,0.120368519595724,5.5099568175953,0.0582628310030794,4.32498528969285,314.942353730892,10.013573457887
0,0.54,2.3,10,0.133727591136027,5.49048022680667,0.0582562057095835,4.31029074721239,313.872307595285,9.99275477086466
0,0.54,2.3,11,0.147083624797641,5.47582418984389,0.0582495819226922,4.29915793054079,313.061623800692,9.98031532710502
0,0.54,2.3,12,0.160436621616675,5.46303531340306,0.0582429596418915,4.2894600844025,312.35543354007,9.97117497906412
0,0.54,2.3,13,0.17378658262877,5.45206013379068,0.0582363388666679,4.2811803510434,311.752509243751,9.96526340632952
0,0.54,2.3,14,0.187133508869097,5.44284124851942,0.0582297195965081,4.27425001388895,311.247847019633,9.96245449087398
0,0.54,2.3,15,0.200477401372354,5.43359893973144,0.0582231018308988,4.26736998985241,310.74684856099,9.9596694327871
0,0.54,2.3,16,0.213818261172769,5.42600052216168,0.0582164855693271,4.2624037663804,310.385211698743,9.96043903528418
0,0.54,2.3,17,0.2271560893041,5.41961615573148,0.0582098708112804,4.25763897288531,310.038242824199,9.96262108873217
0,0.54,2.3,18,0.240490886799637,5.41401123672663,0.0582032575562461,4.25352368845948,309.738570738277,9.96622906954199
0,0.54,2.3,19,0.253822654692199,5.40849039639592,0.0581966458037122,4.24941635173071,309.439477398004,9.96992604862254
0,0.54,2.3,20,0.267151394014136,5.40307408678337,0.0581900355531666,4.24531693969758,309.140961128433,9.97373245604825
0,0.54,2.3,21,0.280477105797328,5.39785912995918,0.0581834268040975,4.24136765515475,308.853377035966,9.97788731771535
0,0.54,2.3,22,0.293799791073189,5.39392839953671,0.0581768195559935,4.23831855775328,308.631343931099,9.98422356791917
0,0.54,2.3,23,0.307119450872661,5.39038932716945,0.0581702138083432,4.2356137262861,308.434380026794,9.99129271813655
0,0.54,2.3,24,0.32043608622622,5.38770889432603,0.0581636095606356,4.23357632810645,308.286018139943,9.99988491821933
0,0.54,2.4,1,0.0133864591513969,6.1662559661477,0.059208516964629,4.83152225707987,351.828015548231,11.0703731993436
0,0.54,2.4,2,0.0267698710778561,5.96627631892491,0.0592017780029895,4.68104297361192,340.870221116865,10.7332909416177
0,0.54,2.4,3,0.0401502368197413,5.84236834882228,0.0591950405751981,4.58754109160967,334.0614805493,10.5292547178269
0,0.54,2.4,4,0.0535275574169423,5.76452586719072,0.0591883046807312,4.52875470608095,329.780697752219,10.4059964353693
0,0.54,2.4,5,0.066901833908876,5.70829358149792,0.0591815703190654,4.48648108264416,326.702362550098,10.32085806837
0,0.54,2.4,6,0.0802730673344861,5.66312325252468,0.0591748374896776,4.45257086961305,324.233044947334,10.2551420269619
0,0.54,2.4,7,0.0936412587322438,5.6234126933085,0.0591681061920449,4.42265630618259,322.054687707582,10.1988783644154
0,0.54,2.4,8,0.107006409140148,5.59127852386524,0.0591613764256445,4.39850858405443,320.296267751241,10.1559548934855
0,0.54,2.4,9,0.120368519595724,5.56459050493939,0.0591546481899542,4.3784836790006,318.838068402928,10.1225973517257
0,0.54,2.4,10,0.133727591136027,5.54102974240594,0.0591479214844516,4.36067286618507,317.541097677189,10.0945781212115
0,0.54,2.4,11,0.14708362479764,5.52034629011646,0.0591411963086148,4.34498627250433,316.398811078526,10.071557383727
0,0.54,2.4,12,0.160436621616675,5.50049397793062,0.0591344726619222,4.32996375003823,315.304881673558,10.0500288222474
0,0.54,2.4,13,0.17378658262877,5.48346233697863,0.0591277505438522,4.31716593010642,314.372953525373,10.0335426002577
0,0.54,2.4,14,0.187133508869097,5.46852274403206,0.0591210299538836,4.30591729936804,313.553836232781,10.0206945822231
0,0.54,2.4,15,0.200477401372353,5.45569955629173,0.0591143108914954,4.29651587674863,312.869231322047,10.0118071453042
0,0.54,2.4,16,0.213818261172768,5.44368947989472,0.0591075933561668,4.28790922626787,312.242501153367,10.0045245606915
0,0.54,2.4,17,0.2271560893041,5.43354801306078,0.0591008773473773,4.28025037006959,311.684788690455,10.0000553497818
0,0.54,2.4,18,0.240490886799637,5.42468660036983,0.0590941628646067,4.2736112320414,311.201331379669,9.99788288207547
0,0.54,2.4,19,0.253822654692199,5.41649629690752,0.0590874499073348,4.2674916908945,310.755710744345,9.99689809240155
0,0.54,2.4,20,0.267151394014136,5.4094703422523,0.0590807384750418,4.26221033953153,310.371126493134,9.997912814273
0,0.54,2.4,21,0.280477105797328,5.40327044115109,0.0590740285672082,4.25755998472272,310.032490962359,10.0003815602383
0,0.54,2.4,22,0.293799791073189,5.39806927101678,0.0590673201833146,4.25363171648061,309.746437261967,10.0045680987539
0,0.54,2.4,23,0.307119450872661,5.39372560948784,0.0590606133228419,4.25035714116952,309.507985016037,10.0102628148529
0,0.54,2.4,24,0.32043608622622,5.39025416905151,0.0590539079852712,4.24773599980381,309.317115365418,10.0174801630668
0,0.54,2.5,1,0.0133864591513969,6.33386422507634,0.0600960909222624,4.97090967379257,361.978108128797,11.3782564489426
0,0.54,2.5,2,0.0267698710778561,6.11965866328458,0.06008925093923,4.80937522823024,350.215284653939,11.0158930135319
0,0.54,2.5,3,0.0401502368197412,5.97829838248456,0.0600824125130391,4.70243801294933,342.428192669543,10.7809690447667
0,0.54,2.5,4,0.0535275574169422,5.88286027878589,0.0600755756431583,4.6301384770258,337.163391868562,10.6266018888718
0,0.54,2.5,5,0.0669018339088759,5.81370137946053,0.0600687403290562,4.57799077682241,333.366033416766,10.5186627305209
0,0.54,2.5,6,0.0802730673344861,5.76006756130496,0.060061906570202,4.53750920770275,330.418194335868,10.4379117429124
0,0.54,2.5,7,0.0936412587322437,5.71557797622775,0.0600550743660648,4.50385404916739,327.967449620141,10.3731283584935
0,0.54,2.5,8,0.107006409140148,5.67543376025213,0.0600482437161141,4.47376851892932,325.776642699016,10.3162569320377
0,0.54,2.5,9,0.120368519595724,5.63946311764566,0.0600414146198198,4.44659511186712,323.797894517039,10.2664681637283
0,0.54,2.5,10,0.133727591136027,5.60975383606726,0.0600345870766518,4.42414935716709,322.163410618714,10.227665371447
0,0.54,2.5,11,0.14708362479764,5.58478487541227,0.0600277610860803,4.40532224927773,320.792434008285,10.1972185105737
0,0.54,2.5,12,0.160436621616674,5.5615611732197,0.0600209366475757,4.38781054093097,319.517243857298,10.1698292724149
0,0.54,2.5,13,0.17378658262877,5.54052315549455,0.0600141137606089,4.37197767946467,318.364306142487,10.1463015313486
0,0.54,2.5,14,0.187133508869097,5.52202759288467,0.0600072924246506,4.35793808523656,317.341952872948,10.127106479415
0,0.54,2.5,15,0.200477401372353,5.50350668470002,0.0600004726391722,4.34436154446486,316.353318826873,10.1083461031764
0,0.54,2.5,16,0.213818261172768,5.4869196602603,0.0599936544036451,4.33214844917842,315.463969911625,10.0928800250151
0,0.54,2.5,17,0.2271560893041,5.47329268358718,0.0599868377175408,4.32190673836646,314.718175812155,10.0823423489753
0,0.54,2.5,18,0.240490886799637,5.46113264635305,0.0599800225803314,4.31281424641316,314.056067012877,10.0744178021462
0,0.54,2.5,19,0.253822654692199,5.45022866073361,0.0599732089914889,4.30451401851441,313.451650318752,10.0685385429317
0,0.54,2.5,20,0.267151394014135,5.44083038254189,0.0599663969504858,4.29727720203074,312.924670487788,10.0652253755372
0,0.54,2.5,21,0.280477105797328,5.43211169155428,0.0599595864567947,4.29061891580572,312.439818818923,10.0631672996141
0,0.54,2.5,22,0.293799791073188,5.42555683414865,0.0599527775098884,4.28563851811441,312.077149800105,10.0649479208461
0,0.54,2.5,23,0.30711945087266,5.41970538866603,0.05994597010924,4.28116350681031,311.751282658673,10.0679343164582
0,0.54,2.5,24,0.320436086226219,5.41517320225121,0.059939164254323,4.27768390190698,311.497900303612,10.0732323546387
0,0.55,1.9,1,0.0133864816592937,5.59915584932406,0.0550109215751345,4.25525794030872,309.864857724885,9.92281119286721
0,0.55,1.9,2,0.0267729633185873,5.58186756336148,0.0550109215751346,4.24285864665877,308.961949977194,9.90651009491397
0,0.55,1.9,3,0.040159444977881,5.5775273738896,0.0550109215751346,4.23970256997626,308.732126717144,9.91240031041888
0,0.55,1.9,4,0.0535459266371747,5.57715024029687,0.0550109215751346,4.2394287262279,308.712185610092,9.92513581473708
0,0.55,1.9,5,0.0669324082964684,5.57715024029687,0.0550109215751346,4.2394287262279,308.712185610092,9.93852229639638
0,0.55,1.9,6,0.0803188899557621,5.57715024029687,0.0550109215751346,4.2394287262279,308.712185610092,9.95190877805567
0,0.55,1.9,7,0.0937053716150558,5.57715024029687,0.0550109215751346,4.2394287262279,308.712185610092,9.96529525971496
0,0.55,1.9,8,0.107091853274349,5.57715024029687,0.0550109215751346,4.2394287262279,308.712185610092,9.97868174137426
0,0.55,1.9,9,0.120478334933643,5.57715024029687,0.0550109215751346,4.2394287262279,308.712185610092,9.99206822303355
0,0.55,1.9,10,0.133864816592937,5.57715024029687,0.0550109215751346,4.2394287262279,308.712185610092,10.0054547046928
0,0.55,1.9,11,0.147251298252231,5.57715024029687,0.0550109215751346,4.2394287262279,308.712185610092,10.0188411863521
0,0.55,1.9,12,0.160637779911524,5.57715024029687,0.0550109215751346,4.2394287262279,308.712185610092,10.0322276680114
0,0.55,1.9,13,0.174024261570818,5.57715024029687,0.0550109215751346,4.2394287262279,308.712185610092,10.0456141496707
0,0.55,1.9,14,0.187410743230112,5.57715024029687,0.0550109215751346,4.2394287262279,308.712185610092,10.05900063133
0,0.55,1.9,15,0.200797224889405,5.57715024029687,0.0550109215751346,4.2394287262279,308.712185610092,10.0723871129893
0,0.55,1.9,16,0.214183706548699,5.57715024029687,0.0550109215751346,4.2394287262279,308.712185610092,10.0857735946486
0,0.55,1.9,17,0.227570188207993,5.57715024029687,0.0550109215751346,4.2394287262279,308.712185610092,10.0991600763079
0,0.55,1.9,18,0.240956669867286,5.57715024029687,0.0550109215751346,4.2394287262279,308.712185610092,10.1125465579672
0,0.55,1.9,19,0.25434315152658,5.57715024029687,0.0550109215751346,4.2394287262279,308.712185610092,10.1259330396265
0,0.55,1.9,20,0.267729633185874,5.57715024029687,0.0550109215751346,4.2394287262279,308.712185610092,10.1393195212858
0,0.55,1.9,21,0.281116114845167,5.57715024029687,0.0550109215751346,4.2394287262279,308.712185610092,10.1527060029451
0,0.55,1.9,22,0.294502596504461,5.57715024029687,0.0550109215751346,4.2394287262279,308.712185610092,10.1660924846044
0,0.55,1.9,23,0.307889078163755,5.57715024029687,0.0550109215751346,4.2394287262279,308.712185610092,10.1794789662637
0,0.55,1.9,24,0.321275559823048,5.57715024029687,0.0550109215751346,4.2394287262279,308.712185610092,10.192865447923
0,0.55,2,1,0.0133864591513968,5.66548924945148,0.0559419037666489,4.32177199883704,314.708364175422,10.0565896112066
0,0.55,2,2,0.0267698710778559,5.58530555363322,0.0559355366025506,4.26302303111553,310.430306116458,9.93103399242916
0,0.55,2,3,0.0401502368197407,5.55385379845063,0.0559291708876759,4.2401305317546,308.763290589562,9.89006373791265
0,0.55,2,4,0.0535275574169415,5.53385171381561,0.0559228066215303,4.22572365206346,307.714191853745,9.86902572991754
0,0.55,2,5,0.066901833908875,5.52023250629365,0.055916443803619,4.21595580456026,307.002904143501,9.85900658856641
0,0.55,2,6,0.0802730673344848,5.51140082423664,0.0559100824334479,4.20961702224043,306.541318521845,9.85720099624501
0,0.55,2,7,0.0936412587322423,5.50513604887028,0.0559037225105229,4.20501548380089,306.206237764372,9.85969651391394
0,0.55,2,8,0.107010593700137,5.5021853048001,0.0558995499396156,4.20285473786111,306.048893781327,9.86795018630096
0,0.55,2,9,0.120386917912655,5.50053412886172,0.0558995499396156,4.20165672483912,305.961655324853,9.8784773215531
0,0.55,2,10,0.133763242125172,5.50053412886172,0.0558995499396156,4.20165672483912,305.961655324853,9.89185364576562
0,0.55,2,11,0.147139566337689,5.50053412886172,0.0558995499396156,4.20165672483912,305.961655324853,9.90522996997814
0,0.55,2,12,0.160515890550206,5.50053412886172,0.0558995499396156,4.20165672483912,305.961655324853,9.91860629419065
0,0.55,2,13,0.173892214762723,5.50053412886172,0.0558995499396156,4.20165672483912,305.961655324853,9.93198261840317
0,0.55,2,14,0.18726853897524,5.50053412886172,0.0558995499396156,4.20165672483912,305.961655324853,9.94535894261569
0,0.55,2,15,0.200644863187758,5.50053412886172,0.0558995499396156,4.20165672483912,305.961655324853,9.9587352668282
0,0.55,2,16,0.214021187400275,5.50053412886172,0.0558995499396156,4.20165672483912,305.961655324853,9.97211159104072
0,0.55,2,17,0.227397511612792,5.50053412886172,0.0558995499396156,4.20165672483912,305.961655324853,9.98548791525324
0,0.55,2,18,0.240773835825309,5.50053412886172,0.0558995499396156,4.20165672483912,305.961655324853,9.99886423946576
0,0.55,2,19,0.254150160037826,5.50053412886172,0.0558995499396156,4.20165672483912,305.961655324853,10.0122405636783
0,0.55,2,20,0.267526484250343,5.50053412886172,0.0558995499396156,4.20165672483912,305.961655324853,10.0256168878908
0,0.55,2,21,0.280902808462861,5.50053412886172,0.0558995499396156,4.20165672483912,305.961655324853,10.0389932121033
0,0.55,2,22,0.294279132675378,5.50053412886172,0.0558995499396156,4.20165672483912,305.961655324853,10.0523695363158
0,0.55,2,23,0.307655456887895,5.50053412886172,0.0558995499396156,4.20165672483912,305.961655324853,10.0657458605283
0,0.55,2,24,0.321031781100412,5.50053412886172,0.0558995499396156,4.20165672483912,305.961655324853,10.0791221847409
0,0.55,2.1,1,0.0133864591513968,5.79906783882132,0.0568662701610872,4.43600758102789,323.026918049061,10.3053281491617
0,0.55,2.1,2,0.0267698710778559,5.66823946948016,0.0568597977879752,4.33994205738678,316.031494920102,10.0918111957328
0,0.55,2.1,3,0.0401502368197408,5.60836411840047,0.0568533268880334,4.29576557922753,312.814595190022,10.0011332613358
0,0.55,2.1,4,0.0535275574169416,5.57464737733339,0.0568468574607588,4.27098937337151,311.010409495469,9.95601116558261
0,0.55,2.1,5,0.066901833908875,5.55018361673232,0.0568403895056489,4.25327251315629,309.720280331284,9.92719835330314
0,0.55,2.1,6,0.0802730673344849,5.53130392044412,0.0568339230222011,4.23960113240842,308.724740105576,9.90801204320923
0,0.55,2.1,7,0.0936412587322423,5.51704548248367,0.0568274580099132,4.22941441286342,307.982950431067,9.89692861208925
0,0.55,2.1,8,0.107006409140146,5.50530754785898,0.0568209944682833,4.22112594529907,307.379390116131,9.89026089676647
0,0.55,2.1,9,0.120368519595722,5.49587091945006,0.0568145323968096,4.21442932081177,306.891746682266,9.88748329225436
0,0.55,2.1,10,0.133727591136025,5.48790259381474,0.0568080717949905,4.20875682351413,306.478679462198,9.88719508025989
0,0.55,2.1,11,0.147083624797638,5.48250981310137,0.0568016126623248,4.2048673575573,306.195451316632,9.89126240811863
0,0.55,2.1,12,0.160436621616671,5.47758705333925,0.0567951549983113,4.20124642736696,305.931777754652,9.89606525732119
0,0.55,2.1,13,0.173786582628767,5.47398721035516,0.0567886988024493,4.19859334507959,305.738582188827,9.90315583686597
0,0.55,2.1,14,0.18714021767166,5.47261045221238,0.0567842797377977,4.19756431142006,305.663648689383,9.91409926104189
0,0.55,2.1,15,0.200507376076779,5.47261045221238,0.0567842797377977,4.19756431142006,305.663648689383,9.92746641944701
0,0.55,2.1,16,0.213874534481897,5.47261045221238,0.0567842797377977,4.19756431142006,305.663648689383,9.94083357785213
0,0.55,2.1,17,0.227241692887016,5.47261045221238,0.0567842797377977,4.19756431142006,305.663648689383,9.95420073625725
0,0.55,2.1,18,0.240608851292134,5.47261045221238,0.0567842797377977,4.19756431142006,305.663648689383,9.96756789466237
0,0.55,2.1,19,0.253976009697253,5.47261045221238,0.0567842797377977,4.19756431142006,305.663648689383,9.98093505306749
0,0.55,2.1,20,0.267343168102371,5.47261045221238,0.0567842797377977,4.19756431142006,305.663648689383,9.99430221147261
0,0.55,2.1,21,0.28071032650749,5.47261045221238,0.0567842797377977,4.19756431142006,305.663648689383,10.0076693698777
0,0.55,2.1,22,0.294077484912608,5.47261045221238,0.0567842797377977,4.19756431142006,305.663648689383,10.0210365282828
0,0.55,2.1,23,0.307444643317727,5.47261045221238,0.0567842797377977,4.19756431142006,305.663648689383,10.034403686688
0,0.55,2.1,24,0.320811801722846,5.47261045221238,0.0567842797377977,4.19756431142006,305.663648689383,10.0477708450931
0,0.55,2.2,1,0.0133864591513968,5.95009053126783,0.0577844021305505,4.56228542768532,332.222381059106,10.5835468202351
0,0.55,2.2,2,0.0267698710778559,5.78491622409892,0.057777825258011,4.44056248827363,323.358603156157,10.3100264087084
0,0.55,2.2,3,0.0401502368197408,5.69877310696269,0.0577712498824268,4.37691759651394,318.724027389734,10.1736121901788
0,0.55,2.2,4,0.0535275574169416,5.64803222791693,0.0577646760032867,4.33952978666675,316.001473659395,10.0988542480039
0,0.55,2.2,5,0.0669018339088751,5.61182954606326,0.05775810362008,4.31306662126703,314.074444770297,10.0495561048592
0,0.55,2.2,6,0.080273067334485,5.58308008362074,0.0577515327322961,4.29206682120418,312.545254260579,10.0131715048917
0,0.55,2.2,7,0.0936412587322424,5.55815211504681,0.0577449633394247,4.27390446129878,311.222684125705,9.98344279841726
0,0.55,2.2,8,0.107006409140146,5.53760483740959,0.0577383954409556,4.25887372459464,310.128156565764,9.96122336658533
0,0.55,2.2,9,0.120368519595722,5.52122892766988,0.0577318290363791,4.24683538958709,309.25153356977,9.94616466588908
0,0.55,2.2,10,0.133727591136025,5.50888987205173,0.0577252641251855,4.23776440645741,308.590991027736,9.93810713377036
0,0.55,2.2,11,0.147083624797638,5.49861004928018,0.0577187007068654,4.23012054756297,308.034370657826,9.93353292234766
0,0.55,2.2,12,0.160436621616671,5.4890943271671,0.0577121387809096,4.22304736659855,307.519306649028,9.93029045416323
0,0.55,2.2,13,0.173786582628767,5.47996222450461,0.0577055783468092,4.21632526725537,307.029808154271,9.92777965273555
0,0.55,2.2,14,0.187133508869093,5.47405429066369,0.0576990194040556,4.21195781667587,306.711773508329,9.93084463561271
0,0.55,2.2,15,0.200477401372349,5.46834767089432,0.0576924619521401,4.2077474395184,306.4051768373,9.93426497373721
0,0.55,2.2,16,0.213818261172764,5.46201715540832,0.0576859059905546,4.20354547154909,306.099192517374,9.93706679412072
0,0.55,2.2,17,0.227156089304095,5.45609702278101,0.0576793515187911,4.19957791261012,305.810277696373,9.94051037621402
0,0.55,2.2,18,0.240490886799632,5.45209418291548,0.0576727985363418,4.19662465090267,305.595223278606,9.94688251915413
0,0.55,2.2,19,0.253822654692194,5.44859779672424,0.0576662470426991,4.19399501438717,305.403735017218,9.95408171284629
0,0.55,2.2,20,0.267157571507174,5.44637116196691,0.0576610303351986,4.1923318906931,305.282627532297,9.96352165450238
0,0.55,2.2,21,0.280515450082532,5.44550814800016,0.0576610303351986,4.19170441552874,305.236935236964,9.97538904394663
0,0.55,2.2,22,0.293873328657891,5.44550814800016,0.0576610303351986,4.19170441552874,305.236935236964,9.98874692252199
0,0.55,2.2,23,0.30723120723325,5.44550814800016,0.0576610303351986,4.19170441552874,305.236935236964,10.0021048010973
0,0.55,2.2,24,0.320589085808608,5.44550814800016,0.0576610303351986,4.19170441552874,305.236935236964,10.0154626796727
0,0.55,2.3,1,0.0133864591513969,6.11407275211373,0.0586967202484578,4.69731027832766,342.054794680213,10.8834662098412
0,0.55,2.3,2,0.0267698710778559,5.92534077121588,0.0586900395382085,4.55801621986677,331.911500381166,10.5688169016987
0,0.55,2.3,3,0.0401502368197409,5.81280966018087,0.0586833603485489,4.47476957211733,325.849538680418,10.3864128294665
0,0.55,2.3,4,0.0535275574169417,5.74689845139652,0.0586766826789598,4.42601496632297,322.299262950997,10.2851176578154
0,0.55,2.3,5,0.0669018339088752,5.69860178544502,0.0586700065289224,4.3904542654862,319.709757999722,10.214627891369
0,0.55,2.3,6,0.0802730673344851,5.65877386070553,0.0586633318979179,4.36124178763814,317.582526132898,10.1589520475761
0,0.55,2.3,7,0.0936412587322426,5.62728231656132,0.058656658785428,4.33809839004928,315.897240375433,10.1176786241283
0,0.55,2.3,8,0.107006409140146,5.60037781985708,0.0586499871909346,4.31826662245248,314.453105159421,10.0843008386406
0,0.55,2.3,9,0.120368519595722,5.57716138467403,0.0586433171139198,4.30120427899712,313.210637440328,10.0573775003808
0,0.55,2.3,10,0.133727591136025,5.55603346943248,0.0586366485538659,4.28553094117819,312.069316124097,10.0339286503006
0,0.55,2.3,11,0.147083624797638,5.53732013475716,0.0586299815102554,4.27161597652596,311.056038291661,10.014649717591
0,0.55,2.3,12,0.160436621616672,5.52307254173424,0.0586233159825712,4.26093928046747,310.278568875813,10.003071759801
0,0.55,2.3,13,0.173786582628767,5.5102645062948,0.0586166519702963,4.25154573446952,309.594537535053,9.99421347536338
0,0.55,2.3,14,0.187133508869093,5.49899339692956,0.0586099894729138,4.24327056118911,308.991945300422,9.98800745646068
0,0.55,2.3,15,0.20047740137235,5.4895762221088,0.0586033284899075,4.23639055659522,308.490948257578,9.98504750856628
0,0.55,2.3,16,0.213818261172764,5.47932466302046,0.0585966690207609,4.2296043566105,307.996781999679,9.98134394982448
0,0.55,2.3,17,0.227156089304095,5.4720868793559,0.058590011064958,4.22428661215014,307.609547628992,9.98211959187509
0,0.55,2.3,18,0.240490886799632,5.46559061389632,0.0585833546219831,4.21956109206077,307.265438615928,9.9842259473787
0,0.55,2.3,19,0.253822654692194,5.45965963353963,0.0585766996913206,4.21518640826544,306.946877252353,9.98724539618859
0,0.55,2.3,20,0.26715139401413,5.45423768652897,0.0585700462724552,4.21115274214528,306.653148553419,9.99111186896083
0,0.55,2.3,21,0.280477105797322,5.44889928073838,0.0585633943648717,4.20714245889441,306.361122578403,9.99508223979499
0,0.55,2.3,22,0.293799791073182,5.44445146454065,0.0585567439680553,4.20379334822452,306.117242720639,10.0006013478064
0,0.55,2.3,23,0.307119450872654,5.43996983209014,0.0585500950814914,4.20044956545619,305.873750836878,10.0060889435005
0,0.55,2.3,24,0.320436086226213,5.43544483349621,0.0585434477046657,4.19711109788574,305.630646002049,10.0115354653128
0,0.55,2.4,1,0.0133864591513969,6.27413990299918,0.0596035998264785,4.82918156358125,351.657567911895,11.1763115255583
0,0.55,2.4,2,0.026769871077856,6.0665888428608,0.0595968158975202,4.67570349756372,340.481404267404,10.8286590273999
0,0.55,2.4,3,0.0401502368197409,5.93510121786121,0.059590033512645,4.57816890772859,333.379004782702,10.6130103959222
0,0.55,2.4,4,0.0535275574169418,5.85155439875125,0.0595832526713258,4.51614978077643,328.862816053645,10.4808149896159
0,0.55,2.4,5,0.0669018339088753,5.79061542758568,0.0595764733730357,4.47109852847837,325.582215892741,10.388192263346
0,0.55,2.4,6,0.0802730673344852,5.74239223801038,0.059569695617248,4.43546025099596,322.987061865287,10.3176952519581
0,0.55,2.4,7,0.0936412587322427,5.70068610525972,0.0595629194034364,4.40455969372487,320.736905255103,10.2584499771203
0,0.55,2.4,8,0.107006409140146,5.66470573689094,0.0595561447310748,4.37798515645478,318.801766345591,10.2092534472169
0,0.55,2.4,9,0.120368519595722,5.63592076741622,0.0595493715996371,4.35672713558986,317.25377238066,10.1725657942014
0,0.55,2.4,10,0.133727591136025,5.61068108883873,0.0595426000085978,4.33799379912368,315.889624138595,10.141945079107
0,0.55,2.4,11,0.147083624797638,5.58838601434426,0.0595358299574313,4.32139224516896,314.680710783318,10.1163977142683
0,0.55,2.4,12,0.160436621616672,5.56817250252054,0.0595290614456126,4.30636180175023,313.58620458021,10.0944999873331
0,0.55,2.4,13,0.173786582628767,5.54840805852729,0.0595222944726166,4.29175288938615,312.522393968795,10.0734698250148
0,0.55,2.4,14,0.187133508869094,5.53235055923447,0.0595155290379186,4.27987468105426,311.657431283473,10.0588742781957
0,0.55,2.4,15,0.20047740137235,5.51777348467068,0.0595087651409942,4.26926379775422,310.884754305902,10.0470234489382
0,0.55,2.4,16,0.213818261172764,5.5046449313101,0.059502002781319,4.25993569233404,310.205488301487,10.0379008875982
0,0.55,2.4,17,0.227156089304096,5.49326277953644,0.0594952419583692,4.25151160370559,309.592052157091,10.0314257145045
0,0.55,2.4,18,0.240490886799632,5.48279841142111,0.0594884826716209,4.24378220735442,309.029203010399,10.0265599882468
0,0.55,2.4,19,0.253822654692194,5.47384682053541,0.0594817249205506,4.23720363352771,308.550155941705,10.0243548336759
0,0.55,2.4,20,0.26715139401413,5.46571438867027,0.059474968704635,4.23116358354309,308.1103237963,10.0235043349321
0,0.55,2.4,21,0.280477105797322,5.45923689665869,0.0594682140233511,4.22635430225856,307.76011535256,10.0255365187379
0,0.55,2.4,22,0.293799791073182,5.45405198389397,0.0594614608761761,4.22250619172263,307.47989867934,10.029819427566
0,0.55,2.4,23,0.307119450872654,5.4497031627914,0.0594547092625873,4.2192730447841,307.244463218044,10.0355503677107
0,0.55,2.4,24,0.320436086226213,5.44536347987409,0.0594479591820625,4.2160448452587,307.009388023853,10.0412923705411
0,0.55,2.5,1,0.0133864591513969,6.44404703220961,0.0605053774539211,4.96789759879211,361.758770968849,11.485836467607
0,0.55,2.5,2,0.0267698710778561,6.21973474980222,0.0604984908869447,4.80165482019998,349.653090030386,11.108657931967
0,0.55,2.5,3,0.0401502368197411,6.06771830148294,0.0604916058874127,4.68864197209718,341.423574783674,10.8570021162873
0,0.55,2.5,4,0.053527557416942,5.96199174833237,0.0604847224547901,4.60990926635306,335.690315130342,10.6859132945572
0,0.55,2.5,5,0.0669018339088756,5.88569988561103,0.0604778405885419,4.55330897640412,331.568722259066,10.5663885365126
0,0.55,2.5,6,0.0802730673344856,5.82623745996643,0.0604709602881336,4.50921426921882,328.357777033169,10.4761957568079
0,0.55,2.5,7,0.0936412587322432,5.77784071193113,0.0604640815530309,4.47321126480496,325.736063849888,10.4051573170214
0,0.55,2.5,8,0.107006409140147,5.73539953372817,0.0604572043826995,4.44192958027633,323.458153823791,10.3447927275273
0,0.55,2.5,9,0.120368519595723,5.69628272910471,0.0604503287766057,4.41292089211696,321.345761777203,10.290022469594
0,0.55,2.5,10,0.133727591136026,5.66039537926969,0.0604434547342158,4.38627444384992,319.405386360022,10.2408408689899
0,0.55,2.5,11,0.147083624797639,5.63087917388728,0.0604365822549965,4.36434953658676,317.808830201727,10.2027489175267
0,0.55,2.5,12,0.160436621616673,5.60743221109959,0.0604297113384145,4.34697494222967,316.543624593981,10.1752734862843
0,0.55,2.5,13,0.173786582628769,5.58437285839497,0.060422841983937,4.33001792494233,315.308826651556,10.14860020795
0,0.55,2.5,14,0.187133508869095,5.56448270023225,0.0604159741910314,4.3152642686972,314.234475893635,10.1272964519896
0,0.55,2.5,15,0.200477401372351,5.54556167971909,0.0604091079591651,4.30168164391818,313.245398814473,10.1081298329688
0,0.55,2.5,16,0.213818261172766,5.52689836780424,0.0604022432878061,4.2881842555545,312.262528590473,10.0893031278193
0,0.55,2.5,17,0.227156089304097,5.51054220352786,0.0603953801764224,4.27615677822563,311.386696242921,10.074250451234
0,0.55,2.5,18,0.240490886799635,5.49569826711202,0.0603885186244824,4.26522181656485,310.59042010954,10.061799489101
0,0.55,2.5,19,0.253822654692196,5.48230588059352,0.0603816586314545,4.25532220966571,309.869537773766,10.0518324035829
0,0.55,2.5,20,0.267151394014133,5.47092774306052,0.0603748001968076,4.24689992435163,309.256232945439,10.0453538616231
0,0.55,2.5,21,0.280477105797325,5.4604604079635,0.0603679433200106,4.23916866122203,308.69324786127,10.0404741183029
0,0.55,2.5,22,0.293799791073185,5.45207096632877,0.060361088000533,4.23282245467037,308.231121612331,10.0390543000729
0,0.55,2.5,23,0.307119450872657,5.4439391424521,0.0603542342378442,4.22665287319134,307.781857075601,10.0380657007539
0,0.55,2.5,24,0.320436086226216,5.43780309082766,0.0603473820314139,4.22199297012415,307.442526247439,10.0405795292094
0,0.56,1.8,1,0.0133875801394145,5.63173605230305,0.0543849829120196,4.18904142713213,305.043018315307,9.88855004248661
0,0.56,1.8,2,0.026775160278829,5.63173605230305,0.0543849829120196,4.18904142713213,305.043018315307,9.90193762262602
0,0.56,1.8,3,0.0401627404182435,5.63173605230305,0.0543849829120196,4.18904142713213,305.043018315307,9.91532520276544
0,0.56,1.8,4,0.0535503205576581,5.63173605230305,0.0543849829120196,4.18904142713213,305.043018315307,9.92871278290485
0,0.56,1.8,5,0.0669379006970726,5.63173605230305,0.0543849829120196,4.18904142713213,305.043018315307,9.94210036304427
0,0.56,1.8,6,0.0803254808364871,5.63173605230305,0.0543849829120196,4.18904142713213,305.043018315307,9.95548794318368
0,0.56,1.8,7,0.0937130609759016,5.63173605230305,0.0543849829120196,4.18904142713213,305.043018315307,9.9688755233231
0,0.56,1.8,8,0.107100641115316,5.63173605230305,0.0543849829120196,4.18904142713213,305.043018315307,9.98226310346251
0,0.56,1.8,9,0.120488221254731,5.63173605230305,0.0543849829120196,4.18904142713213,305.043018315307,9.99565068360192
0,0.56,1.8,10,0.133875801394145,5.63173605230305,0.0543849829120196,4.18904142713213,305.043018315307,10.0090382637413
0,0.56,1.8,11,0.14726338153356,5.63173605230305,0.0543849829120196,4.18904142713213,305.043018315307,10.0224258438808
0,0.56,1.8,12,0.160650961672974,5.63173605230305,0.0543849829120196,4.18904142713213,305.043018315307,10.0358134240202
0,0.56,1.8,13,0.174038541812389,5.63173605230305,0.0543849829120196,4.18904142713213,305.043018315307,10.0492010041596
0,0.56,1.8,14,0.187426121951803,5.63173605230305,0.0543849829120196,4.18904142713213,305.043018315307,10.062588584299
0,0.56,1.8,15,0.200813702091218,5.63173605230305,0.0543849829120196,4.18904142713213,305.043018315307,10.0759761644384
0,0.56,1.8,16,0.214201282230632,5.63173605230305,0.0543849829120196,4.18904142713213,305.043018315307,10.0893637445778
0,0.56,1.8,17,0.227588862370047,5.63173605230305,0.0543849829120196,4.18904142713213,305.043018315307,10.1027513247172
0,0.56,1.8,18,0.240976442509461,5.63173605230305,0.0543849829120196,4.18904142713213,305.043018315307,10.1161389048567
0,0.56,1.8,19,0.254364022648876,5.63173605230305,0.0543849829120196,4.18904142713213,305.043018315307,10.1295264849961
0,0.56,1.8,20,0.26775160278829,5.63173605230305,0.0543849829120196,4.18904142713213,305.043018315307,10.1429140651355
0,0.56,1.8,21,0.281139182927705,5.63173605230305,0.0543849829120196,4.18904142713213,305.043018315307,10.1563016452749
0,0.56,1.8,22,0.294526763067119,5.63173605230305,0.0543849829120196,4.18904142713213,305.043018315307,10.1696892254143
0,0.56,1.8,23,0.307914343206534,5.63173605230305,0.0543849829120196,4.18904142713213,305.043018315307,10.1830768055537
0,0.56,1.8,24,0.321301923345948,5.63173605230305,0.0543849829120196,4.18904142713213,305.043018315307,10.1964643856931
0,0.56,1.9,1,0.0133864591513968,5.65622208025886,0.0553332635260756,4.22644567334052,307.766768929783,9.95138747627686
0,0.56,1.9,2,0.0267718649736592,5.63030743247134,0.055331086544922,4.20803596924697,306.42618736699,9.92044635323689
0,0.56,1.9,3,0.0401577974604887,5.61657235144082,0.0553310865449219,4.19828304376124,305.715986267449,9.91034427920747
0,0.56,1.9,4,0.0535404393634613,5.61236018088227,0.0553276861172649,4.19524628064457,305.494851336432,9.91647458700757
0,0.56,1.9,5,0.0669255492043267,5.61113108177743,0.0553276861172649,4.19437635818369,305.431504201346,9.92776067528271
0,0.56,1.9,6,0.080310659045192,5.61113108177743,0.0553276861172649,4.19437635818369,305.431504201346,9.94114578512358
0,0.56,1.9,7,0.0936957688860573,5.61113108177743,0.0553276861172649,4.19437635818369,305.431504201346,9.95453089496444
0,0.56,1.9,8,0.107080878726923,5.61113108177743,0.0553276861172649,4.19437635818369,305.431504201346,9.96791600480531
0,0.56,1.9,9,0.120465988567788,5.61113108177743,0.0553276861172649,4.19437635818369,305.431504201346,9.98130111464618
0,0.56,1.9,10,0.133851098408653,5.61113108177743,0.0553276861172649,4.19437635818369,305.431504201346,9.99468622448704
0,0.56,1.9,11,0.147236208249519,5.61113108177743,0.0553276861172649,4.19437635818369,305.431504201346,10.0080713343279
0,0.56,1.9,12,0.160621318090384,5.61113108177743,0.0553276861172649,4.19437635818369,305.431504201346,10.0214564441688
0,0.56,1.9,13,0.174006427931249,5.61113108177743,0.0553276861172649,4.19437635818369,305.431504201346,10.0348415540096
0,0.56,1.9,14,0.187391537772115,5.61113108177743,0.0553276861172649,4.19437635818369,305.431504201346,10.0482266638505
0,0.56,1.9,15,0.20077664761298,5.61113108177743,0.0553276861172649,4.19437635818369,305.431504201346,10.0616117736914
0,0.56,1.9,16,0.214161757453845,5.61113108177743,0.0553276861172649,4.19437635818369,305.431504201346,10.0749968835322
0,0.56,1.9,17,0.227546867294711,5.61113108177743,0.0553276861172649,4.19437635818369,305.431504201346,10.0883819933731
0,0.56,1.9,18,0.240931977135576,5.61113108177743,0.0553276861172649,4.19437635818369,305.431504201346,10.101767103214
0,0.56,1.9,19,0.254317086976441,5.61113108177743,0.0553276861172649,4.19437635818369,305.431504201346,10.1151522130548
0,0.56,1.9,20,0.267702196817307,5.61113108177743,0.0553276861172649,4.19437635818369,305.431504201346,10.1285373228957
0,0.56,1.9,21,0.281087306658172,5.61113108177743,0.0553276861172649,4.19437635818369,305.431504201346,10.1419224327366
0,0.56,1.9,22,0.294472416499037,5.61113108177743,0.0553276861172649,4.19437635818369,305.431504201346,10.1553075425774
0,0.56,1.9,23,0.307857526339903,5.61113108177743,0.0553276861172649,4.19437635818369,305.431504201346,10.1686926524183
0,0.56,1.9,24,0.321242636180768,5.61113108177743,0.0553276861172649,4.19437635818369,305.431504201346,10.1820777622592
0,0.56,2,1,0.0133864591513969,5.75107188363499,0.0562787869955778,4.31199100540681,313.996119188119,10.1327281351888
0,0.56,2,2,0.026769871077856,5.65202972415167,0.056272381488294,4.24064897904523,308.80104355265,9.97572095576306
0,0.56,2,3,0.0401502368197411,5.61168926082549,0.056265977438961,4.21163273320218,306.68810116091,9.91973820828637
0,0.56,2,4,0.053527557416942,5.58777460332436,0.0562595748470813,4.19465073486231,305.451484116001,9.89221247045069
0,0.56,2,5,0.0669018339088756,5.570644602507,0.0562531737121573,4.18256428437326,304.571357384854,9.87636389450129
0,0.56,2,6,0.0802730673344857,5.55821594802234,0.0562467740336918,4.17386762917394,303.938073136562,9.86860341856446
0,0.56,2,7,0.0936412587322433,5.54969750928302,0.0562403758111876,4.16780634078248,303.496694425472,9.86738548460893
0,0.56,2,8,0.107006409140147,5.54326475631025,0.0562339790441481,4.1631458149999,303.157318251618,9.86965095949444
0,0.56,2,9,0.120368519595723,5.53924177546743,0.0562275837320767,4.16022299190677,302.944480352104,9.876060870702
0,0.56,2,10,0.133737134751711,5.53674083049087,0.0562252021611334,4.15843538244911,302.814307902387,9.88513854985282
0,0.56,2,11,0.147110848226882,5.53641335833212,0.0562252021611334,4.15820669651435,302.797655155213,9.89795610523448
0,0.56,2,12,0.160484561702053,5.53641335833212,0.0562252021611334,4.15820669651435,302.797655155213,9.91132981870965
0,0.56,2,13,0.173858275177225,5.53641335833212,0.0562252021611334,4.15820669651435,302.797655155213,9.92470353218482
0,0.56,2,14,0.187231988652396,5.53641335833212,0.0562252021611334,4.15820669651435,302.797655155213,9.93807724565999
0,0.56,2,15,0.200605702127567,5.53641335833212,0.0562252021611334,4.15820669651435,302.797655155213,9.95145095913517
0,0.56,2,16,0.213979415602738,5.53641335833212,0.0562252021611334,4.15820669651435,302.797655155213,9.96482467261034
0,0.56,2,17,0.227353129077909,5.53641335833212,0.0562252021611334,4.15820669651435,302.797655155213,9.97819838608551
0,0.56,2,18,0.24072684255308,5.53641335833212,0.0562252021611334,4.15820669651435,302.797655155213,9.99157209956068
0,0.56,2,19,0.254100556028251,5.53641335833212,0.0562252021611334,4.15820669651435,302.797655155213,10.0049458130358
0,0.56,2,20,0.267474269503422,5.53641335833212,0.0562252021611334,4.15820669651435,302.797655155213,10.018319526511
0,0.56,2,21,0.280847982978593,5.53641335833212,0.0562252021611334,4.15820669651435,302.797655155213,10.0316932399862
0,0.56,2,22,0.294221696453765,5.53641335833212,0.0562252021611334,4.15820669651435,302.797655155213,10.0450669534614
0,0.56,2,23,0.307595409928936,5.53641335833212,0.0562252021611334,4.15820669651435,302.797655155213,10.0584406669365
0,0.56,2,24,0.320969123404107,5.53641335833212,0.0562252021611334,4.15820669651435,302.797655155213,10.0718143804117
0,0.56,2.1,1,0.0133864591513969,5.89304311121388,0.0572175414634269,4.43030668426281,322.611782799966,10.3939537960915
0,0.56,2.1,2,0.0267698710778561,5.74762883958356,0.0572110291095156,4.32534126180634,314.968275367101,10.1569510015773
0,0.56,2.1,3,0.0401502368197411,5.67883151436103,0.0572045182378746,4.27540448617196,311.331914870452,10.0515907555906
0,0.56,2.1,4,0.053527557416942,5.63894971598417,0.0571980088479977,4.24653725406087,309.229823552725,9.99621253630998
0,0.56,2.1,5,0.0669018339088756,5.61068897673795,0.0571915009393792,4.22635962648913,307.760503059244,9.96114193807534
0,0.56,2.1,6,0.0802730673344857,5.58834848615363,0.0571849945115135,4.21038440251139,306.597198607569,9.93619095051102
0,0.56,2.1,7,0.0936412587322433,5.57073295249062,0.0571784895638953,4.19791770602624,305.689382633342,9.91947040681301
0,0.56,2.1,8,0.107006409140147,5.55756507539109,0.0571719860960195,4.18872828672861,305.020215653766,9.91047175735587
0,0.56,2.1,9,0.120368519595723,5.54636456787381,0.0571654841073813,4.18085335852546,304.446768981086,9.90475193010237
0,0.56,2.1,10,0.133727591136026,5.53679193373548,0.057158983597476,4.17409893998892,303.954917025647,9.90177744845791
0,0.56,2.1,11,0.147083624797639,5.52890059500806,0.0571524845657992,4.16853193430117,303.549531629606,9.90166863867267
0,0.56,2.1,12,0.160436621616673,5.5229378962072,0.0571459870118467,4.16427523860711,303.239562075675,9.90479574344283
0,0.56,2.1,13,0.173786582628769,5.51796182272864,0.0571394909351147,4.16068177384507,302.977888526657,9.9095696701376
0,0.56,2.1,14,0.187133508869095,5.5135633256682,0.0571329963350993,4.15748757826076,302.74528947528,9.91531740913315
0,0.56,2.1,15,0.200477401372352,5.51041794453782,0.0571265032112971,4.1551933869543,302.578228095514,9.92321523607577
0,0.56,2.1,16,0.213831985779872,5.50991431152964,0.0571236779933419,4.1548171170021,302.550828385122,9.93568709230495
0,0.56,2.1,17,0.227196484891114,5.50991431152964,0.0571236779933419,4.1548171170021,302.550828385122,9.9490515914162
0,0.56,2.1,18,0.240560984002356,5.50991431152964,0.0571236779933419,4.1548171170021,302.550828385122,9.96241609052744
0,0.56,2.1,19,0.253925483113598,5.50991431152964,0.0571236779933419,4.1548171170021,302.550828385122,9.97578058963868
0,0.56,2.1,20,0.26728998222484,5.50991431152964,0.0571236779933419,4.1548171170021,302.550828385122,9.98914508874992
0,0.56,2.1,21,0.280654481336082,5.50991431152964,0.0571236779933419,4.1548171170021,302.550828385122,10.0025095878612
0,0.56,2.1,22,0.294018980447324,5.50991431152964,0.0571236779933419,4.1548171170021,302.550828385122,10.0158740869724
0,0.56,2.1,23,0.307383479558566,5.50991431152964,0.0571236779933419,4.1548171170021,302.550828385122,10.0292385860836
0,0.56,2.1,24,0.320747978669808,5.50991431152964,0.0571236779933419,4.1548171170021,302.550828385122,10.0426030851949
0,0.56,2.2,1,0.0133864591513969,6.0494609947343,0.0581500050850154,4.55832277240346,331.933823318929,10.6793202313742
0,0.56,2.2,2,0.026769871077856,5.8748252015933,0.0581433866004848,4.43181086199191,322.721315952728,10.3915493212636
0,0.56,2.2,3,0.0401502368197411,5.77825645850286,0.0581367696223807,4.3616871942864,317.614960328341,10.2382306592314
0,0.56,2.2,4,0.0535275574169419,5.72201703707234,0.0581301541501888,4.32092631200637,314.646781861696,10.1546010606458
0,0.56,2.2,5,0.0669018339088756,5.6814213447965,0.058123540183395,4.2916995589694,312.518510485766,10.0981462778582
0,0.56,2.2,6,0.0802730673344856,5.64981577758791,0.0581169277214856,4.2689777010067,310.863920944163,10.0571834736506
0,0.56,2.2,7,0.0936412587322432,5.62303019250487,0.0581103167639471,4.24976776081126,309.465066757398,10.0245495288123
0,0.56,2.2,8,0.107006409140147,5.59992548247404,0.058103707310266,4.23299202616491,308.243469687998,9.99802762508936
0,0.56,2.2,9,0.120368519595723,5.58024506858319,0.0580970993599293,4.21871622899643,307.203916288281,9.97742691653528
0,0.56,2.2,10,0.133727591136026,5.56508236428569,0.0580904929124242,4.20770157791005,306.401837227588,9.96460202624419
0,0.56,2.2,11,0.147083624797639,5.55263423538943,0.0580838879672381,4.19857559309365,305.737289501833,9.95637734124795
0,0.56,2.2,12,0.160436621616673,5.54261828621855,0.0580772845238584,4.19125774042368,305.204408673399,9.95238993278275
0,0.56,2.2,13,0.173786582628769,5.53303218632406,0.0580706825817732,4.18431382071673,304.698757377466,9.94920327225133
0,0.56,2.2,14,0.187133508869095,5.52391640893889,0.0580640821404704,4.17769696743516,304.216922826085,9.94681096738362
0,0.56,2.2,15,0.200477401372352,5.51764454783565,0.0580574831994384,4.17315506779443,303.886184923537,9.94933450020186
0,0.56,2.2,16,0.213818261172766,5.51108575323345,0.0580508857581658,4.16902187161117,303.585208516174,9.95197677177555
0,0.56,2.2,17,0.227156089304098,5.50511310065133,0.0580442898161412,4.16489685456691,303.284827707899,9.95521033433848
0,0.56,2.2,18,0.240490886799635,5.49933165267239,0.0580376953728537,4.16077999240724,302.985040732521,9.95864022725212
0,0.56,2.2,19,0.253822654692197,5.49444457974341,0.0580311024277926,4.15726309694828,302.728942905712,9.96356143381168
0,0.56,2.2,20,0.267151394014133,5.49072565164122,0.0580245109804474,4.15452766931223,302.529751010144,9.97042922594803
0,0.56,2.2,21,0.280477105797325,5.48744576478382,0.0580179210303076,4.15210904390378,302.353628427543,9.97804983551523
0,0.56,2.2,22,0.293813760064865,5.48558445531982,0.0580140907810783,4.15073728669088,302.253738042619,9.98814959285665
0,0.56,2.2,23,0.307168930976904,5.48464907137145,0.0580140907810783,4.15005523828729,302.204071762806,9.99988733141673
0,0.56,2.2,24,0.320524101888944,5.48431915125567,0.0580140907810783,4.14981244695963,302.186391870951,10.0126697908853
0,0.56,2.3,1,0.0133864591513969,6.21512341028595,0.0590766022399343,4.69229193776906,341.689362688775,10.9798784094463
0,0.56,2.3,2,0.0267698710778561,6.01325867421444,0.0590698782924906,4.54588216514278,331.027907143478,10.6449805887276
0,0.56,2.3,3,0.0401502368197413,5.88715382698447,0.0590631558754778,4.45413490857108,324.346937152226,10.4405021282508
0,0.56,2.3,4,0.0535275574169423,5.80983758779537,0.0590564349883731,4.39788760060249,320.251048177789,10.3203091808032
0,0.56,2.3,5,0.066901833908876,5.75465120885217,0.0590497156306546,4.35786445864519,317.336591436913,10.2384672170369
0,0.56,2.3,6,0.0802730673344861,5.70940762520153,0.0590429978018002,4.32518836822698,314.957141765359,10.1739120585648
0,0.56,2.3,7,0.0936412587322439,5.67128939706968,0.0590362815012881,4.2975608104818,312.945322653549,10.121527747785
0,0.56,2.3,8,0.107006409140148,5.64084946550474,0.0590295667285969,4.27546303402366,311.336178283386,10.0823484753971
0,0.56,2.3,9,0.120368519595724,5.61401408448763,0.0590228534832053,4.25609258462548,309.9256359306,10.049498042192
0,0.56,2.3,10,0.133727591136027,5.59087663768892,0.0590161417645922,4.23922269078071,308.697182255318,10.0228430613702
0,0.56,2.3,11,0.14708362479764,5.56983907910141,0.059009431572237,4.22386093864007,307.578550386642,9.99979307411135
0,0.56,2.3,12,0.160436621616675,5.54961820563206,0.059002722905619,4.20904780066109,306.499868211154,9.97810535081545
0,0.56,2.3,13,0.17378658262877,5.53318393290577,0.0589960157642179,4.19708673364509,305.628871815368,9.96305326494386
0,0.56,2.3,14,0.187133508869097,5.51887035309207,0.0589893101475136,4.1868073352476,304.880333332715,9.95180050735628
0,0.56,2.3,15,0.200477401372353,5.50671333310305,0.0589826060549863,4.1781472886181,304.249714894448,9.94432062914849
0,0.56,2.3,16,0.213818261172768,5.49453036651094,0.0589759034861165,4.17000890406778,303.657083517885,9.9373334352376
0,0.56,2.3,17,0.2271560893041,5.48502304129166,0.0589692024403846,4.16309985007451,303.153971118433,9.93424818311066
0,0.56,2.3,18,0.240490886799637,5.47594230961411,0.0589625029172717,4.1565462435676,302.676742152214,9.93194194289863
0,0.56,2.3,19,0.253822654692199,5.46838037371297,0.0589558049162587,4.15103162437995,302.275171503863,9.93219045770137
0,0.56,2.3,20,0.267151394014136,5.46141100839172,0.058949108436827,4.1459480371101,301.904988293303,9.93345954795279
0,0.56,2.3,21,0.280477105797328,5.45519513294131,0.0589424134784583,4.14141124963413,301.574622654959,9.93602590185123
0,0.56,2.3,22,0.293799791073189,5.45014133941117,0.0589357200406343,4.13776524545924,301.309123223252,9.94064209598423
0,0.56,2.3,23,0.307119450872661,5.4456496913892,0.058929028122837,4.13452563748765,301.073217274123,9.94622380787235
0,0.56,2.3,24,0.32043608622622,5.44117483444682,0.0589223377245488,4.13129109836297,300.83768043482,9.95182435676056
0,0.56,2.4,1,0.0133864591513969,6.37997003728878,0.0599977116364078,4.82543179681091,351.384512561763,11.2787860048875
0,0.56,2.4,2,0.0267698710778561,6.16131326610648,0.0599908828506536,4.66651266592469,339.81213444213,10.9145866859597
0,0.56,2.4,3,0.0401502368197412,6.01791049715937,0.0599840556191923,4.56191933447133,332.195722411555,10.6799641240696
0,0.56,2.4,4,0.0535275574169422,5.92322868609239,0.0599772299414932,4.49282946602246,327.164647314005,10.5295629394733
0,0.56,2.4,5,0.0669018339088759,5.85430766235721,0.0599704058170261,4.44267941607166,323.512756333273,10.4238593181548
0,0.56,2.4,6,0.0802730673344861,5.80153299463881,0.0599635832452609,4.40429354793091,320.717524707616,10.3460631931495
0,0.56,2.4,7,0.0936412587322438,5.75727063036114,0.0599567622256675,4.37204162864903,318.368962876624,10.2829102799681
0,0.56,2.4,8,0.107006409140148,5.71698924807246,0.0599499427577165,4.3428235219511,316.241321120955,10.2267691219214
0,0.56,2.4,9,0.120368519595724,5.68140899655736,0.0599431248408783,4.31695911941649,314.357893717975,10.1786797604105
0,0.56,2.4,10,0.133727591136027,5.65293918030107,0.059936308474624,4.29616861963787,312.843944306141,10.1427716995496
0,0.56,2.4,11,0.14708362479764,5.62732487815026,0.0599294936584245,4.2775122057615,311.485397512374,10.1118502023678
0,0.56,2.4,12,0.160436621616674,5.60503224782449,0.0599226803917512,4.26128258094432,310.303567772451,10.0866741307772
0,0.56,2.4,13,0.17378658262877,5.58472521998509,0.0599158686740757,4.24653485433412,309.229648806329,10.064962525622
0,0.56,2.4,14,0.187133508869097,5.56557640258787,0.0599090585048698,4.23254700827173,308.211063801424,10.0451659782336
0,0.56,2.4,15,0.200477401372353,5.54716256399274,0.0599022498836054,4.21931205700468,307.247304060209,10.0268542722534
0,0.56,2.4,16,0.213818261172768,5.53130253642577,0.059895442809755,4.20817586567519,306.436374525427,10.0131921060835
0,0.56,2.4,17,0.2271560893041,5.5176534444502,0.0598886372827911,4.19826843259719,305.714922292872,10.0029666036343
0,0.56,2.4,18,0.240490886799637,5.50585432994971,0.0598818333021864,4.18966677128318,305.088555431767,9.99589382133471
0,0.56,2.4,19,0.253822654692199,5.49492436067149,0.0598750308674139,4.18158919508158,304.500352075923,9.99021124131268
0,0.56,2.4,20,0.267151394014136,5.48529601772738,0.0598682299779469,4.17444435418306,303.980069841675,9.98675999590252
0,0.56,2.4,21,0.280477105797328,5.47720748370121,0.0598614306332589,4.16850484824053,303.547559241928,9.98605086837233
0,0.56,2.4,22,0.293799791073188,5.47086795040381,0.0598546328328236,4.16387968864,303.210758408306,9.98840206294982
0,0.56,2.4,23,0.30711945087266,5.46540519365696,0.059847836576115,4.15986208901608,302.918199660205,9.99223457012181
0,0.56,2.4,24,0.32043608622622,5.46033449333206,0.0598410418626073,4.15609710288121,302.64403604677,9.99670872430209
0,0.56,2.5,1,0.0133864591513969,6.55626281878095,0.0609136729098635,4.96645107842259,361.653436384016,11.5970140292648
0,0.56,2.5,2,0.0267698710778561,6.32543509788002,0.0609067398717449,4.79826246519906,349.406061151183,11.2113741740287
0,0.56,2.5,3,0.0401502368197412,6.16722616407235,0.0608998084116479,4.68263748073264,340.986331991702,10.9509136900364
0,0.56,2.5,4,0.0535275574169422,6.05566067568307,0.060892878529034,4.60095045694394,335.037940998883,10.771031568573
0,0.56,2.5,5,0.0669018339088759,5.97510116512578,0.0608859502233645,4.54217465306823,330.75792875025,10.6450636023263
0,0.56,2.5,6,0.080273067334486,5.91237216564265,0.0608790234941013,4.49643232920028,327.427005248978,10.5499565856715
0,0.56,2.5,7,0.0936412587322437,5.86122339356632,0.0608720983407065,4.45901397421199,324.702227243182,10.4747507248513
0,0.56,2.5,8,0.107006409140147,5.81744786967014,0.0608651747626422,4.42723377615237,322.388015816201,10.4125532297253
0,0.56,2.5,9,0.120368519595724,5.77693134263261,0.0608582527593712,4.39768333204988,320.236173487023,10.3558414470376
0,0.56,2.5,10,0.133727591136027,5.73883639144724,0.060851332330356,4.36987080695972,318.210885184663,10.3032861218733
0,0.56,2.5,11,0.14708362479764,5.70682177441782,0.0608444134750598,4.34650666320654,316.509524848463,10.2612564758971
0,0.56,2.5,12,0.160436621616674,5.68132148486593,0.0608374961929458,4.32797282816585,315.159904158356,10.2305684308414
0,0.56,2.5,13,0.17378658262877,5.65808591411449,0.0608305804834775,4.31117388696145,313.936617203899,10.2038769641882
0,0.56,2.5,14,0.187133508869096,5.63634864144139,0.0608236663461186,4.29534583214809,312.784029506137,10.1796516488047
0,0.56,2.5,15,0.200477401372353,5.61614358672213,0.0608167537803332,4.28109913111095,311.746594866017,10.1585368729858
0,0.56,2.5,16,0.213818261172768,5.59719401050384,0.0608098427855854,4.26761035405757,310.76435171151,10.1394324685198
0,0.56,2.5,17,0.227156089304099,5.57975627902461,0.0608029333613398,4.25498259623545,309.84480736524,10.1226978979255
0,0.56,2.5,18,0.240490886799637,5.56405477340695,0.0607960255070611,4.2436116839785,309.016785619407,10.1089533696921
0,0.56,2.5,19,0.253822654692198,5.55019086948573,0.0607891192222142,4.23352676546474,308.282409023612,10.0983294088649
0,0.56,2.5,20,0.267151394014135,5.53692498839802,0.0607822145062644,4.22384937630324,307.577708425495,10.0887079732217
0,0.56,2.5,21,0.280477105797327,5.52509311572608,0.0607753113586771,4.21529992988877,306.95514381625,10.0816454627709
0,0.56,2.5,22,0.293799791073188,5.51489184033547,0.060768409778918,4.20789349050648,306.41581216641,10.0773535316941
0,0.56,2.5,23,0.30711945087266,5.50686848433668,0.0607615097664531,4.2018966250235,305.979124685711,10.0766460699993
0,0.56,2.5,24,0.320436086226219,5.49943447597564,0.0607546113207484,4.19636719836561,305.576475767905,10.0769923718882
0,0.57,1.8,1,0.01338703087682,5.66941723829092,0.054689866297355,4.1482128656296,302.0699114958,9.8857070010947
0,0.57,1.8,2,0.02677406175364,5.66390669103169,0.054689866297355,4.14439925611839,301.79220716267,9.88976987520108
0,0.57,1.8,3,0.04016109263046,5.66390669103169,0.054689866297355,4.14439925611839,301.79220716267,9.9031569060779
0,0.57,1.8,4,0.05354812350728,5.66390669103169,0.054689866297355,4.14439925611839,301.79220716267,9.91654393695472
0,0.57,1.8,5,0.0669351543841,5.66390669103169,0.054689866297355,4.14439925611839,301.79220716267,9.92993096783154
0,0.57,1.8,6,0.08032218526092,5.66390669103169,0.054689866297355,4.14439925611839,301.79220716267,9.94331799870836
0,0.57,1.8,7,0.0937092161377401,5.66390669103169,0.054689866297355,4.14439925611839,301.79220716267,9.95670502958518
0,0.57,1.8,8,0.10709624701456,5.66390669103169,0.054689866297355,4.14439925611839,301.79220716267,9.970092060462
0,0.57,1.8,9,0.12048327789138,5.66390669103169,0.054689866297355,4.14439925611839,301.79220716267,9.98347909133882
0,0.57,1.8,10,0.1338703087682,5.66390669103169,0.054689866297355,4.14439925611839,301.79220716267,9.99686612221564
0,0.57,1.8,11,0.14725733964502,5.66390669103169,0.054689866297355,4.14439925611839,301.79220716267,10.0102531530925
0,0.57,1.8,12,0.16064437052184,5.66390669103169,0.054689866297355,4.14439925611839,301.79220716267,10.0236401839693
0,0.57,1.8,13,0.17403140139866,5.66390669103169,0.054689866297355,4.14439925611839,301.79220716267,10.0370272148461
0,0.57,1.8,14,0.18741843227548,5.66390669103169,0.054689866297355,4.14439925611839,301.79220716267,10.0504142457229
0,0.57,1.8,15,0.2008054631523,5.66390669103169,0.054689866297355,4.14439925611839,301.79220716267,10.0638012765997
0,0.57,1.8,16,0.21419249402912,5.66390669103169,0.054689866297355,4.14439925611839,301.79220716267,10.0771883074766
0,0.57,1.8,17,0.22757952490594,5.66390669103169,0.054689866297355,4.14439925611839,301.79220716267,10.0905753383534
0,0.57,1.8,18,0.24096655578276,5.66390669103169,0.054689866297355,4.14439925611839,301.79220716267,10.1039623692302
0,0.57,1.8,19,0.25435358665958,5.66390669103169,0.054689866297355,4.14439925611839,301.79220716267,10.117349400107
0,0.57,1.8,20,0.2677406175364,5.66390669103169,0.054689866297355,4.14439925611839,301.79220716267,10.1307364309838
0,0.57,1.8,21,0.28112764841322,5.66390669103169,0.054689866297355,4.14439925611839,301.79220716267,10.1441234618607
0,0.57,1.8,22,0.29451467929004,5.66390669103169,0.054689866297355,4.14439925611839,301.79220716267,10.1575104927375
0,0.57,1.8,23,0.30790171016686,5.66390669103169,0.054689866297355,4.14439925611839,301.79220716267,10.1708975236143
0,0.57,1.8,24,0.32128874104368,5.66390669103169,0.054689866297355,4.14439925611839,301.79220716267,10.1842845544911
0,0.57,1.9,1,0.013386459151397,5.69957077844904,0.0556548570143553,4.18880021902076,305.025453712136,9.95741231363555
0,0.57,1.9,2,0.0267698710778562,5.63836784135174,0.0556485225211828,4.1456078838135,301.880218572094,9.86639411876428
0,0.57,1.9,3,0.0401535326932648,5.61635793633236,0.0556467570547881,4.13025429569738,300.762181201879,9.84241252177779
0,0.57,1.9,4,0.0535320158045014,5.60026054339772,0.0556404918506553,4.1190236934971,299.944376734613,9.82845674454997
0,0.57,1.9,5,0.0669074056251717,5.59060558890541,0.055634160626887,4.11219047737373,299.446786794926,9.82533763253121
0,0.57,1.9,6,0.0802797518727765,5.58619249008524,0.0556278308437901,4.1090853214391,299.220671547531,9.8311853942409
0,0.57,1.9,7,0.0936595434562573,5.58392564302525,0.0556277316197415,4.10752558345445,299.107092536463,9.8407385015557
0,0.57,1.9,8,0.107039478235723,5.5832844538392,0.0556277316197415,4.10708446447302,299.074970565871,9.85303612816768
0,0.57,1.9,9,0.120419413015188,5.5832844538392,0.0556277316197415,4.10708446447302,299.074970565871,9.86641606294714
0,0.57,1.9,10,0.133799347794653,5.5832844538392,0.0556277316197415,4.10708446447302,299.074970565871,9.87979599772661
0,0.57,1.9,11,0.147179282574119,5.5832844538392,0.0556277316197415,4.10708446447302,299.074970565871,9.89317593250607
0,0.57,1.9,12,0.160559217353584,5.5832844538392,0.0556277316197415,4.10708446447302,299.074970565871,9.90655586728554
0,0.57,1.9,13,0.173939152133049,5.5832844538392,0.0556277316197415,4.10708446447302,299.074970565871,9.919935802065
0,0.57,1.9,14,0.187319086912515,5.5832844538392,0.0556277316197415,4.10708446447302,299.074970565871,9.93331573684447
0,0.57,1.9,15,0.20069902169198,5.5832844538392,0.0556277316197415,4.10708446447302,299.074970565871,9.94669567162393
0,0.57,1.9,16,0.214078956471445,5.5832844538392,0.0556277316197415,4.10708446447302,299.074970565871,9.9600756064034
0,0.57,1.9,17,0.227458891250911,5.5832844538392,0.0556277316197415,4.10708446447302,299.074970565871,9.97345554118286
0,0.57,1.9,18,0.240838826030376,5.5832844538392,0.0556277316197415,4.10708446447302,299.074970565871,9.98683547596233
0,0.57,1.9,19,0.254218760809841,5.5832844538392,0.0556277316197415,4.10708446447302,299.074970565871,10.0002154107418
0,0.57,1.9,20,0.267598695589307,5.5832844538392,0.0556277316197415,4.10708446447302,299.074970565871,10.0135953455213
0,0.57,1.9,21,0.280978630368772,5.5832844538392,0.0556277316197415,4.10708446447302,299.074970565871,10.0269752803007
0,0.57,1.9,22,0.294358565148237,5.5832844538392,0.0556277316197415,4.10708446447302,299.074970565871,10.0403552150802
0,0.57,1.9,23,0.307738499927703,5.5832844538392,0.0556277316197415,4.10708446447302,299.074970565871,10.0537351498597
0,0.57,1.9,24,0.321118434707168,5.5832844538392,0.0556277316197415,4.10708446447302,299.074970565871,10.0671150846391
0,0.57,2,1,0.013386459151397,5.83851513373082,0.0566148074203398,4.30382229054152,313.401279179585,10.2123386908441
0,0.57,2,2,0.0267698710778562,5.72220203546077,0.0566083636680725,4.22145858872283,307.40361297374,10.0270388589295
0,0.57,2,3,0.0401502368197413,5.67143768724923,0.0566019213824611,4.18542382604198,304.779587176036,9.95361367149341
0,0.57,2,4,0.0535275574169424,5.64338190656455,0.0565954805630048,4.16574432133149,303.346539635147,9.91924926587599
0,0.57,2,5,0.0669018339088762,5.62319389108716,0.0565890412092031,4.15165974598921,302.320910872854,9.89834451219444
0,0.57,2,6,0.0802730673344864,5.608105271822,0.0565826033205559,4.14122637484421,301.561160204203,9.88618731732125
0,0.57,2,7,0.0936412587322442,5.59656774640409,0.0565761668965631,4.13329732418556,300.983772372795,9.88008249621846
0,0.57,2,8,0.107006409140148,5.58742327535395,0.0565697319367251,4.12705211616846,300.529000765333,9.87805153259929
0,0.57,2,9,0.120368519595724,5.58099744713112,0.0565632984405421,4.12248296083931,300.196278122934,9.8804122260067
0,0.57,2,10,0.133727591136028,5.57605001204515,0.056556866407515,4.11899033231542,299.941947397082,9.88532480190411
0,0.57,2,11,0.147083624797641,5.57254779672955,0.0565504358371446,4.11650783739464,299.761173882005,9.89268969475898
0,0.57,2,12,0.160453245080792,5.57131294211805,0.0565498654740081,4.11564611812391,299.698424097393,9.90396217079676
0,0.57,2,13,0.173824348837525,5.57131294211805,0.0565498654740081,4.11564611812391,299.698424097393,9.91733327455349
0,0.57,2,14,0.187195452594258,5.57131294211805,0.0565498654740081,4.11564611812391,299.698424097393,9.93070437831022
0,0.57,2,15,0.20056655635099,5.57131294211805,0.0565498654740081,4.11564611812391,299.698424097393,9.94407548206696
0,0.57,2,16,0.213937660107723,5.57131294211805,0.0565498654740081,4.11564611812391,299.698424097393,9.95744658582369
0,0.57,2,17,0.227308763864456,5.57131294211805,0.0565498654740081,4.11564611812391,299.698424097393,9.97081768958042
0,0.57,2,18,0.240679867621189,5.57131294211805,0.0565498654740081,4.11564611812391,299.698424097393,9.98418879333715
0,0.57,2,19,0.254050971377921,5.57131294211805,0.0565498654740081,4.11564611812391,299.698424097393,9.99755989709389
0,0.57,2,20,0.267422075134654,5.57131294211805,0.0565498654740081,4.11564611812391,299.698424097393,10.0109310008506
0,0.57,2,21,0.280793178891387,5.57131294211805,0.0565498654740081,4.11564611812391,299.698424097393,10.0243021046074
0,0.57,2,22,0.294164282648119,5.57131294211805,0.0565498654740081,4.11564611812391,299.698424097393,10.0376732083641
0,0.57,2,23,0.307535386404852,5.57131294211805,0.0565498654740081,4.11564611812391,299.698424097393,10.0510443121208
0,0.57,2,24,0.320906490161585,5.57131294211805,0.0565498654740081,4.11564611812391,299.698424097393,10.0644154158776
0,0.57,2.1,1,0.0133864591513969,5.98720010753921,0.0575679286545845,4.42492363709608,322.219793132631,10.4830781324413
0,0.57,2.1,2,0.0267698710778562,5.82903650212999,0.0575613764205014,4.31263409589208,314.042948580019,10.2260018455204
0,0.57,2.1,3,0.0401502368197413,5.75070586784738,0.0575548256777655,4.25672207178514,309.971474738001,10.10513300213
0,0.57,2.1,4,0.0535275574169423,5.70593828926993,0.0575482764258677,4.22481314509354,307.647889383566,10.0418272682063
0,0.57,2.1,5,0.0669018339088761,5.67327593754453,0.0575417286642992,4.20182953073158,305.974238927077,9.99954903084929
0,0.57,2.1,6,0.0802730673344863,5.64737912004654,0.0575351823925513,4.18358816193485,304.645915420913,9.96877553170843
0,0.57,2.1,7,0.093641258732244,5.62650452794646,0.0575286376101156,4.16897042389309,303.581462129924,9.94664484818191
0,0.57,2.1,8,0.107006409140148,5.6103753580917,0.0575220943164839,4.15774426165403,302.763980977477,9.93264812320236
0,0.57,2.1,9,0.120368519595724,5.5979363211456,0.0575155525111483,4.1491179436782,302.135818635789,9.92493833693067
0,0.57,2.1,10,0.133727591136028,5.58716834360746,0.057509012193601,4.1415929853472,301.587856520371,9.91999793228429
0,0.57,2.1,11,0.147083624797641,5.57748738031206,0.0575024733633345,4.13476105276347,301.090360047128,9.91683453123651
0,0.57,2.1,12,0.160436621616675,5.56972663715098,0.0574959360198417,4.1292959763357,300.692397067327,9.9169551711232
0,0.57,2.1,13,0.173786582628771,5.56374061981352,0.0574894001626154,4.12505665204178,300.383692486403,9.92007325464669
0,0.57,2.1,14,0.187133508869097,5.5582724299068,0.0574828657911488,4.12116066327879,300.09998935473,9.92404946784584
0,0.57,2.1,15,0.200477401372354,5.55337610989852,0.0574763329049355,4.11766790841305,299.845649428756,9.92899775258886
0,0.57,2.1,16,0.213818261172769,5.54943216372213,0.0574698015034691,4.11485661953061,299.640933371162,9.93557684592898
0,0.57,2.1,17,0.2271560893041,5.5469246189923,0.0574632715862433,4.11306215345851,299.510261627658,9.94460613334116
0,0.57,2.1,18,0.240513135754452,5.5467490549687,0.0574620587491113,4.11293180390018,299.500769665499,9.95765605337244
0,0.57,2.1,19,0.253874976629699,5.5467490549687,0.0574620587491113,4.11293180390018,299.500769665499,9.97101789424769
0,0.57,2.1,20,0.267236817504946,5.5467490549687,0.0574620587491113,4.11293180390018,299.500769665499,9.98437973512294
0,0.57,2.1,21,0.280598658380194,5.5467490549687,0.0574620587491113,4.11293180390018,299.500769665499,9.99774157599818
0,0.57,2.1,22,0.293960499255441,5.5467490549687,0.0574620587491113,4.11293180390018,299.500769665499,10.0111034168734
0,0.57,2.1,23,0.307322340130688,5.5467490549687,0.0574620587491113,4.11293180390018,299.500769665499,10.0244652577487
0,0.57,2.1,24,0.320684181005936,5.5467490549687,0.0574620587491113,4.11293180390018,299.500769665499,10.0378270986239
0,0.57,2.2,1,0.0133864591513969,6.14550778267649,0.0585147031228354,4.55213760312162,331.48342368948,10.7695465480723
0,0.57,2.2,2,0.0267698710778559,5.95477892515888,0.0585080431293088,4.41635983071788,321.596182841036,10.4564166700839
0,0.57,2.2,3,0.0401502368197409,5.84067767550068,0.0585013846516566,4.33493303848034,315.666741724748,10.2742623354524
0,0.57,2.2,4,0.0535275574169417,5.77488909306125,0.0584947276893612,4.28798370888257,312.247924924412,10.1748950870501
0,0.57,2.2,5,0.0669018339088752,5.72663312717799,0.0584880722419053,4.25373704960712,309.754107545348,10.1057600829359
0,0.57,2.2,6,0.0802730673344851,5.6888336905867,0.0584814183087719,4.22698231974229,307.805847139204,10.0545704959722
0,0.57,2.2,7,0.0936412587322426,5.65779570649762,0.0584747658894443,4.20504234393653,306.208193700352,10.0149540750558
0,0.57,2.2,8,0.107006409140146,5.63180846132728,0.0584681149834059,4.1865349114721,304.860495627076,9.98381789692293
0,0.57,2.2,9,0.120368519595722,5.60863310424286,0.0584614655901404,4.17015628911293,303.667815992082,9.95761937854165
0,0.57,2.2,10,0.133727591136025,5.58721896737968,0.0584548177091317,4.15487702731967,302.555191011852,9.93427840354451
0,0.57,2.2,11,0.147083624797638,5.56971070563345,0.058448171339864,4.14229214558727,301.63876887195,9.91753464735822
0,0.57,2.2,12,0.160436621616672,5.55624651385592,0.0584415264818217,4.13257660308756,300.931289974871,9.90770126504198
0,0.57,2.2,13,0.173786582628767,5.54379477369417,0.0584348831344894,4.12368749087972,300.283991144055,9.89970373033715
0,0.57,2.2,14,0.187133508869093,5.53393012165574,0.0584282412973521,4.11664601139773,299.771235614669,9.89613788321992
0,0.57,2.2,15,0.200477401372349,5.52450722225698,0.0584216009698947,4.10994692143509,299.283412646642,9.89335314603432
0,0.57,2.2,16,0.213818261172764,5.5140239531023,0.0584149621516026,4.10326959914178,298.797174784819,9.88952677556844
0,0.57,2.2,17,0.227156089304095,5.50704192830545,0.0584083248419615,4.09829210620784,298.434717288367,9.89089844865934
0,0.57,2.2,18,0.240490886799632,5.50095263975189,0.058401689040457,4.09403242545891,298.124530364864,9.89387764105089
0,0.57,2.2,19,0.253822654692194,5.49527334602314,0.0583950547465753,4.09005439883204,297.834853294271,9.89754545429394
0,0.57,2.2,20,0.26715139401413,5.48969991263302,0.0583884219598027,4.08608409531667,297.545738615168,9.90132382392362
0,0.57,2.2,21,0.280477105797322,5.48417349577232,0.0583817906796255,4.08212149244365,297.257184691365,9.90515388469292
0,0.57,2.2,22,0.293799791073182,5.4792943280065,0.0583751609055306,4.07853566255391,296.996067108319,9.91000494253911
0,0.57,2.2,23,0.307119450872654,5.47551817594457,0.0583685326370049,4.07580509850739,296.797229375883,9.91681125796163
0,0.57,2.2,24,0.320436086226213,5.47189303117617,0.0583619058735357,4.07317578346713,296.605764524095,9.92386680674305
0,0.57,2.3,1,0.0133864591513969,6.31960620862346,0.0594555589770209,4.68987875798051,341.513636652344,11.0823269847324
0,0.57,2.3,2,0.026769871077856,6.11026699910079,0.0594487918976926,4.54057592253938,330.641510329837,10.7370615846157
0,0.57,2.3,3,0.0401502368197409,5.97691983531466,0.0594420263586124,4.44516144161147,323.693495668363,10.5216735401045
0,0.57,2.3,4,0.0535275574169418,5.89329908796205,0.0594352623592543,4.38533111193693,319.336693600826,10.3915930196752
0,0.57,2.3,5,0.0669018339088753,5.83368599373958,0.0594284998990927,4.34277361731854,316.237687101095,10.3027899448661
0,0.57,2.3,6,0.0802730673344852,5.78624280726362,0.0594217389776024,4.30901772126107,313.779606750631,10.2349553348368
0,0.57,2.3,7,0.0936412587322427,5.74420802488882,0.0594149795942584,4.27902820581421,311.595791558336,10.1762924690295
0,0.57,2.3,8,0.107006409140146,5.71181720941703,0.0594082217485356,4.25587886025949,309.910072674227,10.1341107005652
0,0.57,2.3,9,0.120368519595722,5.68289923676133,0.0594014654399095,4.23534376006849,308.414721278774,10.0980129818655
0,0.57,2.3,10,0.133727591136025,5.65750202667975,0.0593947106678558,4.21714758642528,307.089688851555,10.0677719149089
0,0.57,2.3,11,0.147083624797638,5.63562141461214,0.0593879574318504,4.20143560956457,305.945553867774,10.0435286064062
0,0.57,2.3,12,0.160436621616672,5.61504511968255,0.0593812057313692,4.18661106619291,304.8660411597,10.0214740132235
0,0.57,2.3,13,0.173786582628767,5.59509724269283,0.0593744555658888,4.17235461830025,303.82789676049,10.0006128991877
0,0.57,2.3,14,0.187133508869093,5.57902817604932,0.0593677069348856,4.16094361147987,302.996955357056,9.98647300333317
0,0.57,2.3,15,0.20047740137235,5.56561377891282,0.0593609598378365,4.15147523107657,302.307474628107,9.97692737119958
0,0.57,2.3,16,0.213818261172764,5.55270036894414,0.0593542142742185,4.14293312397087,301.685444462108,9.968805968362
0,0.57,2.3,17,0.227156089304095,5.54140252773446,0.059347470243509,4.13485934156294,301.097517367622,9.962765428845
0,0.57,2.3,18,0.240490886799632,5.53172859178596,0.0593407277451855,4.12793621222799,300.593380011795,9.95949641855877
0,0.57,2.3,19,0.253822654692194,5.5226869363377,0.0593339867787257,4.12149276261024,300.124172591924,9.95733634041886
0,0.57,2.3,20,0.26715139401413,5.51497135295712,0.0593272473436077,4.1160215098885,299.725759858787,9.95747150420335
0,0.57,2.3,21,0.280477105797322,5.50779680949171,0.0593205094393097,4.11090980690604,299.353529282025,9.95850423163439
0,0.57,2.3,22,0.293799791073182,5.50203138268241,0.0593137730653103,4.10680955166835,299.054951610898,9.96195449848925
0,0.57,2.3,23,0.307119450872654,5.49670670309384,0.059307038221088,4.10298054441266,298.776126024963,9.96611373660025
0,0.57,2.3,24,0.320436086226213,5.49273708098534,0.059300304906122,4.10012841762041,298.568436179813,9.97260188973808
0,0.57,2.4,1,0.0133864591513969,6.48874921523768,0.0603908782917267,4.82389702501169,351.272751570567,11.3864235776925
0,0.57,2.4,2,0.026769871077856,6.26281951759712,0.0603840047567515,4.66241336136844,339.51362599895,11.0123867548002
0,0.57,2.4,3,0.0401502368197409,6.1126745410579,0.0603771327862545,4.55471292193522,331.670956574436,10.7679148325991
0,0.57,2.4,4,0.0535275574169418,6.01147813963466,0.0603702623797016,4.48207984633049,326.381867651015,10.6074558057618
0,0.57,2.4,5,0.0669018339088753,5.93889566444562,0.060363393536559,4.43012794782393,322.598767339568,10.496288839715
0,0.57,2.4,6,0.0802730673344853,5.88251823360189,0.0603565262562931,4.38977830735853,319.660535209472,10.4129261345512
0,0.57,2.4,7,0.0936412587322428,5.83629694813332,0.0603496605383706,4.35666239288464,317.249057862898,10.3469502602886
0,0.57,2.4,8,0.107006409140146,5.79502473339458,0.0603427963822584,4.32723588907613,315.106240777807,10.2896098279931
0,0.57,2.4,9,0.120368519595722,5.7562854333118,0.0603359337874236,4.29955205261795,313.09032349013,10.2365419393129
0,0.57,2.4,10,0.133727591136025,5.72436742934372,0.0603290727533336,4.27665332924269,311.422854734935,10.1950774224758
0,0.57,2.4,11,0.147083624797638,5.69787650098842,0.060322213279456,4.25765626162218,310.039501777725,10.1629386006877
0,0.57,2.4,12,0.160436621616672,5.67337794613003,0.0603153553652586,4.24015855560217,308.765331266217,10.1342884787141
0,0.57,2.4,13,0.173786582628767,5.65162779452984,0.0603084990102097,4.22465618757136,307.636459848397,10.1103790637402
0,0.57,2.4,14,0.187133508869094,5.63240508844637,0.0603016442137775,4.21084265043671,306.630567895677,10.090682891966
0,0.57,2.4,15,0.20047740137235,5.61337208333194,0.0602947909754307,4.19737123584491,305.649589063278,10.0715155115246
0,0.57,2.4,16,0.213818261172764,5.59505510728123,0.060287939294638,4.18469990026012,304.726871415313,10.0538612080088
0,0.57,2.4,17,0.227156089304096,5.57967023520171,0.0602810891708685,4.17370334927334,303.926110391003,10.04081076295
0,0.57,2.4,18,0.240490886799633,5.56638947153255,0.0602742406035917,4.16425035009028,303.237749711575,10.0314049490261
0,0.57,2.4,19,0.253822654692194,5.55446469361098,0.0602673935922769,4.15567190992721,302.613073798171,10.0242266518227
0,0.57,2.4,20,0.267151394014131,5.54441722070828,0.0602605481363941,4.14836115203816,302.080709606639,10.020190314897
0,0.57,2.4,21,0.280477105797323,5.53519532003391,0.0602537042354132,4.14165756985282,301.59255951815,10.0175836999195
0,0.57,2.4,22,0.293799791073182,5.52741659385004,0.0602468618888046,4.13603717933309,301.183286676601,10.0175004261451
0,0.57,2.4,23,0.307119450872654,5.52109146199848,0.0602400210960388,4.13146531597228,300.850366837261,10.0199162499394
0,0.57,2.4,24,0.320436086226213,5.51568603968755,0.0602331818565864,4.1275432486941,300.564764686654,10.0238985564644
0,0.57,2.5,1,0.0133864591513969,6.66655132633697,0.0613210037214215,4.96367962003484,361.451620754727,11.7049384092446
0,0.57,2.5,2,0.0267698710778561,6.42776856299041,0.061314024321954,4.79259043390807,348.993027865387,11.3084428922983
0,0.57,2.5,3,0.0401502368197411,6.25977892920218,0.0613070465110603,4.67187652927384,340.202727157509,11.0331127418068
0,0.57,2.5,4,0.053527557416942,6.13867220078071,0.0613000702881983,4.58465802159719,333.851537440854,10.838157850083
0,0.57,2.5,5,0.0669018339088756,6.0516252145217,0.0612930956528259,4.52220059406303,329.303431975047,10.7020207381464
0,0.57,2.5,6,0.0802730673344856,5.98275357030547,0.0612861226044011,4.47278745785744,325.705202529296,10.5971002181018
0,0.57,2.5,7,0.0936412587322432,5.92843119213369,0.0612791511423827,4.43372879484022,322.860978459092,10.5170803968485
0,0.57,2.5,8,0.107006409140147,5.88127623828679,0.061272181266229,4.39997794807905,320.403265794795,10.4495327767722
0,0.57,2.5,9,0.120368519595723,5.83796384892901,0.0612652129753993,4.36889539631556,318.139856475073,10.3884929778157
0,0.57,2.5,10,0.133727591136026,5.79835125429836,0.0612582462693524,4.34046303013091,316.069431784918,10.3338001218346
0,0.57,2.5,11,0.147083624797639,5.76267499941621,0.0612512811475481,4.31495522660381,314.211971668123,10.2859651319652
0,0.57,2.5,12,0.160436621616673,5.73158913072082,0.0612443176094458,4.29279199597535,312.598060971816,10.2460620659223
0,0.57,2.5,13,0.173786582628769,5.70523992575732,0.0612373556545056,4.27408418592516,311.235771545214,10.2143480499658
0,0.57,2.5,14,0.187133508869095,5.68311503458574,0.0612303952821875,4.25823047301018,310.081315442735,10.1897094117472
0,0.57,2.5,15,0.200477401372351,5.66146200176734,0.061223436491952,4.24317096014873,308.984692423478,10.1663337997804
0,0.57,2.5,16,0.213818261172766,5.64144034077835,0.0612164792832597,4.22915828929365,307.96429969482,10.145633370528
0,0.57,2.5,17,0.227156089304097,5.62313464668838,0.0612095236555715,4.21611148743903,307.014240860043,10.1276117470871
0,0.57,2.5,18,0.240490886799635,5.60588949582882,0.0612025696083487,4.20384695750171,306.121146510088,10.1114299097385
0,0.57,2.5,19,0.253822654692196,5.59006371810251,0.0611956171410525,4.19250654843502,305.295345984883,10.0975885383708
0,0.57,2.5,20,0.267151394014133,5.57630898533835,0.0611886662531446,4.18268265125727,304.579976777189,10.0873316968629
0,0.57,2.5,21,0.280477105797325,5.56384655385201,0.0611817169440869,4.17383676450785,303.935825593522,10.0793421411013
0,0.57,2.5,22,0.293799791073185,5.5519805411668,0.0611747692133415,4.16535601242996,303.318263257025,10.0723111138833
0,0.57,2.5,23,0.307119450872657,5.54097831463314,0.0611678230603707,4.15746765307552,302.743838537458,10.0667332416417
0,0.57,2.5,24,0.320436086226216,5.53089283342876,0.0611608784846372,4.15024996015295,302.218251270616,10.0627397582926
0,0.58,1.8,1,0.0133864816592937,5.71601213861815,0.0549939275853197,4.11479497981711,299.636444811051,9.89918752767987
0,0.58,1.8,2,0.0267729633185874,5.69892832826072,0.0549939275853198,4.10318826803187,298.791252311222,9.8838834871965
0,0.58,1.8,3,0.040159444977881,5.69546451677175,0.0549939275853198,4.10080692539152,298.617844633287,9.89142481472647
0,0.58,1.8,4,0.0535459266371747,5.69530766327089,0.0549939275853198,4.10069854583815,298.609952511268,9.90454606333153
0,0.58,1.8,5,0.0669324082964684,5.69530766327089,0.0549939275853198,4.10069854583815,298.609952511268,9.91793254499082
0,0.58,1.8,6,0.0803188899557621,5.69530766327089,0.0549939275853198,4.10069854583815,298.609952511268,9.93131902665011
0,0.58,1.8,7,0.0937053716150558,5.69530766327089,0.0549939275853198,4.10069854583815,298.609952511268,9.94470550830941
0,0.58,1.8,8,0.107091853274349,5.69530766327089,0.0549939275853198,4.10069854583815,298.609952511268,9.9580919899687
0,0.58,1.8,9,0.120478334933643,5.69530766327089,0.0549939275853198,4.10069854583815,298.609952511268,9.97147847162799
0,0.58,1.8,10,0.133864816592937,5.69530766327089,0.0549939275853198,4.10069854583815,298.609952511268,9.98486495328729
0,0.58,1.8,11,0.14725129825223,5.69530766327089,0.0549939275853198,4.10069854583815,298.609952511268,9.99825143494658
0,0.58,1.8,12,0.160637779911524,5.69530766327089,0.0549939275853198,4.10069854583815,298.609952511268,10.0116379166059
0,0.58,1.8,13,0.174024261570818,5.69530766327089,0.0549939275853198,4.10069854583815,298.609952511268,10.0250243982652
0,0.58,1.8,14,0.187410743230112,5.69530766327089,0.0549939275853198,4.10069854583815,298.609952511268,10.0384108799245
0,0.58,1.8,15,0.200797224889405,5.69530766327089,0.0549939275853198,4.10069854583815,298.609952511268,10.0517973615838
0,0.58,1.8,16,0.214183706548699,5.69530766327089,0.0549939275853198,4.10069854583815,298.609952511268,10.0651838432431
0,0.58,1.8,17,0.227570188207993,5.69530766327089,0.0549939275853198,4.10069854583815,298.609952511268,10.0785703249023
0,0.58,1.8,18,0.240956669867286,5.69530766327089,0.0549939275853198,4.10069854583815,298.609952511268,10.0919568065616
0,0.58,1.8,19,0.25434315152658,5.69530766327089,0.0549939275853198,4.10069854583815,298.609952511268,10.1053432882209
0,0.58,1.8,20,0.267729633185874,5.69530766327089,0.0549939275853198,4.10069854583815,298.609952511268,10.1187297698802
0,0.58,1.8,21,0.281116114845167,5.69530766327089,0.0549939275853198,4.10069854583815,298.609952511268,10.1321162515395
0,0.58,1.8,22,0.294502596504461,5.69530766327089,0.0549939275853198,4.10069854583815,298.609952511268,10.1455027331988
0,0.58,1.8,23,0.307889078163755,5.69530766327089,0.0549939275853198,4.10069854583815,298.609952511268,10.1588892148581
0,0.58,1.8,24,0.321275559823048,5.69530766327089,0.0549939275853198,4.10069854583815,298.609952511268,10.1722756965174
0,0.58,1.9,1,0.0133864591513968,5.77737017285434,0.0559756315811059,4.17607475045255,304.098794138807,10.0228070140394
0,0.58,1.9,2,0.0267698710778559,5.6974047459744,0.0559692605781942,4.1205114458713,300.05271380471,9.90065532350175
0,0.58,1.9,3,0.0401508661371838,5.66730404174163,0.0559637681914012,4.09975685524764,298.541379272009,9.86317553131786
0,0.58,1.9,4,0.0535284611969202,5.64813049191212,0.0559574677137395,4.08659554603161,297.582982092588,9.84421196685439
0,0.58,1.9,5,0.0669029633767837,5.63446657186017,0.0559511008446515,4.07721990420651,296.900254520966,9.83454054028811
0,0.58,1.9,6,0.0802744223876031,5.62536034363742,0.05594473542425,4.07101575290919,296.448472634647,9.83259525435847
0,0.58,1.9,7,0.0936428392679021,5.62017311138433,0.0559383714520404,4.06740022289746,296.185192309835,9.83715454500173
0,0.58,1.9,8,0.107018789992748,5.61781323964023,0.0559375363299929,4.0657843787819,296.067527690205,9.84655394474488
0,0.58,1.9,9,0.120396138741842,5.61636167590399,0.0559375363299929,4.06478700179714,295.994899407309,9.85748235277296
0,0.58,1.9,10,0.133773487490935,5.61636167590399,0.0559375363299929,4.06478700179714,295.994899407309,9.87085970152206
0,0.58,1.9,11,0.147150836240029,5.61636167590399,0.0559375363299929,4.06478700179714,295.994899407309,9.88423705027115
0,0.58,1.9,12,0.160528184989122,5.61636167590399,0.0559375363299929,4.06478700179714,295.994899407309,9.89761439902024
0,0.58,1.9,13,0.173905533738216,5.61636167590399,0.0559375363299929,4.06478700179714,295.994899407309,9.91099174776934
0,0.58,1.9,14,0.187282882487309,5.61636167590399,0.0559375363299929,4.06478700179714,295.994899407309,9.92436909651843
0,0.58,1.9,15,0.200660231236403,5.61636167590399,0.0559375363299929,4.06478700179714,295.994899407309,9.93774644526752
0,0.58,1.9,16,0.214037579985496,5.61636167590399,0.0559375363299929,4.06478700179714,295.994899407309,9.95112379401662
0,0.58,1.9,17,0.22741492873459,5.61636167590399,0.0559375363299929,4.06478700179714,295.994899407309,9.96450114276571
0,0.58,1.9,18,0.240792277483683,5.61636167590399,0.0559375363299929,4.06478700179714,295.994899407309,9.9778784915148
0,0.58,1.9,19,0.254169626232777,5.61636167590399,0.0559375363299929,4.06478700179714,295.994899407309,9.9912558402639
0,0.58,1.9,20,0.26754697498187,5.61636167590399,0.0559375363299929,4.06478700179714,295.994899407309,10.004633189013
0,0.58,1.9,21,0.280924323730964,5.61636167590399,0.0559375363299929,4.06478700179714,295.994899407309,10.0180105377621
0,0.58,1.9,22,0.294301672480057,5.61636167590399,0.0559375363299929,4.06478700179714,295.994899407309,10.0313878865112
0,0.58,1.9,23,0.307679021229151,5.61636167590399,0.0559375363299929,4.06478700179714,295.994899407309,10.0447652352603
0,0.58,1.9,24,0.321056369978244,5.61636167590399,0.0559375363299929,4.06478700179714,295.994899407309,10.0581425840094
0,0.58,2,1,0.0133864591513968,5.926877749107,0.0569499876493414,4.29652959803374,312.870230496273,10.2937437939415
0,0.58,2,2,0.0267698710778559,5.79432947252714,0.0569435057477194,4.20423237842829,306.149212587927,10.082275227781
0,0.58,2,3,0.0401502368197408,5.73409903823939,0.0569370253214364,4.16202971416575,303.076044582423,9.99321601454632
0,0.58,2,4,0.0535275574169416,5.7013844739139,0.0569305463699888,4.13932035148181,301.422364938135,9.95116292918264
0,0.58,2,5,0.0669018339088751,5.67731552887161,0.056924068892873,4.12274977527763,300.215707360627,9.92389120695099
0,0.58,2,6,0.080273067334485,5.659175118201,0.0569175928895859,4.11034058694759,299.312079089366,9.90670636537265
0,0.58,2,7,0.0936412587322424,5.64540473083625,0.0569111183596246,4.10097106058463,298.629796841348,9.89692816851275
0,0.58,2,8,0.107006409140146,5.63454760522554,0.0569046453024863,4.09374387162549,298.103518079876,9.89220253129367
0,0.58,2,9,0.120368519595722,5.6248300786277,0.0568981737176686,4.08724952697393,297.630604519828,9.88934629891503
0,0.58,2,10,0.133727591136025,5.6183875447908,0.056891703604669,4.08274975006747,297.302933964841,9.89175658959897
0,0.58,2,11,0.147083624797638,5.61313299530806,0.0568852349629857,4.07912299418735,297.038836180274,9.89622484925603
0,0.58,2,12,0.160436621616671,5.60877952767054,0.0568787677921168,4.07608257930961,296.817435330612,9.90217749638894
0,0.58,2,13,0.173790435735866,5.60582990608491,0.0568735630351136,4.07401191055393,296.666650704068,9.91050581540981
0,0.58,2,14,0.187158930792471,5.60573795493674,0.0568735630351136,4.07394795496116,296.661993503275,9.92371840372548
0,0.58,2,15,0.200527425849077,5.60573795493674,0.0568735630351136,4.07394795496116,296.661993503275,9.93708689878208
0,0.58,2,16,0.213895920905682,5.60573795493674,0.0568735630351136,4.07394795496116,296.661993503275,9.95045539383869
0,0.58,2,17,0.227264415962287,5.60573795493674,0.0568735630351136,4.07394795496116,296.661993503275,9.96382388889529
0,0.58,2,18,0.240632911018892,5.60573795493674,0.0568735630351136,4.07394795496116,296.661993503275,9.9771923839519
0,0.58,2,19,0.254001406075497,5.60573795493674,0.0568735630351136,4.07394795496116,296.661993503275,9.9905608790085
0,0.58,2,20,0.267369901132102,5.60573795493674,0.0568735630351136,4.07394795496116,296.661993503275,10.0039293740651
0,0.58,2,21,0.280738396188707,5.60573795493674,0.0568735630351136,4.07394795496116,296.661993503275,10.0172978691217
0,0.58,2,22,0.294106891245312,5.60573795493674,0.0568735630351136,4.07394795496116,296.661993503275,10.0306663641783
0,0.58,2,23,0.307475386301917,5.60573795493674,0.0568735630351136,4.07394795496116,296.661993503275,10.0440348592349
0,0.58,2,24,0.320843881358522,5.60573795493674,0.0568735630351136,4.07394795496116,296.661993503275,10.0574033542915
0,0.58,2.1,1,0.0133864591513968,6.08260886254771,0.0579174549012834,4.42057271603783,321.902962154674,10.5744854926382
0,0.58,2.1,2,0.0267698710778559,5.91328323684549,0.0579108628850186,4.30228769932392,313.289531338213,10.3002516701323
0,0.58,2.1,3,0.0401502368197409,5.82463850072083,0.0579042723691559,4.24007002680646,308.758884662258,10.1627630367162
0,0.58,2.1,4,0.0535275574169417,5.77454467263464,0.057897683353183,4.20492736903293,306.199821309618,10.0908972824377
0,0.58,2.1,5,0.0669018339088751,5.73732568818506,0.057891095836588,4.17911902030094,304.320475704691,10.0412376382315
0,0.58,2.1,6,0.0802730673344851,5.70891470354295,0.0578845098188591,4.15940575868582,302.884970010007,10.0064780393821
0,0.58,2.1,7,0.0936412587322425,5.68510923418626,0.0578779252994848,4.14297548793966,301.688529376194,9.97960390615765
0,0.58,2.1,8,0.107006409140146,5.66526314937941,0.0578713422779539,4.12929702713187,300.692473585557,9.95943792792938
0,0.58,2.1,9,0.120368519595722,5.65041710698898,0.0578647607537553,4.11905299725047,299.946510613098,9.94770338458892
0,0.58,2.1,10,0.133727591136025,5.63815722411194,0.0578581807263782,4.11062496980912,299.332787647146,9.94036796578346
0,0.58,2.1,11,0.147083624797638,5.62786791006347,0.0578516021953121,4.10343703528134,298.809367365455,9.93624017233776
0,0.58,2.1,12,0.160436621616672,5.61806523800373,0.0578450251600466,4.0965303805166,298.306429676118,9.93287726529704
0,0.58,2.1,13,0.173786582628767,5.61036259732915,0.0578384496200716,4.09116344039277,297.915612912195,9.93315106997076
0,0.58,2.1,14,0.187133508869093,5.604418208645,0.0578318755748772,4.08700201233687,297.61258067994,9.93638560542585
0,0.58,2.1,15,0.200477401372349,5.59849647391333,0.0578253030239538,4.08284904147743,297.310164294718,9.93964821978706
0,0.58,2.1,16,0.213818261172764,5.59342386469487,0.057818731966792,4.07929925418023,297.051671307634,9.94436011201466
0,0.58,2.1,17,0.227156089304095,5.5890041685792,0.0578121624028825,4.07621454257919,296.827044802077,9.95018696286537
0,0.58,2.1,18,0.240490886799632,5.58523576066767,0.0578055943317166,4.07357913510348,296.63513630347,9.9571113769025
0,0.58,2.1,19,0.253824490233556,5.58284181709966,0.0577994457316543,4.07188256601827,296.511593348946,9.96634831908314
0,0.58,2.1,20,0.267183673930059,5.58284181709966,0.0577994457316543,4.07188256601827,296.511593348946,9.97970750277964
0,0.58,2.1,21,0.280542857626562,5.58284181709966,0.0577994457316543,4.07188256601827,296.511593348946,9.99306668647614
0,0.58,2.1,22,0.293902041323065,5.58284181709966,0.0577994457316543,4.07188256601827,296.511593348946,10.0064258701726
0,0.58,2.1,23,0.307261225019568,5.58284181709966,0.0577994457316543,4.07188256601827,296.511593348946,10.0197850538691
0,0.58,2.1,24,0.320620408716071,5.58284181709966,0.0577994457316543,4.07188256601827,296.511593348946,10.0331442375657
0,0.58,2.2,1,0.0133864591513969,6.24663466737308,0.0588785199559089,4.54967973093445,331.304443184358,10.8685793774148
0,0.58,2.2,2,0.026769871077856,6.04643615697697,0.058871818553683,4.40951400109676,321.097674395411,10.5415918477053
0,0.58,2.2,3,0.0401502368197411,5.92490426777327,0.0588651186767564,4.32418170435645,314.883837218045,10.3481013276262
0,0.58,2.2,4,0.0535275574169419,5.85258216683525,0.0588584203246083,4.27340419951009,311.186255417939,10.2383723440869
0,0.58,2.2,5,0.0669018339088756,5.80100160888551,0.0588517234967184,4.23735199073437,308.560959208011,10.1641071570255
0,0.58,2.2,6,0.0802730673344856,5.75872702752959,0.0588450281925663,4.20789809935377,306.416147779393,10.1057432224104
0,0.58,2.2,7,0.0936412587322432,5.72540030111463,0.0588383344116321,4.18468773397301,304.725985474936,10.0625676282315
0,0.58,2.2,8,0.107006409140147,5.69718502399183,0.058831642153396,4.16493090630884,303.287307331535,10.0279539815942
0,0.58,2.2,9,0.120368519595723,5.67281065422777,0.0588249514173385,4.14797037178387,302.052253266367,9.99997449702471
0,0.58,2.2,10,0.133727591136026,5.65050139865364,0.0588182622029404,4.13229143657031,300.910524351839,9.97533868856292
0,0.58,2.2,11,0.147083624797639,5.62951417602414,0.0588115745096825,4.11748134452704,299.832063979223,9.9528907198585
0,0.58,2.2,12,0.160436621616673,5.61321172327109,0.0588048883370461,4.10588963377778,298.987963844168,9.93834286700259
0,0.58,2.2,13,0.173786582628769,5.59975091414048,0.0587982036845126,4.09647237703937,298.302205904147,9.92880807749313
0,0.58,2.2,14,0.187133508869095,5.58706140986035,0.0587915205515637,4.08766063774366,297.66054131378,9.92064707702466
0,0.58,2.2,15,0.200477401372352,5.57707965750036,0.0587848389376813,4.08067968773137,297.15219349734,9.91702158554176
0,0.58,2.2,16,0.213818261172766,5.56659274341582,0.0587781588423474,4.07409705008018,296.672850503836,9.91328621351112
0,0.58,2.2,17,0.227156089304098,5.55712622767771,0.0587714802650446,4.06753561543238,296.195051497963,9.91058941267923
0,0.58,2.2,18,0.240490886799635,5.54942865514734,0.0587648032052553,4.06220476158367,295.806862510937,9.9108891067359
0,0.58,2.2,19,0.253822654692197,5.5429268243345,0.0587581276624625,4.05767583643587,295.477069401741,9.91318344312504
0,0.58,2.2,20,0.267151394014133,5.53737627811182,0.0587514536361492,4.05376811520349,295.192511919988,9.91704724096559
0,0.58,2.2,21,0.280477105797325,5.53185460375055,0.0587447811257987,4.04986791334626,294.908501993788,9.92094440401993
0,0.58,2.2,22,0.293799791073185,5.52707723298807,0.0587381101308945,4.04641638377235,294.657164064254,9.9260315179645
0,0.58,2.2,23,0.307119450872657,5.52251898267737,0.0587314406509205,4.04317746950691,294.421308630313,9.93154734370786
0,0.58,2.2,24,0.320436086226216,5.51793853346987,0.0587247726853607,4.03994373620867,294.185830470719,9.93704312859012
0,0.58,2.3,1,0.0133864591513969,6.42446560671519,0.0598336147045344,4.68780822177371,341.362861677916,11.1854939023448
0,0.58,2.3,2,0.0267698710778561,6.20757528550378,0.0598268045958723,4.53564991649924,330.282802072384,10.8298218776767
0,0.58,2.3,3,0.0401502368197411,6.06694539701048,0.0598199960372521,4.43666282618616,323.074632535607,10.6035784560536
0,0.58,2.3,4,0.053527557416942,5.97713375606638,0.0598131890281445,4.37344467830497,318.471131955002,10.4639191808164
0,0.58,2.3,5,0.0669018339088756,5.91308717889778,0.0598063835680206,4.32844172661095,315.194049009742,10.3682371229856
0,0.58,2.3,6,0.0802730673344857,5.86294543883911,0.0597995796563519,4.29330138491969,312.635154312567,10.2963194707496
0,0.58,2.3,7,0.0936412587322433,5.81921424865935,0.0597927772926099,4.26258605716737,310.398485984241,10.2352343418516
0,0.58,2.3,8,0.107006409140147,5.78280042503959,0.0597859764762663,4.23696725322849,308.532942896381,10.1865600638845
0,0.58,2.3,9,0.120368519595723,5.75223343089594,0.0597791772067933,4.21561504508335,306.978090280673,10.1479961727818
0,0.58,2.3,10,0.133727591136026,5.72515471341002,0.059772379483663,4.19653374346474,305.588603463611,10.1151884274944
0,0.58,2.3,11,0.147083624797639,5.70098643619969,0.0597655833063483,4.17949152642797,304.347601336009,10.0873271707316
0,0.58,2.3,12,0.160436621616673,5.67973287905812,0.0597587886743216,4.16442658778978,303.250583215548,10.0643548771389
0,0.58,2.3,13,0.173786582628769,5.65924196559593,0.0597519955870561,4.1500266804327,302.20199220014,10.0428072242445
0,0.58,2.3,14,0.187133508869095,5.6400330874724,0.0597452040440251,4.13658212274344,301.222969068288,10.023493923129
0,0.58,2.3,15,0.200477401372352,5.62504619686645,0.059738414044702,4.12611181527911,300.460528723124,10.0113738275626
0,0.58,2.3,16,0.213818261172766,5.61090928318273,0.0597316255885605,4.11680698538647,299.782957626076,10.0012661553305
0,0.58,2.3,17,0.227156089304098,5.59884403170525,0.0597248386750747,4.10831098841102,299.164285166978,9.99403594809544
0,0.58,2.3,18,0.240490886799635,5.58743394942576,0.0597180533037188,4.1003120947291,298.581811416274,9.98795498425821
0,0.58,2.3,19,0.253822654692197,5.57755289290958,0.0597112694739671,4.09336500152684,298.075929028669,9.98445181860258
0,0.58,2.3,20,0.267151394014133,5.56849432671606,0.0597044871852945,4.08702894412324,297.614541833475,9.98237915203874
0,0.58,2.3,21,0.280477105797325,5.56084272057049,0.0596977064371758,4.08161512484392,297.220311362781,9.98263265764891
0,0.58,2.3,22,0.293799791073185,5.55470485927063,0.0596909272290861,4.07726199488245,296.903319534062,9.98545757245536
0,0.58,2.3,23,0.307119450872657,5.54934820821932,0.059684149560501,4.07348786176742,296.628489844034,9.9896396704199
0,0.58,2.3,24,0.320436086226216,5.54488047844642,0.0596773734308961,4.07033181457443,296.39866873139,9.99532575267796
0,0.58,2.4,1,0.0133864591513969,6.5955727105866,0.0607831245587057,4.8210476297455,351.065260633203,11.4907899240422
0,0.58,2.4,2,0.0267698710778561,6.35951863293852,0.0607762063792658,4.65509048593297,338.980379416303,11.1021551963286
0,0.58,2.4,3,0.0401502368197412,6.19955866676509,0.0607692897744656,4.54222739054255,330.761769055634,10.8427055839018
0,0.58,2.4,4,0.0535275574169422,6.08728825173763,0.0607623747437676,4.46291682400908,324.986429990479,10.6644950079074
0,0.58,2.4,5,0.0669018339088759,6.00829440804451,0.0607554612866344,4.40727758607875,320.934820243891,10.5432292893188
0,0.58,2.4,6,0.0802730673344861,5.9454358297987,0.060748549402529,4.36301960935156,317.711985846039,10.4494770558873
0,0.58,2.4,7,0.0936412587322437,5.89561495770275,0.0607416390909145,4.32789315849971,315.154102669913,10.3778910140256
0,0.58,2.4,8,0.107006409140148,5.85186615471159,0.0607347303512546,4.29717491444918,312.917221978825,10.3167822086522
0,0.58,2.4,9,0.120368519595724,5.81150632216388,0.0607278231830126,4.26879964282235,310.850954873778,10.261402307765
0,0.58,2.4,10,0.133727591136027,5.77323279749694,0.0607209175856527,4.24182228373337,308.886482765821,10.209503589952
0,0.58,2.4,11,0.14708362479764,5.7414193070965,0.060714013558639,4.21939160627624,307.253096781604,10.168608551729
0,0.58,2.4,12,0.160436621616674,5.71614872899021,0.0607071111014359,4.20159115478516,305.956880560144,10.1388836164935
0,0.58,2.4,13,0.17378658262877,5.69262594421273,0.0607002102135081,4.18509549046139,304.755678012505,10.1122082275164
0,0.58,2.4,14,0.187133508869097,5.67178516046074,0.0606933108943204,4.17039227293286,303.685000166065,10.090004253157
0,0.58,2.4,15,0.200477401372353,5.65248144749692,0.060686413143338,4.15701712851298,302.711031659136,10.0706623905256
0,0.58,2.4,16,0.213818261172768,5.63317027297778,0.0606795169600262,4.14388737526613,301.754932362955,10.0515554263767
0,0.58,2.4,17,0.2271560893041,5.61503206958238,0.0606726223438508,4.13122699609193,300.83301255302,10.0340877773223
0,0.58,2.4,18,0.240490886799637,5.59930411319061,0.0606657292942776,4.12024106130429,300.033024592784,10.0207017905888
0,0.58,2.4,19,0.253822654692199,5.58482559773858,0.0606588378107726,4.1100648399106,299.291999386189,10.0093719301521
0,0.58,2.4,20,0.267151394014136,5.571624628307,0.0606519478928023,4.10078754399206,298.616433293558,10.000215514206
0,0.58,2.4,21,0.280477105797328,5.56055438062796,0.0606450595398332,4.09301927779945,298.050753672649,9.99469582376456
0,0.58,2.4,22,0.293799791073188,5.55156807430487,0.0606381727513322,4.08660759925839,297.583859799993,9.99261363738778
0,0.58,2.4,23,0.30711945087266,5.54314340359021,0.0606312875267664,4.08055517024549,297.14312622255,9.99144931223513
0,0.58,2.4,24,0.320436086226219,5.53561210409817,0.060624403865603,4.07513015084842,296.748080167245,9.99180274503842
0,0.58,2.5,1,0.0133864591513969,6.7787063083125,0.0617273951655633,4.96230463171683,361.351495083027,11.8161247943463
0,0.58,2.5,2,0.0267698710778561,6.53436640206445,0.0617203695116632,4.79008726605098,348.810748961786,11.412943908705
0,0.58,2.5,3,0.0401502368197412,6.36042428853005,0.061713345456865,4.66713799940927,339.857670781865,11.1294258702159
0,0.58,2.5,4,0.0535275574169422,6.23425742323708,0.0617063230006228,4.57775525848649,333.348883138998,10.9272465621411
0,0.58,2.5,5,0.0669018339088759,6.14217971993035,0.0616993021423908,4.51275709176716,328.615762852193,10.7835379477488
0,0.58,2.5,6,0.080273067334486,6.06996134161134,0.0616922828816238,4.46178275705195,324.903848040983,10.6737094488794
0,0.58,2.5,7,0.0936412587322436,6.01347470286841,0.0616852652177764,4.42183336709918,321.994761868638,10.5906345939176
0,0.58,2.5,8,0.107006409140147,5.96471319056798,0.061678249150304,4.38747977497081,319.493157715254,10.5208776238292
0,0.58,2.5,9,0.120368519595724,5.92026551154209,0.0616712346786618,4.3561000294018,317.208106953918,10.4584052952183
0,0.58,2.5,10,0.133727591136027,5.87873360400889,0.0616642218023053,4.32681391452554,315.075512891057,10.4009393314728
0,0.58,2.5,11,0.14708362479764,5.8424574477535,0.0616572105206905,4.30132030704702,313.219086520426,10.3525185901188
0,0.58,2.5,12,0.160436621616674,5.80895839580601,0.0616502008332734,4.27782962977069,311.508512103035,10.3088748480267
0,0.58,2.5,13,0.17378658262877,5.77957735092189,0.0616431927395104,4.25725182093746,310.010050694621,10.2722589472276
0,0.58,2.5,14,0.187133508869096,5.75557134014814,0.0616361862388581,4.24032008732803,308.777093891645,10.2446611225841
0,0.58,2.5,15,0.200477401372353,5.73367130223606,0.0616291813307732,4.22532704693115,307.685311349996,10.2211049318703
0,0.58,2.5,16,0.213818261172768,5.71271837279596,0.0616221780147129,4.21088813599609,306.63388012177,10.1990469479795
0,0.58,2.5,17,0.227156089304099,5.69425908790397,0.0616151762901345,4.19795632725036,305.692195003423,10.1809866807486
0,0.58,2.5,18,0.240490886799636,5.67678203631214,0.0616081761564955,4.18571140762651,304.800528662552,10.1645925068948
0,0.58,2.5,19,0.253822654692198,5.65958152072339,0.0616011776132539,4.17362957229292,303.920738003745,10.1486349253218
0,0.58,2.5,20,0.267151394014135,5.64505128513078,0.0615941806598675,4.16344293333597,303.1789541976,10.1372397931407
0,0.58,2.5,21,0.280477105797327,5.63198592921932,0.0615871852957949,4.15429708930863,302.512960338224,10.1283473096211
0,0.58,2.5,22,0.293799791073187,5.62021718581792,0.0615801915204944,4.14601600823069,301.909937901977,10.1216131766423
0,0.58,2.5,23,0.307119450872659,5.6092131603575,0.061573199333425,4.13824443021045,301.344017116135,10.116150240774
0,0.58,2.5,24,0.320436086226219,5.59840135640492,0.0615662087340456,4.13058480457743,300.786248623532,10.1109884559426
0,0.59,1.7,1,0.0133876233756465,5.72576312833775,0.0542997008071526,4.0374340815628,294.003079203771,9.83088453408335
0,0.59,1.7,2,0.0267752467512929,5.72576312833775,0.0542997008071526,4.0374340815628,294.003079203771,9.844272157459
0,0.59,1.7,3,0.0401628701269394,5.72576312833775,0.0542997008071526,4.0374340815628,294.003079203771,9.85765978083464
0,0.59,1.7,4,0.0535504935025859,5.72576312833775,0.0542997008071526,4.0374340815628,294.003079203771,9.87104740421029
0,0.59,1.7,5,0.0669381168782323,5.72576312833775,0.0542997008071526,4.0374340815628,294.003079203771,9.88443502758594
0,0.59,1.7,6,0.0803257402538788,5.72576312833775,0.0542997008071526,4.0374340815628,294.003079203771,9.89782265096158
0,0.59,1.7,7,0.0937133636295253,5.72576312833775,0.0542997008071526,4.0374340815628,294.003079203771,9.91121027433723
0,0.59,1.7,8,0.107100987005172,5.72576312833775,0.0542997008071526,4.0374340815628,294.003079203771,9.92459789771288
0,0.59,1.7,9,0.120488610380818,5.72576312833775,0.0542997008071526,4.0374340815628,294.003079203771,9.93798552108852
0,0.59,1.7,10,0.133876233756465,5.72576312833775,0.0542997008071526,4.0374340815628,294.003079203771,9.95137314446417
0,0.59,1.7,11,0.147263857132111,5.72576312833775,0.0542997008071526,4.0374340815628,294.003079203771,9.96476076783981
0,0.59,1.7,12,0.160651480507758,5.72576312833775,0.0542997008071526,4.0374340815628,294.003079203771,9.97814839121546
0,0.59,1.7,13,0.174039103883404,5.72576312833775,0.0542997008071526,4.0374340815628,294.003079203771,9.99153601459111
0,0.59,1.7,14,0.187426727259051,5.72576312833775,0.0542997008071526,4.0374340815628,294.003079203771,10.0049236379668
0,0.59,1.7,15,0.200814350634697,5.72576312833775,0.0542997008071526,4.0374340815628,294.003079203771,10.0183112613424
0,0.59,1.7,16,0.214201974010343,5.72576312833775,0.0542997008071526,4.0374340815628,294.003079203771,10.031698884718
0,0.59,1.7,17,0.22758959738599,5.72576312833775,0.0542997008071526,4.0374340815628,294.003079203771,10.0450865080937
0,0.59,1.7,18,0.240977220761636,5.72576312833775,0.0542997008071526,4.0374340815628,294.003079203771,10.0584741314693
0,0.59,1.7,19,0.254364844137283,5.72576312833775,0.0542997008071526,4.0374340815628,294.003079203771,10.071861754845
0,0.59,1.7,20,0.267752467512929,5.72576312833775,0.0542997008071526,4.0374340815628,294.003079203771,10.0852493782206
0,0.59,1.7,21,0.281140090888576,5.72576312833775,0.0542997008071526,4.0374340815628,294.003079203771,10.0986370015963
0,0.59,1.7,22,0.294527714264222,5.72576312833775,0.0542997008071526,4.0374340815628,294.003079203771,10.1120246249719
0,0.59,1.7,23,0.307915337639869,5.72576312833775,0.0542997008071526,4.0374340815628,294.003079203771,10.1254122483476
0,0.59,1.7,24,0.321302961015515,5.72576312833775,0.0542997008071526,4.0374340815628,294.003079203771,10.1387998717232
0,0.59,1.8,1,0.0133864591513968,5.76881538807833,0.0552993630512603,4.08671218508371,297.591475665432,9.9242133953647
0,0.59,1.8,2,0.0267718649736592,5.74367198900452,0.0552971874038558,4.0697793578915,296.358439228535,9.89552039927353
0,0.59,1.8,3,0.0401577974604888,5.73038265605514,0.0552971874038558,4.06080889805832,295.70521672148,9.8866465389778
0,0.59,1.8,4,0.0535437299473183,5.72696974041399,0.0552971874038557,4.05848707260828,295.536143043026,9.89429773037345
0,0.59,1.8,5,0.0669296624341479,5.72611235068874,0.0552971874038558,4.05790982528802,295.494108303588,9.90624902581476
0,0.59,1.8,6,0.0803155949209775,5.72611235068874,0.0552971874038558,4.05790982528802,295.494108303588,9.91963495830159
0,0.59,1.8,7,0.0937015274078071,5.72611235068874,0.0552971874038558,4.05790982528802,295.494108303588,9.93302089078842
0,0.59,1.8,8,0.107087459894637,5.72611235068874,0.0552971874038558,4.05790982528802,295.494108303588,9.94640682327525
0,0.59,1.8,9,0.120473392381466,5.72611235068874,0.0552971874038558,4.05790982528802,295.494108303588,9.95979275576208
0,0.59,1.8,10,0.133859324868296,5.72611235068874,0.0552971874038558,4.05790982528802,295.494108303588,9.97317868824891
0,0.59,1.8,11,0.147245257355125,5.72611235068874,0.0552971874038558,4.05790982528802,295.494108303588,9.98656462073574
0,0.59,1.8,12,0.160631189841955,5.72611235068874,0.0552971874038558,4.05790982528802,295.494108303588,9.99995055322257
0,0.59,1.8,13,0.174017122328785,5.72611235068874,0.0552971874038558,4.05790982528802,295.494108303588,10.0133364857094
0,0.59,1.8,14,0.187403054815614,5.72611235068874,0.0552971874038558,4.05790982528802,295.494108303588,10.0267224181962
0,0.59,1.8,15,0.200788987302444,5.72611235068874,0.0552971874038558,4.05790982528802,295.494108303588,10.0401083506831
0,0.59,1.8,16,0.214174919789273,5.72611235068874,0.0552971874038558,4.05790982528802,295.494108303588,10.0534942831699
0,0.59,1.8,17,0.227560852276103,5.72611235068874,0.0552971874038558,4.05790982528802,295.494108303588,10.0668802156567
0,0.59,1.8,18,0.240946784762933,5.72611235068874,0.0552971874038558,4.05790982528802,295.494108303588,10.0802661481435
0,0.59,1.8,19,0.254332717249762,5.72611235068874,0.0552971874038558,4.05790982528802,295.494108303588,10.0936520806304
0,0.59,1.8,20,0.267718649736592,5.72611235068874,0.0552971874038558,4.05790982528802,295.494108303588,10.1070380131172
0,0.59,1.8,21,0.281104582223421,5.72611235068874,0.0552971874038558,4.05790982528802,295.494108303588,10.120423945604
0,0.59,1.8,22,0.294490514710251,5.72611235068874,0.0552971874038558,4.05790982528802,295.494108303588,10.1338098780909
0,0.59,1.8,23,0.30787644719708,5.72611235068874,0.0552971874038558,4.05790982528802,295.494108303588,10.1471958105777
0,0.59,1.8,24,0.32126237968391,5.72611235068874,0.0552971874038558,4.05790982528802,295.494108303588,10.1605817430645
0,0.59,1.9,1,0.0133864591513969,5.85855188224468,0.0562956083164056,4.16605161481875,303.368916528403,10.0942855645312
0,0.59,1.9,2,0.026769871077856,5.75997288206535,0.0562892008945621,4.09865403654867,298.461072798454,9.94168599058644
0,0.59,1.9,3,0.040150236819741,5.72113835882497,0.0562827949311053,4.07216502971843,296.53216215476,9.88973642029424
0,0.59,1.9,4,0.053527557416942,5.69853628441241,0.0562763904255374,4.05687960834817,295.419088638512,9.86521984060306
0,0.59,1.9,5,0.0669018339088756,5.68108985444381,0.0562699873773606,4.0452147390467,294.569661149701,9.84947641477675
0,0.59,1.9,6,0.0802730673344857,5.66875054771872,0.0562635857860776,4.03697486897425,293.969639669573,9.84226206981353
0,0.59,1.9,7,0.0936412587322432,5.66001719226303,0.0562571856511913,4.03108359852898,293.540641544441,9.84099923517544
0,0.59,1.9,8,0.107006409140147,5.65402698059046,0.0562507869722046,4.02695744967386,293.240178318504,9.84424162637667
0,0.59,1.9,9,0.120372873463513,5.65100517058413,0.0562464241728846,4.02488299871287,293.089118274459,9.8525074669334
0,0.59,1.9,10,0.133747637181681,5.6488647801198,0.0562464241728846,4.02343527668341,292.983696185604,9.86229411815777
0,0.59,1.9,11,0.147122400899849,5.64873898548777,0.0562464241728846,4.02335187253879,292.977622755093,9.87545968309929
0,0.59,1.9,12,0.160497164618017,5.64873898548777,0.0562464241728846,4.02335187253879,292.977622755093,9.88883444681746
0,0.59,1.9,13,0.173871928336185,5.64873898548777,0.0562464241728846,4.02335187253879,292.977622755093,9.90220921053563
0,0.59,1.9,14,0.187246692054353,5.64873898548777,0.0562464241728846,4.02335187253879,292.977622755093,9.91558397425379
0,0.59,1.9,15,0.200621455772521,5.64873898548777,0.0562464241728846,4.02335187253879,292.977622755093,9.92895873797196
0,0.59,1.9,16,0.213996219490689,5.64873898548777,0.0562464241728846,4.02335187253879,292.977622755093,9.94233350169013
0,0.59,1.9,17,0.227370983208857,5.64873898548777,0.0562464241728846,4.02335187253879,292.977622755093,9.9557082654083
0,0.59,1.9,18,0.240745746927025,5.64873898548777,0.0562464241728846,4.02335187253879,292.977622755093,9.96908302912647
0,0.59,1.9,19,0.254120510645193,5.64873898548777,0.0562464241728846,4.02335187253879,292.977622755093,9.98245779284463
0,0.59,1.9,20,0.267495274363361,5.64873898548777,0.0562464241728846,4.02335187253879,292.977622755093,9.9958325565628
0,0.59,1.9,21,0.280870038081529,5.64873898548777,0.0562464241728846,4.02335187253879,292.977622755093,10.009207320281
0,0.59,1.9,22,0.294244801799697,5.64873898548777,0.0562464241728846,4.02335187253879,292.977622755093,10.0225820839991
0,0.59,1.9,23,0.307619565517865,5.64873898548777,0.0562464241728846,4.02335187253879,292.977622755093,10.0359568477173
0,0.59,1.9,24,0.320994329236033,5.64873898548777,0.0562464241728846,4.02335187253879,292.977622755093,10.0493316114355
0,0.59,2,1,0.0133864591513969,6.01737755671342,0.0572843493205456,4.29092043738956,312.461775406277,10.3789688025749
0,0.59,2,2,0.0267698710778561,5.86891023613729,0.0572778293627354,4.18921462734352,305.055630631555,10.1421725639214
0,0.59,2,3,0.0401502368197411,5.80004805635121,0.057271310888926,4.14164632899407,301.591740966808,10.0391159330539
0,0.59,2,4,0.053527557416942,5.75997773538654,0.0572647938986109,4.11419467707927,299.592731192497,9.98496476378136
0,0.59,2,5,0.0669018339088756,5.73345460071779,0.0572582783912837,4.09619400685708,298.281935185394,9.95380871987503
0,0.59,2,6,0.0802730673344857,5.7119482857145,0.0572517643664382,4.08164810203665,297.222712738509,9.93112121945208
0,0.59,2,7,0.0936412587322433,5.69542523332795,0.0572452518235687,4.07052802879134,296.412956911157,9.9168397726751
0,0.59,2,8,0.107006409140147,5.6822366210601,0.0572387407621693,4.06181057306294,295.778157983125,9.90829234402535
0,0.59,2,9,0.120368519595723,5.67205813439396,0.0572322311817346,4.05509768407118,295.28933017961,9.9047565692426
0,0.59,2,10,0.133727591136026,5.66255126453638,0.0572257230817594,4.04876355297673,294.82808325688,9.9022681317309
0,0.59,2,11,0.147083624797639,5.65533166188449,0.0572192164617387,4.04393170286197,294.476231366968,9.90356620600584
0,0.59,2,12,0.160436621616673,5.65013791274546,0.0572127113211678,4.04037355415598,294.217129508041,9.90816079983928
0,0.59,2,13,0.173786582628769,5.64529453621029,0.0572062076595421,4.03705271304356,293.975308219353,9.91334003954217
0,0.59,2,14,0.187133508869095,5.64135131227292,0.0571997054763574,4.03433701617444,293.777553104204,9.92002154279281
0,0.59,2,15,0.2004883106129,5.63954342649133,0.0571963170143064,4.03308625695188,293.686473706907,9.93031431107042
0,0.59,2,16,0.213854197987093,5.63954342649133,0.0571963170143064,4.03308625695188,293.686473706907,9.94368019844461
0,0.59,2,17,0.227220085361286,5.63954342649133,0.0571963170143064,4.03308625695188,293.686473706907,9.9570460858188
0,0.59,2,18,0.24058597273548,5.63954342649133,0.0571963170143064,4.03308625695188,293.686473706907,9.970411973193
0,0.59,2,19,0.253951860109673,5.63954342649133,0.0571963170143064,4.03308625695188,293.686473706907,9.98377786056719
0,0.59,2,20,0.267317747483866,5.63954342649133,0.0571963170143064,4.03308625695188,293.686473706907,9.99714374794138
0,0.59,2,21,0.28068363485806,5.63954342649133,0.0571963170143064,4.03308625695188,293.686473706907,10.0105096353156
0,0.59,2,22,0.294049522232253,5.63954342649133,0.0571963170143064,4.03308625695188,293.686473706907,10.0238755226898
0,0.59,2,23,0.307415409606446,5.63954342649133,0.0571963170143064,4.03308625695188,293.686473706907,10.037241410064
0,0.59,2,24,0.32078129698064,5.63954342649133,0.0571963170143064,4.03308625695188,293.686473706907,10.0506072974382
0,0.59,2.1,1,0.0133864591513969,6.17271092731042,0.0582661423758374,4.41276635622176,321.334508583189,10.6571298850594
0,0.59,2.1,2,0.0267698710778561,5.98705335044922,0.0582595106728581,4.28512459376581,312.03972619444,10.3572073259657
0,0.59,2.1,3,0.0401502368197412,5.88075655395696,0.058252880479314,4.21176121918599,306.697457418897,10.190920890442
0,0.59,2.1,4,0.0535275574169423,5.81916023057386,0.0582462517946896,4.16924592230049,303.601523728071,10.100179962086
0,0.59,2.1,5,0.066901833908876,5.77465318516126,0.05823962461847,4.13881313165647,301.385429551087,10.0386077753451
0,0.59,2.1,6,0.0802730673344862,5.74056649168873,0.0582329989501402,4.11548931937362,299.687006123881,9.99456187734698
0,0.59,2.1,7,0.0936412587322439,5.71239771142863,0.0582263747891859,4.09631536345177,298.290772286335,9.96058070840183
0,0.59,2.1,8,0.107006409140148,5.68784213268031,0.0582197521350925,4.07955502397657,297.070296282352,9.93262331793212
0,0.59,2.1,9,0.120368519595724,5.66625590919708,0.058213130987346,4.06470926045043,295.989238337716,9.90954682023058
0,0.59,2.1,10,0.133727591136027,5.64887128497129,0.0582065113454325,4.05275009392918,295.118380334606,9.89355548138193
0,0.59,2.1,11,0.147083624797641,5.63621784962862,0.0581998932088384,4.04400758702069,294.481757197452,9.88550895465579
0,0.59,2.1,12,0.160436621616675,5.62486424235365,0.0581932765770502,4.03613866218485,293.908747685712,9.87963280273223
0,0.59,2.1,13,0.17378658262877,5.6149928681958,0.0581866614495549,4.02933655983632,293.413423428987,9.87630267211045
0,0.59,2.1,14,0.187133508869097,5.6052363245837,0.0581800478258393,4.02261327847455,292.923838860476,9.87316315975319
0,0.59,2.1,15,0.200477401372354,5.5972927917277,0.0581734357053909,4.01713821015182,292.525148277988,9.87308183895726
0,0.59,2.1,16,0.213818261172768,5.59138844498184,0.0581668250876971,4.0131002529417,292.231107104935,9.87647378418401
0,0.59,2.1,17,0.2271560893041,5.58438208395338,0.0581602159722457,4.0090960398723,291.939523156217,9.87879442910203
0,0.59,2.1,18,0.240490886799637,5.57858087943202,0.0581536083585247,4.00509980952898,291.648520503936,9.88232518411916
0,0.59,2.1,19,0.253822654692199,5.57337585518944,0.0581470022460223,4.00153339041519,291.388816399794,9.88687890254285
0,0.59,2.1,20,0.267151394014136,5.56907875906951,0.058140397634227,3.99855145796347,291.171674198813,9.89292200868135
0,0.59,2.1,21,0.280477105797328,5.56528954798158,0.0581337945226274,3.99590041481655,290.978627121746,9.89980086311808
0,0.59,2.1,22,0.293799791073189,5.56217262779299,0.0581271929107125,3.99372051338054,290.819888249086,9.90782012515742
0,0.59,2.1,23,0.307139067689644,5.560590697761,0.0581243051679585,3.99261768430441,290.739581019874,9.91847175492301
0,0.59,2.1,24,0.320492940197889,5.55998217736789,0.0581243051679585,3.99219414188929,290.708738962343,9.93079356462303
0,0.59,2.2,1,0.0133864591513969,6.34775158712989,0.0592414782783209,4.54728971768177,331.130404118597,10.9676692422414
0,0.59,2.2,2,0.0267698710778561,6.13985250241945,0.0592347355651092,4.40407490472552,320.701603264855,10.6299320137879
0,0.59,2.2,3,0.0401502368197412,6.01007249181975,0.0592279943865994,4.31441087343853,314.172332257662,10.4238615964646
0,0.59,2.2,4,0.0535275574169422,5.93112587339528,0.0592212547422678,4.25987759856046,310.2012579542,10.303752284115
0,0.59,2.2,5,0.066901833908876,5.87567570096271,0.0592145166315906,4.22169475212515,307.420810224784,10.2234868036283
0,0.59,2.2,6,0.0802730673344861,5.82997445692372,0.0592077800540443,4.19034545938683,305.137977016927,10.1598007636991
0,0.59,2.2,7,0.0936412587322438,5.79354530789723,0.0592010450091059,4.16535026553492,303.317844772214,10.1117378771735
0,0.59,2.2,8,0.107006409140148,5.76321466433312,0.0591943114962523,4.14443925702177,301.795120000014,10.0738546419913
0,0.59,2.2,9,0.120368519595724,5.73729292319948,0.0591875795149608,4.12667146128538,300.501281747393,10.0435204835956
0,0.59,2.2,10,0.133727591136027,5.71396143277134,0.0591808490647089,4.11053346411215,299.326124267354,10.0174033370842
0,0.59,2.2,11,0.14708362479764,5.69222626519197,0.0591741201449745,4.09543446238703,298.226625697121,9.99391847252162
0,0.59,2.2,12,0.160436621616674,5.67167554023491,0.0591673927552354,4.08111819217357,297.184125079045,9.97239774678039
0,0.59,2.2,13,0.17378658262877,5.65604523572591,0.05916066689497,4.07027564047673,296.394578173535,9.95926812572638
0,0.59,2.2,14,0.187133508869097,5.64247234810877,0.0591539425636566,4.06105715517378,295.723294628118,9.94981695471531
0,0.59,2.2,15,0.200477401372353,5.62986678565054,0.0591472197607741,4.05248993344793,295.099435633336,9.9419813402316
0,0.59,2.2,16,0.213818261172768,5.61877343387917,0.0591404984858013,4.04556768918858,294.595362728086,9.93729988272632
0,0.59,2.2,17,0.2271560893041,5.60928822219632,0.0591337787382174,4.03909775431318,294.124226670583,9.93467584455182
0,0.59,2.2,18,0.240490886799637,5.5998151504822,0.0591270605175019,4.03264848067599,293.654595149756,9.93208157847533
0,0.59,2.2,19,0.253822654692199,5.59213509085831,0.0591203438231344,4.02735207684767,293.268914788721,9.93243016622131
0,0.59,2.2,20,0.267151394014136,5.58514292307317,0.0591136286545947,4.02248698472875,292.914642239702,9.93389493047065
0,0.59,2.2,21,0.280477105797328,5.57919320729738,0.0591069150113631,4.01834822638893,292.613260800053,9.937125454495
0,0.59,2.2,22,0.293799791073189,5.574514702463,0.0591002028929198,4.01502687141243,292.371402092147,9.94244156784154
0,0.59,2.2,23,0.307119450872661,5.56990291387874,0.0590934922987455,4.01183799329323,292.1391902548,9.94795385034337
0,0.59,2.2,24,0.32043608622622,5.56526514136073,0.0590867832283211,4.00865417659646,291.907346986634,9.95344218741173
0,0.59,2.3,1,0.0133864591513969,6.52818062652295,0.0602107926266027,4.68501038407093,341.159125125662,11.2867882623719
0,0.59,2.3,2,0.026769871077856,6.29961963264769,0.0602039395885162,4.52727860343265,329.673209006878,10.9138720467467
0,0.59,2.3,3,0.0401502368197409,6.14847884864033,0.0601970881102428,4.422600737925,322.050641266574,10.6714269114953
0,0.59,2.3,4,0.0535275574169418,6.04623550714765,0.0601902381912497,4.35175624777039,316.891795863947,10.5117095505262
0,0.59,2.3,5,0.0669018339088753,5.97494338988832,0.0601833898310049,4.30244821191313,313.301219750835,10.4044768255413
0,0.59,2.3,6,0.0802730673344853,5.91910522188019,0.0601765430289763,4.26389638833249,310.49390336804,10.3234512205761
0,0.59,2.3,7,0.0936412587322427,5.87373553308631,0.0601696977846322,4.23251597700794,308.208804126858,10.2600624666111
0,0.59,2.3,8,0.107006409140146,5.83195426627271,0.060162854097441,4.20362064281208,306.104666435298,10.2027441723224
0,0.59,2.3,9,0.120368519595722,5.79629964009375,0.0601560119668715,4.17907677393953,304.31739935469,10.1559009455959
0,0.59,2.3,10,0.133727591136025,5.76623758783812,0.0601491713923926,4.15821570809854,302.798311372367,10.1183300584651
0,0.59,2.3,11,0.147083624797638,5.73931033892021,0.0601423323734736,4.13956330198266,301.44005642087,10.086099598074
0,0.59,2.3,12,0.160436621616672,5.71491871025642,0.0601354949095839,4.12268005918417,300.210630684269,10.0581708859668
0,0.59,2.3,13,0.173786582628767,5.69349053625698,0.0601286590001932,4.10785480409755,299.131066149618,10.0352605819835
0,0.59,2.3,14,0.187133508869094,5.67339407594289,0.0601218246447715,4.09402393764279,298.123912288128,10.0146733470995
0,0.59,2.3,15,0.20047740137235,5.65415340676251,0.0601149918427889,4.08073656393899,297.15633518234,9.99548236391663
0,0.59,2.3,16,0.213818261172764,5.63603832769896,0.0601081605937158,4.06878691908858,296.286170540531,9.97875166855402
0,0.59,2.3,17,0.227156089304096,5.62095930244722,0.060101330897023,4.05834220142775,295.525593626664,9.96655892407609
0,0.59,2.3,18,0.240490886799633,5.60854608082257,0.0600945027521812,4.04974961331073,294.899887469312,9.95888108368512
0,0.59,2.3,19,0.253822654692194,5.5969807942459,0.0600876761586617,4.0416909030869,294.313057920556,9.95258202818366
0,0.59,2.3,20,0.267151394014131,5.58611491963727,0.0600808511159358,4.03401818085845,293.754335743186,9.94736534562578
0,0.59,2.3,21,0.280477105797323,5.57660739369782,0.0600740276234752,4.02731647841807,293.266322536388,9.94447500553669
0,0.59,2.3,22,0.293799791073182,5.56928778463398,0.0600672056807516,4.02221596189555,292.894906549685,9.94537074328347
0,0.59,2.3,23,0.307119450872654,5.56331095151616,0.0600603852872372,4.01805934237525,292.592224471573,9.9485501300513
0,0.59,2.3,24,0.320436086226213,5.55811030711293,0.0600535664424044,4.01439396659351,292.325314413229,9.95299392637505
0,0.59,2.4,1,0.0133864591513969,6.70442344937869,0.0611744741405429,4.81967850900439,350.965562234279,11.598662891675
0,0.59,2.4,2,0.026769871077856,6.462348607917,0.0611675114186966,4.652208625422,338.770524382897,11.2024946158356
0,0.59,2.4,3,0.040150236819741,6.29552014565516,0.0611605502816283,4.5364010860517,330.337501705112,10.9332320188082
0,0.59,2.4,4,0.0535275574169418,6.17773797497078,0.061153590728797,4.45451963108433,324.374952372103,10.7469387542008
0,0.59,2.4,5,0.0669018339088754,6.09404876441598,0.0611466327596618,4.39649278004368,320.149478336414,10.6185900111282
0,0.59,2.4,6,0.0802730673344853,6.0281944114922,0.0611396763736823,4.35086202122104,316.826678922419,10.5204691764214
0,0.59,2.4,7,0.0936412587322428,5.9752933498276,0.0611327215703181,4.31415416173423,314.153638693877,10.4442214918644
0,0.59,2.4,8,0.107006409140146,5.92990051625104,0.0611257683490294,4.28274480632022,311.866431764681,10.3807775000604
0,0.59,2.4,9,0.120368519595722,5.88836386533574,0.0611188167092763,4.25399874804796,309.773164239742,10.3238499496887
0,0.59,2.4,10,0.133727591136025,5.84883328003097,0.0611118666505192,4.22659030832776,307.777301146719,10.2702630461453
0,0.59,2.4,11,0.147083624797638,5.81431789620657,0.061104918172219,4.20263615925517,306.032977042652,10.2251425984316
0,0.59,2.4,12,0.160436621616672,5.78623338431326,0.0610979712738364,4.1831760033355,304.615902324753,10.1909439805393
0,0.59,2.4,13,0.173786582628768,5.76239188167751,0.0610910259548329,4.16672766186437,303.418145793596,10.1639971521255
0,0.59,2.4,14,0.187133508869094,5.74027869845662,0.0610840822146698,4.15144269816455,302.305105604584,10.1399389877049
0,0.59,2.4,15,0.20047740137235,5.71968552145433,0.0610771400528088,4.1374217036776,301.284106754971,10.1186617665571
0,0.59,2.4,16,0.213818261172765,5.70021256054497,0.0610701994687119,4.1244152475926,300.336985870452,10.099516268779
0,0.59,2.4,17,0.227156089304096,5.68187352916341,0.0610632604618412,4.11181166466088,299.419201922512,10.0819045435902
0,0.59,2.4,18,0.240490886799633,5.66440029939496,0.0610563230316592,4.0997861042635,298.543509164548,10.0657336134898
0,0.59,2.4,19,0.253822654692194,5.64969931604549,0.0610493871776285,4.08962669240567,297.803708016402,10.054198050321
0,0.59,2.4,20,0.267151394014131,5.63603555353597,0.0610424528992122,4.08016629157987,297.114808354613,10.0443956920292
0,0.59,2.4,21,0.280477105797323,5.62313743023781,0.0610355201958732,4.0712733014662,296.467227137451,10.0359233576972
0,0.59,2.4,22,0.293799791073183,5.61210095397604,0.0610285890670751,4.06370447569086,295.916070625926,10.0306338098072
0,0.59,2.4,23,0.307119450872654,5.60303572894926,0.0610216595122816,4.05731382826289,295.450708223972,10.0284906675971
0,0.59,2.4,24,0.320436086226213,5.59546555783744,0.0610147315309564,4.05194360903278,295.059652677861,10.0288599846274
0,0.59,2.5,1,0.0133864591513969,6.89082938664389,0.0621328714342646,4.96095026357057,361.252870957572,11.9272989808001
0,0.59,2.5,2,0.026769871077856,6.64100243060063,0.0621257996300949,4.78768728474406,348.635984029403,11.5175853860526
0,0.59,2.5,3,0.040150236819741,6.46122698042704,0.0621187294355313,4.66265743320421,339.531399136495,11.2261533798865
0,0.59,2.5,4,0.0535275574169418,6.33005764792218,0.0621116608500243,4.5712239844181,332.873280405073,11.0169208506072
0,0.59,2.5,5,0.0669018339088753,6.23325701223997,0.0621045938730245,4.50397202153607,327.976040284149,10.8662354615579
0,0.59,2.5,6,0.0802730673344853,6.15826605665278,0.0620975285039832,4.45190501291833,324.184557736249,10.7525416654096
0,0.59,2.5,7,0.0936412587322428,6.09888446626976,0.0620904647423515,4.41057475579966,321.17491779868,10.665190945544
0,0.59,2.5,8,0.107006409140146,6.04806820358525,0.062083402587581,4.37533069232866,318.608470155251,10.5924887076416
0,0.59,2.5,9,0.120368519595722,6.00296908338849,0.0620763420391233,4.34400334614461,316.327235079871,10.5294172911679
0,0.59,2.5,10,0.133727591136025,5.95992400176076,0.0620692830964307,4.31413704248601,314.152392082394,10.4698579184792
0,0.59,2.5,11,0.147083624797638,5.92273652823598,0.0620622257589552,4.28843649976976,312.280896834882,10.4203188785623
0,0.59,2.5,12,0.160436621616672,5.88727792152706,0.0620551700261495,4.26395728247837,310.498337636447,10.3737269956483
0,0.59,2.5,13,0.173786582628768,5.85589976104759,0.0620481158974662,4.24227165145698,308.919205403953,10.3340061110308
0,0.59,2.5,14,0.187133508869094,5.82903782456955,0.0620410633723585,4.223623707295,307.561275368766,10.301836104106
0,0.59,2.5,15,0.20047740137235,5.80595314426169,0.0620340124502796,4.20805128033765,306.427302309727,10.276515838422
0,0.59,2.5,16,0.213818261172765,5.78430756347933,0.0620269631306829,4.19337391358868,305.358506898675,10.2535267013715
0,0.59,2.5,17,0.227156089304096,5.76540269147424,0.0620199154130224,4.18032836535526,304.408539351702,10.2349070615466
0,0.59,2.5,18,0.240490886799633,5.74775175891979,0.0620128692967518,4.16818591826024,303.524334987523,10.2184414332764
0,0.59,2.5,19,0.253822654692194,5.73050179309275,0.0620058247813256,4.15624954640873,302.655136876056,10.202579818975
0,0.59,2.5,20,0.267151394014131,5.7148157616119,0.0619987818661982,4.14544357352002,301.868253613347,10.1894095110122
0,0.59,2.5,21,0.280477105797323,5.70074511660378,0.0619917405508244,4.13575063814353,301.162420950908,10.1789646010955
0,0.59,2.5,22,0.293799791073183,5.6887192932199,0.0619847008346592,4.12742453601752,300.55612011395,10.1719283211453
0,0.59,2.5,23,0.307119450872654,5.67763446952721,0.0619776627171578,4.11972243526045,299.995258613015,10.1664540183775
0,0.59,2.5,24,0.320436086226213,5.66728821400887,0.0619706261977758,4.11249522145222,299.468978042049,10.1621901478851
0,0.6,1.7,1,0.0133871002640128,5.75950392998427,0.0545878672817256,3.99835995879571,291.157729365573,9.82583885632571
0,0.6,1.7,2,0.0267742005280256,5.75418603805638,0.0545878672817256,3.99486781600982,290.903434010818,9.83041592187595
0,0.6,1.7,3,0.0401613007920385,5.75418603805638,0.0545878672817256,3.99486781600982,290.903434010818,9.84380302213996
0,0.6,1.7,4,0.0535484010560513,5.75418603805638,0.0545878672817256,3.99486781600982,290.903434010818,9.85719012240398
0,0.6,1.7,5,0.0669355013200641,5.75418603805638,0.0545878672817256,3.99486781600982,290.903434010818,9.87057722266799
0,0.6,1.7,6,0.0803226015840769,5.75418603805638,0.0545878672817256,3.99486781600982,290.903434010818,9.883964322932
0,0.6,1.7,7,0.0937097018480898,5.75418603805638,0.0545878672817256,3.99486781600982,290.903434010818,9.89735142319601
0,0.6,1.7,8,0.107096802112103,5.75418603805638,0.0545878672817256,3.99486781600982,290.903434010818,9.91073852346003
0,0.6,1.7,9,0.120483902376115,5.75418603805638,0.0545878672817256,3.99486781600982,290.903434010818,9.92412562372404
0,0.6,1.7,10,0.133871002640128,5.75418603805638,0.0545878672817256,3.99486781600982,290.903434010818,9.93751272398805
0,0.6,1.7,11,0.147258102904141,5.75418603805638,0.0545878672817256,3.99486781600982,290.903434010818,9.95089982425207
0,0.6,1.7,12,0.160645203168154,5.75418603805638,0.0545878672817256,3.99486781600982,290.903434010818,9.96428692451608
0,0.6,1.7,13,0.174032303432167,5.75418603805638,0.0545878672817256,3.99486781600982,290.903434010818,9.97767402478009
0,0.6,1.7,14,0.18741940369618,5.75418603805638,0.0545878672817256,3.99486781600982,290.903434010818,9.99106112504411
0,0.6,1.7,15,0.200806503960192,5.75418603805638,0.0545878672817256,3.99486781600982,290.903434010818,10.0044482253081
0,0.6,1.7,16,0.214193604224205,5.75418603805638,0.0545878672817256,3.99486781600982,290.903434010818,10.0178353255721
0,0.6,1.7,17,0.227580704488218,5.75418603805638,0.0545878672817256,3.99486781600982,290.903434010818,10.0312224258361
0,0.6,1.7,18,0.240967804752231,5.75418603805638,0.0545878672817256,3.99486781600982,290.903434010818,10.0446095261002
0,0.6,1.7,19,0.254354905016244,5.75418603805638,0.0545878672817256,3.99486781600982,290.903434010818,10.0579966263642
0,0.6,1.7,20,0.267742005280256,5.75418603805638,0.0545878672817256,3.99486781600982,290.903434010818,10.0713837266282
0,0.6,1.7,21,0.281129105544269,5.75418603805638,0.0545878672817256,3.99486781600982,290.903434010818,10.0847708268922
0,0.6,1.7,22,0.294516205808282,5.75418603805638,0.0545878672817256,3.99486781600982,290.903434010818,10.0981579271562
0,0.6,1.7,23,0.307903306072295,5.75418603805638,0.0545878672817256,3.99486781600982,290.903434010818,10.1115450274202
0,0.6,1.7,24,0.321290406336308,5.75418603805638,0.0545878672817256,3.99486781600982,290.903434010818,10.1249321276842
0,0.6,1.8,1,0.0133864591513969,5.83102786228664,0.0556041340926516,4.06588860282673,296.075117211046,9.96590705835742
0,0.6,1.8,2,0.026770766718846,5.79067351812851,0.0555996655113415,4.03891495979432,294.110915703686,9.91195891015302
0,0.6,1.8,3,0.040156150078269,5.7722158520462,0.0555996655113415,4.02673138698017,293.22371659388,9.89470305461597
0,0.6,1.8,4,0.0535385362677633,5.76137409825321,0.0555965531304511,4.01948743918331,292.696217465759,9.88999662683474
0,0.6,1.8,5,0.0669191028292879,5.75786449391359,0.0555931740424632,4.01713933397676,292.525230114121,9.8975161047621
0,0.6,1.8,6,0.0803029233951454,5.75611494024341,0.0555931740424632,4.01600484082229,292.442617129237,9.90801587850331
0,0.6,1.8,7,0.093686743961003,5.75611494024341,0.0555931740424632,4.01600484082229,292.442617129237,9.92139969906917
0,0.6,1.8,8,0.107070564526861,5.75611494024341,0.0555931740424632,4.01600484082229,292.442617129237,9.93478351963502
0,0.6,1.8,9,0.120454385092718,5.75611494024341,0.0555931740424632,4.01600484082229,292.442617129237,9.94816734020088
0,0.6,1.8,10,0.133838205658576,5.75611494024341,0.0555931740424632,4.01600484082229,292.442617129237,9.96155116076674
0,0.6,1.8,11,0.147222026224433,5.75611494024341,0.0555931740424632,4.01600484082229,292.442617129237,9.9749349813326
0,0.6,1.8,12,0.160605846790291,5.75611494024341,0.0555931740424632,4.01600484082229,292.442617129237,9.98831880189845
0,0.6,1.8,13,0.173989667356148,5.75611494024341,0.0555931740424632,4.01600484082229,292.442617129237,10.0017026224643
0,0.6,1.8,14,0.187373487922006,5.75611494024341,0.0555931740424632,4.01600484082229,292.442617129237,10.0150864430302
0,0.6,1.8,15,0.200757308487864,5.75611494024341,0.0555931740424632,4.01600484082229,292.442617129237,10.028470263596
0,0.6,1.8,16,0.214141129053721,5.75611494024341,0.0555931740424632,4.01600484082229,292.442617129237,10.0418540841619
0,0.6,1.8,17,0.227524949619579,5.75611494024341,0.0555931740424632,4.01600484082229,292.442617129237,10.0552379047277
0,0.6,1.8,18,0.240908770185436,5.75611494024341,0.0555931740424632,4.01600484082229,292.442617129237,10.0686217252936
0,0.6,1.8,19,0.254292590751294,5.75611494024341,0.0555931740424632,4.01600484082229,292.442617129237,10.0820055458595
0,0.6,1.8,20,0.267676411317151,5.75611494024341,0.0555931740424632,4.01600484082229,292.442617129237,10.0953893664253
0,0.6,1.8,21,0.281060231883009,5.75611494024341,0.0555931740424632,4.01600484082229,292.442617129237,10.1087731869912
0,0.6,1.8,22,0.294444052448867,5.75611494024341,0.0555931740424632,4.01600484082229,292.442617129237,10.122157007557
0,0.6,1.8,23,0.307827873014724,5.75611494024341,0.0555931740424632,4.01600484082229,292.442617129237,10.1355408281229
0,0.6,1.8,24,0.321211693580582,5.75611494024341,0.0555931740424632,4.01600484082229,292.442617129237,10.1489246486887
0,0.6,1.9,1,0.013386459151397,5.94183534761524,0.0566148074203398,4.15775335266003,302.76464297807,10.169589966847
0,0.6,1.9,2,0.0267698710778562,5.8261674811281,0.0566083636680725,4.0799385495046,297.098224338616,9.98948426537864
0,0.6,1.9,3,0.0401502368197413,5.77650305749135,0.0566019213824611,4.04644815658765,294.659477738073,9.9197033722812
0,0.6,1.9,4,0.0535275574169424,5.74937381192141,0.0565954805630047,4.02836009341213,293.342317838245,9.88785694331348
0,0.6,1.9,5,0.0669018339088762,5.72927385127076,0.0565890412092031,4.01514129667514,292.379734458422,9.86790602306399
0,0.6,1.9,6,0.0802730673344864,5.71371861305062,0.0565826033205559,4.00495660414612,291.638092389775,9.85553088785178
0,0.6,1.9,7,0.0936412587322442,5.70291204529834,0.0565761668965631,3.99777215082602,291.114925607152,9.85090162175317
0,0.6,1.9,8,0.107006409140148,5.69424924728807,0.056569731936725,3.99203562030134,290.697195533017,9.84986100866628
0,0.6,1.9,9,0.120368519595724,5.68810499787692,0.0565632984405421,3.98786876429688,290.393768041407,9.85290558021007
0,0.6,1.9,10,0.133727591136028,5.68396300875909,0.056556866407515,3.9850737657106,290.190238231599,9.85932123201324
0,0.6,1.9,11,0.147093976547202,5.68136638999607,0.0565544158583752,3.98334092862441,290.064054267029,9.86835571102606
0,0.6,1.9,12,0.160466156233311,5.68047524158532,0.0565544158583752,3.98275297175604,290.021239665912,9.88024878543304
0,0.6,1.9,13,0.17383833591942,5.68047524158532,0.0565544158583752,3.98275297175604,290.021239665912,9.89362096511915
0,0.6,1.9,14,0.18721051560553,5.68047524158532,0.0565544158583752,3.98275297175604,290.021239665912,9.90699314480526
0,0.6,1.9,15,0.200582695291639,5.68047524158532,0.0565544158583752,3.98275297175604,290.021239665912,9.92036532449137
0,0.6,1.9,16,0.213954874977748,5.68047524158532,0.0565544158583752,3.98275297175604,290.021239665912,9.93373750417748
0,0.6,1.9,17,0.227327054663858,5.68047524158532,0.0565544158583752,3.98275297175604,290.021239665912,9.94710968386359
0,0.6,1.9,18,0.240699234349967,5.68047524158532,0.0565544158583752,3.98275297175604,290.021239665912,9.9604818635497
0,0.6,1.9,19,0.254071414036076,5.68047524158532,0.0565544158583752,3.98275297175604,290.021239665912,9.97385404323581
0,0.6,1.9,20,0.267443593722185,5.68047524158532,0.0565544158583752,3.98275297175604,290.021239665912,9.98722622292192
0,0.6,1.9,21,0.280815773408295,5.68047524158532,0.0565544158583752,3.98275297175604,290.021239665912,10.000598402608
0,0.6,1.9,22,0.294187953094404,5.68047524158532,0.0565544158583752,3.98275297175604,290.021239665912,10.0139705822941
0,0.6,1.9,23,0.307560132780513,5.68047524158532,0.0565544158583752,3.98275297175604,290.021239665912,10.0273427619802
0,0.6,1.9,24,0.320932312466622,5.68047524158532,0.0565544158583752,3.98275297175604,290.021239665912,10.0407149416664
0,0.6,2,1,0.0133864591513969,6.10822045583406,0.0576179131588028,4.2857265024596,312.083556757565,10.4649513306039
0,0.6,2,2,0.0267698710778562,5.94577893442073,0.0576113552356116,4.17618766931202,304.107016809868,10.2063478300462
0,0.6,2,3,0.0401502368197413,5.86694192282641,0.0576047988050624,4.12265638121186,300.20890647116,10.0873533396631
0,0.6,2,4,0.0535275574169423,5.82151186524523,0.0575982438666459,4.09190860086838,297.969874968221,10.0245462673972
0,0.6,2,5,0.0669018339088761,5.79098337498238,0.0575916904198525,4.07148052195805,296.482316786334,9.98695742126916
0,0.6,2,6,0.0802730673344863,5.7661353400486,0.0575851384641734,4.05490064490303,295.27498192748,9.95889419075029
0,0.6,2,7,0.093641258732244,5.746500314841,0.0575785879990996,4.04182248043893,294.32263928978,9.93954264201128
0,0.6,2,8,0.107006409140148,5.73151366133596,0.0575720390241225,4.03198212616776,293.606071688244,9.92807423566799
0,0.6,2,9,0.120368519595724,5.71893912876408,0.0575654915387337,4.02374360174572,293.006148197422,9.92061674164426
0,0.6,2,10,0.133727591136028,5.70896157731867,0.057558945542425,4.01717433622517,292.527778952964,9.9174224502223
0,0.6,2,11,0.147083624797641,5.69957795234633,0.0575524010346885,4.01099731489225,292.077972651363,9.91521129307091
0,0.6,2,12,0.160436621616675,5.69195946614513,0.0575458580150165,4.0059295124775,291.708938882728,9.91587145825431
0,0.6,2,13,0.173786582628771,5.68664515457684,0.0575393164829016,4.00235338348724,291.448527712285,9.92032443717575
0,0.6,2,14,0.187133508869097,5.68149228913436,0.0575327764378365,3.99886799444006,291.194724159981,9.92502656888135
0,0.6,2,15,0.200477401372354,5.67724553980589,0.0575262378793142,3.99597940812798,290.98437935852,9.93122858718553
0,0.6,2,16,0.213818261172769,5.67369276664268,0.0575197008068279,3.99357111791929,290.809009377818,9.93860184654157
0,0.6,2,17,0.227175772051325,5.67289718489127,0.0575181486526137,3.99303610480015,290.770050102876,9.95062721039536
0,0.6,2,18,0.240539052760226,5.67289718489127,0.0575181486526137,3.99303610480015,290.770050102876,9.96399049110426
0,0.6,2,19,0.253902333469128,5.67289718489127,0.0575181486526137,3.99303610480015,290.770050102876,9.97735377181316
0,0.6,2,20,0.267265614178029,5.67289718489127,0.0575181486526137,3.99303610480015,290.770050102876,9.99071705252206
0,0.6,2,21,0.280628894886931,5.67289718489127,0.0575181486526137,3.99303610480015,290.770050102876,10.004080333231
0,0.6,2,22,0.293992175595832,5.67289718489127,0.0575181486526137,3.99303610480015,290.770050102876,10.0174436139399
0,0.6,2,23,0.307355456304734,5.67289718489127,0.0575181486526137,3.99303610480015,290.770050102876,10.0308068946488
0,0.6,2,24,0.320718737013635,5.67289718489127,0.0575181486526137,3.99303610480015,290.770050102876,10.0441701753577
0,0.6,2.1,1,0.0133864591513969,6.27005811911324,0.0586140123148981,4.4100197472846,321.134502473224,10.7520783378641
0,0.6,2.1,2,0.026769871077856,6.07456426761603,0.0586073410182538,4.27773948266708,311.501947655045,10.4376809623792
0,0.6,2.1,3,0.0401502368197409,5.95912733139779,0.0586006712400566,4.19935549390552,305.794081324444,10.2572337333631
0,0.6,2.1,4,0.0535275574169417,5.89134085161081,0.058594002979788,4.15329302136129,302.439844824191,10.1567554333688
0,0.6,2.1,5,0.0669018339088752,5.84300914175454,0.0585873362369299,4.12072877885402,300.068539837988,10.0892270907544
0,0.6,2.1,6,0.0802730673344851,5.80555641850481,0.0585806710109643,4.09548278528962,298.23014453653,10.0398929421399
0,0.6,2.1,7,0.0936412587322426,5.77479502155834,0.0585740073013737,4.07485226575514,296.727844772328,10.0018625533471
0,0.6,2.1,8,0.107006409140146,5.74845153467125,0.0585673451076405,4.05709558462968,295.434815877773,9.97112087354872
0,0.6,2.1,9,0.120368519595722,5.72595250120932,0.0585606844292477,4.041839485303,294.32387757189,9.94672119053728
0,0.6,2.1,10,0.133727591136025,5.70478680042599,0.0585540252656783,4.02749388500887,293.279241158194,9.92456230183657
0,0.6,2.1,11,0.147083624797638,5.6887070261427,0.0585473676164155,4.01650100944204,292.478747775352,9.9108390279988
0,0.6,2.1,12,0.160436621616672,5.67638796559182,0.058540711480943,4.0080600857612,291.86408571441,9.90342538445064
0,0.6,2.1,13,0.173786582628767,5.66518416548069,0.0585340568587444,4.00047004827417,291.31138458112,9.89797485324237
0,0.6,2.1,14,0.187133508869093,5.65541041006494,0.0585274037493037,3.99383598570214,290.828296861444,9.89490730838547
0,0.6,2.1,15,0.20047740137235,5.64566839705241,0.0585207521521052,3.98723055662536,290.347294212533,9.89189710720223
0,0.6,2.1,16,0.213818261172764,5.63674899140754,0.0585141020666334,3.9812111187363,289.908963025272,9.89029247338323
0,0.6,2.1,17,0.227156089304095,5.62970598931247,0.0585074534923729,3.97722550700869,289.618733613037,9.89259503911763
0,0.6,2.1,18,0.240490886799632,5.62388638205145,0.0585008064288086,3.97329252946934,289.332336984969,9.89617060474923
0,0.6,2.1,19,0.253822654692194,5.61797152488046,0.0584941608754258,3.96936732268936,289.046506218073,9.89965566313744
0,0.6,2.1,20,0.26715139401413,5.61211829826733,0.0584875168317098,3.96546416471532,288.762281029548,9.90322137382849
0,0.6,2.1,21,0.280477105797322,5.60734755114116,0.0584808742971463,3.96220549391653,288.524986938896,9.90851102515217
0,0.6,2.1,22,0.293799791073182,5.60355731150795,0.0584742332712211,3.9596003102681,288.335279317903,9.91543164612045
0,0.6,2.1,23,0.307119450872654,5.59978978896105,0.0584675937534204,3.95700064805589,288.145973763969,9.92237748164301
0,0.6,2.1,24,0.320436086226213,5.59692136439723,0.0584609557432304,3.95503593375601,288.002904665564,9.93085434012269
0,0.6,2.2,1,0.0133864591513969,6.44879014319037,0.0596035998264784,4.54492143064086,330.95794714013,11.0667016328091
0,0.6,2.2,2,0.026769871077856,6.23322244585395,0.0595968158975201,4.39877911951864,320.315967951394,10.718368252348
0,0.6,2.2,3,0.0401502368197409,6.09625154863127,0.0595900335126449,4.30562798508491,313.532768572386,10.5016198040486
0,0.6,2.2,4,0.0535275574169417,6.01054629154382,0.0595832526713258,4.24736546359581,309.290133182202,10.3710225652279
0,0.6,2.2,5,0.0669018339088752,5.95051156250222,0.0595764733730356,4.20663296921345,306.324021902082,10.2836228389976
0,0.6,2.2,6,0.0802730673344852,5.90241224103294,0.059569695617248,4.17412004914228,303.956454179186,10.216375053127
0,0.6,2.2,7,0.0936412587322426,5.86191115676086,0.0595629194034364,4.14674432385561,301.962973327951,10.1618596587521
0,0.6,2.2,8,0.107006409140146,5.82967884647891,0.0595561447310747,4.12485458483562,300.36897809612,10.1210959851857
0,0.6,2.2,9,0.120368519595722,5.8015187462816,0.0595493715996371,4.10584173102852,298.984475600026,10.0872783685055
0,0.6,2.2,10,0.133727591136025,5.77716732816679,0.0595426000085977,4.08927408589053,297.778031460673,10.0597116052019
0,0.6,2.2,11,0.147083624797638,5.75468871030809,0.0595358299574313,4.07390259074061,296.658690112989,10.0352107558038
0,0.6,2.2,12,0.160436621616672,5.7334226740176,0.0595290614456126,4.05933152514581,295.597635476403,10.0127198822257
0,0.6,2.2,13,0.173786582628767,5.71360212049012,0.0595222944726166,4.04583241386596,294.614639790873,9.99274341145746
0,0.6,2.2,14,0.187133508869093,5.69823581709643,0.0595155290379186,4.03546341391037,293.859576586465,9.9803482689138
0,0.6,2.2,15,0.20047740137235,5.6852642235613,0.0595087651409942,4.02679023387902,293.228001783214,9.97204062395366
0,0.6,2.2,16,0.213818261172764,5.67196747523734,0.059502002781319,4.01850444527155,292.624636548013,9.96379218446297
0,0.6,2.2,17,0.227156089304095,5.66181720370908,0.0594952419583692,4.01163793027482,292.124621808044,9.96010646524637
0,0.6,2.2,18,0.240490886799632,5.65234027719842,0.0594884826716209,4.0052759803248,291.66134913603,9.95759562699448
0,0.6,2.2,19,0.253822654692194,5.64301338923198,0.0594817249205506,3.99893417691952,291.19954352108,9.95525194576425
0,0.6,2.2,20,0.26715139401413,5.63533687102065,0.059474968704635,3.99368832566667,290.817544362647,9.95565155940608
0,0.6,2.2,21,0.280477105797322,5.62796342887029,0.0594682140233511,3.98864258006873,290.45011675573,9.95655132875969
0,0.6,2.2,22,0.293799791073182,5.62209147860649,0.0594614608761761,3.98462981425077,290.157910001943,9.95998254480661
0,0.6,2.2,23,0.307119450872654,5.61742026494157,0.0594547092625873,3.98148901933047,289.929199548952,9.96548344440728
0,0.6,2.2,24,0.320436086226213,5.61276777213677,0.0594479591820625,3.97835317183252,289.700849363739,9.97100498937757
0,0.6,2.3,1,0.0133864591513969,6.6338392006235,0.0605871149681532,4.68362770886856,341.058439700507,11.3914404836116
0,0.6,2.3,2,0.0267698710778561,6.39788816062655,0.0605802190980225,4.52336570552832,329.388274563555,11.0086039563307
0,0.6,2.3,3,0.0401502368197411,6.24074325478874,0.0605733247974536,4.41623966273875,321.587432294236,10.7577064791447
0,0.6,2.3,4,0.053527557416942,6.13229092862214,0.0605664320659108,4.34224521810455,316.199209446023,10.5886301362095
0,0.6,2.3,5,0.0669018339088756,6.05650316750252,0.0605595409028586,4.29065059485162,312.442125664522,10.4746151371659
0,0.6,2.3,6,0.0802730673344857,5.99744606052221,0.0605526513077616,4.25050031867708,309.518411100338,10.3887720978415
0,0.6,2.3,7,0.0936412587322433,5.94987248165135,0.0605457632800847,4.21809786973817,307.158887806748,10.3221573734018
0,0.6,2.3,8,0.107006409140147,5.90747892930364,0.060538876819293,4.18925212591683,305.058361251002,10.2642763411799
0,0.6,2.3,9,0.120368519595723,5.86752083564206,0.060531991924852,4.16218882432487,303.087630871083,10.2106101714875
0,0.6,2.3,10,0.133727591136026,5.83574666326371,0.0605251085962274,4.14049281201988,301.507742680899,10.1704921750158
0,0.6,2.3,11,0.147083624797639,5.80704045657418,0.060518226832885,4.12090218869793,300.081167419527,10.1355444969026
0,0.6,2.3,12,0.160436621616673,5.78165871407365,0.060511346634291,4.10360987700936,298.821953577199,10.106216559334
0,0.6,2.3,13,0.173786582628769,5.75820567097641,0.0605044679999118,4.08770222006804,297.663569309077,10.0801989416731
0,0.6,2.3,14,0.187133508869095,5.73740177850846,0.0604975909292139,4.07361158342538,296.6374991672,10.0586444617321
0,0.6,2.3,15,0.200477401372352,5.71808172125122,0.0604907154216643,4.06045616530396,295.679530973101,10.0395060033492
0,0.6,2.3,16,0.213818261172766,5.698063704386,0.06048384147673,4.04739552113579,294.728464150893,10.0197613281713
0,0.6,2.3,17,0.227156089304098,5.68139258276305,0.0604769690938784,4.03601963965547,293.900080549747,10.0050452808165
0,0.6,2.3,18,0.240490886799635,5.66666385289877,0.0604700982725771,4.02605979498763,293.174811742485,9.99368463295861
0,0.6,2.3,19,0.253822654692197,5.6539549354914,0.0604632290122939,4.01741638810499,292.545404998753,9.98565720730088
0,0.6,2.3,20,0.267151394014133,5.64255141992296,0.060456361312497,4.00948571976617,291.967899369026,9.97964489501576
0,0.6,2.3,21,0.280477105797325,5.63229681529066,0.0604494951726546,4.0023726909614,291.449933668826,9.97559610722204
0,0.6,2.3,22,0.293799791073185,5.62393988490631,0.0604426305922352,3.99660598452573,291.030006206309,9.97478829109747
0,0.6,2.3,23,0.307119450872657,5.61644426475191,0.0604357675707078,3.99146139874374,290.655381127465,9.97546088193901
0,0.6,2.3,24,0.320436086226216,5.61042210782991,0.0604289061075413,3.98729090063348,290.3516884203,9.97857800079715
0,0.6,2.4,1,0.0133864591513969,6.81330739044871,0.0615649497401762,4.81837355505964,350.870536415846,11.7066323543999
0,0.6,2.4,2,0.0267698710778561,6.5652791985283,0.0615579425753981,4.64948366853857,338.572094960091,11.3030906807201
0,0.6,2.4,3,0.0401502368197411,6.39240232294375,0.0615509370055135,4.53138336742631,329.97211500241,11.0254868641953
0,0.6,2.4,4,0.053527557416942,6.26832372766006,0.061543933029978,4.44647782792539,323.789353983791,10.8298730460324
0,0.6,2.4,5,0.0669018339088757,6.18017026415814,0.0615369306482474,4.38630150091556,319.407356636304,10.6949105296308
0,0.6,2.4,6,0.0802730673344857,6.11155850461487,0.0615299298597777,4.33950146183177,315.99941106505,10.5928629636409
0,0.6,2.4,7,0.0936412587322433,6.05588742516051,0.0615229306640253,4.30147660464491,313.230468000377,10.5125282192017
0,0.6,2.4,8,0.107006409140147,6.00843393529008,0.0615159330604465,4.26914500998719,310.876104265165,10.4461012874779
0,0.6,2.4,9,0.120368519595723,5.96538767793727,0.0615089370484984,4.2398158431716,308.740375190692,10.3870809777531
0,0.6,2.4,10,0.133727591136026,5.92523485937969,0.0615019426276377,4.21241232382385,306.74487039569,10.3328767169672
0,0.6,2.4,11,0.147083624797639,5.8881599068194,0.0614949497973219,4.18708197252674,304.900332224115,10.2838204539411
0,0.6,2.4,12,0.160436621616673,5.85736262550715,0.0614879585570084,4.1660902627011,303.371730839717,10.2453774683819
0,0.6,2.4,13,0.173786582628769,5.83159765397678,0.061480968906155,4.14866166681828,302.102592879262,10.21552687233
0,0.6,2.4,14,0.187133508869095,5.80876300750681,0.0614739808442198,4.13313713127669,300.972107239069,10.1905076284968
0,0.6,2.4,15,0.200477401372352,5.78710177815665,0.061466994370661,4.11861577048918,299.914672071209,10.1676619443888
0,0.6,2.4,16,0.213818261172766,5.76700454756427,0.061460009484937,4.10539347536225,298.951833941118,10.1476762935842
0,0.6,2.4,17,0.227156089304098,5.74856548941401,0.0614530261865067,4.0929265737352,298.044003028603,10.1301011786398
0,0.6,2.4,18,0.240490886799635,5.73069903888433,0.0614460444748291,4.08080226427118,297.161119433817,10.11343823443
0,0.6,2.4,19,0.253822654692197,5.71446073927753,0.0614390643493634,4.0697690375544,296.357687708926,10.0994914958735
0,0.6,2.4,20,0.267151394014133,5.70066514628975,0.061432085809569,4.06038873429582,295.674620695032,10.0896373604093
0,0.6,2.4,21,0.280477105797325,5.68769173811101,0.0614251088549058,4.05158165515602,295.033295453904,10.0811756079193
0,0.6,2.4,22,0.293799791073185,5.67538582875042,0.0614181334848337,4.04325766491413,294.427148402847,10.0738614182226
0,0.6,2.4,23,0.307119450872657,5.66391556948915,0.0614111596988129,4.03545912255593,293.859264093086,10.0679053026166
0,0.6,2.4,24,0.320436086226216,5.65550082783239,0.061404187496304,4.0296646301156,293.437313273466,10.0670057316705
0,0.6,2.5,1,0.0133864591513969,7.00172070677185,0.0625374556986144,4.95880201393913,361.096436946815,12.036446635561
0,0.6,2.5,2,0.0267698710778561,6.74443001245283,0.0625303378457009,4.78319023524378,348.308512082195,11.6169204566202
0,0.6,2.5,3,0.0401502368197412,6.55656394141966,0.0625232216128744,4.65461161579468,338.94550843331,11.313849015647
0,0.6,2.5,4,0.0535275574169422,6.41740896999339,0.0625161069995822,4.55915614212261,331.994508709351,11.0926087765325
0,0.6,2.5,5,0.0669018339088759,6.31275002549304,0.0625089940052712,4.48755935555711,326.780881616967,10.9297202089643
0,0.6,2.5,6,0.080273067334486,6.23354334664024,0.0625018826293889,4.433471201301,322.842220680715,10.8097894979051
0,0.6,2.5,7,0.0936412587322436,6.16937675170829,0.062494772871383,4.38951768397138,319.641556799722,10.7150304672833
0,0.6,2.5,8,0.107006409140147,6.11525906969969,0.0624876647307016,4.35256142742849,316.950428474168,10.637314570999
0,0.6,2.5,9,0.120368519595724,6.06804385584383,0.0624805582067927,4.32028366298473,314.599984616864,10.5711765966311
0,0.6,2.5,10,0.133727591136027,6.02524107829917,0.0624734532991049,4.29107797635055,312.473247281406,10.5125200990849
0,0.6,2.5,11,0.14708362479764,5.98575112664862,0.0624663500070868,4.26420909024817,310.516674099209,10.4595101917015
0,0.6,2.5,12,0.160436621616674,5.94859534783799,0.0624592483301874,4.23893075716633,308.675923857084,10.4104219749512
0,0.6,2.5,13,0.17378658262877,5.914817003033,0.0624521482678559,4.21592444833995,307.000620805833,10.3669801822696
0,0.6,2.5,14,0.187133508869096,5.88430539674738,0.0624450498195418,4.19505627109773,305.481014976328,10.3289402265337
0,0.6,2.5,15,0.200477401372353,5.85624114175384,0.0624379529846947,4.17631394010152,304.116211758981,10.2954704362124
0,0.6,2.5,16,0.213818261172767,5.83264888940587,0.0624308577627646,4.16052612970806,302.966554631262,10.2694241380495
0,0.6,2.5,17,0.227156089304099,5.81236937117345,0.0624237641532018,4.14677727802112,301.965373026853,10.2487265026519
0,0.6,2.5,18,0.240490886799636,5.79372295991059,0.0624166721554565,4.13412592252438,301.044110314694,10.2307564413901
0,0.6,2.5,19,0.253822654692198,5.77688238935769,0.0624095817689797,4.12266812065851,300.209761329319,10.2157827464774
0,0.6,2.5,20,0.267151394014135,5.76120410740515,0.0624024929932222,4.11203583793652,299.435526061056,10.202793832349
0,0.6,2.5,21,0.280477105797327,5.74602085000486,0.0623954058276353,4.10174124742779,298.685881299665,10.1906346090576
0,0.6,2.5,22,0.293799791073187,5.73228558034764,0.0623883202716703,4.09238324215612,298.004438009324,10.1808569338486
0,0.6,2.5,23,0.307119450872659,5.72007533989177,0.062381236324779,4.08402596961401,297.395867364828,10.1736019967032
0,0.6,2.5,24,0.320436086226218,5.71059623300041,0.0623741539864134,4.07751724387905,296.921906584512,10.1709237170921
0,0.61,1.7,1,0.013386577193258,5.80167625546003,0.054875293979865,3.96594868384497,288.797563368076,9.83588681047812
0,0.61,1.7,2,0.026773154386516,5.78509470318016,0.0548752939798651,3.95522306431976,288.016531380166,9.82196621586631
0,0.61,1.7,3,0.0401597315797739,5.78202459816512,0.0548752939798651,3.95322005673975,287.870673792328,9.83027968046451
0,0.61,1.7,4,0.0535463087730319,5.78197840523788,0.0548752939798651,3.95318973026518,287.868465440012,9.84358973825596
0,0.61,1.7,5,0.0669328859662899,5.78197840523788,0.0548752939798651,3.95318973026518,287.868465440012,9.85697631544922
0,0.61,1.7,6,0.0803194631595479,5.78197840523788,0.0548752939798651,3.95318973026518,287.868465440012,9.87036289264248
0,0.61,1.7,7,0.0937060403528059,5.78197840523788,0.0548752939798651,3.95318973026518,287.868465440012,9.88374946983574
0,0.61,1.7,8,0.107092617546064,5.78197840523788,0.0548752939798651,3.95318973026518,287.868465440012,9.897136047029
0,0.61,1.7,9,0.120479194739322,5.78197840523788,0.0548752939798651,3.95318973026518,287.868465440012,9.91052262422225
0,0.61,1.7,10,0.13386577193258,5.78197840523788,0.0548752939798651,3.95318973026518,287.868465440012,9.92390920141551
0,0.61,1.7,11,0.147252349125838,5.78197840523788,0.0548752939798651,3.95318973026518,287.868465440012,9.93729577860877
0,0.61,1.7,12,0.160638926319096,5.78197840523788,0.0548752939798651,3.95318973026518,287.868465440012,9.95068235580203
0,0.61,1.7,13,0.174025503512354,5.78197840523788,0.0548752939798651,3.95318973026518,287.868465440012,9.96406893299529
0,0.61,1.7,14,0.187412080705612,5.78197840523788,0.0548752939798651,3.95318973026518,287.868465440012,9.97745551018854
0,0.61,1.7,15,0.20079865789887,5.78197840523788,0.0548752939798651,3.95318973026518,287.868465440012,9.9908420873818
0,0.61,1.7,16,0.214185235092128,5.78197840523788,0.0548752939798651,3.95318973026518,287.868465440012,10.0042286645751
0,0.61,1.7,17,0.227571812285386,5.78197840523788,0.0548752939798651,3.95318973026518,287.868465440012,10.0176152417683
0,0.61,1.7,18,0.240958389478644,5.78197840523788,0.0548752939798651,3.95318973026518,287.868465440012,10.0310018189616
0,0.61,1.7,19,0.254344966671902,5.78197840523788,0.0548752939798651,3.95318973026518,287.868465440012,10.0443883961548
0,0.61,1.7,20,0.26773154386516,5.78197840523788,0.0548752939798651,3.95318973026518,287.868465440012,10.0577749733481
0,0.61,1.7,21,0.281118121058418,5.78197840523788,0.0548752939798651,3.95318973026518,287.868465440012,10.0711615505414
0,0.61,1.7,22,0.294504698251676,5.78197840523788,0.0548752939798651,3.95318973026518,287.868465440012,10.0845481277346
0,0.61,1.7,23,0.307891275444934,5.78197840523788,0.0548752939798651,3.95318973026518,287.868465440012,10.0979347049279
0,0.61,1.7,24,0.321277852638192,5.78197840523788,0.0548752939798651,3.95318973026518,287.868465440012,10.1113212821211
0,0.61,1.8,1,0.013386459151397,5.89933742858966,0.0559081670886485,4.04952834509469,294.883774875142,10.0181603999244
0,0.61,1.8,2,0.0267698710778562,5.83855994182044,0.0559018037643726,4.00940200349055,291.961803209357,9.93063362015323
0,0.61,1.8,3,0.0401544983538486,5.81726230729419,0.0559013746139024,3.99553519007324,290.952031715613,9.90885337033518
0,0.61,1.8,4,0.0535349807942221,5.80115381916281,0.0558968323415572,3.98501232035439,290.185763824447,9.89559795265298
0,0.61,1.8,5,0.0669111110188961,5.79213880986462,0.0558904715970567,3.978998456517,289.747838535665,9.89393884899757
0,0.61,1.8,6,0.0802877117809855,5.78850437222514,0.0558865586317519,3.97662559747881,289.575048627607,9.90130424011669
0,0.61,1.8,7,0.0936689970778164,5.78612943005832,0.0558865586317519,3.97509564292488,289.463638424787,9.91078062869277
0,0.61,1.8,8,0.107050282374647,5.78591366801805,0.0558865586317519,3.97495649393877,289.453505694554,9.92380700296322
0,0.61,1.8,9,0.120431567671478,5.78591366801805,0.0558865586317519,3.97495649393877,289.453505694554,9.93718828826005
0,0.61,1.8,10,0.133812852968309,5.78591366801805,0.0558865586317519,3.97495649393877,289.453505694554,9.95056957355688
0,0.61,1.8,11,0.14719413826514,5.78591366801805,0.0558865586317519,3.97495649393877,289.453505694554,9.96395085885371
0,0.61,1.8,12,0.160575423561971,5.78591366801805,0.0558865586317519,3.97495649393877,289.453505694554,9.97733214415054
0,0.61,1.8,13,0.173956708858802,5.78591366801805,0.0558865586317519,3.97495649393877,289.453505694554,9.99071342944737
0,0.61,1.8,14,0.187337994155633,5.78591366801805,0.0558865586317519,3.97495649393877,289.453505694554,10.0040947147442
0,0.61,1.8,15,0.200719279452464,5.78591366801805,0.0558865586317519,3.97495649393877,289.453505694554,10.017476000041
0,0.61,1.8,16,0.214100564749295,5.78591366801805,0.0558865586317519,3.97495649393877,289.453505694554,10.0308572853379
0,0.61,1.8,17,0.227481850046126,5.78591366801805,0.0558865586317519,3.97495649393877,289.453505694554,10.0442385706347
0,0.61,1.8,18,0.240863135342956,5.78591366801805,0.0558865586317519,3.97495649393877,289.453505694554,10.0576198559315
0,0.61,1.8,19,0.254244420639787,5.78591366801805,0.0558865586317519,3.97495649393877,289.453505694554,10.0710011412284
0,0.61,1.8,20,0.267625705936618,5.78591366801805,0.0558865586317519,3.97495649393877,289.453505694554,10.0843824265252
0,0.61,1.8,21,0.281006991233449,5.78591366801805,0.0558865586317519,3.97495649393877,289.453505694554,10.097763711822
0,0.61,1.8,22,0.29438827653028,5.78591366801805,0.0558865586317519,3.97495649393877,289.453505694554,10.1111449971189
0,0.61,1.8,23,0.307769561827111,5.78591366801805,0.0558865586317519,3.97495649393877,289.453505694554,10.1245262824157
0,0.61,1.8,24,0.321150847123942,5.78591366801805,0.0558865586317519,3.97495649393877,289.453505694554,10.1379075677125
0,0.61,1.9,1,0.0133864591513968,6.0259939831028,0.0569332482547127,4.15027813648007,302.220303050724,10.246591826989
0,0.61,1.9,2,0.0267698710778559,5.89405399183536,0.0569267682583257,4.0629036657729,295.857756217076,10.0406542969444
0,0.61,1.9,3,0.0401502368197408,5.83418911391768,0.0569202897368441,4.02307955710997,292.957792939183,9.95433919758423
0,0.61,1.9,4,0.0535275574169416,5.80251445478308,0.0569138126897642,4.00220194073297,291.437499758595,9.91515776562277
0,0.61,1.9,5,0.0669018339088751,5.77861813544877,0.056907337116583,3.98668164939342,290.307323178176,9.88910895586765
0,0.61,1.9,6,0.080273067334485,5.76100035746654,0.0569008630167972,3.9752426188703,289.474341108634,9.87341690668812
0,0.61,1.9,7,0.0936412587322424,5.747033895184,0.0568943903899041,3.966196196058,288.815587031448,9.86376574036415
0,0.61,1.9,8,0.107006409140146,5.73630315039475,0.0568879192354011,3.9593234985041,288.315122082061,9.85952097727439
0,0.61,1.9,9,0.120368519595722,5.7277267580533,0.0568814495527859,3.95373687809956,287.90830835629,9.85871360530137
0,0.61,1.9,10,0.133727591136025,5.72157141184239,0.0568749813415563,3.94965608921403,287.611148211086,9.861830073534
0,0.61,1.9,11,0.147083624797638,5.7164461585607,0.0568685146012105,3.94627136734634,287.364675171218,9.86666966530589
0,0.61,1.9,12,0.160436621616671,5.71322257272172,0.0568620493312467,3.94413062379838,287.208787748125,9.87465186746802
0,0.61,1.9,13,0.173804756480392,5.71144896912726,0.0568615312431967,3.94296523766142,287.123925158221,9.88508049451227
0,0.61,1.9,14,0.18717435313273,5.71144896912726,0.0568615312431967,3.94296523766142,287.123925158221,9.8984500911646
0,0.61,1.9,15,0.200543949785068,5.71144896912726,0.0568615312431967,3.94296523766142,287.123925158221,9.91181968781694
0,0.61,1.9,16,0.213913546437406,5.71144896912726,0.0568615312431967,3.94296523766142,287.123925158221,9.92518928446928
0,0.61,1.9,17,0.227283143089744,5.71144896912726,0.0568615312431967,3.94296523766142,287.123925158221,9.93855888112162
0,0.61,1.9,18,0.240652739742082,5.71144896912726,0.0568615312431967,3.94296523766142,287.123925158221,9.95192847777396
0,0.61,1.9,19,0.25402233639442,5.71144896912726,0.0568615312431967,3.94296523766142,287.123925158221,9.96529807442629
0,0.61,1.9,20,0.267391933046758,5.71144896912726,0.0568615312431967,3.94296523766142,287.123925158221,9.97866767107863
0,0.61,1.9,21,0.280761529699095,5.71144896912726,0.0568615312431967,3.94296523766142,287.123925158221,9.99203726773097
0,0.61,1.9,22,0.294131126351433,5.71144896912726,0.0568615312431967,3.94296523766142,287.123925158221,10.0054068643833
0,0.61,1.9,23,0.307500723003771,5.71144896912726,0.0568615312431967,3.94296523766142,287.123925158221,10.0187764610356
0,0.61,1.9,24,0.320870319656109,5.71144896912726,0.0568615312431967,3.94296523766142,287.123925158221,10.032146057688
0,0.61,2,1,0.0133864591513969,6.19414801737761,0.0579506990289056,4.27747711077467,311.482841920386,10.5429622863326
0,0.61,2,2,0.0267698710778561,6.01153257500504,0.0579441032288795,4.15626964762127,302.656600632061,10.252516196933
0,0.61,2,3,0.0401502368197411,5.91271346993524,0.0579375089301166,4.09029338952247,297.852256426426,10.1010946052076
0,0.61,2,4,0.053527557416942,5.85852215986557,0.0579309161321045,4.05408127585047,295.215316055644,10.0240619092651
0,0.61,2,5,0.0669018339088756,5.81786173615223,0.0579243248343309,4.02720582350663,293.258264724413,9.96989371840207
0,0.61,2,6,0.0802730673344857,5.78762947956851,0.0579177350362838,4.00726446579858,291.806149234418,9.93308474773787
0,0.61,2,7,0.0936412587322432,5.76273234635069,0.0579111467374513,3.99089652677112,290.614247552042,9.9051812785915
0,0.61,2,8,0.107006409140147,5.74203268659917,0.0579045599373219,3.97733309013626,289.626567739896,9.88427674581291
0,0.61,2,9,0.120368519595723,5.72531970677085,0.0578979746353843,3.96632930898921,288.825280220455,9.86991550999117
0,0.61,2,10,0.133727591136026,5.71257621774243,0.0578913908311274,3.95799281654742,288.218222768091,9.862188016257
0,0.61,2,11,0.147083624797639,5.70140849407712,0.0578848085240403,3.9506457463914,287.683214343096,9.8570226737902
0,0.61,2,12,0.160436621616673,5.69155951822228,0.0578782277136123,3.9440648929899,287.204001277385,9.85393926054246
0,0.61,2,13,0.173786582628769,5.68271452192613,0.0578716483993332,3.93818622748875,286.775921035323,9.85255898044298
0,0.61,2,14,0.187133508869095,5.67530241957048,0.0578650705806927,3.93326669856575,286.417684436935,9.85356769758602
0,0.61,2,15,0.200477401372352,5.66924630717165,0.0578584942571808,3.92922800748996,286.123589824305,9.85681021029114
0,0.61,2,16,0.213818261172766,5.66396771086401,0.057851919428288,3.92570449896134,285.867010438466,9.86134239042641
0,0.61,2,17,0.227156089304098,5.65890907580426,0.0578453460935046,3.9223512727423,285.622830889339,9.86626178394416
0,0.61,2,18,0.240490886799635,5.65477129410524,0.0578387742523215,3.91960427993208,285.422796826011,9.87270523508927
0,0.61,2,19,0.253822654692197,5.650746618785,0.0578322039042297,3.91692956972322,285.228026330321,9.87933104710465
0,0.61,2,20,0.267161408545954,5.64838546291093,0.0578278027209663,3.91534415546986,285.112577591621,9.88871882964772
0,0.61,2,21,0.280519478973252,5.64828252812003,0.0578278027209663,3.91527561367579,285.10758642691,9.90190542349004
0,0.61,2,22,0.29387754940055,5.64828252812003,0.0578278027209663,3.91527561367579,285.10758642691,9.91526349391733
0,0.61,2,23,0.307235619827847,5.64828252812003,0.0578278027209663,3.91527561367579,285.10758642691,9.92862156434463
0,0.61,2,24,0.320593690255145,5.64828252812003,0.0578278027209663,3.91527561367579,285.10758642691,9.94197963477193
0,0.61,2.1,1,0.0133864591513969,6.36753571315096,0.0589610850738219,4.4074402823792,320.946667672813,10.8473235397554
0,0.61,2.1,2,0.0267698710778561,6.16235934511397,0.0589543742742459,4.27077064626909,310.994481943385,10.5188542367352
0,0.61,2.1,3,0.0401502368197411,6.038775179065,0.0589476650021082,4.18814643217375,304.977845418779,10.3260195130606
0,0.61,2.1,4,0.053527557416942,5.96472085856615,0.0589409572568871,4.13862510477949,301.371737567593,10.2158144780195
0,0.61,2.1,5,0.0669018339088756,5.91214172084299,0.0589342510380617,4.10371144076676,298.829349377801,10.1416892465567
0,0.61,2.1,6,0.0802730673344857,5.87133301431856,0.0589275463451108,4.07660733360098,296.855647565009,10.0871409615991
0,0.61,2.1,7,0.0936412587322432,5.83805592803556,0.0589208431775138,4.05460881910098,295.253731380063,10.0452268490463
0,0.61,2.1,8,0.107006409140147,5.81016483476039,0.0589141415347502,4.03607850080505,293.90436677681,10.0121638862403
0,0.61,2.1,9,0.120368519595723,5.78540754095955,0.0589074414162998,4.01967856632632,292.710135208422,9.98436206829789
0,0.61,2.1,10,0.133727591136026,5.76334137137534,0.0589007428216425,4.00493131130813,291.636250583296,9.96090101664113
0,0.61,2.1,11,0.147083624797639,5.74315410467342,0.0588940457502585,3.99139739800782,290.650720639379,9.94052917322913
0,0.61,2.1,12,0.160436621616673,5.72806744638321,0.0588873502016285,3.98117337414094,289.906214490674,9.92856479234245
0,0.61,2.1,13,0.173786582628769,5.71564777580222,0.0588806561752329,3.9728605689094,289.300881924118,9.92117558351563
0,0.61,2.1,14,0.187133508869095,5.70473172159829,0.0588739636705528,3.96558162248243,288.770834220637,9.91632081662037
0,0.61,2.1,15,0.200477401372352,5.69496846754494,0.0588672726870694,3.9590692467344,288.296607648965,9.91338238833876
0,0.61,2.1,16,0.213818261172766,5.68520385738258,0.0588605832242641,3.95257822548498,287.823936096698,9.91046092726459
0,0.61,2.1,17,0.227156089304098,5.67466430613068,0.0588538952816184,3.94631158723308,287.367603954774,9.90698587794947
0,0.61,2.1,18,0.240490886799635,5.66823651690538,0.0588472088586144,3.94203869258962,287.056454804865,9.90961330515324
0,0.61,2.1,19,0.253822654692197,5.66232230656247,0.058840523954734,3.93817496410939,286.775100844046,9.91316044931879
0,0.61,2.1,20,0.267151394014133,5.65646264978152,0.0588338405694598,3.93431880216081,286.494297872682,9.91676668652593
0,0.61,2.1,21,0.280477105797325,5.65069298280877,0.0588271587022741,3.93047018453874,286.21404427381,9.92046743184711
0,0.61,2.1,22,0.293799791073185,5.64541669137054,0.05882047835266,3.92689045842633,285.953371163489,9.92492741922271
0,0.61,2.1,23,0.307119450872657,5.6412065740006,0.0588137995201003,3.92400553276565,285.743292928061,9.93114535715901
0,0.61,2.1,24,0.320436086226216,5.63743469718657,0.0588071222040785,3.92145238466564,285.557374498706,9.9381302902825
0,0.61,2.2,1,0.0133864591513969,6.54785379219812,0.0599649054347528,4.54130796836443,330.694817386332,11.1625131251487
0,0.61,2.2,2,0.0267698710778561,6.32054634056513,0.0599580803829164,4.3896494808394,319.651154153944,10.7969237728653
0,0.61,2.2,3,0.0401502368197412,6.17213818617972,0.059951256884523,4.29028764584669,312.41569597604,10.5625273257307
0,0.61,2.2,4,0.0535275574169422,6.07432582707482,0.0599444349390423,4.22482460118746,307.648723608179,10.4126224206183
0,0.61,2.2,5,0.0669018339088759,6.00628204840044,0.0599376145459442,4.17927737860272,304.332007243634,10.312398875458
0,0.61,2.2,6,0.0802730673344861,5.95417118215809,0.059930795704699,4.14454709554562,301.802972724647,10.2389221407429
0,0.61,2.2,7,0.0936412587322438,5.90883181838624,0.059923978414777,4.11430050405142,299.600437437366,10.1766975595847
0,0.61,2.2,8,0.107006409140148,5.87093392745321,0.0599171626756488,4.08892982527419,297.752962647361,10.1267873245432
0,0.61,2.2,9,0.120368519595724,5.83950709410129,0.0599103484867855,4.06803124811048,296.231143117188,10.0878172102943
0,0.61,2.2,10,0.133727591136027,5.81163458170723,0.059903535847658,4.04935787951639,294.871361692931,10.0546235882073
0,0.61,2.2,11,0.14708362479764,5.78685085852144,0.0598967247577379,4.03270256969943,293.658533873985,10.0265337777762
0,0.61,2.2,12,0.160436621616674,5.76446032725097,0.0598899152164967,4.01760857712676,292.559400066673,10.0023954412109
0,0.61,2.2,13,0.17378658262877,5.74311753637128,0.0598831072234063,4.00330892938826,291.518109885404,9.98009615561172
0,0.61,2.2,14,0.187133508869097,5.72226151268881,0.0598763007779387,3.98939707178638,290.505058306166,9.95866839412222
0,0.61,2.2,15,0.200477401372353,5.70536856914862,0.0598694958795665,3.97813972314315,289.685306181941,9.94385518954369
0,0.61,2.2,16,0.213818261172768,5.69039585447342,0.059862692527762,3.96882590398561,289.007080493014,9.93290271215955
0,0.61,2.2,17,0.2271560893041,5.67785080931278,0.0598558907219981,3.96043444763072,288.396020607577,9.9252972369696
0,0.61,2.2,18,0.240490886799637,5.66580444248973,0.059849090461748,3.95243169591426,287.813265917541,9.91857611566538
0,0.61,2.2,19,0.253822654692199,5.65546217394109,0.0598422917464848,3.94549646869353,287.308247602274,9.9146235890733
0,0.61,2.2,20,0.267151394014136,5.6461776540591,0.0598354945756822,3.93932204038808,286.858630123089,9.91248658303699
0,0.61,2.2,21,0.280477105797328,5.6370532330667,0.0598286989488138,3.93318721540051,286.411896529355,9.91054625321335
0,0.61,2.2,22,0.293799791073188,5.6301148649367,0.0598219048653538,3.92853798258945,286.073342701658,9.91227454346469
0,0.61,2.2,23,0.30711945087266,5.62378780703525,0.0598151123247764,3.92426625831918,285.762278777493,9.91498862855187
0,0.61,2.2,24,0.32043608622622,5.61833157837694,0.0598083213265561,3.92061115581389,285.496116811836,9.91918714174361
0,0.61,2.3,1,0.0133864591513969,6.73950086347725,0.0609626030318026,4.68229117542788,340.961114285632,11.4961411010883
0,0.61,2.3,2,0.0267698710778561,6.49680570149709,0.0609556644245829,4.52000100486426,329.143259453501,11.1045322418638
0,0.61,2.3,3,0.0401502368197412,6.33316801120676,0.0609487273966525,4.41018024807719,321.146190026825,10.8444472235003
0,0.61,2.3,4,0.0535275574169422,6.21895879872213,0.0609417919474722,4.33344300223774,315.558238344977,10.6668711503243
0,0.61,2.3,5,0.0669018339088759,6.138524585907,0.0609348580765031,4.27952210521859,311.631756961801,10.545883383111
0,0.61,2.3,6,0.0802730673344861,6.07605616596256,0.0609279257832066,4.23768318930223,308.58507685224,10.4549403483825
0,0.61,2.3,7,0.0936412587322437,6.02629209640528,0.0609209950670442,4.20431465917445,306.155204213361,10.385169009379
0,0.61,2.3,8,0.107006409140148,5.98287034516332,0.0609140659274779,4.17520502932291,304.035461664519,10.3259958495539
0,0.61,2.3,9,0.120368519595724,5.94102947304629,0.0609071383639697,4.14729800805329,302.003292217557,10.2696031390593
0,0.61,2.3,10,0.133727591136027,5.90519913081926,0.060900212375982,4.12326345123997,300.253112878981,10.2230903855712
0,0.61,2.3,11,0.14708362479764,5.87494811624595,0.0608932879629774,4.10292569171812,298.772131690747,10.1858507207247
0,0.61,2.3,12,0.160436621616674,5.84882399735864,0.0608863651244187,4.08538392550714,297.494752747459,10.1555309096069
0,0.61,2.3,13,0.17378658262877,5.82373875183942,0.0608794438597689,4.0686448826269,296.275827546379,10.1270496609549
0,0.61,2.3,14,0.187133508869097,5.80198057809625,0.0608725241684913,4.05412515310964,295.21851116646,10.1041117642435
0,0.61,2.3,15,0.200477401372353,5.78230358981689,0.0608656060500497,4.04093644259645,294.258118644063,10.0845830398357
0,0.61,2.3,16,0.213818261172768,5.76216245951983,0.0608586895039076,4.02799088648089,293.315432452018,10.0648302966774
0,0.61,2.3,17,0.2271560893041,5.74319781620848,0.0608517745295293,4.01532987453403,292.393466564027,10.0465355545761
0,0.61,2.3,18,0.240490886799637,5.72752149817811,0.0608448611263789,4.00489822428465,291.633841209771,10.0337554703888
0,0.61,2.3,19,0.253822654692199,5.71262030286502,0.0608379492939211,3.9949656239892,290.910556318335,10.0222465308403
0,0.61,2.3,20,0.267151394014136,5.69951678078987,0.0608310390316206,3.98614766422261,290.268438757701,10.0136468780582
0,0.61,2.3,21,0.280477105797328,5.68881743602528,0.0608241303389423,3.97885532866267,289.737416067077,10.0089740008242
0,0.61,2.3,22,0.293799791073188,5.67971503490599,0.0608172232153517,3.97268116228317,289.287817661154,10.0070132114777
0,0.61,2.3,23,0.30711945087266,5.67121219424627,0.0608103176603142,3.96690007470447,288.866842974026,10.0060420374837
0,0.61,2.3,24,0.320436086226219,5.66364614997395,0.0608034136732956,3.96171192539041,288.48904562975,10.0065975752639
0,0.61,2.4,1,0.0133864591513969,6.92019886935431,0.061954573118395,4.81577607239245,350.681389574831,11.8113159740166
0,0.61,2.4,2,0.026769871077856,6.6646581579872,0.0619475216076827,4.64447523723921,338.207384553865,11.3978507879119
0,0.61,2.4,3,0.040150236819741,6.48277647196737,0.0619404717019574,4.52217675664359,329.301696151112,11.1070439371327
0,0.61,2.4,4,0.0535275574169419,6.35082457684343,0.0619334234006713,4.43327856084659,322.828192739792,10.8995641185076
0,0.61,2.4,5,0.0669018339088754,6.25373944053679,0.0619263767032766,4.36801926697447,318.076057359382,10.7505869181234
0,0.61,2.4,6,0.0802730673344853,6.1800333190337,0.0619193316092262,4.31851526047578,314.471210803496,10.6407409784532
0,0.61,2.4,7,0.0936412587322429,6.12078420025088,0.0619122881179727,4.27868177742511,311.570564889353,10.5550195245262
0,0.61,2.4,8,0.107006409140146,6.07054977006968,0.0619052462289693,4.24495521326744,309.114620466978,10.4844166387062
0,0.61,2.4,9,0.120368519595723,6.02458060998361,0.0618982059416692,4.21407243818464,306.865758743102,10.4209197737056
0,0.61,2.4,10,0.133727591136026,5.98229340921376,0.0618911672555262,4.18567071967501,304.797565794853,10.3635828872803
0,0.61,2.4,11,0.147083624797638,5.94450238379095,0.061884130169994,4.16032812187251,302.952135841461,10.3137982606311
0,0.61,2.4,12,0.160436621616672,5.90892920584265,0.0618770946845267,4.13652015965107,301.218456959957,10.2677630817949
0,0.61,2.4,13,0.173786582628768,5.87790438988785,0.0618700607985787,4.11586871043805,299.714633111446,10.2294297437533
0,0.61,2.4,14,0.187133508869094,5.8517004444399,0.0618630285116045,4.09834428062197,298.438516592108,10.1990412624426
0,0.61,2.4,15,0.20047740137235,5.82867506974232,0.061855997823059,4.08313381180713,297.330901067655,10.1741422807449
0,0.61,2.4,16,0.213818261172765,5.80753880060112,0.0618489687323973,4.06943559996458,296.333407020709,10.1526416304709
0,0.61,2.4,17,0.227156089304096,5.78827183287424,0.0618419412390746,4.05662945044621,295.400872317954,10.1338993138636
0,0.61,2.4,18,0.240490886799633,5.77037934701841,0.0618349153425467,4.04468898464003,294.531376087619,10.1173941338006
0,0.61,2.4,19,0.253822654692195,5.75356371695108,0.0618278910422692,4.03343874660765,293.71214175302,10.1026530092932
0,0.61,2.4,20,0.267151394014131,5.73833213090875,0.0618208683376983,4.02327725226501,292.972188959811,10.0905816455256
0,0.61,2.4,21,0.280477105797323,5.7243441908316,0.0618138472282902,4.01394784312135,292.292828019181,10.0805829869786
0,0.61,2.4,22,0.293799791073183,5.71209862348781,0.0618068277135016,4.00577761639885,291.697877918279,10.0734828586733
0,0.61,2.4,23,0.307119450872655,5.7006956221766,0.0617998097927893,3.99812445680765,291.140580278245,10.0677393396497
0,0.61,2.4,24,0.320436086226214,5.68944089036773,0.0617927934656103,3.99059636380053,290.59238989794,10.0622661338601
0,0.61,2.5,1,0.0133864591513969,7.11491313196068,0.0629411701681256,4.95825800226018,361.056822403147,12.1494987635404
0,0.61,2.5,2,0.026769871077856,6.8515807328285,0.0629340063654657,4.78131560628147,348.172002934021,11.7226002165533
0,0.61,2.5,3,0.040150236819741,6.6587936130277,0.0629268441933516,4.6514261104834,338.713542201437,11.4132968045242
0,0.61,2.5,4,0.0535275574169418,6.51441021649278,0.0629196836512267,4.55393512862256,331.614318218418,11.1847925861835
0,0.61,2.5,5,0.0669018339088754,6.4049750779869,0.0629125247385345,4.48022449459716,326.24676225695,11.0150139312315
0,0.61,2.5,6,0.0802730673344854,6.32244933487828,0.0629053674547189,4.42474254016028,322.206605782526,10.8903703098278
0,0.61,2.5,7,0.0936412587322429,6.25582890974338,0.0628982117992241,4.37982770271577,318.935939254266,10.7921960829906
0,0.61,2.5,8,0.107006409140146,6.19940280427519,0.0628910577714944,4.34188354934672,316.172872984225,10.7111838205336
0,0.61,2.5,9,0.120368519595723,6.1500165571055,0.0628839053709745,4.30865293534632,313.753043299682,10.6419219174185
0,0.61,2.5,10,0.133727591136025,6.10705854640841,0.0628767545971092,4.27980091044694,311.652059360299,10.5834638025885
0,0.61,2.5,11,0.147083624797638,6.06703822976409,0.0628696054493437,4.25297825213271,309.698852452767,10.5299697121438
0,0.61,2.5,12,0.160436621616672,6.02855316614177,0.0628624579271235,4.22719889251559,307.821617814573,10.4790511382012
0,0.61,2.5,13,0.173786582628768,5.99379725461114,0.062855312029894,4.20387561284474,306.123233171793,10.4343147621145
0,0.61,2.5,14,0.187133508869094,5.96181728227672,0.0628481677571013,4.18231885433517,304.553485343981,10.3941178132381
0,0.61,2.5,15,0.20047740137235,5.93186374884635,0.0628410251081915,4.16258221203513,303.116277084445,10.357764387362
0,0.61,2.5,16,0.213818261172765,5.90612469822346,0.062833884082611,4.14558574650299,301.878606548882,10.3283625899818
0,0.61,2.5,17,0.227156089304096,5.8850929577964,0.0628267446798065,4.13154505351633,300.856173268526,10.3066208452966
0,0.61,2.5,18,0.240490886799633,5.8648233041925,0.0628196068992248,4.11799576402174,299.869523641075,10.2861295619131
0,0.61,2.5,19,0.253822654692195,5.84711951083449,0.0628124707403131,4.10614339472621,299.006442536009,10.2698980309932
0,0.61,2.5,20,0.267151394014131,5.83133364361713,0.0628053362025189,4.09559606606244,298.238393561864,10.2568864398962
0,0.61,2.5,21,0.280477105797323,5.81627670567813,0.0627982032852897,4.08554322297955,297.50635267614,10.2450952377403
0,0.61,2.5,22,0.293799791073183,5.80245290413294,0.0627910719880736,4.07625889877881,296.830274788996,10.235302665973
0,0.61,2.5,23,0.307119450872655,5.78958909844604,0.0627839423103186,4.06758405718944,296.19857899227,10.2270765488184
0,0.61,2.5,24,0.320436086226213,5.77876517125904,0.0627768142514732,4.06031023411692,295.668904367818,10.2222883058536
0,0.62,1.7,1,0.0133864591513968,5.84999449211982,0.0551636674517868,3.93854225999046,286.801847068958,9.85708687871346
0,0.62,1.7,2,0.0267721083267536,5.82479850719212,0.0551619985545672,3.92240613925376,285.626826229694,9.82913875332721
0,0.62,1.7,3,0.0401581624901303,5.81271178785089,0.0551619985545671,3.91469018133033,285.064955659756,9.82272213022591
0,0.62,1.7,4,0.0535442166535071,5.80963992673447,0.0551619985545671,3.91271079160375,284.920817907212,9.83105693354629
0,0.62,1.7,5,0.0669302708168839,5.8091141544629,0.0551619985545671,3.91237231246466,284.896170096962,9.843578736299
0,0.62,1.7,6,0.0803163249802606,5.8091141544629,0.0551619985545671,3.91237231246466,284.896170096962,9.85696479046238
0,0.62,1.7,7,0.0937023791436374,5.8091141544629,0.0551619985545671,3.91237231246466,284.896170096962,9.87035084462576
0,0.62,1.7,8,0.107088433307014,5.8091141544629,0.0551619985545671,3.91237231246466,284.896170096962,9.88373689878913
0,0.62,1.7,9,0.120474487470391,5.8091141544629,0.0551619985545671,3.91237231246466,284.896170096962,9.89712295295251
0,0.62,1.7,10,0.133860541633768,5.8091141544629,0.0551619985545671,3.91237231246466,284.896170096962,9.91050900711589
0,0.62,1.7,11,0.147246595797145,5.8091141544629,0.0551619985545671,3.91237231246466,284.896170096962,9.92389506127926
0,0.62,1.7,12,0.160632649960521,5.8091141544629,0.0551619985545671,3.91237231246466,284.896170096962,9.93728111544264
0,0.62,1.7,13,0.174018704123898,5.8091141544629,0.0551619985545671,3.91237231246466,284.896170096962,9.95066716960602
0,0.62,1.7,14,0.187404758287275,5.8091141544629,0.0551619985545671,3.91237231246466,284.896170096962,9.96405322376939
0,0.62,1.7,15,0.200790812450652,5.8091141544629,0.0551619985545671,3.91237231246466,284.896170096962,9.97743927793277
0,0.62,1.7,16,0.214176866614028,5.8091141544629,0.0551619985545671,3.91237231246466,284.896170096962,9.99082533209615
0,0.62,1.7,17,0.227562920777405,5.8091141544629,0.0551619985545671,3.91237231246466,284.896170096962,10.0042113862595
0,0.62,1.7,18,0.240948974940782,5.8091141544629,0.0551619985545671,3.91237231246466,284.896170096962,10.0175974404229
0,0.62,1.7,19,0.254335029104159,5.8091141544629,0.0551619985545671,3.91237231246466,284.896170096962,10.0309834945863
0,0.62,1.7,20,0.267721083267536,5.8091141544629,0.0551619985545671,3.91237231246466,284.896170096962,10.0443695487497
0,0.62,1.7,21,0.281107137430912,5.8091141544629,0.0551619985545671,3.91237231246466,284.896170096962,10.057755602913
0,0.62,1.7,22,0.294493191594289,5.8091141544629,0.0551619985545671,3.91237231246466,284.896170096962,10.0711416570764
0,0.62,1.7,23,0.307879245757666,5.8091141544629,0.0551619985545671,3.91237231246466,284.896170096962,10.0845277112398
0,0.62,1.7,24,0.321265299921043,5.8091141544629,0.0551619985545671,3.91237231246466,284.896170096962,10.0979137654032
0,0.62,1.8,1,0.0133864591513969,5.95852688998396,0.0562114801153564,4.02763956085461,293.289849169705,10.0557643901053
0,0.62,1.8,2,0.026769871077856,5.85946706698761,0.0562050822687691,3.96318410134584,288.596248436108,9.90562612168008
0,0.62,1.8,3,0.0401502368197411,5.82203810033296,0.0561986858783892,3.93897454952613,286.833326085588,9.85736157255722
0,0.62,1.8,4,0.0535278712636559,5.80083756802493,0.0561926204144949,3.92529944436742,285.837514650931,9.8358575040705
0,0.62,1.8,5,0.0669022261280002,5.7838311256219,0.056186226860069,3.91437768602871,285.042199974076,9.82129726463868
0,0.62,1.8,6,0.0802735378903505,5.77138878946498,0.0561798347603852,3.90642995716865,284.463452009322,9.81427211928437
0,0.62,1.8,7,0.0936418075891959,5.76286209009993,0.0561734441149472,3.90097043627915,284.065893579868,9.81364777808323
0,0.62,1.8,8,0.10700974111352,5.75830487314236,0.0561684746758107,3.89800119335106,283.849675420976,9.81948428228275
0,0.62,1.8,9,0.12038595875271,5.75602125788456,0.0561684746758107,3.89653112894522,283.742626376158,9.8291068202583
0,0.62,1.8,10,0.1337621763919,5.75415589668606,0.0561684746758107,3.89532674751454,283.654924176691,9.8394132952683
0,0.62,1.8,11,0.147138394031091,5.75415589668606,0.0561684746758107,3.89532674751454,283.654924176691,9.8527895129075
0,0.62,1.8,12,0.160514611670281,5.75415589668606,0.0561684746758107,3.89532674751454,283.654924176691,9.86616573054669
0,0.62,1.8,13,0.173890829309471,5.75415589668606,0.0561684746758107,3.89532674751454,283.654924176691,9.87954194818588
0,0.62,1.8,14,0.187267046948661,5.75415589668606,0.0561684746758107,3.89532674751454,283.654924176691,9.89291816582507
0,0.62,1.8,15,0.200643264587851,5.75415589668606,0.0561684746758107,3.89532674751454,283.654924176691,9.90629438346426
0,0.62,1.8,16,0.214019482227041,5.75415589668606,0.0561684746758107,3.89532674751454,283.654924176691,9.91967060110345
0,0.62,1.8,17,0.227395699866231,5.75415589668606,0.0561684746758107,3.89532674751454,283.654924176691,9.93304681874264
0,0.62,1.8,18,0.240771917505421,5.75415589668606,0.0561684746758107,3.89532674751454,283.654924176691,9.94642303638183
0,0.62,1.8,19,0.254148135144611,5.75415589668606,0.0561684746758107,3.89532674751454,283.654924176691,9.95979925402102
0,0.62,1.8,20,0.267524352783801,5.75415589668606,0.0561684746758107,3.89532674751454,283.654924176691,9.97317547166021
0,0.62,1.8,21,0.280900570422991,5.75415589668606,0.0561684746758107,3.89532674751454,283.654924176691,9.9865516892994
0,0.62,1.8,22,0.294276788062181,5.75415589668606,0.0561684746758107,3.89532674751454,283.654924176691,9.99992790693859
0,0.62,1.8,23,0.307653005701371,5.75415589668606,0.0561684746758107,3.89532674751454,283.654924176691,10.0133041245778
0,0.62,1.8,24,0.321029223340561,5.75415589668606,0.0561684746758107,3.89532674751454,283.654924176691,10.026680342217
0,0.62,1.9,1,0.0133864591513969,6.11258957866769,0.057250949390959,4.14458699177858,301.805877939965,10.3278139789886
0,0.62,1.9,2,0.0267698710778561,5.96445507002844,0.0572444332346431,4.04800988128963,294.773201420485,10.0964792556306
0,0.62,1.9,3,0.0401502368197411,5.89494549419038,0.0572379185614628,4.00237809599243,291.450327259342,9.99471174556401
0,0.62,1.9,4,0.053527557416942,5.85698821139236,0.0572314053709119,3.97759191729067,289.645415349253,9.94533909147088
0,0.62,1.9,5,0.0669018339088756,5.82980474478605,0.0572248936624842,3.96014040981289,288.374608982743,9.91407188217029
0,0.62,1.9,6,0.0802730673344857,5.80984922370062,0.0572183834356739,3.94732611884649,287.441481425531,9.89466679331727
0,0.62,1.9,7,0.0936412587322433,5.79387156433762,0.0572118746899754,3.93709265261088,286.696287690248,9.88181735037072
0,0.62,1.9,8,0.107006409140147,5.78035833477126,0.0572053674248832,3.92856415923259,286.0752488662,9.87313427056888
0,0.62,1.9,9,0.120368519595723,5.76983769038781,0.0571988616398924,3.92200195708669,285.597393971661,9.86940702871012
0,0.62,1.9,10,0.133727591136026,5.7612403972404,0.0571923573344978,3.91643826640857,285.192249972265,9.86859861211949
0,0.62,1.9,11,0.147083624797639,5.75507808714347,0.0571858545081948,3.9124404867874,284.901134502672,9.8717880532367
0,0.62,1.9,12,0.160436621616673,5.74965746396219,0.057179353160479,3.90893473373451,284.645848057951,9.87620817247385
0,0.62,1.9,13,0.173786582628769,5.74567570925252,0.0571728532908461,3.90631613796664,284.455163775957,9.88295128313878
0,0.62,1.9,14,0.187138204627869,5.74271169847364,0.057167789379523,3.90437279558098,284.313650965149,9.89139048806202
0,0.62,1.9,15,0.200505219244145,5.74207852648899,0.057167789379523,3.90396460003156,284.283926455468,9.90371613514422
0,0.62,1.9,16,0.213872233860422,5.74207852648899,0.057167789379523,3.90396460003156,284.283926455468,9.9170831497605
0,0.62,1.9,17,0.227239248476698,5.74207852648899,0.057167789379523,3.90396460003156,284.283926455468,9.93045016437677
0,0.62,1.9,18,0.240606263092974,5.74207852648899,0.057167789379523,3.90396460003156,284.283926455468,9.94381717899305
0,0.62,1.9,19,0.25397327770925,5.74207852648899,0.057167789379523,3.90396460003156,284.283926455468,9.95718419360933
0,0.62,1.9,20,0.267340292325527,5.74207852648899,0.057167789379523,3.90396460003156,284.283926455468,9.9705512082256
0,0.62,1.9,21,0.280707306941803,5.74207852648899,0.057167789379523,3.90396460003156,284.283926455468,9.98391822284188
0,0.62,1.9,22,0.29407432155808,5.74207852648899,0.057167789379523,3.90396460003156,284.283926455468,9.99728523745815
0,0.62,1.9,23,0.307441336174356,5.74207852648899,0.057167789379523,3.90396460003156,284.283926455468,10.0106522520744
0,0.62,1.9,24,0.320808350790632,5.74207852648899,0.057167789379523,3.90396460003156,284.283926455468,10.0240192666907
0,0.62,2,1,0.0133864591513969,6.28657624927177,0.058282725984743,4.27367053212917,311.205649569898,10.6319159665371
0,0.62,2,2,0.0267698710778562,6.09470549268345,0.0582760923942598,4.14826258602161,302.073532099395,10.3280140421772
0,0.62,2,3,0.0401502368197412,5.98607349865656,0.0582694603136414,4.07682944715128,296.871821715819,10.1613226429412
0,0.62,2,4,0.0535275574169423,5.92591729694051,0.0582628297423723,4.03725607610817,293.990116973127,10.074963760208
0,0.62,2,5,0.066901833908876,5.88134672401891,0.0582562006799372,4.00821497693155,291.875364779307,10.0147197355393
0,0.62,2,6,0.0802730673344862,5.84707215935933,0.0582495731258212,3.98593541480623,290.252982906109,9.97153021462586
0,0.62,2,7,0.093641258732244,5.82006550379463,0.0582429470795095,3.96841383820409,288.977074155783,9.94036354781048
0,0.62,2,8,0.107006409140148,5.79647191279974,0.0582363225404878,3.9531561574982,287.866020694991,9.91487080197858
0,0.62,2,9,0.120368519595724,5.77709870267807,0.0582296995082416,3.94054247968651,286.947501645069,9.89623940146854
0,0.62,2,10,0.133727591136027,5.76172501199265,0.0582230779822571,3.93047931413076,286.214709084209,9.88415499524169
0,0.62,2,11,0.147083624797641,5.74941352758836,0.0582164579620204,3.92250657450322,285.63413985315,9.87722018485124
0,0.62,2,12,0.160436621616675,5.73870802558826,0.0582098394470179,3.91544119787932,285.119644150881,9.87279568453128
0,0.62,2,13,0.173786582628771,5.72862964776755,0.0582032224367363,3.90882015402618,284.637504445057,9.86943960685923
0,0.62,2,14,0.187133508869097,5.71986679771174,0.0581966069306626,3.90308320291753,284.219743744297,9.86828011642904
0,0.62,2,15,0.200477401372354,5.71248097073507,0.0581899929282838,3.89823426338365,283.866647415036,9.86938262841936
0,0.62,2,16,0.213818261172768,5.70642017336199,0.0581833804290874,3.89426715847769,283.577765656396,9.87268897344154
0,0.62,2,17,0.2271560893041,5.70051977388253,0.058176769432561,3.89043566964861,283.29875936405,9.8762883022678
0,0.62,2,18,0.240490886799637,5.69549190581412,0.0581701599381924,3.88714239878749,283.05894572146,9.88129535133944
0,0.62,2,19,0.253822654692199,5.69089584690423,0.0581635519454697,3.88413170365383,282.83970904243,9.88701375719572
0,0.62,2,20,0.267151394014136,5.68693560643543,0.0581569454538811,3.88150517062673,282.648446774862,9.89374911653017
0,0.62,2,21,0.280477105797328,5.6832607329336,0.0581503404629154,3.87903811714204,282.468797694182,9.90092629633589
0,0.62,2,22,0.293820269815549,5.68101602971813,0.0581477897680313,3.87754854139136,282.360327847106,9.91053263069307
0,0.62,2,23,0.307175736625347,5.68097220178595,0.0581477897680313,3.87752014851353,282.35826029793,9.92381587669286
0,0.62,2,24,0.320531203435144,5.68097220178595,0.0581477897680313,3.87752014851353,282.35826029793,9.93717134350266
0,0.62,2.1,1,0.0133864591513969,6.46496548370931,0.0593073801770341,4.40490284987925,320.76189364228,10.942562172917
0,0.62,2.1,2,0.0267698710778561,6.25171701847686,0.0593006299630372,4.26503027359404,310.576472086594,10.6028177931118
0,0.62,2.1,3,0.0401502368197413,6.11927315010575,0.0592938812854495,4.17782249964865,304.226063992618,10.3965397678596
0,0.62,2.1,4,0.0535275574169423,6.03952966893815,0.0592871341437466,4.12533198073461,300.403741726056,10.2776763412334
0,0.62,2.1,5,0.066901833908876,5.98254373530099,0.0592803885374041,4.08802390603081,297.686994252166,10.1967498637781
0,0.62,2.1,6,0.0802730673344861,5.93790192345816,0.0592736444658982,4.0588040580087,295.559225694508,10.1362526932672
0,0.62,2.1,7,0.0936412587322438,5.90183945428734,0.059266901928705,4.03529489441248,293.847305116447,10.0900425093608
0,0.62,2.1,8,0.107006409140148,5.87172806170197,0.0592601609253009,4.01557538544191,292.411344493781,10.0535700172093
0,0.62,2.1,9,0.120368519595724,5.84583361020952,0.0592534214551627,3.99872362115862,291.184211000276,10.024179172419
0,0.62,2.1,10,0.133727591136027,5.82208863825386,0.0592466835177673,3.98321117389579,290.054605619947,9.99827408680345
0,0.62,2.1,11,0.14708362479764,5.80059094956808,0.0592399471125919,3.96901206754078,289.02063679074,9.97592658901909
0,0.62,2.1,12,0.160436621616675,5.78134706059194,0.059233212239114,3.95622889821111,288.089775488986,9.95724579265884
0,0.62,2.1,13,0.17378658262877,5.76679446393133,0.059226478896811,3.94659884509065,287.388521867722,9.94640637054755
0,0.62,2.1,14,0.187133508869097,5.75425412918017,0.059219747085161,3.93836633765215,286.789036529363,9.93897372278657
0,0.62,2.1,15,0.200477401372353,5.74356661792126,0.0592130168036421,3.93135771433144,286.27867356228,9.93461475042869
0,0.62,2.1,16,0.213818261172768,5.73378572771844,0.0592062880517326,3.92495716951037,285.812590439197,9.93176744645331
0,0.62,2.1,17,0.2271560893041,5.72292962401889,0.0591995608289111,3.91857743194627,285.348022485773,9.92786270609817
0,0.62,2.1,18,0.240490886799637,5.71343177752076,0.0591928351346566,3.9124100653033,284.89891923183,9.92552556475835
0,0.62,2.1,19,0.253822654692199,5.70589794846656,0.0591861109684479,3.90752312480973,284.543055699703,9.92642983893694
0,0.62,2.1,20,0.267151394014136,5.70007098495228,0.0591793883297645,3.90372672734656,284.266604735674,9.93012849464274
0,0.62,2.1,21,0.280477105797328,5.6943261221067,0.059172667218086,3.89993769958746,283.990690428255,9.93391359470958
0,0.62,2.1,22,0.293799791073189,5.68866723021214,0.059165947632892,3.89615602009374,283.715311216296,9.93778898901196
0,0.62,2.1,23,0.307119450872661,5.68374038525866,0.0591592295736627,3.89286077348156,283.475353700917,9.94287983918654
0,0.62,2.1,24,0.32043608622622,5.67901196153464,0.0591525130398782,3.88972028859831,283.246665824604,9.94832084939905
0,0.62,2.2,1,0.0133864591513969,6.65006954223468,0.0603254150870299,4.53986978735923,330.59009006808,11.2636512038323
0,0.62,2.2,2,0.026769871077856,6.41513832191661,0.0603185490029088,4.38552835562148,319.351056745695,10.8877550976189
0,0.62,2.2,3,0.0401502368197409,6.26019357842059,0.06031168448157,4.28336322283959,311.911464415927,10.6440187225615
0,0.62,2.2,4,0.0535275574169418,6.15606122202529,0.0603048215224801,4.21471873078184,306.912821310516,10.4846123317465
0,0.62,2.2,5,0.0669018339088753,6.08337411971375,0.0602979601251058,4.16680094420588,303.423482161601,10.3773748579536
0,0.62,2.2,6,0.0802730673344853,6.02764211591352,0.0602911002889141,4.130198864182,300.758144718341,10.2984051477189
0,0.62,2.2,7,0.0936412587322427,5.98159235146171,0.0602842420133721,4.09993405223119,298.554282630364,10.2354519044385
0,0.62,2.2,8,0.107006409140146,5.93991189805239,0.0602773852979475,4.0724493447669,296.552865774442,10.1796450372574
0,0.62,2.2,9,0.120368519595722,5.90651144849269,0.0602705301421078,4.05056526042649,294.959282312357,10.137715758657
0,0.62,2.2,10,0.133727591136025,5.87709346736905,0.0602636765453211,4.03115008954401,293.545483372881,10.1022348245944
0,0.62,2.2,11,0.147083624797638,5.8503495025496,0.0602568245070555,4.01347806895647,292.258619398503,10.0711680208108
0,0.62,2.2,12,0.160436621616672,5.82699228459887,0.0602499740267796,3.99799214286218,291.13094527081,10.0456710231045
0,0.62,2.2,13,0.173786582628767,5.80501277399726,0.0602431251039619,3.9834887556831,290.074818928338,10.0225312374131
0,0.62,2.2,14,0.187133508869094,5.78405506972769,0.0602362777380714,3.96970885162846,289.071376112591,10.0011337079633
0,0.62,2.2,15,0.20047740137235,5.7641493581371,0.0602294319285774,3.95664890092356,288.120359787885,9.98150509236158
0,0.62,2.2,16,0.213818261172764,5.74628167455018,0.0602225876749491,3.94554140469479,287.311519809936,9.96586392809268
0,0.62,2.2,17,0.227156089304096,5.73245829950918,0.0602157449766563,3.93640609539183,286.646293081699,9.95623622918176
0,0.62,2.2,18,0.240490886799632,5.7196678394275,0.0602089038331688,3.92806993965473,286.03926014793,9.94843756971503
0,0.62,2.2,19,0.253822654692194,5.70778594503492,0.0602020642439568,3.92024187515111,285.469226056531,9.94205253912218
0,0.62,2.2,20,0.26715139401413,5.69737876609351,0.0601952262084906,3.91332816606887,284.965774676809,9.93805355238499
0,0.62,2.2,21,0.280477105797322,5.68816293277658,0.0601883897262409,3.90715295484029,284.516100185719,9.93598138314043
0,0.62,2.2,22,0.293799791073182,5.68010592472379,0.0601815547966785,3.90182504856542,284.128125838925,9.93591231915907
0,0.62,2.2,23,0.307119450872654,5.67420441970417,0.0601747214192746,3.89792620640963,283.844214925217,9.93942479840573
0,0.62,2.2,24,0.320436086226213,5.66874882498771,0.0601678895935004,3.89431998348665,283.581612335989,9.94367278429407
0,0.62,2.3,1,0.0133864591513969,6.84315486611961,0.0613372772505697,4.67968552374965,340.771372583042,11.5975641262712
0,0.62,2.3,2,0.0267698710778561,6.59212199960347,0.0613302959988908,4.51437690065769,328.733716183916,11.1945990673379
0,0.62,2.3,3,0.0401502368197411,6.41809959241939,0.0613233163362074,4.39939624926756,320.36090690093,10.9189693948429
0,0.62,2.3,4,0.053527557416942,6.29432476632124,0.061316338261977,4.31749282948435,314.396758105648,10.7266614914845
0,0.62,2.3,5,0.0669018339088756,6.20557994055094,0.0613093617756575,4.25887412925965,310.128186033182,10.5926652654951
0,0.62,2.3,6,0.0802730673344857,6.13733699084919,0.0613023868767069,4.21383000966278,306.848105270507,10.4927424547232
0,0.62,2.3,7,0.0936412587322433,6.08320120738639,0.0612954135645835,4.17809157790222,304.245658079727,10.4162294575854
0,0.62,2.3,8,0.107006409140147,6.03750198745987,0.0612884418387458,4.14790085455436,302.047191071141,10.3536976929931
0,0.62,2.3,9,0.120368519595723,5.99501470239794,0.0612814716986527,4.11996660023315,300.013038532726,10.2966312939255
0,0.62,2.3,10,0.133727591136026,5.95427716309659,0.0612745031437632,4.09308369360861,298.055444386073,10.242362950985
0,0.62,2.3,11,0.147083624797639,5.91914915841114,0.0612675361735365,4.06985833351063,296.364190176969,10.1973586528929
0,0.62,2.3,12,0.160436621616673,5.88964768726399,0.0612605707874322,4.05034715876959,294.943400304771,10.1616920384377
0,0.62,2.3,13,0.173786582628769,5.86459849059258,0.06125360698491,4.03385464612941,293.74242726049,10.1334933263357
0,0.62,2.3,14,0.187133508869095,5.84119554746981,0.06124664476543,4.01846450863594,292.621728390604,10.1080402097403
0,0.62,2.3,15,0.200477401372352,5.81993121693234,0.0612396841284524,4.00444730206328,291.601005374217,10.0860956044964
0,0.62,2.3,16,0.213818261172766,5.79909860243625,0.0612327250734378,3.99131133782442,290.644453798013,10.0654609265069
0,0.62,2.3,17,0.227156089304098,5.77982388090883,0.0612257675998469,3.97868785003949,289.725220392814,10.0468935878523
0,0.62,2.3,18,0.240490886799635,5.76152584759833,0.0612188117071407,3.96673328493326,288.854697461475,10.0299688310384
0,0.62,2.3,19,0.253822654692197,5.74481389460019,0.0612118573947805,3.95575292648837,288.055115566552,10.0156013331755
0,0.62,2.3,20,0.267151394014133,5.73020303976113,0.0612049046622277,3.94607691685884,287.350515424973,10.0046362552963
0,0.62,2.3,21,0.280477105797325,5.71680075839872,0.0611979535089441,3.93726429869468,286.70878683603,9.99574011639967
0,0.62,2.3,22,0.293799791073185,5.7043427146479,0.0611910039343916,3.92910344960021,286.114519607335,9.98843695925569
0,0.62,2.3,23,0.307119450872657,5.69412651748575,0.0611840559380326,3.92228700891664,285.618151243246,9.98471703321308
0,0.62,2.3,24,0.320436086226216,5.68541485113175,0.0611771095193293,3.91642677335338,285.191413056157,9.98345482023067
0,0.62,2.4,1,0.0133864591513969,7.02900817296194,0.0623433651476892,4.8145195568407,350.589891005735,11.9192575541017
0,0.62,2.4,2,0.0267698710778561,6.76779730822256,0.0623362693856646,4.64208468032186,338.03330589883,11.4989881290079
0,0.62,2.4,3,0.0401502368197411,6.58012219002286,0.0623291752386991,4.51782432103864,328.984754884942,11.2004259231199
0,0.62,2.4,4,0.053527557416942,6.4432084262047,0.0623220827062413,4.42699134527001,322.370362171715,10.9860494115979
0,0.62,2.4,5,0.0669018339088757,6.34111424388978,0.0623149917877402,4.3594040796464,317.44870554355,10.8297351492328
0,0.62,2.4,6,0.0802730673344857,6.26471840375269,0.0623079024826448,4.30888757344985,313.770129479554,10.7161869470197
0,0.62,2.4,7,0.0936412587322433,6.20305018793366,0.0623008147904048,4.26806040051248,310.797123774374,10.6270526619688
0,0.62,2.4,8,0.107006409140147,6.15092265948581,0.0622937287104695,4.23358145179525,308.286391243318,10.5538042491317
0,0.62,2.4,9,0.120368519595723,6.10414499447631,0.0622866442422891,4.20263694998044,306.033034622705,10.4894371082948
0,0.62,2.4,10,0.133727591136026,6.06023346764633,0.0622795613853136,4.17359095524391,303.917925937693,10.4298315754116
0,0.62,2.4,11,0.147083624797639,6.0216358530696,0.0622724801389935,4.14813139372416,302.063978769572,10.3791233517304
0,0.62,2.4,12,0.160436621616673,5.98489005078249,0.0622654005027794,4.12391694791105,300.300700041933,10.331509020813
0,0.62,2.4,13,0.173786582628769,5.95170739490882,0.0622583224761223,4.1021473626935,298.715454324565,10.2898996627072
0,0.62,2.4,14,0.187133508869095,5.92281219710368,0.0622512460584733,4.08305806826065,297.325385476454,10.2552550202919
0,0.62,2.4,15,0.200477401372352,5.89772247638111,0.0622441712492838,4.06672713447458,296.136178489446,10.2271711834773
0,0.62,2.4,16,0.213818261172766,5.87564611643743,0.0622370980480054,4.05261464924246,295.10851734882,10.2043161249007
0,0.62,2.4,17,0.227156089304098,5.85606396542255,0.0622300264540902,4.03978393471147,294.174193839312,10.1852340158922
0,0.62,2.4,18,0.240490886799635,5.83774078141415,0.0622229564669902,4.02776287948997,293.298829145052,10.1682175041707
0,0.62,2.4,19,0.253822654692197,5.82024480439704,0.0622158880861579,4.01627071165579,292.461977654299,10.1525540588312
0,0.62,2.4,20,0.267151394014133,5.80508032874863,0.0622088213110458,4.00629706573334,291.735703849488,10.1407376098071
0,0.62,2.4,21,0.280477105797325,5.79026876544721,0.062201756141107,3.99656304474537,291.026879362033,10.129510672131
0,0.62,2.4,22,0.293799791073185,5.77736179959525,0.0621946925757946,3.98808570038074,290.409565172792,10.121441983625
0,0.62,2.4,23,0.307119450872657,5.76604150622298,0.062187630614562,3.98059532857253,289.864121623373,10.1159439162827
0,0.62,2.4,24,0.320436086226216,5.75470357766712,0.0621805702568628,3.97313304065951,289.320723123233,10.1104532748097
0,0.62,2.5,1,0.0133864591513969,7.22728018373017,0.0633440361456931,4.95718560085448,360.978730895261,12.2611962798817
0,0.62,2.5,2,0.0267698710778561,6.95596314961309,0.0633368264898605,4.77768624199401,347.907715207085,11.8237560891748
0,0.62,2.5,3,0.0401502368197412,6.75644983494715,0.0633296184750101,4.64533138278245,338.269728463605,11.5052610730243
0,0.62,2.5,4,0.0535275574169422,6.60402266658727,0.063322412100582,4.54401096597357,330.891647750399,11.2648836020784
0,0.62,2.5,5,0.0669018339088758,6.48675989579483,0.063315207366016,4.46623025090046,325.227711380863,11.0832071879702
0,0.62,2.5,6,0.080273067334486,6.39895774128625,0.0633080042707525,4.40809977691855,320.994691596268,10.95063858981
0,0.62,2.5,7,0.0936412587322436,6.32994872880106,0.0633008028142321,4.36229193381369,317.658997030748,10.8491827241612
0,0.62,2.5,8,0.107006409140147,6.2695676071527,0.0632936029958956,4.32232194112073,314.748410581512,10.7621895604095
0,0.62,2.5,9,0.120368519595724,6.21744434119108,0.0632864048151842,4.28779867918886,312.234451193672,10.6888979447908
0,0.62,2.5,10,0.133727591136027,6.17289648990494,0.063279208271539,4.25832519072088,310.088212719084,10.6282284800334
0,0.62,2.5,11,0.14708362479764,6.13263501626936,0.0632720133644019,4.23177021007678,308.154497909172,10.5747608645082
0,0.62,2.5,12,0.160436621616674,6.09339958382651,0.0632648200932145,4.20585745154681,306.26754925699,10.5229584770832
0,0.62,2.5,13,0.17378658262877,6.05701231148552,0.063257628457419,4.18175429630617,304.512374629711,10.4758108188779
0,0.62,2.5,14,0.187133508869096,6.02304535010463,0.0632504384564577,4.15921461677845,302.871051192214,10.4326439142086
0,0.62,2.5,15,0.200477401372352,5.99104787255776,0.0632432500897732,4.13842600478259,301.357239247379,10.3931945288025
0,0.62,2.5,16,0.213818261172767,5.96299458029411,0.0632360633568085,4.12013927393427,300.02561250887,10.360188178758
0,0.62,2.5,17,0.227156089304099,5.93865290609489,0.0632288782570065,4.10410579904467,298.85806626721,10.3331436727007
0,0.62,2.5,18,0.240490886799636,5.91589151408331,0.0632216947898108,4.08910812480382,297.765946292338,10.3087122204766
0,0.62,2.5,19,0.253822654692198,5.89704566614787,0.0632145129546648,4.07667472850732,296.860555214171,10.290757562302
0,0.62,2.5,20,0.267151394014134,5.88030489334841,0.0632073327510126,4.06564922595022,296.057685957095,10.2763128460638
0,0.62,2.5,21,0.280477105797327,5.86487270838811,0.0632001541782981,4.05548432620103,295.317485184603,10.2640342945648
0,0.62,2.5,22,0.293799791073187,5.85040659479345,0.0631929772359658,4.04589708077282,294.619348789053,10.2532964438754
0,0.62,2.5,23,0.307119450872659,5.83768882532006,0.0631858019234603,4.03743748001141,294.003326676383,10.2454315581276
0,0.62,2.5,24,0.320436086226218,5.82673799627941,0.0631786282402265,4.03021193663527,293.477167745094,10.2405646473811
0,0.63,1.6,1,0.0133877147470264,5.90154898929144,0.054385529734716,3.893380422332,283.513194160736,9.86270265610518
0,0.63,1.6,2,0.0267754294940527,5.90154898929144,0.054385529734716,3.893380422332,283.513194160736,9.87609037085221
0,0.63,1.6,3,0.0401631442410791,5.90154898929144,0.054385529734716,3.893380422332,283.513194160736,9.88947808559924
0,0.63,1.6,4,0.0535508589881055,5.90154898929144,0.054385529734716,3.893380422332,283.513194160736,9.90286580034626
0,0.63,1.6,5,0.0669385737351318,5.90154898929144,0.054385529734716,3.893380422332,283.513194160736,9.91625351509329
0,0.63,1.6,6,0.0803262884821582,5.90154898929144,0.054385529734716,3.893380422332,283.513194160736,9.92964122984032
0,0.63,1.6,7,0.0937140032291846,5.90154898929144,0.054385529734716,3.893380422332,283.513194160736,9.94302894458734
0,0.63,1.6,8,0.107101717976211,5.90154898929144,0.054385529734716,3.893380422332,283.513194160736,9.95641665933437
0,0.63,1.6,9,0.120489432723237,5.90154898929144,0.054385529734716,3.893380422332,283.513194160736,9.9698043740814
0,0.63,1.6,10,0.133877147470264,5.90154898929144,0.054385529734716,3.893380422332,283.513194160736,9.98319208882842
0,0.63,1.6,11,0.14726486221729,5.90154898929144,0.054385529734716,3.893380422332,283.513194160736,9.99657980357545
0,0.63,1.6,12,0.160652576964316,5.90154898929144,0.054385529734716,3.893380422332,283.513194160736,10.0099675183225
0,0.63,1.6,13,0.174040291711343,5.90154898929144,0.054385529734716,3.893380422332,283.513194160736,10.0233552330695
0,0.63,1.6,14,0.187428006458369,5.90154898929144,0.054385529734716,3.893380422332,283.513194160736,10.0367429478165
0,0.63,1.6,15,0.200815721205395,5.90154898929144,0.054385529734716,3.893380422332,283.513194160736,10.0501306625636
0,0.63,1.6,16,0.214203435952422,5.90154898929144,0.054385529734716,3.893380422332,283.513194160736,10.0635183773106
0,0.63,1.6,17,0.227591150699448,5.90154898929144,0.054385529734716,3.893380422332,283.513194160736,10.0769060920576
0,0.63,1.6,18,0.240978865446475,5.90154898929144,0.054385529734716,3.893380422332,283.513194160736,10.0902938068046
0,0.63,1.6,19,0.254366580193501,5.90154898929144,0.054385529734716,3.893380422332,283.513194160736,10.1036815215517
0,0.63,1.6,20,0.267754294940527,5.90154898929144,0.054385529734716,3.893380422332,283.513194160736,10.1170692362987
0,0.63,1.6,21,0.281142009687554,5.90154898929144,0.054385529734716,3.893380422332,283.513194160736,10.1304569510457
0,0.63,1.6,22,0.29452972443458,5.90154898929144,0.054385529734716,3.893380422332,283.513194160736,10.1438446657927
0,0.63,1.6,23,0.307917439181606,5.90154898929144,0.054385529734716,3.893380422332,283.513194160736,10.1572323805398
0,0.63,1.6,24,0.321305153928633,5.90154898929144,0.054385529734716,3.893380422332,283.513194160736,10.1706200952868
0,0.63,1.7,1,0.0133864591513969,5.90854673491286,0.0554518419869082,3.91856162644348,285.346871540298,9.89594666249465
0,0.63,1.7,2,0.0267710623487304,5.86815649497117,0.0554479979505468,3.8928738132462,283.476303247307,9.84324936851665
0,0.63,1.7,3,0.0401565935230956,5.8498285734005,0.0554479979505468,3.88133774015396,282.636254606878,9.8267709050281
0,0.63,1.7,4,0.053541846078241,5.84017715010352,0.0554477094136608,3.87527965162963,282.195108907837,9.82444635722505
0,0.63,1.7,5,0.0669256587332275,5.83703042444011,0.0554463433679162,3.87328096813171,282.049566196583,9.83268339467296
0,0.63,1.7,6,0.080310790479873,5.83559878594476,0.0554463433679162,3.87238917539231,281.984626483364,9.84374509518485
0,0.63,1.7,7,0.0936959222265186,5.83559878594476,0.0554463433679162,3.87238917539231,281.984626483364,9.8571302269315
0,0.63,1.7,8,0.107081053973164,5.83559878594476,0.0554463433679162,3.87238917539231,281.984626483364,9.87051535867814
0,0.63,1.7,9,0.12046618571981,5.83559878594476,0.0554463433679162,3.87238917539231,281.984626483364,9.88390049042479
0,0.63,1.7,10,0.133851317466455,5.83559878594476,0.0554463433679162,3.87238917539231,281.984626483364,9.89728562217143
0,0.63,1.7,11,0.147236449213101,5.83559878594476,0.0554463433679162,3.87238917539231,281.984626483364,9.91067075391808
0,0.63,1.7,12,0.160621580959746,5.83559878594476,0.0554463433679162,3.87238917539231,281.984626483364,9.92405588566472
0,0.63,1.7,13,0.174006712706392,5.83559878594476,0.0554463433679162,3.87238917539231,281.984626483364,9.93744101741137
0,0.63,1.7,14,0.187391844453037,5.83559878594476,0.0554463433679162,3.87238917539231,281.984626483364,9.95082614915802
0,0.63,1.7,15,0.200776976199683,5.83559878594476,0.0554463433679162,3.87238917539231,281.984626483364,9.96421128090466
0,0.63,1.7,16,0.214162107946328,5.83559878594476,0.0554463433679162,3.87238917539231,281.984626483364,9.97759641265131
0,0.63,1.7,17,0.227547239692974,5.83559878594476,0.0554463433679162,3.87238917539231,281.984626483364,9.99098154439795
0,0.63,1.7,18,0.240932371439619,5.83559878594476,0.0554463433679162,3.87238917539231,281.984626483364,10.0043666761446
0,0.63,1.7,19,0.254317503186265,5.83559878594476,0.0554463433679162,3.87238917539231,281.984626483364,10.0177518078912
0,0.63,1.7,20,0.26770263493291,5.83559878594476,0.0554463433679162,3.87238917539231,281.984626483364,10.0311369396379
0,0.63,1.7,21,0.281087766679556,5.83559878594476,0.0554463433679162,3.87238917539231,281.984626483364,10.0445220713845
0,0.63,1.7,22,0.294472898426201,5.83559878594476,0.0554463433679162,3.87238917539231,281.984626483364,10.0579072031312
0,0.63,1.7,23,0.307858030172847,5.83559878594476,0.0554463433679162,3.87238917539231,281.984626483364,10.0712923348778
0,0.63,1.7,24,0.321243161919492,5.83559878594476,0.0554463433679162,3.87238917539231,281.984626483364,10.0846774666245
0,0.63,1.8,1,0.013386459151397,6.0384151154228,0.0565140905228503,4.01958551360174,292.703359175179,10.1279011786988
0,0.63,1.8,2,0.0267698710778562,5.92210338867123,0.0565076582339222,3.94506709913156,287.276981216053,9.95044801711457
0,0.63,1.8,3,0.0401502368197413,5.87392664197222,0.0565012274090407,3.91421876050803,285.030627130656,9.88479686670903
0,0.63,1.8,4,0.0535275574169424,5.84822901586611,0.0564947980477061,3.89786345536189,283.839645438536,9.85611482669265
0,0.63,1.8,5,0.0669018339088762,5.82873877995384,0.0564883701494188,3.88558004785794,282.945176437601,9.83770903187007
0,0.63,1.8,6,0.0802730673344864,5.8131944717083,0.0564819437136794,3.87597898168587,282.246033625309,9.82592846444233
0,0.63,1.8,7,0.0936412587322442,5.8022911707857,0.0564755187399889,3.86909480137774,281.744732509923,9.82150274963567
0,0.63,1.8,8,0.107006409140148,5.79400093219795,0.0564690952278483,3.86382006863651,281.360630222042,9.82129650520246
0,0.63,1.8,9,0.120368519595724,5.78839472195699,0.056462673176759,3.86019291532757,281.096503496991,9.82541883005705
0,0.63,1.8,10,0.133736852494856,5.7855997324067,0.0564601624870058,3.85840204867617,280.966093860742,9.83419879606473
0,0.63,1.8,11,0.147110537744342,5.78331396739951,0.0564601624870058,3.85696169531732,280.861208353242,9.84384636294818
0,0.63,1.8,12,0.160484222993827,5.78288706621701,0.0564601624870058,3.85669641806637,280.84189105244,9.85652786976421
0,0.63,1.8,13,0.173857908243313,5.78288706621701,0.0564601624870058,3.85669641806637,280.84189105244,9.8699015550137
0,0.63,1.8,14,0.187231593492799,5.78288706621701,0.0564601624870058,3.85669641806637,280.84189105244,9.88327524026318
0,0.63,1.8,15,0.200605278742284,5.78288706621701,0.0564601624870058,3.85669641806637,280.84189105244,9.89664892551267
0,0.63,1.8,16,0.21397896399177,5.78288706621701,0.0564601624870058,3.85669641806637,280.84189105244,9.91002261076216
0,0.63,1.8,17,0.227352649241256,5.78288706621701,0.0564601624870058,3.85669641806637,280.84189105244,9.92339629601164
0,0.63,1.8,18,0.240726334490741,5.78288706621701,0.0564601624870058,3.85669641806637,280.84189105244,9.93676998126113
0,0.63,1.8,19,0.254100019740227,5.78288706621701,0.0564601624870058,3.85669641806637,280.84189105244,9.95014366651061
0,0.63,1.8,20,0.267473704989712,5.78288706621701,0.0564601624870058,3.85669641806637,280.84189105244,9.9635173517601
0,0.63,1.8,21,0.280847390239198,5.78288706621701,0.0564601624870058,3.85669641806637,280.84189105244,9.97689103700958
0,0.63,1.8,22,0.294221075488684,5.78288706621701,0.0564601624870058,3.85669641806637,280.84189105244,9.99026472225907
0,0.63,1.8,23,0.307594760738169,5.78288706621701,0.0564601624870058,3.85669641806637,280.84189105244,10.0036384075086
0,0.63,1.8,24,0.320968445987655,5.78288706621701,0.0564601624870058,3.85669641806637,280.84189105244,10.017012092758
0,0.63,1.9,1,0.0133864591513969,6.19950470537531,0.0575679286545845,4.13928280373574,301.419630737963,10.409741896917
0,0.63,1.9,2,0.0267698710778562,6.03644528333551,0.0575613764205014,4.03455188784875,293.793199906754,10.1553284186826
0,0.63,1.9,3,0.0401502368197413,5.95815150548354,0.0575548256777655,3.9838335586924,290.099927238321,10.0396901266735
0,0.63,1.9,4,0.0535275574169424,5.91227052556036,0.0575482764258677,3.95434522816419,287.952607975459,9.97769158756736
0,0.63,1.9,5,0.0669018339088761,5.88329168161641,0.0575417286642992,3.93595642948588,286.61354873014,9.94369167367547
0,0.63,1.9,6,0.0802730673344863,5.85935138007083,0.0575351823925513,3.92077012136938,285.507692570562,9.91792975116724
0,0.63,1.9,7,0.093641258732244,5.84089192611229,0.0575286376101156,3.90907791313639,284.656274280196,9.90113973559103
0,0.63,1.9,8,0.107006409140148,5.82628959219596,0.0575220943164839,3.89996666642732,283.992799772938,9.89078476207991
0,0.63,1.9,9,0.120368519595724,5.81357832254824,0.0575155525111483,3.89209004089997,283.419229502317,9.88355243555509
0,0.63,1.9,10,0.133727591136028,5.80351034809628,0.057509012193601,3.88580663493442,282.961676347407,9.88055358636032
0,0.63,1.9,11,0.147083624797641,5.79430764745336,0.0575024733633345,3.88003154543478,282.541138436132,9.87892529104911
0,0.63,1.9,12,0.160436621616675,5.78817590106674,0.0574959360198417,3.8761140072759,282.255866092772,9.88222246597916
0,0.63,1.9,13,0.173786582628771,5.78283098851684,0.0574894001626153,3.87267302425217,282.005296155523,9.8867799955604
0,0.63,1.9,14,0.187133508869097,5.7777733667791,0.0574828657911488,3.86942354587477,281.76867145046,9.89181328731411
0,0.63,1.9,15,0.200477401372354,5.77444496160986,0.0574763329049355,3.86726151773789,281.611234098734,9.89966021362503
0,0.63,1.9,16,0.213830937237541,5.77209301756067,0.0574732085601082,3.86573992003274,281.500432435701,9.90913708339106
0,0.63,1.9,17,0.227195370814887,5.77207408996083,0.0574732085601082,3.8657279316486,281.499559450092,9.92247060098443
0,0.63,1.9,18,0.240559804392233,5.77207408996083,0.0574732085601082,3.8657279316486,281.499559450092,9.93583503456177
0,0.63,1.9,19,0.25392423796958,5.77207408996083,0.0574732085601082,3.8657279316486,281.499559450092,9.94919946813912
0,0.63,1.9,20,0.267288671546926,5.77207408996083,0.0574732085601082,3.8657279316486,281.499559450092,9.96256390171647
0,0.63,1.9,21,0.280653105124272,5.77207408996083,0.0574732085601082,3.8657279316486,281.499559450092,9.97592833529381
0,0.63,1.9,22,0.294017538701619,5.77207408996083,0.0574732085601082,3.8657279316486,281.499559450092,9.98929276887116
0,0.63,1.9,23,0.307381972278965,5.77207408996083,0.0574732085601082,3.8657279316486,281.499559450092,10.0026572024485
0,0.63,1.9,24,0.320746405856311,5.77207408996083,0.0574732085601082,3.8657279316486,281.499559450092,10.0160216360259
0,0.63,2,1,0.0133864591513969,6.38017308904997,0.0586140123148981,4.2707082542065,310.989938597749,10.7228818147228
0,0.63,2,2,0.026769871077856,6.1789057265157,0.0586073410182539,4.14114171468019,301.554995311253,10.405424653292
0,0.63,2,3,0.0401502368197409,6.06046875712231,0.0586006712400566,4.06445992917534,295.971082211538,10.2236795943574
0,0.63,2,4,0.0535275574169417,5.99381081814317,0.058594002979788,4.02125406275948,292.824861738507,10.1271864412994
0,0.63,2,5,0.0669018339088752,5.94615804258711,0.0585873362369299,3.99065804685755,290.596881614295,10.0623052595905
0,0.63,2,6,0.0802730673344852,5.90820829284412,0.0585806710109643,3.96633684463527,288.825828960844,10.0133988758248
0,0.63,2,7,0.0936412587322426,5.87844991996064,0.0585740073013737,3.94729705415247,287.439364955177,9.97796224014672
0,0.63,2,8,0.107006409140146,5.85232231622315,0.0585673451076405,3.93059932907164,286.223448486874,9.94849539954257
0,0.63,2,9,0.120368519595722,5.83021345279126,0.0585606844292477,3.91640584660459,285.189889185189,9.92554850342082
0,0.63,2,10,0.133727591136025,5.81224791662333,0.0585540252656783,3.90479844108094,284.344646167823,9.90932797410598
0,0.63,2,11,0.147083624797638,5.79770101070893,0.0585473676164155,3.89543922776626,283.663114908648,9.89877123088924
0,0.63,2,12,0.160436621616672,5.78590902914544,0.058540711480943,3.88778034328783,283.105400386396,9.89266670553089
0,0.63,2,13,0.173786582628767,5.77528002871833,0.0585340568587444,3.88089869284738,282.604283494175,9.88849936105322
0,0.63,2,14,0.187133508869093,5.76513121544556,0.0585274037493037,3.87434992030115,282.127406533536,9.88514204836511
0,0.63,2,15,0.20047740137235,5.7562434095596,0.0585207521521052,3.86860043136885,281.708732837373,9.8838419944529
0,0.63,2,16,0.213818261172764,5.74884390975929,0.0585141020666334,3.86383689103785,281.361855217347,9.88501316403654
0,0.63,2,17,0.227156089304095,5.74261879994486,0.0585074534923729,3.85992296069364,281.076845592486,9.88820530343497
0,0.63,2,18,0.240490886799632,5.73549736704807,0.0585008064288087,3.85603341002376,280.793611278176,9.89052247030027
0,0.63,2,19,0.253822654692194,5.73011497997866,0.0584941608754258,3.85256000415791,280.540680332616,9.89499179970418
0,0.63,2,20,0.26715139401413,5.72516668966153,0.0584875168317099,3.84933051837438,280.305511474024,9.90013611888176
0,0.63,2,21,0.280477105797322,5.72117833653072,0.0584808742971464,3.84671577945777,280.115108045196,9.90685209608296
0,0.63,2,22,0.293799791073182,5.71725035118577,0.0584742332712212,3.84413958881804,279.927511674482,9.91366396434821
0,0.63,2,23,0.307119450872654,5.71382186911843,0.0584675937534204,3.84189115883056,279.763782601427,9.92130007257506
0,0.63,2,24,0.320468740968961,5.71206246413501,0.0584669133352517,3.840750439028,279.680716196457,9.93174855746723
0,0.63,2.1,1,0.0133864591513969,6.55936177623067,0.0596529163647563,4.40047578858464,320.439518186447,11.0328769403315
0,0.63,2.1,2,0.0267698710778561,6.33296184956875,0.0596461268227161,4.25424741475564,309.791271972594,10.673625262225
0,0.63,2.1,3,0.0401502368197411,6.188896059035,0.0596393388260365,4.16082908168257,302.988615378648,10.4495147163633
0,0.63,2.1,4,0.053527557416942,6.09734224954992,0.0596325523741901,4.10152837998227,298.670380443631,10.3120307393233
0,0.63,2.1,5,0.0669018339088756,6.03211366846416,0.0596257674666495,4.05936658511384,295.600188518348,10.2180078549535
0,0.63,2.1,6,0.0802730673344857,5.98193652165369,0.0596189841028877,4.02696642188486,293.24083166853,10.1487949949759
0,0.63,2.1,7,0.0936412587322432,5.93992621765086,0.0596122022823777,3.99993462271729,291.272395272757,10.0931143013828
0,0.63,2.1,8,0.107006409140147,5.90582365076563,0.0596054220045931,3.9779279818333,289.669887330306,10.0503634637437
0,0.63,2.1,9,0.120368519595723,5.87674041903195,0.0595986432690074,3.959271182771,288.311312487573,10.0159787646677
0,0.63,2.1,10,0.133727591136026,5.85109988357762,0.0595918660750946,3.94273430775077,287.107109006318,9.98715364853951
0,0.63,2.1,11,0.147083624797639,5.82757868879257,0.0595850904223288,3.92743478606999,285.993008715484,9.96168219008253
0,0.63,2.1,12,0.160436621616673,5.80541465895778,0.0595783163101844,3.91295641502072,284.938704029798,9.93838601190536
0,0.63,2.1,13,0.173786582628769,5.78512033211399,0.059571543738136,3.89978074921467,283.979261413699,9.91825920769556
0,0.63,2.1,14,0.187133508869095,5.76808414865317,0.0595647727056583,3.88878616304668,283.178643466097,9.9035685932746
0,0.63,2.1,15,0.200477401372351,5.75429082352054,0.0595580032122266,3.87998591021257,282.537815311697,9.89431213831768
0,0.63,2.1,16,0.213818261172766,5.74249904573736,0.0595512352573161,3.87252824898385,281.994753723419,9.88839679115129
0,0.63,2.1,17,0.227156089304098,5.73132902903242,0.0595444688404025,3.86587300721243,281.510123749501,9.88390259438935
0,0.63,2.1,18,0.240490886799635,5.72166174743321,0.0595377039609614,3.85968374668992,281.059426198816,9.88137408488373
0,0.63,2.1,19,0.253822654692196,5.71203143942559,0.0595309406184689,3.85351427249478,280.610169474422,9.87889930723103
0,0.63,2.1,20,0.267151394014133,5.7028102394572,0.0595241788124014,3.84753439025558,280.17471870146,9.87702020253932
0,0.63,2.1,21,0.280477105797325,5.69507926683241,0.0595174185422353,3.84251358237949,279.809107041717,9.87758737355146
0,0.63,2.1,22,0.293799791073185,5.68791508639666,0.0595106598074474,3.83781049033104,279.466631222647,9.87903602760833
0,0.63,2.1,23,0.307119450872657,5.68315149114436,0.0595039026075147,3.83473877821146,279.242951330087,9.88451362283599
0,0.63,2.1,24,0.320436086226216,5.67837780166908,0.0594971469419144,3.83169133398895,279.021038608537,9.89000236882615
0,0.63,2.2,1,0.0133864591513969,6.75228384496954,0.0606851479645391,4.53847267335684,330.488353219774,11.3648281254423
0,0.63,2.2,2,0.0267698710778561,6.50976834304559,0.0606782409365439,4.38154884814075,319.061271840378,10.9787653032007
0,0.63,2.2,3,0.0401502368197411,6.3487974090626,0.0606713354806503,4.2769993013457,311.448048177491,10.7266182827087
0,0.63,2.2,4,0.053527557416942,6.23860071332079,0.0606644315963216,4.20542338669708,306.235940963253,10.5582160890311
0,0.63,2.2,5,0.0669018339088756,6.16108604260045,0.0606575292830213,4.15510542135195,302.571822502895,10.4437508271443
0,0.63,2.2,6,0.0802730673344857,6.10194901310534,0.0606506285402132,4.11682678782504,299.784399625573,10.3596994968051
0,0.63,2.2,7,0.0936412587322433,6.05417474991054,0.0606437293673614,4.08588060301705,297.530920450593,10.2943403410272
0,0.63,2.2,8,0.107006409140147,6.01077407222367,0.0606368317639302,4.05768774488525,295.477936566557,10.236105058013
0,0.63,2.2,9,0.120368519595723,5.97362920571996,0.060629935729384,4.03370921608798,293.731837148274,10.1883368771331
0,0.63,2.2,10,0.133727591136026,5.94253803035348,0.0606230412631878,4.01348830977073,292.259365127316,10.1503769725234
0,0.63,2.2,11,0.147083624797639,5.91448929680276,0.0606161483648066,3.99523074873751,290.929862514003,10.1174198187027
0,0.63,2.2,12,0.160436621616673,5.88936303172929,0.0606092570337055,3.97889055312554,289.739981087418,10.0892994635052
0,0.63,2.2,13,0.173786582628769,5.86682943743898,0.0606023672693502,3.96423729820643,288.672941482673,10.0654556855435
0,0.63,2.2,14,0.187133508869095,5.84529294500747,0.0605954790712064,3.95028249241463,287.656762446781,10.0433044253624
0,0.63,2.2,15,0.200477401372352,5.82528718805859,0.06058859243874,3.93734984235467,286.715016064529,10.0237030242243
0,0.63,2.2,16,0.213818261172766,5.80473874779173,0.0605817073714175,3.92465330835963,285.790463486246,10.0037920246955
0,0.63,2.2,17,0.227156089304098,5.7877958130793,0.0605748238687051,3.91363106725378,284.987831725731,9.98915779350588
0,0.63,2.2,18,0.240490886799635,5.77364909860835,0.0605679419300697,3.9045116451813,284.323761894323,9.97921957251936
0,0.63,2.2,19,0.253822654692197,5.76163046851353,0.0605610615549782,3.89666955253172,283.752706283308,9.97268373729243
0,0.63,2.2,20,0.267151394014133,5.74999425978797,0.0605541827428979,3.88900986599439,283.194933355697,9.96670970253939
0,0.63,2.2,21,0.280477105797325,5.73964975314578,0.0605473054932962,3.88211633803241,282.692951550804,9.96279050246882
0,0.63,2.2,22,0.293799791073185,5.73183546271293,0.0605404298056409,3.8770097282369,282.321091856294,9.96318541182866
0,0.63,2.2,23,0.307119450872657,5.72452521172081,0.0605335556793997,3.87225433073895,281.974807191581,9.96443254901182
0,0.63,2.2,24,0.320436086226216,5.71858821250398,0.060526683114041,3.86837907356008,281.692613719124,9.96793005540432
0,0.63,2.3,1,0.0133864591513969,6.94879513794346,0.0617111572367762,4.67843321170687,340.680180110481,11.7023259660385
0,0.63,2.3,2,0.0267698710778561,6.69180250687887,0.0617041334310356,4.5117308795685,328.541034809523,11.2920073909563
0,0.63,2.3,3,0.0401502368197412,6.51213646359586,0.0616971112239763,4.39481152748951,320.02705072079,11.0087953391291
0,0.63,2.3,4,0.0535275574169422,6.38322938907859,0.0616900906150523,4.31079544433587,313.909059280977,10.8092424814465
0,0.63,2.3,5,0.0669018339088759,6.28871572392339,0.0616830716037182,4.24928705112335,309.430061819709,10.6665876805593
0,0.63,2.3,6,0.0802730673344861,6.21723133988033,0.0616760541894288,4.20280104090178,306.044983606928,10.561981502306
0,0.63,2.3,7,0.0936412587322437,6.16033889019906,0.0616690383716391,4.16581975139903,303.352032399034,10.481468938702
0,0.63,2.3,8,0.107006409140147,6.11278166599492,0.0616620241498043,4.13486700561051,301.098075458117,10.4163171048954
0,0.63,2.3,9,0.120368519595724,6.06943905971055,0.0616550115233799,4.10678323380884,299.053035163081,10.3582458246385
0,0.63,2.3,10,0.133727591136027,6.02782575557488,0.0616480004918217,4.07972920901239,297.082980312814,10.3029305562151
0,0.63,2.3,11,0.14708362479764,5.98990326790234,0.0616409910545855,4.05503631740582,295.28486150267,10.2536642011604
0,0.63,2.3,12,0.160436621616674,5.95881892421331,0.0616339832111278,4.03476589486659,293.808783745634,10.2156554239077
0,0.63,2.3,13,0.17378658262877,5.93126204899018,0.0616269769609048,4.01690810899822,292.508392475585,10.1835837175781
0,0.63,2.3,14,0.187133508869096,5.90762998071627,0.0616199723033735,4.00160069136198,291.393717206888,10.1579841532507
0,0.63,2.3,15,0.200477401372353,5.88528412353718,0.0616129692379907,3.98713668557375,290.340458589297,10.1345111797213
0,0.63,2.3,16,0.213818261172768,5.86349079849191,0.0616059677642137,3.97362339848795,289.356430631656,10.1125384259168
0,0.63,2.3,17,0.227156089304099,5.84402688233317,0.0615989678814999,3.96109695183347,288.44426369258,10.0938788913522
0,0.63,2.3,18,0.240490886799637,5.82564222071731,0.061591969589307,3.94924770462287,287.581409935519,10.0769727817291
0,0.63,2.3,19,0.253822654692199,5.80746374310772,0.0615849728870931,3.93746913778518,286.72370307296,10.0603405084722
0,0.63,2.3,20,0.267151394014135,5.79232496055011,0.0615779777743163,3.92760910205953,286.005702281904,10.0486634343981
0,0.63,2.3,21,0.280477105797328,5.77884189867409,0.0615709842504351,3.91887868651292,285.369959629125,10.0397686752348
0,0.63,2.3,22,0.293799791073188,5.76624123929346,0.0615639923149081,3.91075260608376,284.778224229917,10.0323576287653
0,0.63,2.3,23,0.30711945087266,5.75376462273453,0.0615570019671944,3.90266015595916,284.188937765575,10.0251012315335
0,0.63,2.3,24,0.320436086226219,5.74302060639238,0.0615500132067531,3.89562361544247,283.67654188813,10.0206303212678
0,0.63,2.4,1,0.0133864591513969,7.13754429823271,0.062731345862198,4.8131245066375,350.488304441818,12.0267866098838
0,0.63,2.4,2,0.026769871077856,6.86836786900149,0.0627242059412028,4.63809764872549,337.742973092762,11.595959594746
0,0.63,2.4,3,0.040150236819741,6.67307981002352,0.0627170676453177,4.51076851441467,328.470956063263,11.2867156289033
0,0.63,2.4,4,0.0535275574169419,6.52824221118132,0.062709930973988,4.41613349009315,321.579700877671,11.0606131896654
0,0.63,2.4,5,0.0669018339088754,6.41791032873131,0.062702795926659,4.34417924640055,316.340044011444,10.8916942049674
0,0.63,2.4,6,0.0802730673344854,6.33622927549912,0.0626956625027765,4.29098324122145,312.466348736662,10.7701812465578
0,0.63,2.4,7,0.0936412587322429,6.27054610451122,0.0626885307017865,4.2481478927001,309.347109113269,10.6750237866454
0,0.63,2.4,8,0.107006409140146,6.21486551482871,0.0626814005231353,4.2118421131854,306.703348062419,10.5963954376774
0,0.63,2.4,9,0.120368519595723,6.16615995538259,0.0626742719662692,4.18012733104799,304.393900176382,10.5293300779926
0,0.63,2.4,10,0.133727591136026,6.12184087558653,0.0626671450306351,4.15125101392811,302.291147294774,10.4694866256813
0,0.63,2.4,11,0.147083624797638,6.08088562097922,0.0626600197156799,4.12465991433113,300.354802328393,10.4152891798237
0,0.63,2.4,12,0.160436621616672,6.04302227028901,0.0626528960208509,4.10009235295268,298.565809976351,10.3662041408792
0,0.63,2.4,13,0.173786582628768,6.00786043819713,0.0626457739455956,4.07730210646765,296.906240431176,10.3215949012391
0,0.63,2.4,14,0.187133508869094,5.9759806173193,0.0626386534893617,4.05652412664304,295.393202713492,10.2822769063208
0,0.63,2.4,15,0.20047740137235,5.94662726064655,0.0626315346515972,4.03766511557062,294.019902935956,10.2474013122411
0,0.63,2.4,16,0.213818261172765,5.92086227656279,0.0626244174317504,4.02138555350473,292.834436801086,10.218690508672
0,0.63,2.4,17,0.227156089304096,5.89908103979309,0.0626173018292698,4.00729871533865,291.808643261574,10.1961531462651
0,0.63,2.4,18,0.240490886799633,5.88053973661013,0.0626101878436041,3.99534478010456,290.938166197076,10.1789855913579
0,0.63,2.4,19,0.253822654692195,5.86310125525838,0.0626030754742023,3.98406061445307,290.116461277375,10.1635875998778
0,0.63,2.4,20,0.267151394014131,5.84711186278669,0.0625959647205137,3.97371769922276,289.363297544117,10.1505769207441
0,0.63,2.4,21,0.280477105797323,5.83142929439767,0.0625888555819878,3.96357088661499,288.624413864403,10.138066142392
0,0.63,2.4,22,0.293799791073183,5.8179410105535,0.0625817480580744,3.95483785772767,287.988480910012,10.1291604074124
0,0.63,2.4,23,0.307119450872655,5.80521116833421,0.0625746421482233,3.94654140163054,287.384338875799,10.1214466629856
0,0.63,2.4,24,0.320436086226214,5.79412831919894,0.0625675378518849,3.93934303539771,286.860158964763,10.1164749786747
0,0.63,2.5,1,0.0133864591513969,7.34045251576333,0.0637460740785754,4.95667011449688,360.941193545211,12.3742551634902
0,0.63,2.5,2,0.026769871077856,7.06300942296957,0.0637388186638156,4.77588510794546,347.776557906276,11.9294032206567
0,0.63,2.5,3,0.040150236819741,6.85866945882224,0.0637315649004532,4.64236961649567,338.054054748417,11.6049208770381
0,0.63,2.5,4,0.0535275574169419,6.70162790778275,0.0637243127879247,4.53956475234256,330.567877635046,11.3584445303302
0,0.63,2.5,5,0.0669018339088754,6.58032510647956,0.0637170623256664,4.4603116873038,324.796725787853,11.1712556900179
0,0.63,2.5,6,0.0802730673344853,6.48838718773779,0.0637098135131151,4.40034022854714,320.4296468009,11.0327102971325
0,0.63,2.5,7,0.0936412587322429,6.41743640686548,0.0637025663497078,4.35395521118966,317.051922816676,10.9287354431371
0,0.63,2.5,8,0.107006409140146,6.355117301839,0.0636953208348818,4.31332792368941,314.093472626909,10.8391469555034
0,0.63,2.5,9,0.120368519595723,6.30116184476572,0.0636880769680747,4.27813449192286,311.530711948199,10.7633529332524
0,0.63,2.5,10,0.133727591136026,6.25504041846707,0.0636808347487242,4.24807663637714,309.341920278495,10.700525480729
0,0.63,2.5,11,0.147083624797638,6.21433156508215,0.0636735941762684,4.22162115641588,307.415451037562,10.6467099404719
0,0.63,2.5,12,0.160436621616672,6.17474142319026,0.0636663552501455,4.19584269104439,305.538281517699,10.5946870911015
0,0.63,2.5,13,0.173786582628768,6.13743443637042,0.0636591179697942,4.17149945523269,303.765624393931,10.5463795922017
0,0.63,2.5,14,0.187133508869094,6.10291134119255,0.0636518823346533,4.14892633567503,302.121865877231,10.5026230680713
0,0.63,2.5,15,0.20047740137235,6.06918057418574,0.0636446483441618,4.12734766859136,300.550522682631,10.4606502924936
0,0.63,2.5,16,0.213818261172765,6.04062605949848,0.063637415997759,4.10902559437698,299.216322265334,10.427107331046
0,0.63,2.5,17,0.227156089304096,6.01480815836367,0.0636301852948846,4.09227458765774,297.996525866005,10.3978690206204
0,0.63,2.5,18,0.240490886799633,5.99073286920382,0.0636229562349783,4.07663091849789,296.857365000434,10.3714776307363
0,0.63,2.5,19,0.253822654692195,5.97068394819772,0.0636157288174803,4.06361215727264,295.90934806435,10.35173448898
0,0.63,2.5,20,0.267151394014131,5.95279204725986,0.0636085030418309,4.0519970368851,295.06354325608,10.3355489812009
0,0.63,2.5,21,0.280477105797323,5.93738325589963,0.0636012789074706,4.04198624279365,294.334564348015,10.3234478833981
0,0.63,2.5,22,0.293799791073183,5.92300971245607,0.0635940564138404,4.0325890506023,293.650267494044,10.3129926105454
0,0.63,2.5,23,0.307119450872655,5.90957549833404,0.0635868355603813,4.02379709957515,293.010043871325,10.3040788843422
0,0.63,2.5,24,0.320436086226214,5.89825525481716,0.0635796163465348,4.01643748224743,292.474121770208,10.2987084396373
0,0.64,1.6,1,0.0133871916282523,5.93143509745886,0.0546564384982927,3.85644014486015,280.823229419773,9.85591887244556
0,0.64,1.6,2,0.0267743832565046,5.92650438573665,0.0546564384982927,3.85340057288186,280.60188994945,9.86133578037331
0,0.64,1.6,3,0.0401615748847569,5.92650438573665,0.0546564384982927,3.85340057288186,280.60188994945,9.87472297200156
0,0.64,1.6,4,0.0535487665130092,5.92650438573665,0.0546564384982927,3.85340057288186,280.60188994945,9.88811016362981
0,0.64,1.6,5,0.0669359581412615,5.92650438573665,0.0546564384982927,3.85340057288186,280.60188994945,9.90149735525806
0,0.64,1.6,6,0.0803231497695138,5.92650438573665,0.0546564384982927,3.85340057288186,280.60188994945,9.91488454688632
0,0.64,1.6,7,0.0937103413977661,5.92650438573665,0.0546564384982927,3.85340057288186,280.60188994945,9.92827173851457
0,0.64,1.6,8,0.107097533026018,5.92650438573665,0.0546564384982927,3.85340057288186,280.60188994945,9.94165893014282
0,0.64,1.6,9,0.120484724654271,5.92650438573665,0.0546564384982927,3.85340057288186,280.60188994945,9.95504612177107
0,0.64,1.6,10,0.133871916282523,5.92650438573665,0.0546564384982927,3.85340057288186,280.60188994945,9.96843331339933
0,0.64,1.6,11,0.147259107910775,5.92650438573665,0.0546564384982927,3.85340057288186,280.60188994945,9.98182050502758
0,0.64,1.6,12,0.160646299539028,5.92650438573665,0.0546564384982927,3.85340057288186,280.60188994945,9.99520769665583
0,0.64,1.6,13,0.17403349116728,5.92650438573665,0.0546564384982927,3.85340057288186,280.60188994945,10.0085948882841
0,0.64,1.6,14,0.187420682795532,5.92650438573665,0.0546564384982927,3.85340057288186,280.60188994945,10.0219820799123
0,0.64,1.6,15,0.200807874423784,5.92650438573665,0.0546564384982927,3.85340057288186,280.60188994945,10.0353692715406
0,0.64,1.6,16,0.214195066052037,5.92650438573665,0.0546564384982927,3.85340057288186,280.60188994945,10.0487564631688
0,0.64,1.6,17,0.227582257680289,5.92650438573665,0.0546564384982927,3.85340057288186,280.60188994945,10.0621436547971
0,0.64,1.6,18,0.240969449308541,5.92650438573665,0.0546564384982927,3.85340057288186,280.60188994945,10.0755308464253
0,0.64,1.6,19,0.254356640936794,5.92650438573665,0.0546564384982927,3.85340057288186,280.60188994945,10.0889180380536
0,0.64,1.6,20,0.267743832565046,5.92650438573665,0.0546564384982927,3.85340057288186,280.60188994945,10.1023052296818
0,0.64,1.6,21,0.281131024193298,5.92650438573665,0.0546564384982927,3.85340057288186,280.60188994945,10.1156924213101
0,0.64,1.6,22,0.294518215821551,5.92650438573665,0.0546564384982927,3.85340057288186,280.60188994945,10.1290796129384
0,0.64,1.6,23,0.307905407449803,5.92650438573665,0.0546564384982927,3.85340057288186,280.60188994945,10.1424668045666
0,0.64,1.6,24,0.321292599078055,5.92650438573665,0.0546564384982927,3.85340057288186,280.60188994945,10.1558539961949
0,0.64,1.7,1,0.013386459151397,5.97265571847816,0.0557393498936041,3.90264105094418,284.187546551968,9.94442257846734
0,0.64,1.7,2,0.0267700164524361,5.91214371858432,0.0557333084434116,3.86458236559635,281.416140144664,9.85922940907651
0,0.64,1.7,3,0.0401550246786541,5.89102569929739,0.0557333084434116,3.85146247063468,280.460758721801,9.83837650305413
0,0.64,1.7,4,0.0535383947440334,5.87493401275196,0.0557316031750666,3.84150878920667,279.735938717281,9.82571279987773
0,0.64,1.7,5,0.066915377484964,5.86726185407854,0.0557252608283315,3.83665473158576,279.382469692561,9.8265572239776
0,0.64,1.7,6,0.0802958895301336,5.8640022131236,0.0557234818523219,3.83463791372004,279.235606449536,9.83465949822609
0,0.64,1.7,7,0.0936785377851559,5.86168562569512,0.0557234818523219,3.83321499959411,279.131990854578,9.84430264492671
0,0.64,1.7,8,0.107061186040178,5.86168562569512,0.0557234818523219,3.83321499959411,279.131990854578,9.85768529318173
0,0.64,1.7,9,0.1204438342952,5.86168562569512,0.0557234818523219,3.83321499959411,279.131990854578,9.87106794143675
0,0.64,1.7,10,0.133826482550223,5.86168562569512,0.0557234818523219,3.83321499959411,279.131990854578,9.88445058969178
0,0.64,1.7,11,0.147209130805245,5.86168562569512,0.0557234818523219,3.83321499959411,279.131990854578,9.8978332379468
0,0.64,1.7,12,0.160591779060267,5.86168562569512,0.0557234818523219,3.83321499959411,279.131990854578,9.91121588620182
0,0.64,1.7,13,0.17397442731529,5.86168562569512,0.0557234818523219,3.83321499959411,279.131990854578,9.92459853445684
0,0.64,1.7,14,0.187357075570312,5.86168562569512,0.0557234818523219,3.83321499959411,279.131990854578,9.93798118271187
0,0.64,1.7,15,0.200739723825334,5.86168562569512,0.0557234818523219,3.83321499959411,279.131990854578,9.95136383096689
0,0.64,1.7,16,0.214122372080356,5.86168562569512,0.0557234818523219,3.83321499959411,279.131990854578,9.96474647922191
0,0.64,1.7,17,0.227505020335379,5.86168562569512,0.0557234818523219,3.83321499959411,279.131990854578,9.97812912747693
0,0.64,1.7,18,0.240887668590401,5.86168562569512,0.0557234818523219,3.83321499959411,279.131990854578,9.99151177573195
0,0.64,1.7,19,0.254270316845423,5.86168562569512,0.0557234818523219,3.83321499959411,279.131990854578,10.004894423987
0,0.64,1.7,20,0.267652965100445,5.86168562569512,0.0557234818523219,3.83321499959411,279.131990854578,10.018277072242
0,0.64,1.7,21,0.281035613355468,5.86168562569512,0.0557234818523219,3.83321499959411,279.131990854578,10.031659720497
0,0.64,1.7,22,0.29441826161049,5.86168562569512,0.0557234818523219,3.83321499959411,279.131990854578,10.045042368752
0,0.64,1.7,23,0.307800909865512,5.86168562569512,0.0557234818523219,3.83321499959411,279.131990854578,10.0584250170071
0,0.64,1.7,24,0.321183558120534,5.86168562569512,0.0557234818523219,3.83321499959411,279.131990854578,10.0718076652621
0,0.64,1.8,1,0.0133864591513968,6.11935361578874,0.0568160149753529,4.01242609940186,292.182015723487,10.2019821893173
0,0.64,1.8,2,0.0267698710778559,5.98628895005856,0.0568095483221573,3.92845364978264,286.067201646627,9.99832201924121
0,0.64,1.8,3,0.0401502368197408,5.92739199521275,0.05680308314083,3.89118532559554,283.353348777101,9.91553064076886
0,0.64,1.8,4,0.0535275574169416,5.89725257972941,0.0567966194308685,3.87224315793714,281.973993596097,9.87981991451436
0,0.64,1.8,5,0.0669018339088751,5.8752560525762,0.0567901571917706,3.85855812272863,280.977459062274,9.85750616640548
0,0.64,1.8,6,0.080273067334485,5.85693300209764,0.0567836964230344,3.84742699069643,280.166897941924,9.84141675655159
0,0.64,1.8,7,0.0936412587322424,5.84284135056377,0.0567772371241579,3.83870926843047,279.532079604817,9.83196911485063
0,0.64,1.8,8,0.107006409140146,5.83288354280389,0.0567707792946396,3.83250316531695,279.08015558863,9.82916389655562
0,0.64,1.8,9,0.120368519595722,5.82468497169997,0.0567643229339783,3.82740714638992,278.709067113633,9.82922496061959
0,0.64,1.8,10,0.133727591136025,5.81858391288016,0.0567578680416729,3.82352660812541,278.426489076274,9.83259598018327
0,0.64,1.8,11,0.147083624797638,5.8146717116118,0.0567514146172224,3.82105136318622,278.246243499701,9.83955811421288
0,0.64,1.8,12,0.160453845821579,5.81233443607662,0.0567510547035417,3.81959937501126,278.140510753164,9.84913871161299
0,0.64,1.8,13,0.173824999640044,5.81108274369908,0.0567510547035417,3.81882476611476,278.084104284068,9.86048356415742
0,0.64,1.8,14,0.187196153458508,5.81108274369908,0.0567510547035417,3.81882476611476,278.084104284068,9.87385471797588
0,0.64,1.8,15,0.200567307276973,5.81108274369908,0.0567510547035417,3.81882476611476,278.084104284068,9.88722587179435
0,0.64,1.8,16,0.213938461095438,5.81108274369908,0.0567510547035417,3.81882476611476,278.084104284068,9.90059702561281
0,0.64,1.8,17,0.227309614913903,5.81108274369908,0.0567510547035417,3.81882476611476,278.084104284068,9.91396817943128
0,0.64,1.8,18,0.240680768732368,5.81108274369908,0.0567510547035417,3.81882476611476,278.084104284068,9.92733933324974
0,0.64,1.8,19,0.254051922550833,5.81108274369908,0.0567510547035417,3.81882476611476,278.084104284068,9.94071048706821
0,0.64,1.8,20,0.267423076369298,5.81108274369908,0.0567510547035417,3.81882476611476,278.084104284068,9.95408164088667
0,0.64,1.8,21,0.280794230187763,5.81108274369908,0.0567510547035417,3.81882476611476,278.084104284068,9.96745279470514
0,0.64,1.8,22,0.294165384006228,5.81108274369908,0.0567510547035417,3.81882476611476,278.084104284068,9.9808239485236
0,0.64,1.8,23,0.307536537824692,5.81108274369908,0.0567510547035417,3.81882476611476,278.084104284068,9.99419510234207
0,0.64,1.8,24,0.320907691643157,5.81108274369908,0.0567510547035417,3.81882476611476,278.084104284068,10.0075662561605
0,0.64,1.9,1,0.0133864591513968,6.28774268356066,0.0578842031664511,4.13495568371727,301.1045329348,10.4939690295958
0,0.64,1.9,2,0.0267698710778559,6.11134852660694,0.0578776149348136,4.02333609698135,292.976473990217,10.219332109601
0,0.64,1.9,3,0.0401502368197408,6.02302507460853,0.0578710282027167,3.96700306886563,288.874342935613,10.0880494084966
0,0.64,1.9,4,0.0535275574169416,5.97025103270168,0.0578644429696485,3.93355009041826,286.438320830143,10.0151931235065
0,0.64,1.9,5,0.0669018339088751,5.93686945798581,0.0578578592350974,3.91260652072976,284.913224976305,9.97423567185955
0,0.64,1.9,6,0.0802730673344851,5.9104426069375,0.0578512769985518,3.89606836703059,283.708928382559,9.94463531830112
0,0.64,1.9,7,0.0936412587322425,5.88933826075827,0.0578446962595006,3.8828496812339,282.746353081329,9.92367389698391
0,0.64,1.9,8,0.107006409140146,5.87219980500509,0.0578381170174328,3.87225026791472,281.974511339609,9.90929459907738
0,0.64,1.9,9,0.120368519595722,5.85826050461937,0.0578315392718377,3.86366053623733,281.349013186161,9.90012109972426
0,0.64,1.9,10,0.133727591136025,5.84653293866796,0.0578249630222048,3.85639990623611,280.82029927178,9.8944853990623
0,0.64,1.9,11,0.147083624797638,5.83657302835733,0.0578183882680237,3.85027328147815,280.374162812935,9.89174832290114
0,0.64,1.9,12,0.160436621616672,5.82717152233828,0.0578118150087845,3.84442624041234,279.948385439769,9.88984619937607
0,0.64,1.9,13,0.173786582628767,5.82088124615913,0.0578052432439773,3.84045589494077,279.659267705446,9.89292896697264
0,0.64,1.9,14,0.187133508869093,5.8155514867244,0.0577986729730926,3.83707790341428,279.413284764239,9.89756157198087
0,0.64,1.9,15,0.20047740137235,5.81025717822416,0.0577921041956209,3.83370584909897,279.167734166528,9.9022325328911
0,0.64,1.9,16,0.213818261172764,5.80599974839466,0.0577855369110532,3.83099762539519,278.970523241966,9.90860117187367
0,0.64,1.9,17,0.227156089304095,5.80284080023021,0.0577789711188806,3.82898008890467,278.823607669195,9.91675594955786
0,0.64,1.9,18,0.240513363629457,5.80165833920359,0.0577778063602315,3.82823300256787,278.769205373328,9.92818251176115
0,0.64,1.9,19,0.253875217164427,5.80165833920359,0.0577778063602315,3.82823300256787,278.769205373328,9.94154436529612
0,0.64,1.9,20,0.267237070699396,5.80165833920359,0.0577778063602315,3.82823300256787,278.769205373328,9.95490621883109
0,0.64,1.9,21,0.280598924234366,5.80165833920359,0.0577778063602315,3.82823300256787,278.769205373328,9.96826807236606
0,0.64,1.9,22,0.293960777769336,5.80165833920359,0.0577778063602315,3.82823300256787,278.769205373328,9.98162992590103
0,0.64,1.9,23,0.307322631304306,5.80165833920359,0.0577778063602315,3.82823300256787,278.769205373328,9.994991779436
0,0.64,1.9,24,0.320684484839276,5.80165833920359,0.0577778063602315,3.82823300256787,278.769205373328,10.008353632971
0,0.64,2,1,0.0133864591513969,6.47387020844533,0.058944575585006,4.26789234802295,310.784886311571,10.8140935912047
0,0.64,2,2,0.0267698710778561,6.26348482994929,0.0589378666644977,4.13445594542383,301.068142347586,10.4836485131155
0,0.64,2,3,0.0401502368197411,6.13612220359559,0.058931159271,4.05321794506795,295.152448921889,10.2884215447543
0,0.64,2,4,0.053527557416942,6.06311383277939,0.0589244534039914,4.00661364738213,291.758757100064,10.1821794909825
0,0.64,2,5,0.0669018339088756,6.01158275858149,0.058917749062951,3.97399701110482,289.383636836778,10.1113993526581
0,0.64,2,6,0.0802730673344857,5.97027886974687,0.0589110462473579,3.94789044941482,287.482575576278,10.0573534327435
0,0.64,2,7,0.0936412587322433,5.93754722890693,0.0589043449566916,3.92723821489718,285.978694542442,10.017331047493
0,0.64,2,8,0.107006409140147,5.90988363962532,0.0588976451904318,3.90979955254577,284.708823548901,9.98558724650167
0,0.64,2,9,0.120368519595723,5.88578893040898,0.0588909469480582,3.89452466188964,283.596516871769,9.95957305884241
0,0.64,2,10,0.133727591136026,5.86472849748025,0.0588842502290512,3.88108527156491,282.617870023729,9.93842561041024
0,0.64,2,11,0.147083624797639,5.84770680909048,0.058877555032891,3.87024776317834,281.828690368487,9.92391575209935
0,0.64,2,12,0.160436621616673,5.8340778022793,0.0588708613590582,3.8614539740678,281.188332897841,9.91483925932283
0,0.64,2,13,0.173786582628769,5.82252442005807,0.0588641692070338,3.85408833612218,280.65197237961,9.90926350801606
0,0.64,2,14,0.187133508869095,5.81197856399022,0.0588574785762987,3.84738361010319,280.163738997968,9.90535316153881
0,0.64,2,15,0.200477401372352,5.80188119592999,0.0588507894663344,3.84094736455416,279.695056173257,9.90215675132283
0,0.64,2,16,0.213818261172766,5.79237286268844,0.0588441018766223,3.83491420838209,279.255726030382,9.89994943411992
0,0.64,2,17,0.227156089304098,5.78446440562834,0.0588374158066442,3.83011886609699,278.906532614669,9.90057677683607
0,0.64,2,18,0.240490886799635,5.77751495198617,0.0588307312558823,3.82625394213173,278.62509159948,9.90309051217342
0,0.64,2,19,0.253822654692197,5.77143746893602,0.0588240482238187,3.82243191683333,278.34677443471,9.90651608868536
0,0.64,2,20,0.267151394014133,5.76536801467203,0.0588173667099359,3.81866191994643,278.072245941874,9.90999869534253
0,0.64,2,21,0.280477105797325,5.7604092654686,0.0588106867137167,3.81548899223371,277.841195601786,9.91518605021336
0,0.64,2,22,0.293799791073185,5.75595091105338,0.0588040082346441,3.81261864239585,277.632178767411,9.92117335275706
0,0.64,2,23,0.307119450872657,5.75202057947136,0.0587973312722012,3.81008790482672,277.447892256982,9.92802526644294
0,0.64,2,24,0.320436086226216,5.74810589943083,0.0587906558258715,3.80756052473171,277.26385023543,9.93489316621463
0,0.64,2.1,1,0.0133864591513969,6.65801906239682,0.0599977116364078,4.39887725858187,320.323114368201,11.1302804917665
0,0.64,2.1,2,0.0267698710778561,6.42398332125567,0.0599908828506535,4.24997406509338,309.48008968854,10.7607181402776
0,0.64,2.1,3,0.0401502368197412,6.27298535559004,0.0599840556191923,4.15352098888369,302.456445257087,10.5266406369127
0,0.64,2.1,4,0.0535275574169422,6.17438064547134,0.0599772299414932,4.09060217930009,297.874742278483,10.3784876121299
0,0.64,2.1,5,0.0669018339088759,6.10506179377297,0.0599704058170261,4.04641740045412,294.657238098297,10.278351433953
0,0.64,2.1,6,0.0802730673344861,6.0522295265532,0.0599635832452609,4.01279411781348,292.20881456256,10.2052602949464
0,0.64,2.1,7,0.0936412587322438,6.0065558048158,0.0599567622256675,3.98380314357349,290.097712430986,10.1439569693472
0,0.64,2.1,8,0.107006409140148,5.97005242098583,0.0599499427577165,3.96058249117976,288.406801033559,10.0975912640635
0,0.64,2.1,9,0.120368519595724,5.93892850144514,0.0599431248408783,3.94088453150486,286.972409615282,10.0601246773866
0,0.64,2.1,10,0.133727591136027,5.91159693771179,0.059936308474624,3.92351551739599,285.707610357243,10.0287763547184
0,0.64,2.1,11,0.14708362479764,5.88662376143387,0.0599294936584245,3.90751879542462,284.542740436957,10.0011556753145
0,0.64,2.1,12,0.160436621616674,5.86402152980347,0.0599226803917512,3.89297282282626,283.483513054531,9.97735365463816
0,0.64,2.1,13,0.17378658262877,5.84212496763174,0.0599158686740757,3.87895617737471,282.462830898584,9.95478359630929
0,0.64,2.1,14,0.187133508869097,5.82223539504863,0.0599090585048697,3.86631563363444,281.542355490844,9.93559359605703
0,0.64,2.1,15,0.200477401372353,5.80654796421004,0.0599022498836054,3.85639519992356,280.819956561446,9.92332281538956
0,0.64,2.1,16,0.213818261172768,5.79296606311771,0.059895442809755,3.84806788054186,280.213567084795,9.91474764764209
0,0.64,2.1,17,0.2271560893041,5.78075613534714,0.0598886372827911,3.84067676879683,279.675351582602,9.90847763073086
0,0.64,2.1,18,0.240490886799637,5.77039658841206,0.0598818333021864,3.8341360175891,279.199058730129,9.90490532610298
0,0.64,2.1,19,0.253822654692199,5.76077765102472,0.0598750308674139,3.82804788171927,278.755725004753,9.9025232183036
0,0.64,2.1,20,0.267151394014136,5.75123779201845,0.0598682299779469,3.82197904961761,278.31379696605,9.90023646562814
0,0.64,2.1,21,0.280477105797328,5.74204593497462,0.0598614306332589,3.81608895949682,277.884884791308,9.89847343090202
0,0.64,2.1,22,0.293799791073188,5.73434731981958,0.0598546328328236,3.81117480057299,277.527039232442,9.89917654429858
0,0.64,2.1,23,0.30711945087266,5.72768938558043,0.059847836576115,3.80696196115981,277.220263261703,9.90161863418901
0,0.64,2.1,24,0.32043608622622,5.72223430006767,0.0598410418626073,3.80351227879007,276.969059844263,9.90602370694657
0,0.64,2.2,1,0.0133864591513969,6.85235588731394,0.0610441224902722,4.53574817101604,330.289956896438,11.4625346399716
0,0.64,2.2,2,0.026769871077856,6.60035510913627,0.0610371746047166,4.37512440907673,318.593448755512,11.0632865638956
0,0.64,2.2,3,0.0401502368197409,6.42851821908643,0.0610302283005621,4.26518312150998,310.587602363158,10.7948818057167
0,0.64,2.2,4,0.0535275574169418,6.30917519398311,0.0610232835772689,4.18876969996225,305.023231335994,10.6124957349396
0,0.64,2.2,5,0.0669018339088753,6.22356432746238,0.0610163404342973,4.13401707283637,301.036183957805,10.4854995746419
0,0.64,2.2,6,0.0802730673344853,6.15756117529724,0.0610093988711079,4.09187639135095,297.967529494062,10.3907200328538
0,0.64,2.2,7,0.0936412587322428,6.1063708965606,0.0610024588871617,4.05917794745919,295.586452058458,10.3201925616392
0,0.64,2.2,8,0.107006409140146,6.06215727448267,0.0609955204819197,4.03081395298403,293.521006147577,10.2609731570888
0,0.64,2.2,9,0.120368519595722,6.01946002948628,0.0609885836548434,4.00368334621381,291.545374652431,10.2045004789507
0,0.64,2.2,10,0.133727591136025,5.98342526084234,0.0609816484053943,3.98061641190426,289.865656896599,10.158750912288
0,0.64,2.2,11,0.147083624797638,5.95255319986178,0.0609747147330344,3.96080889570456,288.423287650081,10.121420435097
0,0.64,2.2,12,0.160436621616672,5.92561550616517,0.0609677826372257,3.94354486535593,287.16613323482,10.090564775775
0,0.64,2.2,13,0.173786582628767,5.90063402100258,0.0609608521174306,3.92759990484637,286.00503254738,10.0629813605951
0,0.64,2.2,14,0.187133508869094,5.87703775890325,0.0609539231731117,3.91256912890762,284.910502130402,10.0376943198531
0,0.64,2.2,15,0.20047740137235,5.85624055938662,0.0609469958037318,3.89931107034867,283.945059732619,10.0169760269114
0,0.64,2.2,16,0.213818261172764,5.8355609064549,0.0609400700087541,3.8867094807917,283.027420940811,9.99702871842812
0,0.64,2.2,17,0.227156089304096,5.81599513474364,0.0609331457876419,3.87418907917177,282.115694196853,9.97827344900714
0,0.64,2.2,18,0.240490886799633,5.79763674604709,0.0609262231398587,3.86256712557317,281.269391799012,9.96162098155975
0,0.64,2.2,19,0.253822654692194,5.78231157158336,0.0609193020648683,3.85278948961381,280.55739130035,9.94984301795423
0,0.64,2.2,20,0.267151394014131,5.76787300088304,0.0609123825621349,3.84355282842336,279.884784199728,9.93948960588267
0,0.64,2.2,21,0.280477105797323,5.75638201995124,0.0609054646311227,3.83606896857316,279.339814846461,9.93383355895284
0,0.64,2.2,22,0.293799791073183,5.746709156477,0.0608985482712963,3.8297845791717,278.882190078448,9.93119207499318
0,0.64,2.2,23,0.307119450872654,5.73788920633081,0.0608916334821205,3.82408343410058,278.467036747883,9.92998372478617
0,0.64,2.2,24,0.320436086226213,5.73010626652581,0.0608847202630603,3.81905182850928,278.100638806196,9.93047890152437
0,0.64,2.3,1,0.0133864591513969,7.05437927436624,0.0620842618274656,4.67718169130758,340.589045284835,11.8070316866527
0,0.64,2.3,2,0.026769871077856,6.79144203952637,0.0620771955559168,4.50913610041198,328.352084836233,11.3894252065721
0,0.64,2.3,3,0.040150236819741,6.60607431967371,0.0620701308927148,4.39029661434479,319.698277955695,11.098591301731
0,0.64,2.3,4,0.0535275574169418,6.47246130931588,0.0620630678373105,4.30450313347599,313.450857677993,10.8925550680461
0,0.64,2.3,5,0.0669018339088753,6.37316880077383,0.062056006389155,4.24083003971407,308.814228261821,10.7429566807859
0,0.64,2.3,6,0.0802730673344853,6.29783214518208,0.0620489465477,4.19254723934088,305.298309067715,10.6327013984051
0,0.64,2.3,7,0.0936412587322429,6.23784733151961,0.0620418883123971,4.15413458496167,302.501126887219,10.5476650635259
0,0.64,2.3,8,0.107006409140146,6.18815735565664,0.0620348316826982,4.12226858302025,300.180667282572,10.4794671794997
0,0.64,2.3,9,0.120368519595722,6.14358807954883,0.0620277766580556,4.09379936597922,298.107559139258,10.4197837417818
0,0.64,2.3,10,0.133727591136025,6.10125726862791,0.0620207232379216,4.06668982156892,296.133461390185,10.3636954045708
0,0.64,2.3,11,0.147083624797638,6.06167724649212,0.062013671421749,4.04127944487452,294.283095826077,10.312053987586
0,0.64,2.3,12,0.160436621616672,6.02880839366191,0.0620066212089907,4.02018861259381,292.747276414978,10.2714402490814
0,0.64,2.3,13,0.173786582628768,5.99848166924109,0.0619995725990999,4.00082588119092,291.337296081121,10.2350937056599
0,0.64,2.3,14,0.187133508869094,5.97359003949568,0.0619925255915301,3.98498544470923,290.183806759075,10.2077015186655
0,0.64,2.3,15,0.20047740137235,5.95009974010759,0.0619854801857349,3.97002702619777,289.094545358506,10.1825896478634
0,0.64,2.3,16,0.213818261172765,5.92817998312298,0.0619784363811683,3.95664891243452,288.120360626105,10.1606255931114
0,0.64,2.3,17,0.227156089304096,5.90805037635283,0.0619713941772845,3.94389542289403,287.191660585498,10.1410732827282
0,0.64,2.3,18,0.240490886799633,5.88955674525449,0.0619643535735379,3.93214871312705,286.336273532177,10.1241606987547
0,0.64,2.3,19,0.253822654692195,5.87127144815643,0.0619573145693832,3.92047176962594,285.485966808733,10.1075231870439
0,0.64,2.3,20,0.267151394014131,5.85448350003456,0.0619502771642754,3.90970725022226,284.70210215933,10.0932924214352
0,0.64,2.3,21,0.280477105797323,5.84065612914644,0.0619432413576696,3.90089340421483,284.060284159714,10.0839698805163
0,0.64,2.3,22,0.293799791073183,5.828006953036,0.0619362071490211,3.89284166359177,283.47396213233,10.07658461485
0,0.64,2.3,23,0.307119450872654,5.81544235540949,0.0619291745377859,3.88482309331244,282.890055545793,10.0693140741324
0,0.64,2.3,24,0.320436086226213,5.80350107168294,0.0619221435234196,3.87720372987338,282.335218917527,10.0630630313059
0,0.64,2.4,1,0.0133864591513969,7.24733927851995,0.0631185345041097,4.81257620734146,350.448377676921,12.1364204795169
0,0.64,2.4,2,0.0267698710778561,6.97216491126232,0.0631113505142959,4.63629170891796,337.611465840001,11.6983378417724
0,0.64,2.4,3,0.0401502368197411,6.77196549332938,0.0631041681596225,4.50770271786047,328.247706937967,11.3829226161692
0,0.64,2.4,4,0.0535275574169421,6.62185596976857,0.0630969874395315,4.411084967553,321.212071055798,11.149565482178
0,0.64,2.4,5,0.0669018339088757,6.5068030611937,0.0630898083534649,4.33715606428156,315.828620883021,10.9739507677376
0,0.64,2.4,6,0.0802730673344857,6.42124525207581,0.0630826309008649,4.28224441303771,311.829993481628,10.8468453633489
0,0.64,2.4,7,0.0936412587322433,6.35374175522214,0.0630754550811742,4.23886821927622,308.67136989239,10.7493266883118
0,0.64,2.4,8,0.107006409140147,6.29603648727252,0.0630682808938356,4.20178462103287,305.970968634748,10.6678957983394
0,0.64,2.4,9,0.120368519595723,6.2454370138282,0.0630611083382921,4.16933114311173,303.607729446953,10.5981977848739
0,0.64,2.4,10,0.133727591136026,6.20042812857625,0.063053937413987,4.14044764574196,301.504453704653,10.5376573028682
0,0.64,2.4,11,0.147083624797639,6.15915056249331,0.0630467681203641,4.11404816233452,299.582062092956,10.4833291177458
0,0.64,2.4,12,0.160436621616673,6.11967094825645,0.063039600456867,4.08879360614736,297.743043267397,10.4319407764774
0,0.64,2.4,13,0.173786582628769,6.0839694651344,0.0630324344229399,4.06597437724084,296.081363242896,10.3867628594269
0,0.64,2.4,14,0.187133508869095,6.05014188908064,0.063025270018027,4.04425669426766,294.499897010061,10.3445573622354
0,0.64,2.4,15,0.200477401372352,6.01947652137581,0.0630181072415731,4.02481787423818,293.084375956515,10.3077899042279
0,0.64,2.4,16,0.213818261172766,5.99193423129386,0.0630109460930229,4.00762060375566,291.832082947238,10.2763840423153
0,0.64,2.4,17,0.227156089304098,5.96861804706274,0.0630037865718216,3.99277513050304,290.751046140113,10.2515530534417
0,0.64,2.4,18,0.240490886799635,5.94842390047644,0.0629966286774144,3.97992630296025,289.815403653964,10.2318377189137
0,0.64,2.4,19,0.253822654692197,5.93025302252353,0.062989472409247,3.96834885459701,288.972342095719,10.215414004222
0,0.64,2.4,20,0.267151394014133,5.91415688746882,0.0629823177667653,3.95808725122598,288.22509943424,10.2023778504757
0,0.64,2.4,21,0.280477105797325,5.89836435626257,0.0629751647494153,3.94802000461404,287.492009693771,10.1898366314233
0,0.64,2.4,22,0.293799791073185,5.88413953185485,0.0629680133566434,3.93895109018683,286.83161779318,10.1798584264715
0,0.64,2.4,23,0.307119450872657,5.87083244219452,0.0629608635878962,3.93041461043712,286.209997407243,10.1713273670922
0,0.64,2.4,24,0.320436086226216,5.85910691312975,0.0629537154426205,3.9229183591557,285.664125718765,10.1654150739543
0,0.64,2.5,1,0.0133864591513969,7.45290319536468,0.0641473036057485,4.95570900598609,360.871206306804,12.4861459641079
0,0.64,2.5,2,0.0267698710778561,7.16726707037288,0.0641400025240726,4.77236314021093,347.520090719967,12.0305400841857
0,0.64,2.5,3,0.0401502368197411,6.9570872280521,0.0641327031041881,4.63706830398466,337.668016940599,11.6984384719607
0,0.64,2.5,4,0.0535275574169422,6.79361555258522,0.0641254053455282,4.53166700511638,329.992769297334,11.4429355204641
0,0.64,2.5,5,0.0669018339088758,6.6649867363963,0.0641181092475255,4.44887746266438,323.964093679344,11.2448841422171
0,0.64,2.5,6,0.080273067334486,6.56690213723426,0.0641108148096134,4.38580988303553,319.37155737182,11.0970959024139
0,0.64,2.5,7,0.0936412587322436,6.49264747875818,0.0641035220312253,4.337981518554,315.888729876242,10.9883737780756
0,0.64,2.5,8,0.107006409140147,6.42762358973626,0.064096230911795,4.29623018592264,312.848427519225,10.8949564157108
0,0.64,2.5,9,0.120368519595724,6.37117893757767,0.0640889414507565,4.25998281430124,310.208919689635,10.8156192129254
0,0.64,2.5,10,0.133727591136027,6.32330172597169,0.064081653647544,4.22925377345599,307.971252783632,10.7503647442113
0,0.64,2.5,11,0.14708362479764,6.28070612160162,0.064074367501592,4.20194879103908,305.982923377875,10.6938129049399
0,0.64,2.5,12,0.160436621616674,6.24097442786545,0.0640670830123353,4.17643015089863,304.124674146601,10.6419082833931
0,0.64,2.5,13,0.17378658262877,6.20350701907089,0.064059800179209,4.15234716496461,302.370968233888,10.5937005668435
0,0.64,2.5,14,0.187133508869096,6.16746753287246,0.0640525190016483,4.12914581528153,300.681462446126,10.5477993760247
0,0.64,2.5,15,0.200477401372352,6.13396468922293,0.0640452394790887,4.10806923582823,299.146680915785,10.5065565659026
0,0.64,2.5,16,0.213818261172767,6.103435302383,0.0640379616109661,4.08873760379085,297.738965215613,10.4700291289576
0,0.64,2.5,17,0.227156089304099,6.07530034213394,0.0640306853967165,4.07072474922168,296.427281953026,10.4372118660564
0,0.64,2.5,18,0.240490886799636,6.05049696003447,0.0640234108357761,4.05486881236016,295.272663904341,10.40988007003
0,0.64,2.5,19,0.253822654692198,6.02850082966117,0.0640161379275817,4.04075145296909,294.244647830926,10.38709107525
0,0.64,2.5,20,0.267151394014134,6.00873661649047,0.0640088666715699,4.02808902493269,293.322578824301,10.3679859021089
0,0.64,2.5,21,0.280477105797327,5.99122353110231,0.0640015970671779,4.01686886048332,292.505534426635,10.3525710944501
0,0.64,2.5,22,0.293799791073187,5.97639788772475,0.063994329113843,4.00727808898302,291.807141265023,10.3414700968948
0,0.64,2.5,23,0.307119450872659,5.96303001038561,0.0639870628110028,3.9986656270833,291.179987912945,10.3328021511526
0,0.64,2.5,24,0.320436086226218,5.95118009819825,0.0639797981580951,3.99106799724856,290.626733910294,10.3266639798311
0,0.65,1.6,1,0.0133866685503578,5.9698954427597,0.054926694456764,3.82571575815607,278.585901425021,9.86392456392289
0,0.65,1.6,2,0.0267733371007157,5.95353349460646,0.054926694456764,3.81577201070507,277.861804805644,9.85100553686901
0,0.65,1.6,3,0.0401600056510736,5.95101417923229,0.054926694456764,3.81423345771058,277.749768470496,9.86033433705071
0,0.65,1.6,4,0.0535466742014315,5.95101417923229,0.054926694456764,3.81423345771058,277.749768470496,9.87372100560107
0,0.65,1.6,5,0.0669333427517893,5.95101417923229,0.054926694456764,3.81423345771058,277.749768470496,9.88710767415142
0,0.65,1.6,6,0.0803200113021472,5.95101417923229,0.054926694456764,3.81423345771058,277.749768470496,9.90049434270178
0,0.65,1.6,7,0.093706679852505,5.95101417923229,0.054926694456764,3.81423345771058,277.749768470496,9.91388101125214
0,0.65,1.6,8,0.107093348402863,5.95101417923229,0.054926694456764,3.81423345771058,277.749768470496,9.9272676798025
0,0.65,1.6,9,0.120480016953221,5.95101417923229,0.054926694456764,3.81423345771058,277.749768470496,9.94065434835286
0,0.65,1.6,10,0.133866685503579,5.95101417923229,0.054926694456764,3.81423345771058,277.749768470496,9.95404101690321
0,0.65,1.6,11,0.147253354053936,5.95101417923229,0.054926694456764,3.81423345771058,277.749768470496,9.96742768545357
0,0.65,1.6,12,0.160640022604294,5.95101417923229,0.054926694456764,3.81423345771058,277.749768470496,9.98081435400393
0,0.65,1.6,13,0.174026691154652,5.95101417923229,0.054926694456764,3.81423345771058,277.749768470496,9.99420102255429
0,0.65,1.6,14,0.18741335970501,5.95101417923229,0.054926694456764,3.81423345771058,277.749768470496,10.0075876911046
0,0.65,1.6,15,0.200800028255368,5.95101417923229,0.054926694456764,3.81423345771058,277.749768470496,10.020974359655
0,0.65,1.6,16,0.214186696805726,5.95101417923229,0.054926694456764,3.81423345771058,277.749768470496,10.0343610282054
0,0.65,1.6,17,0.227573365356084,5.95101417923229,0.054926694456764,3.81423345771058,277.749768470496,10.0477476967557
0,0.65,1.6,18,0.240960033906442,5.95101417923229,0.054926694456764,3.81423345771058,277.749768470496,10.0611343653061
0,0.65,1.6,19,0.254346702456799,5.95101417923229,0.054926694456764,3.81423345771058,277.749768470496,10.0745210338564
0,0.65,1.6,20,0.267733371007157,5.95101417923229,0.054926694456764,3.81423345771058,277.749768470496,10.0879077024068
0,0.65,1.6,21,0.281120039557515,5.95101417923229,0.054926694456764,3.81423345771058,277.749768470496,10.1012943709572
0,0.65,1.6,22,0.294506708107873,5.95101417923229,0.054926694456764,3.81423345771058,277.749768470496,10.1146810395075
0,0.65,1.6,23,0.307893376658231,5.95101417923229,0.054926694456764,3.81423345771058,277.749768470496,10.1280677080579
0,0.65,1.6,24,0.321280045208589,5.95101417923229,0.054926694456764,3.81423345771058,277.749768470496,10.1414543766082
0,0.65,1.7,1,0.0133864591513968,6.04176707014715,0.0560262067363756,3.89014963858213,283.277930785158,10.0013293746171
0,0.65,1.7,2,0.0267698710778559,5.95990070184722,0.0560198299771293,3.83934030560304,279.578031283056,9.88203070850525
0,0.65,1.7,3,0.0401534559567907,5.93399263667899,0.0560179456761067,3.82343468123163,278.419795025229,9.85359871954352
0,0.65,1.7,4,0.0535349438547453,5.91488267354681,0.0560148094074834,3.81175722986207,277.569451319165,9.83618965667111
0,0.65,1.7,5,0.0669110648550581,5.90062707560749,0.0560084352422553,3.80296482390311,276.929194568635,9.82651139960791
0,0.65,1.7,6,0.0802841419494793,5.89391719526092,0.0560020625275493,3.79879216249912,276.625344331958,9.82899556223706
0,0.65,1.7,7,0.0936611597936493,5.8905998073042,0.0559998667568291,3.7967583126094,276.477240829057,9.83701914646408
0,0.65,1.7,8,0.107041325478456,5.88815894211911,0.0559998667568291,3.79528159727303,276.369707468206,9.84648173162743
0,0.65,1.7,9,0.120421491163263,5.88740532552267,0.0559998667568291,3.79482547990992,276.336493326124,9.85865216335268
0,0.65,1.7,10,0.13380165684807,5.88740532552267,0.0559998667568291,3.79482547990992,276.336493326124,9.87203232903749
0,0.65,1.7,11,0.147181822532877,5.88740532552267,0.0559998667568291,3.79482547990992,276.336493326124,9.8854124947223
0,0.65,1.7,12,0.160561988217685,5.88740532552267,0.0559998667568291,3.79482547990992,276.336493326124,9.8987926604071
0,0.65,1.7,13,0.173942153902492,5.88740532552267,0.0559998667568291,3.79482547990992,276.336493326124,9.91217282609191
0,0.65,1.7,14,0.187322319587299,5.88740532552267,0.0559998667568291,3.79482547990992,276.336493326124,9.92555299177672
0,0.65,1.7,15,0.200702485272106,5.88740532552267,0.0559998667568291,3.79482547990992,276.336493326124,9.93893315746153
0,0.65,1.7,16,0.214082650956913,5.88740532552267,0.0559998667568291,3.79482547990992,276.336493326124,9.95231332314633
0,0.65,1.7,17,0.22746281664172,5.88740532552267,0.0559998667568291,3.79482547990992,276.336493326124,9.96569348883114
0,0.65,1.7,18,0.240842982326527,5.88740532552267,0.0559998667568291,3.79482547990992,276.336493326124,9.97907365451595
0,0.65,1.7,19,0.254223148011334,5.88740532552267,0.0559998667568291,3.79482547990992,276.336493326124,9.99245382020075
0,0.65,1.7,20,0.267603313696141,5.88740532552267,0.0559998667568291,3.79482547990992,276.336493326124,10.0058339858856
0,0.65,1.7,21,0.280983479380948,5.88740532552267,0.0559998667568291,3.79482547990992,276.336493326124,10.0192141515704
0,0.65,1.7,22,0.294363645065755,5.88740532552267,0.0559998667568291,3.79482547990992,276.336493326124,10.0325943172552
0,0.65,1.7,23,0.307743810750562,5.88740532552267,0.0559998667568291,3.79482547990992,276.336493326124,10.04597448294
0,0.65,1.7,24,0.321123976435369,5.88740532552267,0.0559998667568291,3.79482547990992,276.336493326124,10.0593546486248
0,0.65,1.8,1,0.0133864591513969,6.20274229636939,0.0571172694886058,4.00696621368394,291.784430727487,10.2802122386933
0,0.65,1.8,2,0.0267698710778561,6.05314654691717,0.0571107685473937,3.91396484490992,285.012137177336,10.0509920314523
0,0.65,1.8,3,0.040150236819741,5.98398804983058,0.0571042690858542,3.87080527938474,281.869288302243,9.95204783512091
0,0.65,1.8,4,0.053527557416942,5.94785568039887,0.0570977711034821,3.84832275820809,280.232127095232,9.90680376712739
0,0.65,1.8,5,0.0669018339088756,5.9217085444026,0.0570912745997725,3.83226371153181,279.062718734247,9.87796536444306
0,0.65,1.8,6,0.0802730673344857,5.90143144598784,0.0570847795742208,3.82008973757083,278.176218606104,9.85887903046737
0,0.65,1.8,7,0.0936412587322433,5.88539672504665,0.0570782860263225,3.81036534729958,277.468095420593,9.84648161710479
0,0.65,1.8,8,0.107006409140147,5.87214553679602,0.0570717939555733,3.80225959820249,276.877840534531,9.83848333809424
0,0.65,1.8,9,0.120368519595723,5.86282408447225,0.0570653033614694,3.79659716946357,276.46550649975,9.83685507689302
0,0.65,1.8,10,0.133727591136026,5.85484242968745,0.057058814243507,3.79167413270754,276.107014463455,9.83730296777452
0,0.65,1.8,11,0.147083624797639,5.84864611663319,0.0570523266011826,3.7878191284465,275.826295794074,9.8406011964785
0,0.65,1.8,12,0.160436621616673,5.84382716683839,0.0570458404339928,3.78483900667057,275.609285445217,9.84614863555963
0,0.65,1.8,13,0.173792103492597,5.84080219285572,0.0570411677715186,3.78295396627854,275.472018144133,9.85458943039837
0,0.65,1.8,14,0.187160726838182,5.83893697421149,0.0570411677715186,3.78179919237043,275.387928329189,9.86493806119162
0,0.65,1.8,15,0.200529350183766,5.83876179216719,0.0570411677715186,3.78168965901005,275.379952187765,9.87802196913252
0,0.65,1.8,16,0.213897973529351,5.83876179216719,0.0570411677715186,3.78168965901005,275.379952187765,9.89139059247811
0,0.65,1.8,17,0.227266596874935,5.83876179216719,0.0570411677715186,3.78168965901005,275.379952187765,9.90475921582369
0,0.65,1.8,18,0.240635220220519,5.83876179216719,0.0570411677715186,3.78168965901005,275.379952187765,9.91812783916928
0,0.65,1.8,19,0.254003843566104,5.83876179216719,0.0570411677715186,3.78168965901005,275.379952187765,9.93149646251486
0,0.65,1.8,20,0.267372466911688,5.83876179216719,0.0570411677715186,3.78168965901005,275.379952187765,9.94486508586045
0,0.65,1.8,21,0.280741090257273,5.83876179216719,0.0570411677715186,3.78168965901005,275.379952187765,9.95823370920603
0,0.65,1.8,22,0.294109713602857,5.83876179216719,0.0570411677715186,3.78168965901005,275.379952187765,9.97160233255162
0,0.65,1.8,23,0.307478336948442,5.83876179216719,0.0570411677715186,3.78168965901005,275.379952187765,9.9849709558972
0,0.65,1.8,24,0.320846960294026,5.83876179216719,0.0570411677715186,3.78168965901005,275.379952187765,9.99833957924278
0,0.65,1.9,1,0.0133864591513969,6.37613248934622,0.0581997893811691,4.13085073022029,300.805613139772,10.5785694680991
0,0.65,1.9,2,0.0267698710778561,6.18873415079121,0.0581931652303175,4.01397914251341,292.295107218656,10.2876763296128
0,0.65,1.9,3,0.0401502368197411,6.08902132440159,0.0581865425871822,3.95135819536898,287.735094371092,10.1387162991775
0,0.65,1.9,4,0.053527557416942,6.03169708859188,0.0581799214512482,3.91552519007447,285.125760402813,10.0589297575345
0,0.65,1.9,5,0.0669018339088756,5.99170306356735,0.0581733018220013,3.89070131851761,283.318103725815,10.0074795178158
0,0.65,1.9,6,0.0802730673344857,5.96336928810559,0.0581666836989271,3.8732248397966,282.045478971127,9.9750338789356
0,0.65,1.9,7,0.0936412587322433,5.93871594859852,0.0581600670815117,3.85795824145284,280.933776134286,9.94847551586512
0,0.65,1.9,8,0.107006409140147,5.91919622450463,0.0581534519692412,3.84599497465495,280.062619551947,9.93035106026897
0,0.65,1.9,9,0.120368519595723,5.9037798668835,0.0581468383616023,3.83655734426654,279.375378017218,9.91885256910737
0,0.65,1.9,10,0.133727591136026,5.89041225846626,0.0581402262580815,3.82834723380579,278.777523610854,9.91062730966615
0,0.65,1.9,11,0.147083624797639,5.87922616367999,0.0581336156581659,3.82151167448542,278.279763041228,9.90595507862122
0,0.65,1.9,12,0.160436621616673,5.86945017650127,0.0581270065613425,3.81549531500519,277.841656021509,9.90350911968448
0,0.65,1.9,13,0.173786582628769,5.86029752190492,0.0581203989670989,3.80980240865964,277.427102629082,9.90200691216043
0,0.65,1.9,14,0.187133508869095,5.85348387881987,0.0581137928749226,3.80555870619953,277.118079233209,9.90428988676342
0,0.65,1.9,15,0.200477401372352,5.84819167380175,0.0581071882843015,3.80224179904539,276.876544412566,9.9090180625038
0,0.65,1.9,16,0.213818261172766,5.84291610515363,0.0581005851947237,3.79893066885758,276.635430266504,9.91376562037871
0,0.65,1.9,17,0.227156089304098,5.83796085564721,0.0580939836056776,3.79583544791866,276.410038478433,9.91904637647564
0,0.65,1.9,18,0.240490886799635,5.83428182910122,0.0580873835166517,3.79353741946509,276.242697680343,9.9263975188826
0,0.65,1.9,19,0.253826215282843,5.83155955191919,0.0580815996767081,3.79182291552805,276.117848722659,9.93529028240679
0,0.65,1.9,20,0.267185489771414,5.8309743470303,0.0580815996767081,3.79145843702107,276.091307656925,9.94769987349949
0,0.65,1.9,21,0.280544764259985,5.8309743470303,0.0580815996767081,3.79145843702107,276.091307656925,9.96105914798806
0,0.65,1.9,22,0.293904038748556,5.8309743470303,0.0580815996767081,3.79145843702107,276.091307656925,9.97441842247663
0,0.65,1.9,23,0.307263313237126,5.8309743470303,0.0580815996767081,3.79145843702107,276.091307656925,9.9877776969652
0,0.65,1.9,24,0.320622587725697,5.8309743470303,0.0580815996767081,3.79145843702107,276.091307656925,10.0011369714538
0,0.65,2,1,0.0133864591513969,6.56771417904385,0.0592744326771388,4.26524812528958,310.59233589217,10.905623196162
0,0.65,2,2,0.0267698710778562,6.34950171009165,0.0592676862131419,4.12886843537495,300.661263838546,10.5644077027576
0,0.65,2,3,0.0401502368197413,6.21272453470585,0.0592609412847007,4.04289085304978,294.400437423688,10.3550265658601
0,0.65,2,4,0.0535275574169423,6.13349062995902,0.059254197891291,3.99306657005311,290.772268560936,10.2393389553204
0,0.65,2,5,0.066901833908876,6.07775788381431,0.0592474560323888,3.9582757409553,288.238825122313,10.1621829147109
0,0.65,2,6,0.0802730673344862,6.03353532240991,0.0592407157074705,3.93069720563535,286.230575788653,10.1037463110872
0,0.65,2,7,0.0936412587322439,5.99773377832224,0.0592339769160125,3.90842950171641,284.609057421613,10.0590385156869
0,0.65,2,8,0.107006409140148,5.9680892700023,0.0592272396574916,3.88999308168834,283.266530423464,10.0243160004883
0,0.65,2,9,0.120368519595724,5.94225561616662,0.0592205039313848,3.87378523667741,282.086286673545,9.99562987637114
0,0.65,2,10,0.133727591136027,5.91936916542491,0.0592137697371692,3.8593880888039,281.037896601769,9.971698615102
0,0.65,2,11,0.14708362479764,5.8992691946277,0.0592070370743225,3.84678750290123,280.120330895353,9.95234735940089
0,0.65,2,12,0.160436621616675,5.88325875097221,0.0592003059423223,3.83660686808618,279.378984306552,9.93950254661739
0,0.65,2,13,0.17378658262877,5.86999128407175,0.0591935763406464,3.82822743291894,278.768799795453,9.93119887596011
0,0.65,2,14,0.187133508869097,5.85859463772522,0.0591868482687732,3.82109192697256,278.249197325781,9.92600692183565
0,0.65,2,15,0.200477401372353,5.84817816539421,0.059180121726181,3.81455869549227,277.773452054515,9.92239438398501
0,0.65,2,16,0.213818261172768,5.83806904702207,0.0591733967123485,3.8082317160154,277.312725907491,9.91929242092259
0,0.65,2,17,0.2271560893041,5.82763460736965,0.0591666732267546,3.80204958743887,276.862547700042,9.91600695733938
0,0.65,2,18,0.240490886799637,5.81891580898705,0.0591599512688784,3.79699688598951,276.49461357297,9.91556353304508
0,0.65,2,19,0.253822654692199,5.8127402597492,0.0591532308381992,3.79317984044211,276.216659030128,9.91889598572171
0,0.65,2,20,0.267151394014136,5.80660295084294,0.0591465119341966,3.78942357223286,275.943130249837,9.92232442902413
0,0.65,2,21,0.280477105797328,5.80056942714735,0.0591397945563506,3.78567473609539,275.670142667729,9.92586106359642
0,0.65,2,22,0.293799791073188,5.79513216729398,0.0591330787041412,3.78224987103722,275.420746429272,9.93031490810853
0,0.65,2,23,0.307119450872661,5.79030042491561,0.0591263643770486,3.77913713974649,275.194079549833,9.9356833799118
0,0.65,2,24,0.32043608622622,5.78638391532368,0.0591196515745535,3.7766467043834,275.012727817392,9.94258635750785
0,0.65,2.1,1,0.0133864591513969,6.75665540209605,0.0603417832909647,4.39731137008969,320.209087481547,11.2276950146281
0,0.65,2.1,2,0.026769871077856,6.51485672337978,0.0603349153438566,4.24573242002309,309.171216110331,10.8476939298246
0,0.65,2.1,3,0.0401502368197409,6.35708878844697,0.0603280489599549,4.14641892743228,301.939278191761,10.6039860016589
0,0.65,2.1,4,0.0535275574169418,6.25187464616214,0.0603211841387259,4.08026197813465,297.121776181499,10.4459853658525
0,0.65,2.1,5,0.0669018339088753,6.17886631836491,0.0603143208796362,4.03438367440873,293.780950723651,10.3404661475621
0,0.65,2.1,6,0.0802730673344853,6.12241057493065,0.0603074591821527,3.99896054653189,291.201463737504,10.2619516479792
0,0.65,2.1,7,0.0936412587322427,6.07507891818042,0.0603005990457425,3.9693249508215,289.043420728782,10.1983457267799
0,0.65,2.1,8,0.107006409140146,6.03525752803911,0.0602937404698728,3.94435102842679,287.224837456458,10.1469087060759
0,0.65,2.1,9,0.120368519595722,6.00200929595849,0.0602868834540113,3.92357980304237,285.712291592306,10.1062445020506
0,0.65,2.1,10,0.133727591136025,5.97315391876552,0.0602800279976258,3.90550649958959,284.396206484993,10.0726680374888
0,0.65,2.1,11,0.147083624797638,5.94664283045303,0.0602731741001843,3.88878500511132,283.178559146067,10.0427846344622
0,0.65,2.1,12,0.160436621616672,5.92272124151996,0.0602663217611551,3.87363286763337,282.075191268093,10.0170570525312
0,0.65,2.1,13,0.173786582628767,5.90011235406904,0.0602594709800068,3.85937015322567,281.036590545714,9.99352856090348
0,0.65,2.1,14,0.187133508869094,5.87844777021881,0.0602526217562082,3.84579966136689,280.048396977177,9.971633562211
0,0.65,2.1,15,0.20047740137235,5.85969322339378,0.0602457740892283,3.83407784093315,279.194822347407,9.95449423978851
0,0.65,2.1,16,0.213818261172764,5.84439120890867,0.0602389279785363,3.82488597997332,278.525477567726,9.94333437803329
0,0.65,2.1,17,0.227156089304096,5.83089657743658,0.0602320834236018,3.81668567571282,277.928337241892,9.9349704258771
0,0.65,2.1,18,0.240490886799632,5.81919087608301,0.0602252404238945,3.80936561043245,277.395295292742,9.92927261373899
0,0.65,2.1,19,0.253822654692194,5.8088264426634,0.0602183989788844,3.80291587624521,276.925630234988,9.92578337257969
0,0.65,2.1,20,0.26715139401413,5.79922305147456,0.0602115590880417,3.79692640675119,276.489481324946,9.92351241132792
0,0.65,2.1,21,0.280477105797322,5.78971749650135,0.0602047207508369,3.79095577403128,276.054704095403,9.92135509708079
0,0.65,2.1,22,0.293799791073182,5.78065822032387,0.0601978839667407,3.78525687323341,275.63971419122,9.9199127685972
0,0.65,2.1,23,0.307119450872654,5.77383006923447,0.0601910487352241,3.78095479913046,275.326440213818,9.9220953679728
0,0.65,2.1,24,0.320436086226213,5.76726633667331,0.0601842150557583,3.77680846834906,275.024507354357,9.92469510630434
0,0.65,2.2,1,0.0133864591513969,6.95449614992987,0.0614023563702971,4.53440646134158,330.1922545519,11.5636914267931
0,0.65,2.2,2,0.0267698710778561,6.69640062468571,0.0613953677114795,4.37229220200388,318.387209450167,11.1568580654789
0,0.65,2.2,3,0.0401502368197411,6.51874427745812,0.0613883806433434,4.26028958995686,310.23125887476,10.8805724848781
0,0.65,2.2,4,0.053527557416942,6.39328627965443,0.0613813951653457,4.18111160438609,304.465574261044,10.6893068366228
0,0.65,2.2,5,0.0669018339088756,6.30282613622276,0.0613744112769437,4.12409978013069,300.314013754173,10.5552021615393
0,0.65,2.2,6,0.0802730673344857,6.2336101034163,0.0613674289775948,4.08052787991904,297.141138960382,10.4557784796474
0,0.65,2.2,7,0.0936412587322433,6.17940830104984,0.0613604482667567,4.04640232645211,294.656140420189,10.3808123345009
0,0.65,2.2,8,0.107006409140147,6.13411046708999,0.0613534691438874,4.01776140804228,292.570529105278,10.3202317534163
0,0.65,2.2,9,0.120368519595723,6.09053418974686,0.0613464916084451,3.99046458325058,290.582793731989,10.2627137842016
0,0.65,2.2,10,0.133727591136026,6.05106669656765,0.0613395156598883,3.96559916674871,288.772111781633,10.2117329701123
0,0.65,2.2,11,0.147083624797639,6.01757653197715,0.0613325412976757,3.94442280848109,287.230064428976,10.1704155065536
0,0.65,2.2,12,0.160436621616673,5.98928240483678,0.0613255685212662,3.9265586203165,285.929206948269,10.1376032152912
0,0.65,2.2,13,0.173786582628769,5.96356856035263,0.0613185973301191,3.91040038540136,284.752575770253,10.1090741257129
0,0.65,2.2,14,0.187133508869095,5.94015430506793,0.0613116277236938,3.89568468081664,283.68098862526,10.0842841224774
0,0.65,2.2,15,0.200477401372351,5.91822518623229,0.0613046597014499,3.88192282335452,282.678859949548,10.0619300706606
0,0.65,2.2,16,0.213818261172766,5.89701799179235,0.0612976932628475,3.86916175233818,281.749607831261,10.0412956985662
0,0.65,2.2,17,0.227156089304098,5.87726103683518,0.0612907284073466,3.85675396935312,280.846081896222,10.0224618238997
0,0.65,2.2,18,0.240490886799635,5.85752414590937,0.0612837651344078,3.84444526048619,279.949770468024,10.0037440583296
0,0.65,2.2,19,0.253822654692197,5.84078391281896,0.0612768034434917,3.83394050966317,279.18482198197,9.98982388061782
0,0.65,2.2,20,0.267151394014133,5.82572427616377,0.0612698433340592,3.82441906076194,278.491476842732,9.97856457427389
0,0.65,2.2,21,0.280477105797325,5.81157958005377,0.0612628848055715,3.8155216537267,277.843573988483,9.96884122438338
0,0.65,2.2,22,0.293799791073185,5.80064574592156,0.06125592785749,3.8085601968902,277.336645651244,9.96426166174244
0,0.65,2.2,23,0.307119450872657,5.79116669835857,0.0612489724892764,3.80251300257857,276.896293261027,9.96204812429907
0,0.65,2.2,24,0.320436086226216,5.7822557012207,0.0612420187003925,3.79680714602911,276.480796843959,9.96074095217643
0,0.65,2.3,1,0.0133864591513969,7.15860660175152,0.0624566091266447,4.67511814125716,340.438779037348,11.9095678112867
0,0.65,2.3,2,0.0267698710778561,6.88769388400069,0.0624495004754809,4.50449076713319,328.013814969704,11.4814040226872
0,0.65,2.3,3,0.0401502368197412,6.69413458164629,0.0624423934423096,4.38222292352688,319.110357530729,11.1789501354352
0,0.65,2.3,4,0.0535275574169422,6.55253574122178,0.0624352880265788,4.29262852650928,312.586157241523,10.9611271131746
0,0.65,2.3,5,0.0669018339088759,6.44514223189509,0.0624281842277364,4.22475893301575,307.643941698605,10.7992311830475
0,0.65,2.3,6,0.080273067334486,6.36393058461706,0.0624210820452304,4.17346734887718,303.908925009951,10.680092082874
0,0.65,2.3,7,0.0936412587322437,6.30007225388963,0.0624139814785093,4.13315165232722,300.973164651644,10.5892791464276
0,0.65,2.3,8,0.107006409140147,6.24584326235404,0.0624068825270217,4.09889550565827,298.478656407331,10.5141520596795
0,0.65,2.3,9,0.120368519595724,6.19879083375279,0.0623997851902167,4.06925350983128,296.320147346669,10.45081264837
0,0.65,2.3,10,0.133727591136027,6.15610036870567,0.0623926894675432,4.04229108964942,294.356763079306,10.3945117389587
0,0.65,2.3,11,0.14708362479764,6.11587254494913,0.0623855953584508,4.01685667126087,292.504646816123,10.3421984363661
0,0.65,2.3,12,0.160436621616674,6.07894744765923,0.0623785028623892,3.99354156354397,290.80685724922,10.2953041356823
0,0.65,2.3,13,0.17378658262877,6.0457043216933,0.0623714119788082,3.97271523735892,289.290298983943,10.2545775536598
0,0.65,2.3,14,0.187133508869096,6.01591301951741,0.062364322707158,3.95404844906047,287.930996732136,10.2194593001541
0,0.65,2.3,15,0.200477401372353,5.9896182669878,0.0623572350468889,3.9375428903915,286.729073685314,10.1899957937985
0,0.65,2.3,16,0.213818261172768,5.96600390944444,0.0623501489974518,3.92329647624894,285.691659936653,10.1654687958636
0,0.65,2.3,17,0.227156089304099,5.94539349610812,0.0623430645582974,3.91043507997005,284.755102204077,10.1453277299406
0,0.65,2.3,18,0.240490886799636,5.9261425086323,0.062335981728877,3.89839111597187,283.878069308988,10.1273604931327
0,0.65,2.3,19,0.253822654692198,5.90804452452493,0.0623289005086421,3.88699547797088,283.048247052055,10.1111915576966
0,0.65,2.3,20,0.267151394014135,5.89174782307408,0.0623218208970441,3.87672283461323,282.3002004666,10.0979438725985
0,0.65,2.3,21,0.280477105797327,5.87595634850559,0.062314742893535,3.8668297120285,281.57979031399,10.085577909225
0,0.65,2.3,22,0.293799791073188,5.8620482822475,0.0623076664975671,3.8581057138674,280.944514970662,10.0762614536857
0,0.65,2.3,23,0.30711945087266,5.84966791251173,0.0623005917085927,3.85031829105335,280.3774403782,10.0694062461463
0,0.65,2.3,24,0.320436086226219,5.83810480963753,0.0622935185260645,3.84303303165315,279.846932968497,10.063867446043
0,0.65,2.4,1,0.0133864591513969,7.35710931202744,0.0635049495668083,4.81202803295299,350.408460007706,12.2460287536986
0,0.65,2.4,2,0.0267698710778561,7.07592685632896,0.0634977215962227,4.63451740851006,337.482262545825,11.8007118575131
0,0.65,2.4,3,0.0401502368197412,6.8707181312957,0.0634904952707877,4.50464173945953,328.024808667166,11.4790006028458
0,0.65,2.4,4,0.0535275574169422,6.71532736868228,0.0634832705899422,4.40609178164619,320.848470808218,11.2384299783353
0,0.65,2.4,5,0.0669018339088759,6.59598270895849,0.0634760475531246,4.33051572788297,315.345076307756,11.0568763183035
0,0.65,2.4,6,0.080273067334486,6.50718784509388,0.0634688261597739,4.27434673993901,311.254890541826,10.9252764785271
0,0.65,2.4,7,0.0936412587322436,6.43770298363902,0.0634616064093291,4.23034615700397,308.050799376911,10.8251520057846
0,0.65,2.4,8,0.107006409140147,6.37758593863605,0.0634543883012298,4.19227459002219,305.278454938183,10.7403213260996
0,0.65,2.4,9,0.120368519595724,6.32491676111677,0.0634471718349156,4.15898399601406,302.854257552123,10.6677164485615
0,0.65,2.4,10,0.133727591136027,6.27904547876531,0.0634399570098263,4.12998817401019,300.74280240983,10.6062012009214
0,0.65,2.4,11,0.14708362479764,6.23737138791335,0.0634327438254022,4.10372147818897,298.83008029575,10.5516092347254
0,0.65,2.4,12,0.160436621616674,6.19691828988292,0.0634255322810837,4.07820949551106,296.972315856164,10.4989899392917
0,0.65,2.4,13,0.17378658262877,6.16011921596519,0.0634183223763115,4.05502361877258,295.283936797226,10.4523477397429
0,0.65,2.4,14,0.187133508869096,6.12529029343163,0.0634111141105265,4.03299542547996,293.679859423703,10.4088303418912
0,0.65,2.4,15,0.200477401372353,6.0928751372018,0.06340390748317,4.01270579549767,292.20238299432,10.369462241555
0,0.65,2.4,16,0.213818261172767,6.0639533385145,0.0633967024936833,3.99488407329301,290.904617854621,10.336052375474
0,0.65,2.4,17,0.227156089304099,6.03921868621757,0.0633894991415081,3.9793490626919,289.773369428041,10.3091133373551
0,0.65,2.4,18,0.240490886799636,6.01732370867532,0.0633822974260864,3.96560261651729,288.772362991328,10.2867995094183
0,0.65,2.4,19,0.253822654692198,5.99860668343073,0.0633750973468605,3.95385713998423,287.917065741225,10.269661575454
0,0.65,2.4,20,0.267151394014135,5.98150989883561,0.0633678989032727,3.94310585132641,287.134164545329,10.2551350430794
0,0.65,2.4,21,0.280477105797327,5.96522434374128,0.0633607020947658,3.93286518138732,286.388446241481,10.2419273330207
0,0.65,2.4,22,0.293799791073187,5.95096484307426,0.0633535069207828,3.92390338938632,285.735854919802,10.2320215304545
0,0.65,2.4,23,0.307119450872659,5.9368251982148,0.0633463133807668,3.91498234687351,285.086230946881,10.2222733093417
0,0.65,2.4,24,0.320436086226219,5.92447108770417,0.0633391214741613,3.90723240905884,284.521885985422,10.2154787044634
0,0.65,2.5,1,0.0133864591513969,7.56610086976627,0.0645477436019436,4.95524636986347,360.837517473289,12.5992814423831
0,0.65,2.5,2,0.026769871077856,7.27436978181105,0.0645403969432134,4.77072400241792,347.400729871307,12.13640405225
0,0.65,2.5,3,0.040150236819741,7.06024894051875,0.0645330519566487,4.63490022958502,337.510139304318,11.7998324588802
0,0.65,2.5,4,0.0535275574169419,6.89175581932248,0.0645257086416786,4.52786353366617,329.715803210598,11.5376726190473
0,0.65,2.5,5,0.0669018339088754,6.75905558924911,0.0645183669977325,4.44370328592174,323.587313807785,11.3341790760775
0,0.65,2.5,6,0.0802730673344854,6.65734574799414,0.0645110270242401,4.37924565751132,318.893555136312,11.1813754998642
0,0.65,2.5,7,0.0936412587322429,6.58017504098444,0.0645036887206314,4.33025845856742,315.326342139115,11.0685784470047
0,0.65,2.5,8,0.107006409140146,6.51394268364198,0.0644963520863364,4.28835592489886,312.275029430073,10.9738013697673
0,0.65,2.5,9,0.120368519595723,6.45583446715442,0.0644890171207858,4.25159310031445,309.597986682204,10.8922851041854
0,0.65,2.5,10,0.133727591136026,6.40662494730892,0.0644816838234102,4.22047339753458,307.331872051883,10.8253076198029
0,0.65,2.5,11,0.147083624797638,6.36274117581067,0.0644743521936406,4.19274367403176,305.312613302241,10.7670428268337
0,0.65,2.5,12,0.160436621616672,6.32205600553079,0.0644670222309083,4.16698080479835,303.436579482064,10.7139404541767
0,0.65,2.5,13,0.173786582628768,6.28432828652656,0.0644596939346447,4.14308847679333,301.696757144184,10.6656630398833
0,0.65,2.5,14,0.187133508869094,6.24775428021586,0.0644523673042815,4.11989352085351,300.007716944259,10.6192336772427
0,0.65,2.5,15,0.20047740137235,6.21379469709937,0.0644450423392509,4.09884598301705,298.475050203808,10.577563123828
0,0.65,2.5,16,0.213818261172765,6.18256331308264,0.0644377190389851,4.07934186672674,297.054774322974,10.5401611600211
0,0.65,2.5,17,0.227156089304096,6.15412958598837,0.0644303974029165,4.06140344743975,295.748511384711,10.5071195201351
0,0.65,2.5,18,0.240490886799633,6.12800109491841,0.0644230774304781,4.04493311836719,294.549153732052,10.4778481775157
0,0.65,2.5,19,0.253822654692195,6.10496163122492,0.0644157591211028,4.03036757453908,293.48850118659,10.4535676195773
0,0.65,2.5,20,0.267151394014131,6.08459380275548,0.064408442474224,4.01750202049658,292.551640688624,10.4336556597404
0,0.65,2.5,21,0.280477105797323,6.06562216899859,0.0644011274892752,4.00549225877309,291.67709837886,10.4159926610583
0,0.65,2.5,22,0.293799791073183,6.05021318836483,0.0643938141656902,3.99565406070481,290.960687790487,10.4040608543085
0,0.65,2.5,23,0.307119450872655,6.03723327094106,0.0643865025029031,3.98742418719958,290.361394253276,10.3961634115162
0,0.65,2.5,24,0.320436086226214,6.02498781334986,0.0643791925003483,3.97968335348408,289.797712245847,10.3894864455605
0,0.66,1.6,1,0.0133864591513968,6.01347504357443,0.0551976054598504,3.79902189052807,276.64207296369,9.88108099871374
0,0.66,1.6,2,0.0267722910266759,5.98902744737128,0.0551963122074948,3.78429386456738,275.569588584859,9.85528991517283
0,0.66,1.6,3,0.0401584365400137,5.97765925816498,0.0551963122074947,3.77750489903758,275.075220941933,9.85051890595007
0,0.66,1.6,4,0.0535445820533517,5.97511772967971,0.0551963122074947,3.77597287128376,274.963659770172,9.85983149522431
0,0.66,1.6,5,0.0669307275666896,5.97492206168644,0.0551963122074947,3.77585454355919,274.9550432294,9.87290364501981
0,0.66,1.6,6,0.0803168730800275,5.97492206168644,0.0551963122074947,3.77585454355919,274.9550432294,9.88628979053315
0,0.66,1.6,7,0.0937030185933654,5.97492206168644,0.0551963122074947,3.77585454355919,274.9550432294,9.89967593604648
0,0.66,1.6,8,0.107089164106703,5.97492206168644,0.0551963122074947,3.77585454355919,274.9550432294,9.91306208155982
0,0.66,1.6,9,0.120475309620041,5.97492206168644,0.0551963122074947,3.77585454355919,274.9550432294,9.92644822707316
0,0.66,1.6,10,0.133861455133379,5.97492206168644,0.0551963122074947,3.77585454355919,274.9550432294,9.9398343725865
0,0.66,1.6,11,0.147247600646717,5.97492206168644,0.0551963122074947,3.77585454355919,274.9550432294,9.95322051809984
0,0.66,1.6,12,0.160633746160055,5.97492206168644,0.0551963122074947,3.77585454355919,274.9550432294,9.96660666361317
0,0.66,1.6,13,0.174019891673393,5.97492206168644,0.0551963122074947,3.77585454355919,274.9550432294,9.97999280912651
0,0.66,1.6,14,0.187406037186731,5.97492206168644,0.0551963122074947,3.77585454355919,274.9550432294,9.99337895463985
0,0.66,1.6,15,0.200792182700069,5.97492206168644,0.0551963122074947,3.77585454355919,274.9550432294,10.0067651001532
0,0.66,1.6,16,0.214178328213407,5.97492206168644,0.0551963122074947,3.77585454355919,274.9550432294,10.0201512456665
0,0.66,1.6,17,0.227564473726745,5.97492206168644,0.0551963122074947,3.77585454355919,274.9550432294,10.0335373911799
0,0.66,1.6,18,0.240950619240082,5.97492206168644,0.0551963122074947,3.77585454355919,274.9550432294,10.0469235366932
0,0.66,1.6,19,0.25433676475342,5.97492206168644,0.0551963122074947,3.77585454355919,274.9550432294,10.0603096822065
0,0.66,1.6,20,0.267722910266758,5.97492206168644,0.0551963122074947,3.77585454355919,274.9550432294,10.0736958277199
0,0.66,1.6,21,0.281109055780096,5.97492206168644,0.0551963122074947,3.77585454355919,274.9550432294,10.0870819732332
0,0.66,1.6,22,0.294495201293434,5.97492206168644,0.0551963122074947,3.77585454355919,274.9550432294,10.1004681187466
0,0.66,1.6,23,0.307881346806772,5.97492206168644,0.0551963122074947,3.77585454355919,274.9550432294,10.1138542642599
0,0.66,1.6,24,0.32126749232011,5.97492206168644,0.0551963122074947,3.77585454355919,274.9550432294,10.1272404097732
0,0.66,1.7,1,0.0133864591513969,6.11582207961422,0.0563124274833228,3.88082250156584,282.598735299226,10.0663434678148
0,0.66,1.7,2,0.026769871077856,6.01355636701698,0.0563060181471648,3.81825328122237,278.04248916053,9.91488553746437
0,0.66,1.7,3,0.0401512349238554,5.97813435295325,0.05630100983499,3.79671624866998,276.474177762895,9.87130284638208
0,0.66,1.7,4,0.0535314934102933,5.95685865681827,0.0562973432079413,3.78388464837372,275.539789752589,9.85057214181022
0,0.66,1.7,5,0.0669067527810079,5.9399064511863,0.0562909373048354,3.77362406642489,274.79262147035,9.83672820769704
0,0.66,1.7,6,0.0802789686380347,5.92730284155866,0.0562845328593799,3.7659963692462,274.23717798509,9.82986271230228
0,0.66,1.7,7,0.0936481420200738,5.92015302975462,0.0562781298710775,3.76166959482508,273.922105348081,9.83174889647085
0,0.66,1.7,8,0.107021472283904,5.91676605560547,0.0562755134590321,3.75961976130671,273.772837928704,9.83968280265512
0,0.66,1.7,9,0.120399156319392,5.91436335837106,0.0562755134590321,3.75817178858613,273.6673975847,9.84920981673562
0,0.66,1.7,10,0.133776840354879,5.91275386907686,0.0562755134590321,3.75719727518663,273.596434211828,9.8600034980774
0,0.66,1.7,11,0.147154524390367,5.91275386907686,0.0562755134590321,3.75719727518663,273.596434211828,9.87338118211288
0,0.66,1.7,12,0.160532208425855,5.91275386907686,0.0562755134590321,3.75719727518663,273.596434211828,9.88675886614837
0,0.66,1.7,13,0.173909892461343,5.91275386907686,0.0562755134590321,3.75719727518663,273.596434211828,9.90013655018386
0,0.66,1.7,14,0.187287576496831,5.91275386907686,0.0562755134590321,3.75719727518663,273.596434211828,9.91351423421935
0,0.66,1.7,15,0.200665260532319,5.91275386907686,0.0562755134590321,3.75719727518663,273.596434211828,9.92689191825484
0,0.66,1.7,16,0.214042944567807,5.91275386907686,0.0562755134590321,3.75719727518663,273.596434211828,9.94026960229032
0,0.66,1.7,17,0.227420628603295,5.91275386907686,0.0562755134590321,3.75719727518663,273.596434211828,9.95364728632581
0,0.66,1.7,18,0.240798312638783,5.91275386907686,0.0562755134590321,3.75719727518663,273.596434211828,9.9670249703613
0,0.66,1.7,19,0.254175996674271,5.91275386907686,0.0562755134590321,3.75719727518663,273.596434211828,9.98040265439679
0,0.66,1.7,20,0.267553680709759,5.91275386907686,0.0562755134590321,3.75719727518663,273.596434211828,9.99378033843228
0,0.66,1.7,21,0.280931364745247,5.91275386907686,0.0562755134590321,3.75719727518663,273.596434211828,10.0071580224678
0,0.66,1.7,22,0.294309048780735,5.91275386907686,0.0562755134590321,3.75719727518663,273.596434211828,10.0205357065033
0,0.66,1.7,23,0.307686732816223,5.91275386907686,0.0562755134590321,3.75719727518663,273.596434211828,10.0339133905387
0,0.66,1.7,24,0.321064416851711,5.91275386907686,0.0562755134590321,3.75719727518663,273.596434211828,10.0472910745742
0,0.66,1.8,1,0.0133864591513969,6.28636111914634,0.0574178694646543,4.00180229949162,291.408398167545,10.358967747254
0,0.66,1.8,2,0.0267698710778562,6.12185185250303,0.0574113343099236,3.90098868722411,284.067222600703,10.1070217451149
0,0.66,1.8,3,0.0401502368197413,6.04249786943534,0.0574048006426527,3.85209480846009,280.506805112655,9.99214771535782
0,0.66,1.8,4,0.0535275574169424,5.99948136124932,0.0573982684623338,3.82555384743485,278.57411120142,9.93596103456345
0,0.66,1.8,5,0.0669018339088761,5.97047119040771,0.0573917377684594,3.80797015237579,277.293679029227,9.90273491446084
0,0.66,1.8,6,0.0802730673344863,5.94713954307198,0.0573852085605222,3.79408433779554,276.282523884307,9.87888215676253
0,0.66,1.8,7,0.0936412587322441,5.92939360823927,0.0573786808380151,3.78341316120576,275.505456392246,9.86382670901529
0,0.66,1.8,8,0.107006409140148,5.91456987462035,0.0573721546004312,3.7745300863171,274.85859719472,9.85347852467804
0,0.66,1.8,9,0.120368519595724,5.90156215677191,0.0573656298472638,3.76684299663666,274.298828789711,9.84613930285155
0,0.66,1.8,10,0.133727591136028,5.89253867959656,0.0573591065780067,3.76135772178776,273.899394975244,9.84498309909835
0,0.66,1.8,11,0.147083624797641,5.88474995928512,0.0573525847921536,3.75660216067208,273.553098396004,9.84578832954698
0,0.66,1.8,12,0.160436621616675,5.87847221435177,0.0573460644891987,3.75280952536936,273.276921389825,9.84906442582701
0,0.66,1.8,13,0.173786582628771,5.87311953577193,0.0573395456686361,3.74952128957723,273.037474397377,9.85376695364657
0,0.66,1.8,14,0.187133508869097,5.86948162483671,0.0573330283299604,3.74726684835353,272.873307590375,9.8612150103893
0,0.66,1.8,15,0.200491407454498,5.86684554813603,0.0573305175118242,3.74565378860495,272.755845726369,9.8703212617073
0,0.66,1.8,16,0.213857501284798,5.86621528330805,0.0573305175118242,3.74526981670324,272.72788516549,9.88267311880791
0,0.66,1.8,17,0.227223595115098,5.86621528330805,0.0573305175118242,3.74526981670324,272.72788516549,9.89603921263821
0,0.66,1.8,18,0.240589688945398,5.86621528330805,0.0573305175118242,3.74526981670324,272.72788516549,9.90940530646851
0,0.66,1.8,19,0.253955782775698,5.86621528330805,0.0573305175118242,3.74526981670324,272.72788516549,9.92277140029881
0,0.66,1.8,20,0.267321876605998,5.86621528330805,0.0573305175118242,3.74526981670324,272.72788516549,9.93613749412911
0,0.66,1.8,21,0.280687970436298,5.86621528330805,0.0573305175118242,3.74526981670324,272.72788516549,9.94950358795941
0,0.66,1.8,22,0.294054064266598,5.86621528330805,0.0573305175118242,3.74526981670324,272.72788516549,9.96286968178971
0,0.66,1.8,23,0.307420158096898,5.86621528330805,0.0573305175118242,3.74526981670324,272.72788516549,9.97623577562001
0,0.66,1.8,24,0.320786251927197,5.86621528330805,0.0573305175118242,3.74526981670324,272.72788516549,9.98960186945031
0,0.66,1.9,1,0.0133864591513969,6.45944802454566,0.0585147031228354,4.12377942602161,300.290685795722,10.6551286128415
0,0.66,1.9,2,0.026769871077856,6.25504698231714,0.0585080431293089,3.99816260765389,291.143358395742,10.3384875041782
0,0.66,1.9,3,0.0401502368197409,6.13579671570078,0.0585013846516567,3.92442701713114,285.77398511988,10.1588753543033
0,0.66,1.9,4,0.0535275574169417,6.06881830285478,0.0584947276893613,3.88313109946197,282.766845756609,10.0639716874231
0,0.66,1.9,5,0.0669018339088752,6.02028696711371,0.0584880722419053,3.85332659422461,280.596502876227,9.9990034674891
0,0.66,1.9,6,0.0802730673344851,5.98361305138342,0.058481418308772,3.83092775747414,278.965435509631,9.95329529450081
0,0.66,1.9,7,0.0936412587322426,5.95642531780897,0.0584747658894443,3.81434223184338,277.757689325508,9.92288357427404
0,0.66,1.9,8,0.107006409140146,5.93142770557504,0.0584681149834059,3.79915139816948,276.651503618058,9.89605362786807
0,0.66,1.9,9,0.120368519595722,5.91118210462799,0.0584614655901404,3.78678668814161,275.751114225137,9.87679877795546
0,0.66,1.9,10,0.133727591136025,5.89441236449622,0.0584548177091317,3.7765104507929,275.002805927808,9.86310522413427
0,0.66,1.9,11,0.147083624797638,5.88090396661517,0.058448171339864,3.76833455492277,274.407443003608,9.85477031767545
0,0.66,1.9,12,0.160436621616672,5.86862369548837,0.0584415264818217,3.76079036975267,273.858080803436,9.84829221333952
0,0.66,1.9,13,0.173786582628767,5.85813420094156,0.0584348831344895,3.75431103743958,273.386260431203,9.8446667041444
0,0.66,1.9,14,0.187133508869093,5.84872258859044,0.0584282412973521,3.7485042501145,272.963414306816,9.84278858887138
0,0.66,1.9,15,0.20047740137235,5.83995818709284,0.0584216009698947,3.74310929194547,272.570557288763,9.84196648138056
0,0.66,1.9,16,0.213818261172764,5.8329891818226,0.0584149621516027,3.73880650761035,272.257231592759,9.84402891275732
0,0.66,1.9,17,0.227156089304095,5.82702101625986,0.0584083248419615,3.73514179478583,271.990369810488,9.84772722519175
0,0.66,1.9,18,0.240490886799632,5.821840899298,0.0584016890404571,3.73194645053331,271.757687113909,9.8526799256714
0,0.66,1.9,19,0.253822654692194,5.8166642144043,0.0583950547465754,3.72875656872278,271.525402188473,9.85763849256585
0,0.66,1.9,20,0.26715139401413,5.81186741282746,0.0583884219598027,3.72580517117809,271.310483517712,9.86321239997948
0,0.66,1.9,21,0.280477105797322,5.80799414439788,0.0583817906796256,3.72338166703365,271.134005669025,9.87023470790848
0,0.66,1.9,22,0.293799791073182,5.80495019838985,0.0583751609055307,3.72147585892772,270.995226077781,9.87860100929628
0,0.66,1.9,23,0.307144745772129,5.80265561729054,0.058373339972266,3.72004505198891,270.8910357338,9.88821875502384
0,0.66,1.9,24,0.320498865153525,5.80256568179679,0.058373339972266,3.71998892281756,270.886948447451,9.90142680974015
0,0.66,2,1,0.0133864591513969,6.66164070356196,0.0596035998264785,4.26273006490961,310.408972525641,10.9973608274494
0,0.66,2,2,0.026769871077856,6.43557310400771,0.0595968158975202,4.12346910585879,300.268088502103,10.6454088968419
0,0.66,2,3,0.0401502368197409,6.29116315225595,0.059590033512645,4.03399371712179,293.752554311276,10.4248971397101
0,0.66,2,4,0.0535275574169418,6.20487018472383,0.0595832526713258,3.9805361295062,289.859810789454,10.2985171243183
0,0.66,2,5,0.0669018339088753,6.14425990370928,0.0595764733730357,3.94321174035499,287.141875309103,10.2139499513462
0,0.66,2,6,0.0802730673344852,6.0972307352684,0.059569695617248,3.914271801127,285.034489510817,10.1513452993471
0,0.66,2,7,0.0936412587322427,6.05869412769513,0.0595629194034364,3.89063214909793,283.313066857853,10.1025304549287
0,0.66,2,8,0.107006409140146,6.02609091637032,0.0595561447310748,3.87062927857095,281.856472048119,10.0632827488125
0,0.66,2,9,0.120368519595722,5.99951965033943,0.0595493715996371,3.85421339477784,280.661079061998,10.0336509363126
0,0.66,2,10,0.133727591136025,5.97480787872058,0.0595426000085978,3.83897072924982,279.551118995784,10.007048799115
0,0.66,2,11,0.147083624797638,5.9523244620042,0.0595358299574313,3.82506514395441,278.538524161443,9.98400906071368
0,0.66,2,12,0.160436621616672,5.93328771101282,0.0595290614456126,3.8131982353539,277.674384314526,9.96645162942901
0,0.66,2,13,0.173786582628767,5.91820709144536,0.0595222944726166,3.80376318738986,276.987330830103,9.9552791559366
0,0.66,2,14,0.187133508869094,5.9051463524138,0.0595155290379186,3.79569829870334,276.400051370087,9.94749368902415
0,0.66,2,15,0.20047740137235,5.89376671617126,0.0595087651409942,3.78867643798312,275.888724464983,9.94242932066772
0,0.66,2,16,0.213818261172764,5.88345012238143,0.059502002781319,3.78230980594006,275.425110846283,9.93908019227558
0,0.66,2,17,0.227156089304096,5.87260443255929,0.0594952419583692,3.77608926562283,274.972135523187,9.93534502944459
0,0.66,2,18,0.240490886799632,5.86211383221262,0.0594884826716209,3.76988915281617,274.520647716886,9.93198235450004
0,0.66,2,19,0.253822654692194,5.85346619055106,0.0594817249205506,3.76462656087524,274.13742951345,9.93139713103904
0,0.66,2,20,0.26715139401413,5.84696548515455,0.0594749687046351,3.76068791689308,273.850620259045,9.9342797647664
0,0.66,2,21,0.280477105797322,5.84095337000316,0.0594682140233512,3.75699569323678,273.581755157564,9.93789438306061
0,0.66,2,22,0.293799791073182,5.83501749138772,0.0594614608761761,3.75331071248104,273.313417478953,9.94158945581812
0,0.66,2,23,0.307119450872654,5.82930469125433,0.0594547092625874,3.74969588052549,273.050187986095,9.94557473191506
0,0.66,2,24,0.320436086226213,5.82441540535629,0.0594479591820625,3.74663647979819,272.827404600367,9.95093593056276
0,0.66,2.1,1,0.0133864591513969,6.85540393474378,0.0606851479645391,4.39585775548107,320.103236299267,11.3253332973408
0,0.66,2.1,2,0.0267698710778561,6.60596144258259,0.060678240936544,4.24175249170064,308.881400559619,10.9351620462976
0,0.66,2.1,3,0.0401502368197411,6.44213671059379,0.0606713354806504,4.14009902836322,301.479067635,10.6830573112574
0,0.66,2.1,4,0.053527557416942,6.33022676734363,0.0606644315963216,4.07072996197557,296.427661542058,10.5151487183325
0,0.66,2.1,5,0.0669018339088756,6.25287682083856,0.0606575292830213,4.02280944267475,292.938123398061,10.4032456267052
0,0.66,2.1,6,0.0802730673344857,6.19298971204368,0.0606506285402132,3.98576084351895,290.24027074909,10.3196742514373
0,0.66,2.1,7,0.0936412587322432,6.14409097830624,0.0606437293673614,3.95556074252374,288.04112086689,10.2539367089296
0,0.66,2.1,8,0.107006409140147,6.10109415654118,0.0606368317639301,3.92896461108471,286.10440948535,10.19770200853
0,0.66,2.1,9,0.120368519595723,6.06563450317145,0.060629935729384,3.90711704994732,284.513485616941,10.1537500084439
0,0.66,2.1,10,0.133727591136026,6.03476982108933,0.0606230412631878,3.88804359347111,283.124570077571,10.1171640469597
0,0.66,2.1,11,0.147083624797639,6.00746661365001,0.0606161483648066,3.87107384287179,281.888844904422,10.0862402296843
0,0.66,2.1,12,0.160436621616673,5.98184431514653,0.0606092570337055,3.85511107450594,280.726447461548,10.0580012683028
0,0.66,2.1,13,0.173786582628769,5.95904521611825,0.0606023672693502,3.84094005844785,279.694524147791,10.0343742244642
0,0.66,2.1,14,0.187133508869095,5.93670351126208,0.0605954790712064,3.82712572975821,278.688574554599,10.0115582289606
0,0.66,2.1,15,0.200477401372351,5.91594298286268,0.06058859243874,3.81430649242861,277.755086806735,9.99131546910238
0,0.66,2.1,16,0.213818261172766,5.89674166342131,0.0605817073714174,3.80295672201544,276.928604594935,9.97409835398093
0,0.66,2.1,17,0.227156089304098,5.88200952111853,0.0605748238687051,3.79394822343216,276.272612133143,9.96368865772348
0,0.66,2.1,18,0.240490886799635,5.86874621544189,0.0605679419300697,3.7858111937611,275.680079417925,9.95561623793269
0,0.66,2.1,19,0.253822654692196,5.8569883048571,0.0605610615549782,3.77856085273693,275.152114739537,9.9499328738412
0,0.66,2.1,20,0.267151394014133,5.84665034571236,0.0605541827428979,3.77220005956658,274.688926303396,9.94655598203597
0,0.66,2.1,21,0.280477105797325,5.8372098775101,0.0605473054932962,3.76630687720949,274.259788954206,9.94454116601022
0,0.66,2.1,22,0.293799791073185,5.82805768328139,0.0605404298056408,3.76059464960609,273.843828601519,9.94299255376631
0,0.66,2.1,23,0.307119450872657,5.81982577336632,0.0605335556793997,3.75546229531916,273.470094211449,9.94294107523753
0,0.66,2.1,24,0.320436086226216,5.8134807310312,0.060526683114041,3.75150981083371,273.182277101436,9.94595331120517
0,0.66,2.2,1,0.0133864591513969,7.05658543149217,0.0617598666322159,4.53307860290601,330.095560844729,11.6648103601818
0,0.66,2.2,2,0.0267698710778561,6.79262383149239,0.0617528372824967,4.36965084272092,318.194867545188,11.2507973825737
0,0.66,2.2,3,0.0401502368197412,6.60933214917523,0.0617458095327207,4.2557555628878,309.901094247285,10.9669837584155
0,0.66,2.2,4,0.0535275574169422,6.4789509100332,0.0617387833823415,4.17464763544084,303.994872638333,10.7688648862733
0,0.66,2.2,5,0.0669018339088759,6.38231420139881,0.0617317588308132,4.11459575823639,299.62193763719,10.6255435523749
0,0.66,2.2,6,0.080273067334486,6.30980778728782,0.0617247358775901,4.06959685001633,296.345149134829,10.5214024405162
0,0.66,2.2,7,0.0936412587322437,6.25272415701261,0.0617177145221268,4.0341695131269,293.765355651377,10.4422526433939
0,0.66,2.2,8,0.107006409140147,6.20575000617161,0.0617106947638782,4.00490376550938,291.634244717816,10.379370875585
0,0.66,2.2,9,0.120368519595724,6.16183866400683,0.0617036766022993,3.97778078207852,289.659168348822,10.3216916422834
0,0.66,2.2,10,0.133727591136027,6.12006652326726,0.0616966600368453,3.95183742343859,287.76999141839,10.2673281978787
0,0.66,2.2,11,0.14708362479764,6.08376216243848,0.0616896450669718,3.92922645649545,286.123476881988,10.2217618887986
0,0.66,2.2,12,0.160436621616674,6.05327605695573,0.0616826316921348,3.91025262970092,284.741816305201,10.1856479399655
0,0.66,2.2,13,0.17378658262877,6.02687993592519,0.0616756199117901,3.89389769341544,283.550861473253,10.1562398318812
0,0.66,2.2,14,0.187133508869096,6.00325837695635,0.0616686097253942,3.87928118273881,282.486497558119,10.1313416782897
0,0.66,2.2,15,0.200477401372353,5.98078080192951,0.0616616011324034,3.8653750172224,281.473860472498,10.1082948216567
0,0.66,2.2,16,0.213818261172768,5.95807516935162,0.0616545941322748,3.85188927704277,280.491838460979,10.0854373016994
0,0.66,2.2,17,0.227156089304099,5.9381422453257,0.0616475887244652,3.83955764977878,279.593858131402,10.066503573133
0,0.66,2.2,18,0.240490886799637,5.91827884910538,0.061640584908432,3.82736824008784,278.706233984378,10.0477785609013
0,0.66,2.2,19,0.253822654692199,5.89957056328987,0.0616335826836327,3.81580306346242,277.864066045355,10.0308298641281
0,0.66,2.2,20,0.267151394014135,5.88392465916252,0.061626582049525,3.80603444091972,277.152721897287,10.0187370761459
0,0.66,2.2,21,0.280477105797328,5.86986617242591,0.0616195830055671,3.79733985539579,276.519588361284,10.0093027166246
0,0.66,2.2,22,0.293799791073188,5.85680352524486,0.0616125855512172,3.7892585885178,275.931116253009,10.0014744903871
0,0.66,2.2,23,0.30711945087266,5.84510851587151,0.0616055896859337,3.7819801349185,275.401104436889,9.9958136913486
0,0.66,2.2,24,0.320436086226219,5.8356799302496,0.0615985954091756,3.77603862592932,274.96844797671,9.99375323781431
0,0.66,2.3,1,0.0133864591513969,7.26507375643351,0.0628282165446061,4.67449312318746,340.3932656659,12.015781555317
0,0.66,2.3,2,0.026769871077856,6.98812556946752,0.0628210655980382,4.5025570123822,327.873000323636,11.5802735185256
0,0.66,2.3,3,0.040150236819741,6.78943549602867,0.0628139162790898,4.37885616427173,318.865192515534,11.2712558133992
0,0.66,2.3,4,0.0535275574169418,6.64262525685922,0.0628067685872055,4.28730041805436,312.198168172121,11.0462600009177
0,0.66,2.3,5,0.0669018339088754,6.53071086055582,0.0627996225218297,4.21758900539791,307.121832667293,10.8780013223844
0,0.66,2.3,6,0.0802730673344854,6.44575156623752,0.0627924780824074,4.16470026274658,303.270512031319,10.753517374401
0,0.66,2.3,7,0.0936412587322429,6.37952596294215,0.0627853352683837,4.12348620853773,300.269333907023,10.6594387654805
0,0.66,2.3,8,0.107006409140146,6.3231971137135,0.0627781940792039,4.08840666322248,297.714866358723,10.5813883801553
0,0.66,2.3,9,0.120368519595723,6.27397986929063,0.0627710545143137,4.05780626071895,295.486566805302,10.5149257041196
0,0.66,2.3,10,0.133727591136026,6.23009277164755,0.062763916573159,4.03051249031429,293.499053850306,10.457096769671
0,0.66,2.3,11,0.147083624797638,6.18957844108353,0.0627567802551859,4.00528271005331,291.661839190075,10.4047015561897
0,0.66,2.3,12,0.160436621616672,6.15178294707907,0.0627496455598408,3.98178716476677,289.950910287642,10.3567563790224
0,0.66,2.3,13,0.173786582628768,6.11660550354044,0.0627425124865704,3.96007877648125,288.370120887355,10.313213375137
0,0.66,2.3,14,0.187133508869094,6.08541011600372,0.0627353810348215,3.94080743569575,286.966795553278,10.2760864416034
0,0.66,2.3,15,0.20047740137235,6.05648111227279,0.0627282512040413,3.92288293886451,285.661546438344,10.2425697037137
0,0.66,2.3,16,0.213818261172765,6.03122186896782,0.0627211229936772,3.90783984044935,284.566118707395,10.2156010935836
0,0.66,2.3,17,0.227156089304096,6.00948190292271,0.0627139964031768,3.89445824108318,283.591680155868,10.1938102297132
0,0.66,2.3,18,0.240490886799633,5.98997727810901,0.062706871431988,3.88243279457633,282.715995691331,10.175607830917
0,0.66,2.3,19,0.253822654692195,5.9712049300277,0.0626997480795591,3.87080233158082,281.869073645258,10.1585296643803
0,0.66,2.3,20,0.267151394014131,5.95476584314295,0.0626926263453383,3.86061498903395,281.127238604195,10.1452248525364
0,0.66,2.3,21,0.280477105797323,5.93893984345608,0.0626855062287744,3.85082308115582,280.414198834556,10.132925536638
0,0.66,2.3,22,0.293799791073183,5.9244514523863,0.0626783877293162,3.84185817402133,279.761380671071,10.1227878052101
0,0.66,2.3,23,0.307119450872655,5.91130048025871,0.0626712708464129,3.83371204245265,279.16818516214,10.1148032444304
0,0.66,2.3,24,0.320436086226214,5.899654981215,0.0626641555795139,3.82648943058253,278.642239701035,10.1092446536033
0,0.66,2.4,1,0.0133864591513969,7.46597077991642,0.063890608835045,4.81093205872813,350.328651943889,12.354179906631
0,0.66,2.4,2,0.0267698710778561,7.17697326446139,0.0638833369697097,4.6311206453489,337.234912667528,11.8987471178579
0,0.66,2.4,3,0.0401502368197411,6.96451650216079,0.0638760667595162,4.49860705073151,327.585366924655,11.5671498564716
0,0.66,2.4,4,0.053527557416942,6.80293124440184,0.0638687982038995,4.39761927551371,320.231508935604,11.3179468755364
0,0.66,2.4,5,0.0669018339088757,6.676932629783,0.0638615313022948,4.31896707925104,314.504111925468,11.1266630742452
0,0.66,2.4,6,0.0802730673344857,6.58073980002157,0.0638542660541375,4.25898084780055,310.135957201454,10.9838479812107
0,0.66,2.4,7,0.0936412587322433,6.50857287625594,0.0638470024588634,4.21393278107944,306.855589011998,10.8799939185265
0,0.66,2.4,8,0.107006409140147,6.44536387175101,0.0638397405159086,4.17448650440461,303.983139190839,10.7906965258117
0,0.66,2.4,9,0.120368519595723,6.38923778131351,0.0638324802247092,4.13950988010421,301.436166277664,10.7129486612382
0,0.66,2.4,10,0.133727591136026,6.34174234467198,0.0638252215847018,4.10992405329607,299.281747405018,10.6492192106888
0,0.66,2.4,11,0.147083624797639,6.29943727579431,0.0638179645953232,4.08362621980824,297.366757868194,10.5939650849955
0,0.66,2.4,12,0.160436621616673,6.25876980509178,0.0638107092560104,4.05836271237192,295.527087219034,10.5413798483364
0,0.66,2.4,13,0.173786582628769,6.22030898192615,0.0638034555662007,4.03444948336886,293.785742885338,10.49234850349
0,0.66,2.4,14,0.187133508869095,6.18431431277313,0.0637962035253316,4.01199446730134,292.150584580817,10.4472384924689
0,0.66,2.4,15,0.200477401372352,6.15004373914005,0.063788953132841,3.99085324052557,290.611095478418,10.4051633341708
0,0.66,2.4,16,0.213818261172766,6.11894504642254,0.0637817043881668,3.9719458116472,289.234269950677,10.3684908236307
0,0.66,2.4,17,0.227156089304098,6.09214280823734,0.0637744572907474,3.95534762460526,288.025601771594,10.3384209794374
0,0.66,2.4,18,0.240490886799635,6.06749191193739,0.0637672118400213,3.94006449887674,286.912695422345,10.3118145094538
0,0.66,2.4,19,0.253822654692197,6.0459833373112,0.0637599680354274,3.92672765330956,285.941515810641,10.2902936133484
0,0.66,2.4,20,0.267151394014133,6.02862061480189,0.0637527258764048,3.91595982861327,285.15741047218,10.2754845633057
0,0.66,2.4,21,0.280477105797325,6.01252332909282,0.0637454853623927,3.9059705334749,284.429997102593,10.2627164537274
0,0.66,2.4,22,0.293799791073185,5.99740258613184,0.0637382464928307,3.89657959601621,283.746155713807,10.2515202197141
0,0.66,2.4,23,0.307119450872657,5.98265255006406,0.0637310092671588,3.8873981534607,283.077569594921,10.2409011636646
0,0.66,2.4,24,0.320436086226216,5.96976566973511,0.0637237736848169,3.87943467107637,282.49767446973,10.2333602007225
0,0.66,2.5,1,0.0133864591513969,7.67855580677511,0.0649474122186457,4.95433615689068,360.771236411772,12.7112258350358
0,0.66,2.5,2,0.0267698710778561,7.37893525535767,0.0649400200706583,4.76756593260092,347.170761472621,12.2382110791071
0,0.66,2.5,3,0.0401502368197411,7.16018182635144,0.0649326296051898,4.63079434658625,337.21115182363,11.8960590393626
0,0.66,2.5,4,0.0535275574169422,6.98398248395971,0.0649252408216663,4.5204985219092,329.179488290979,11.6229338041075
0,0.66,2.5,5,0.0669018339088758,6.84707958291327,0.0649178537195134,4.43492257827293,322.947908919882,11.4138218488146
0,0.66,2.5,6,0.080273067334486,6.73812215205148,0.0649104682981574,4.36684644913306,317.990653598044,11.2501521368172
0,0.66,2.5,7,0.0936412587322436,6.65672298203626,0.0649030845570246,4.31590372598039,314.281040718343,11.1311710513059
0,0.66,2.5,8,0.107006409140147,6.58843998106388,0.0648957024955418,4.27333545406328,311.18124942338,11.0336775467628
0,0.66,2.5,9,0.120368519595724,6.52785543787731,0.0648883221131358,4.23556742325615,308.431008273075,10.9486797028423
0,0.66,2.5,10,0.133727591136027,6.47648709005756,0.0648809434092339,4.20355995048161,306.100246862946,10.8786555750844
0,0.66,2.5,11,0.14708362479764,6.4307582737422,0.0648735663832636,4.17506605486263,304.025341643132,10.8177815197857
0,0.66,2.5,12,0.160436621616674,6.38879344299132,0.0648661910346525,4.14886413386135,302.117336385385,10.762960389504
0,0.66,2.5,13,0.173786582628769,6.35022791618407,0.0648588173628286,4.12480228562234,300.365169704593,10.713675601798
0,0.66,2.5,14,0.187133508869096,6.3139244065838,0.0648514453672202,4.1021360324324,298.714629263008,10.6680453932525
0,0.66,2.5,15,0.200477401372352,6.27956676130858,0.0648440750472557,4.08113636531776,297.185448434484,10.626024603046
0,0.66,2.5,16,0.213818261172767,6.24803091768503,0.064836706402364,4.06172323820167,295.771798320623,10.5884091234618
0,0.66,2.5,17,0.227156089304099,6.21867227604499,0.064829339431974,4.0434627120564,294.442079789959,10.5541204168375
0,0.66,2.5,18,0.240490886799636,6.19132428334968,0.064821974135515,4.02646364452276,293.204219778496,10.5231007888076
0,0.66,2.5,19,0.253822654692198,6.16756676186692,0.0648146105124166,4.01165756652163,292.126051705575,10.4978615935932
0,0.66,2.5,20,0.267151394014134,6.14536141059338,0.0648072485621085,3.9978052760364,291.117337761419,10.475125329206
0,0.66,2.5,21,0.280477105797326,6.12497237310926,0.0647998882840208,3.98505287222436,290.188716782786,10.455302239415
0,0.66,2.5,22,0.293799791073187,6.10746791138884,0.0647925296775838,3.97402846883717,289.385927566481,10.4400887009768
0,0.66,2.5,23,0.307119450872658,6.09323385954324,0.0647851727422281,3.965129865458,288.737937595317,10.4302683486161
0,0.66,2.5,24,0.320436086226218,6.08094245459551,0.0647778174773846,3.95747526713219,288.180535187651,10.4236316254313
0,0.67,1.5,1,0.0133877985052203,6.03800112952547,0.0543346022806487,3.74049270450984,272.380019252094,9.84621623482118
0,0.67,1.5,2,0.0267755970104406,6.03800112952547,0.0543346022806487,3.74049270450984,272.380019252094,9.8596040333264
0,0.67,1.5,3,0.0401633955156608,6.03800112952547,0.0543346022806487,3.74049270450984,272.380019252094,9.87299183183162
0,0.67,1.5,4,0.0535511940208811,6.03800112952547,0.0543346022806487,3.74049270450984,272.380019252094,9.88637963033684
0,0.67,1.5,5,0.0669389925261014,6.03800112952547,0.0543346022806487,3.74049270450984,272.380019252094,9.89976742884206
0,0.67,1.5,6,0.0803267910313217,6.03800112952547,0.0543346022806487,3.74049270450984,272.380019252094,9.91315522734728
0,0.67,1.5,7,0.093714589536542,6.03800112952547,0.0543346022806487,3.74049270450984,272.380019252094,9.9265430258525
0,0.67,1.5,8,0.107102388041762,6.03800112952547,0.0543346022806487,3.74049270450984,272.380019252094,9.93993082435772
0,0.67,1.5,9,0.120490186546983,6.03800112952547,0.0543346022806487,3.74049270450984,272.380019252094,9.95331862286294
0,0.67,1.5,10,0.133877985052203,6.03800112952547,0.0543346022806487,3.74049270450984,272.380019252094,9.96670642136816
0,0.67,1.5,11,0.147265783557423,6.03800112952547,0.0543346022806487,3.74049270450984,272.380019252094,9.98009421987338
0,0.67,1.5,12,0.160653582062643,6.03800112952547,0.0543346022806487,3.74049270450984,272.380019252094,9.9934820183786
0,0.67,1.5,13,0.174041380567864,6.03800112952547,0.0543346022806487,3.74049270450984,272.380019252094,10.0068698168838
0,0.67,1.5,14,0.187429179073084,6.03800112952547,0.0543346022806487,3.74049270450984,272.380019252094,10.020257615389
0,0.67,1.5,15,0.200816977578304,6.03800112952547,0.0543346022806487,3.74049270450984,272.380019252094,10.0336454138943
0,0.67,1.5,16,0.214204776083525,6.03800112952547,0.0543346022806487,3.74049270450984,272.380019252094,10.0470332123995
0,0.67,1.5,17,0.227592574588745,6.03800112952547,0.0543346022806487,3.74049270450984,272.380019252094,10.0604210109047
0,0.67,1.5,18,0.240980373093965,6.03800112952547,0.0543346022806487,3.74049270450984,272.380019252094,10.0738088094099
0,0.67,1.5,19,0.254368171599185,6.03800112952547,0.0543346022806487,3.74049270450984,272.380019252094,10.0871966079151
0,0.67,1.5,20,0.267755970104406,6.03800112952547,0.0543346022806487,3.74049270450984,272.380019252094,10.1005844064204
0,0.67,1.5,21,0.281143768609626,6.03800112952547,0.0543346022806487,3.74049270450984,272.380019252094,10.1139722049256
0,0.67,1.5,22,0.294531567114846,6.03800112952547,0.0543346022806487,3.74049270450984,272.380019252094,10.1273600034308
0,0.67,1.5,23,0.307919365620066,6.03800112952547,0.0543346022806487,3.74049270450984,272.380019252094,10.140747801936
0,0.67,1.5,24,0.321307164125287,6.03800112952547,0.0543346022806487,3.74049270450984,272.380019252094,10.1541356004412
0,0.67,1.6,1,0.0133864591513969,6.06747706293077,0.055468772515111,3.77940311743912,275.2134478563,9.9157354120364
0,0.67,1.6,2,0.0267712450343768,6.0272512697663,0.0554653057975822,3.75532893509831,273.460383014986,9.86481675569657
0,0.67,1.6,3,0.0401568675515653,6.00934596359315,0.0554653057975822,3.74476604585031,272.691200930161,9.84973418279261
0,0.67,1.6,4,0.0535424900687537,6.00168107191065,0.0554653057975822,3.74020467686491,272.359045283778,9.8508935446419
0,0.67,1.6,5,0.0669281125859421,5.99912424123124,0.0554653057975822,3.73868208791679,272.248171439136,9.86019974753155
0,0.67,1.6,6,0.0803137351031305,5.99837016027435,0.0554653057975822,3.73824027474936,272.215998918413,9.87238947592442
0,0.67,1.6,7,0.0936993576203189,5.99837016027435,0.0554653057975822,3.73824027474936,272.215998918413,9.88577509844161
0,0.67,1.6,8,0.107084980137507,5.99837016027435,0.0554653057975822,3.73824027474936,272.215998918413,9.8991607209588
0,0.67,1.6,9,0.120470602654696,5.99837016027435,0.0554653057975822,3.73824027474936,272.215998918413,9.91254634347598
0,0.67,1.6,10,0.133856225171884,5.99837016027435,0.0554653057975822,3.73824027474936,272.215998918413,9.92593196599317
0,0.67,1.6,11,0.147241847689073,5.99837016027435,0.0554653057975822,3.73824027474936,272.215998918413,9.93931758851036
0,0.67,1.6,12,0.160627470206261,5.99837016027435,0.0554653057975822,3.73824027474936,272.215998918413,9.95270321102755
0,0.67,1.6,13,0.174013092723449,5.99837016027435,0.0554653057975822,3.73824027474936,272.215998918413,9.96608883354474
0,0.67,1.6,14,0.187398715240638,5.99837016027435,0.0554653057975822,3.73824027474936,272.215998918413,9.97947445606193
0,0.67,1.6,15,0.200784337757826,5.99837016027435,0.0554653057975822,3.73824027474936,272.215998918413,9.99286007857912
0,0.67,1.6,16,0.214169960275015,5.99837016027435,0.0554653057975822,3.73824027474936,272.215998918413,10.0062457010963
0,0.67,1.6,17,0.227555582792203,5.99837016027435,0.0554653057975822,3.73824027474936,272.215998918413,10.0196313236135
0,0.67,1.6,18,0.240941205309392,5.99837016027435,0.0554653057975822,3.73824027474936,272.215998918413,10.0330169461307
0,0.67,1.6,19,0.25432682782658,5.99837016027435,0.0554653057975822,3.73824027474936,272.215998918413,10.0464025686479
0,0.67,1.6,20,0.267712450343768,5.99837016027435,0.0554653057975822,3.73824027474936,272.215998918413,10.0597881911651
0,0.67,1.6,21,0.281098072860957,5.99837016027435,0.0554653057975822,3.73824027474936,272.215998918413,10.0731738136822
0,0.67,1.6,22,0.294483695378145,5.99837016027435,0.0554653057975822,3.73824027474936,272.215998918413,10.0865594361994
0,0.67,1.6,23,0.307869317895334,5.99837016027435,0.0554653057975822,3.73824027474936,272.215998918413,10.0999450587166
0,0.67,1.6,24,0.321254940412522,5.99837016027435,0.0554653057975822,3.73824027474936,272.215998918413,10.1133306812338
0,0.67,1.7,1,0.013386459151397,6.19237659992689,0.0565980265376517,3.87327237693526,282.048940591766,10.1356334625512
0,0.67,1.7,2,0.0267698710778562,6.07258767301322,0.0565915846953415,3.80103933871562,276.788982106302,9.95698846750204
0,0.67,1.7,3,0.0401502368197413,6.0241958450719,0.0565851443192524,3.77189949645513,274.66703951132,9.89283072266602
0,0.67,1.7,4,0.05352804341059,6.00010119636209,0.0565792191048704,3.7575389622519,273.621315620981,9.86774742112945
0,0.67,1.7,5,0.0669024412627037,5.98045490197634,0.056572781542833,3.74581793658015,272.767798865214,9.84974806136202
0,0.67,1.7,6,0.0802737959932577,5.96486865188424,0.0565663454455557,3.73662809312723,272.098600998951,9.83833688645028
0,0.67,1.7,7,0.0936421086407514,5.95362744938637,0.0565599108125385,3.72996076481211,271.613090891514,9.83379023365177
0,0.67,1.7,8,0.107007380243212,5.94608437278924,0.0565534776432819,3.72543382301681,271.283442208636,9.83507905369255
0,0.67,1.7,9,0.12037682975897,5.9423833971538,0.0565504367606973,3.72320072439987,271.120829555083,9.84251138807334
0,0.67,1.7,10,0.133752033065523,5.94001070673872,0.0565504367606973,3.72178066322509,271.01742171,9.85209383979004
0,0.67,1.7,11,0.147127236372075,5.93776140705513,0.0565504367606973,3.72043716051243,270.919588797694,9.86187624070033
0,0.67,1.7,12,0.160502439678627,5.93754063863367,0.0565504367606973,3.72030796095347,270.910180577671,9.87490147602646
0,0.67,1.7,13,0.173877642985179,5.93754063863367,0.0565504367606973,3.72030796095347,270.910180577671,9.88827667933301
0,0.67,1.7,14,0.187252846291732,5.93754063863367,0.0565504367606973,3.72030796095347,270.910180577671,9.90165188263956
0,0.67,1.7,15,0.200628049598284,5.93754063863367,0.0565504367606973,3.72030796095347,270.910180577671,9.91502708594612
0,0.67,1.7,16,0.214003252904836,5.93754063863367,0.0565504367606973,3.72030796095347,270.910180577671,9.92840228925267
0,0.67,1.7,17,0.227378456211388,5.93754063863367,0.0565504367606973,3.72030796095347,270.910180577671,9.94177749255922
0,0.67,1.7,18,0.240753659517941,5.93754063863367,0.0565504367606973,3.72030796095347,270.910180577671,9.95515269586577
0,0.67,1.7,19,0.254128862824493,5.93754063863367,0.0565504367606973,3.72030796095347,270.910180577671,9.96852789917233
0,0.67,1.7,20,0.267504066131045,5.93754063863367,0.0565504367606973,3.72030796095347,270.910180577671,9.98190310247888
0,0.67,1.7,21,0.280879269437598,5.93754063863367,0.0565504367606973,3.72030796095347,270.910180577671,9.99527830578543
0,0.67,1.7,22,0.29425447274415,5.93754063863367,0.0565504367606973,3.72030796095347,270.910180577671,10.008653509092
0,0.67,1.7,23,0.307629676050702,5.93754063863367,0.0565504367606973,3.72030796095347,270.910180577671,10.0220287123985
0,0.67,1.7,24,0.321004879357254,5.93754063863367,0.0565504367606973,3.72030796095347,270.910180577671,10.0354039157051
0,0.67,1.8,1,0.0133864591513968,6.3714567346523,0.0577178297242759,3.99767160971565,291.107604274979,10.4402326332436
0,0.67,1.8,2,0.0267698710778559,6.19333978559568,0.0577112604288372,3.89006310020724,283.271629122227,10.1678840173096
0,0.67,1.8,3,0.0401502368197408,6.10374604098286,0.0577046926286289,3.83564942812068,279.309264209004,10.0372503985519
0,0.67,1.8,4,0.0535275574169417,6.05169961319406,0.0576981263231409,3.80396009519052,277.001669516146,9.96688539212466
0,0.67,1.8,5,0.0669018339088752,6.02080068523047,0.0576915615118627,3.78544555498909,275.653453862516,9.93083963564029
0,0.67,1.8,6,0.0802730673344851,5.99359683224222,0.0576849981942846,3.76940548105637,274.485427083228,9.90096037882736
0,0.67,1.8,7,0.0936412587322425,5.97399249347416,0.0576784363698966,3.75772961851639,273.635199074605,9.88304180709269
0,0.67,1.8,8,0.107006409140146,5.95795843007699,0.0576718760381893,3.74823663637624,272.94392686467,9.87087335163157
0,0.67,1.8,9,0.120368519595722,5.94350767536944,0.0576653171986535,3.7397415674699,272.325321986904,9.86128307963371
0,0.67,1.8,10,0.133727591136025,5.93152448825866,0.0576587598507801,3.73270894233884,271.813211225056,9.8556197815843
0,0.67,1.8,11,0.147083624797638,5.92196552023882,0.0576522039940603,3.72701888829452,271.398865535177,9.85372023732504
0,0.67,1.8,12,0.160436621616672,5.91427607401017,0.0576456496279854,3.72242488878099,271.064333756936,9.85478323403582
0,0.67,1.8,13,0.173786582628767,5.90812274456332,0.0576390967520473,3.71869248971149,270.792543110431,9.85824091365562
0,0.67,1.8,14,0.187133508869093,5.90259738152705,0.0576325453657376,3.71534941422145,270.549102730172,9.86271284998333
0,0.67,1.8,15,0.20047740137235,5.89820477372507,0.0576259954685487,3.71268365339599,270.354983922218,9.86899182396195
0,0.67,1.8,16,0.213818261172764,5.89493616447651,0.0576194470599727,3.71068356417198,270.209338846989,9.87705743688123
0,0.67,1.8,17,0.227180609625147,5.89305169320442,0.0576191191530996,3.7095447710822,270.126412743873,9.88739619306486
0,0.67,1.8,18,0.240544174897214,5.89305169320442,0.0576191191530996,3.7095447710822,270.126412743873,9.90075975833693
0,0.67,1.8,19,0.253907740169281,5.89305169320442,0.0576191191530996,3.7095447710822,270.126412743873,9.914123323609
0,0.67,1.8,20,0.267271305441349,5.89305169320442,0.0576191191530996,3.7095447710822,270.126412743873,9.92748688888107
0,0.67,1.8,21,0.280634870713416,5.89305169320442,0.0576191191530996,3.7095447710822,270.126412743873,9.94085045415313
0,0.67,1.8,22,0.293998435985484,5.89305169320442,0.0576191191530996,3.7095447710822,270.126412743873,9.9542140194252
0,0.67,1.8,23,0.307362001257551,5.89305169320442,0.0576191191530996,3.7095447710822,270.126412743873,9.96757758469727
0,0.67,1.8,24,0.320725566529619,5.89305169320442,0.0576191191530996,3.7095447710822,270.126412743873,9.98094114996934
0,0.67,1.9,1,0.0133864591513969,6.5491574635109,0.0588289596183525,4.12072909984764,300.068563212515,10.7421019821283
0,0.67,1.9,2,0.0267698710778561,6.33495726285815,0.0588222638569572,3.99096271563153,290.619067377797,10.4115121134245
0,0.67,1.9,3,0.0401502368197411,6.20629252923201,0.0588155696195773,3.91255538772725,284.909501507417,10.2178137233986
0,0.67,1.9,4,0.053527557416942,6.13293475793855,0.0588088769056924,3.86794818931186,281.661237034527,10.113219381573
0,0.67,1.9,5,0.0669018339088756,6.0820989117103,0.0588021857147827,3.83713730407364,279.417610278019,10.0449402354076
0,0.67,1.9,6,0.0802730673344857,6.04094001406239,0.0587954960463282,3.81233062392242,277.611205466957,9.99233920136562
0,0.67,1.9,7,0.0936412587322433,6.01034309804205,0.0587888078998095,3.79388068704562,276.267694181494,9.95665385171972
0,0.67,1.9,8,0.107006409140147,5.98418573343666,0.0587821212747071,3.77820018833493,275.125851414216,9.92817445218645
0,0.67,1.9,9,0.120368519595723,5.9613323453665,0.0587754361705021,3.76442120029929,274.122475302321,9.90489750143201
0,0.67,1.9,10,0.133727591136026,5.94162469142378,0.0587687525866756,3.75242813785063,273.249149021877,9.88654917299711
0,0.67,1.9,11,0.147083624797639,5.92611945195967,0.0587620705227089,3.74312351190201,272.571592775887,9.87508865918203
0,0.67,1.9,12,0.160436621616673,5.91321692549693,0.0587553899780838,3.73530288633772,272.00210038276,9.8677118234294
0,0.67,1.9,13,0.173786582628769,5.90131429779201,0.058748710952282,3.72805719322356,271.474474161875,9.86190678459662
0,0.67,1.9,14,0.187133508869095,5.89076227496292,0.0587420334447857,3.72164137887495,271.007279122654,9.85827919615176
0,0.67,1.9,15,0.200477401372352,5.88137096140409,0.0587353574550772,3.71593513526511,270.591754520124,9.85651885549663
0,0.67,1.9,16,0.213818261172766,5.87263967671982,0.0587286829826392,3.7106307662594,270.205494140534,9.85581738713462
0,0.67,1.9,17,0.227156089304098,5.86564969154559,0.0587220100269543,3.70639435566321,269.897001733008,9.85792214653986
0,0.67,1.9,18,0.240490886799635,5.85900440775635,0.0587153385875056,3.70261935444522,269.62210882834,9.8608299875887
0,0.67,1.9,19,0.253822654692197,5.85309742445843,0.0587086686637765,3.69933241884942,269.382756515265,9.86496116666383
0,0.67,1.9,20,0.267151394014133,5.8479262556724,0.0587020002552504,3.69619802370306,269.154512089262,9.86997767364485
0,0.67,1.9,21,0.280477105797325,5.84281494572528,0.0586953333614111,3.6930689355228,268.926654112757,9.87505632040682
0,0.67,1.9,22,0.293799791073185,5.83869815118469,0.0586886679817425,3.69050092000235,268.739653048417,9.88168753024198
0,0.67,1.9,23,0.307119450872657,5.8352181028328,0.0586820041157289,3.68833217949491,268.58172690664,9.8893517373161
0,0.67,1.9,24,0.320437039667298,5.83221317181192,0.0586755163483141,3.68647840240284,268.446736176831,9.89780413023037
0,0.67,2,1,0.0133864591513969,6.75340726401283,0.0599320926554971,4.25897387082005,310.135449142694,11.0856996866398
0,0.67,2,2,0.0267698710778561,6.51521993876553,0.0599252713383271,4.1143539387038,299.604328510761,10.7162690198855
0,0.67,2,3,0.0401502368197412,6.35860032073161,0.0599184515737501,4.01871567956515,292.640018479086,10.4773846886902
0,0.67,2,4,0.0535275574169422,6.25959387355659,0.059911633361236,3.95832040781929,288.24207773159,10.3313534721541
0,0.67,2,5,0.066901833908876,6.19064174922905,0.0599048167002552,3.91639469188969,285.189076906781,10.2338430917279
0,0.67,2,6,0.0802730673344861,6.13798441942668,0.0598980015902779,3.88438239455566,282.857964175661,10.1625378829071
0,0.67,2,7,0.0936412587322438,6.09381588764449,0.059891188030775,3.85759646510227,280.90743183766,10.1049447995098
0,0.67,2,8,0.107006409140148,6.05749447719992,0.0598843760212173,3.83557202645701,279.303627874888,10.0599572888183
0,0.67,2,9,0.120368519595724,6.02651217352286,0.0598775655610762,3.81678435329395,277.93552287319,10.0235426119736
0,0.67,2,10,0.133727591136027,6.00017104886272,0.059870756649823,3.80084318273814,276.774698167488,9.9946125793867
0,0.67,2,11,0.14708362479764,5.9750775401697,0.0598639492869293,3.78556150865438,275.66189752598,9.96758662290866
0,0.67,2,12,0.160436621616674,5.95257974224523,0.0598571434718672,3.77175580738276,274.656576175234,9.94462931471654
0,0.67,2,13,0.17378658262877,5.93201771160947,0.0598503392041086,3.75916276786825,273.739559991438,9.92481740131061
0,0.67,2,14,0.187133508869097,5.91491119335518,0.0598435364831261,3.74876739674062,272.982576457033,9.91065563544803
0,0.67,2,15,0.200477401372353,5.9008451379385,0.0598367353083923,3.7402469782732,272.362125642253,9.90140625289244
0,0.67,2,16,0.213818261172768,5.88866537851343,0.05982993567938,3.73284431842968,271.823069215739,9.89515789379526
0,0.67,2,17,0.2271560893041,5.87617831759439,0.0598231375955623,3.72593387636575,271.319855737967,9.8890914208598
0,0.67,2,18,0.240490886799637,5.86617224996484,0.0598163410564127,3.71988513997508,270.879391054651,9.88636461779597
0,0.67,2,19,0.253822654692199,5.85615040829961,0.0598095460614046,3.71386807417313,270.441232601086,9.88365068322634
0,0.67,2,20,0.267151394014136,5.84623179543181,0.0598027526100119,3.70787044263373,270.004489336703,9.88105638468969
0,0.67,2,21,0.280477105797328,5.83715476266107,0.0597959607017086,3.70231354911171,269.599840301381,9.87974137827181
0,0.67,2,22,0.293799791073188,5.83015648628738,0.0597891703359692,3.69802049871598,269.287223423923,9.88176594641251
0,0.67,2,23,0.30711945087266,5.82435530982182,0.059782381512268,3.6944185337818,269.024930898413,9.88567567598855
0,0.67,2,24,0.32043608622622,5.81950190632914,0.05977559423008,3.69144863473763,268.808664961615,9.89116222152307
0,0.67,2.1,1,0.0133864591513969,6.95425573003617,0.0610278216653999,4.39450893328968,320.005016026303,11.4231789441426
0,0.67,2.1,2,0.0267698710778561,6.69765444653873,0.0610208756351625,4.23824343217374,308.625873339812,11.0236886254255
0,0.67,2.1,3,0.0401502368197412,6.52740461213887,0.061013931185904,4.13409213908851,301.041650228914,10.762660919233
0,0.67,2.1,4,0.0535275574169422,6.40937454749084,0.0610069883170845,4.06195720836724,295.788835861727,10.5858663015921
0,0.67,2.1,5,0.0669018339088759,6.32785372190704,0.0610000470281646,4.01215374305716,292.162182928111,10.4679093459012
0,0.67,2.1,6,0.0802730673344861,6.26416076698561,0.060993107318605,3.97329160910666,289.332269964813,10.3787185507454
0,0.67,2.1,7,0.0936412587322437,6.21361411060891,0.060986169187867,3.94250003621583,287.090049519711,10.3107415747448
0,0.67,2.1,8,0.107006409140148,6.16868312732832,0.0609792326354116,3.91506114533316,285.091968994686,10.251729914437
0,0.67,2.1,9,0.120368519595724,6.1296931555216,0.0609722976607004,3.89137431720148,283.367111011472,10.2024082899795
0,0.67,2.1,10,0.133727591136027,6.09690951958159,0.0609653642631952,3.87137933059788,281.911090303433,10.1629818055787
0,0.67,2.1,11,0.14708362479764,6.06831336217585,0.060958432442358,3.85385309493293,280.634842283466,10.1302085143488
0,0.67,2.1,12,0.160436621616674,6.04194564501475,0.0609515021976511,3.83770418243667,279.458889957365,10.1010379512657
0,0.67,2.1,13,0.17378658262877,6.0174468465566,0.0609445735285369,3.82271047522371,278.367058858643,10.0748884779376
0,0.67,2.1,14,0.187133508869097,5.99468236286205,0.0609376464344782,3.80881961609735,277.355536373462,10.051573134263
0,0.67,2.1,15,0.200477401372353,5.97367052684082,0.060930720914938,3.79603073581538,276.424259204223,10.0311093849435
0,0.67,2.1,16,0.213818261172768,5.95212485546437,0.0609237969693795,3.78351995248926,275.513232857582,10.0103868660958
0,0.67,2.1,17,0.2271560893041,5.93420815054061,0.0609168745972662,3.77259573882238,274.717739385476,9.99487685326436
0,0.67,2.1,18,0.240490886799637,5.91920269732662,0.0609099537980618,3.7635069339731,274.055899078491,9.98411047189742
0,0.67,2.1,19,0.253822654692199,5.90615303355614,0.0609030345712302,3.75553755847617,273.47557482103,9.97641628129574
0,0.67,2.1,20,0.267151394014135,5.89447635208504,0.0608961169162358,3.74835525290414,272.952564435894,9.97087911591955
0,0.67,2.1,21,0.280477105797328,5.88436850133485,0.0608892008325429,3.74208103808421,272.495680573674,9.96781584604892
0,0.67,2.1,22,0.293799791073188,5.87531198783329,0.0608822863196162,3.73650163840146,272.089392655729,9.96649570362755
0,0.67,2.1,23,0.30711945087266,5.86741902493807,0.0608753733769207,3.73166495375389,271.737188718576,9.96707880294154
0,0.67,2.1,24,0.320436086226219,5.86009698258631,0.0608684620039215,3.72718010134898,271.410604955181,9.96858163216544
0,0.67,2.2,1,0.0133864591513969,7.15862558333863,0.0621166696610148,4.53175788029073,329.999386762918,11.7658865924418
0,0.67,2.2,2,0.026769871077856,6.88892980336658,0.0621095997008894,4.36713378857849,318.011577452162,11.3449430627238
0,0.67,2.2,3,0.0401502368197409,6.7000431471667,0.0621025313499504,4.25142379608957,309.585658068923,11.053719711426
0,0.67,2.2,4,0.0535275574169418,6.56467459353163,0.0620954646076483,4.16840394329091,303.54021141524,10.8487015588471
0,0.67,2.2,5,0.0669018339088753,6.46348451315783,0.0620883994734342,4.1063788397357,299.023587474199,10.6988535862758
0,0.67,2.2,6,0.0802730673344853,6.38700058444157,0.0620813359467591,4.05958219858008,295.615889337658,10.5889371863029
0,0.67,2.2,7,0.0936412587322428,6.32647147567766,0.0620742740270746,4.02253783997588,292.918345482639,10.5047248484129
0,0.67,2.2,8,0.107006409140146,6.27739647613037,0.0620672137138322,3.99241926055033,290.725131943181,10.4388893595347
0,0.67,2.2,9,0.120368519595722,6.23287477052348,0.0620601550064838,3.96529372576946,288.749869786693,10.3805971708952
0,0.67,2.2,10,0.133727591136025,6.18959221993796,0.0620530979044817,3.93879103871602,286.819962958872,10.3241639476945
0,0.67,2.2,11,0.147083624797638,6.15122997484057,0.0620460424072782,3.9152424779198,285.105173504718,10.2756021199653
0,0.67,2.2,12,0.160436621616672,6.11852240833389,0.062038988514326,3.89516146232259,283.642888226532,10.2361594807875
0,0.67,2.2,13,0.173786582628768,6.09049590860371,0.062031936225078,3.87803514736431,282.395762148079,10.2043495748219
0,0.67,2.2,14,0.187133508869094,6.06617559240817,0.0620248855389874,3.86321085963565,281.316268055747,10.1785448464519
0,0.67,2.2,15,0.20047740137235,6.04297667562006,0.0620178364555075,3.8490872009189,280.287793269914,10.1545591143668
0,0.67,2.2,16,0.213818261172765,6.02001119683955,0.0620107889740921,3.83564223359335,279.308740308639,10.1314824805797
0,0.67,2.2,17,0.227156089304096,5.99892271511561,0.062003743094195,3.82282701059019,278.375544881173,10.1109095581041
0,0.67,2.2,18,0.240490886799633,5.97894965362962,0.0619966988152704,3.81075329973363,277.496345841007,10.0921905389782
0,0.67,2.2,19,0.253822654692194,5.96014419573023,0.0619896561367727,3.79928816565521,276.661462929127,10.0752446722144
0,0.67,2.2,20,0.267151394014131,5.94238910485773,0.0619826150581565,3.78836491418981,275.866039523848,10.0598880281198
0,0.67,2.2,21,0.280477105797323,5.92842410458602,0.0619755755788768,3.77985748208939,275.246534367079,10.0507342680516
0,0.67,2.2,22,0.293799791073183,5.91528688878209,0.0619685376983886,3.77185037531435,274.663462544774,10.042905592868
0,0.67,2.2,23,0.307119450872654,5.90231158740987,0.0619615014161474,3.76398053475023,274.090386350352,10.0353730744489
0,0.67,2.2,24,0.320436086226213,5.89018917048172,0.0619544667316087,3.75653536054878,273.548234058521,10.0291150839883
0,0.67,2.3,1,0.0133864591513969,7.37154094733545,0.0631991008345842,4.67388574559268,340.349036861294,12.1220122529141
0,0.67,2.3,2,0.0267698710778561,7.08850768664496,0.0631919076749171,4.50064872727867,327.734040359188,11.6791181926764
0,0.67,2.3,3,0.0401502368197411,6.88488892670138,0.0631847161524776,4.37567726530096,318.63370735268,11.3639011449746
0,0.67,2.3,4,0.053527557416942,6.73268138724205,0.063177526266707,4.2821063591871,311.819940498383,11.1314928301128
0,0.67,2.3,5,0.0669018339088756,6.61633541248695,0.0631703380170464,4.21065580766892,306.616962138172,10.9570633920818
0,0.67,2.3,6,0.0802730673344857,6.52723652292632,0.0631631514029375,4.15596993294823,302.634775622667,10.826642674612
0,0.67,2.3,7,0.0936412587322433,6.45917334351588,0.0631559664238221,4.114211568757,299.593961232459,10.7301821374289
0,0.67,2.3,8,0.107006409140147,6.40063368452773,0.0631487830791424,4.07825971421341,296.975972746364,10.6490485909604
0,0.67,2.3,9,0.120368519595723,6.35004388132138,0.0631416013683407,4.0472497203975,294.717847044795,10.5808037226829
0,0.67,2.3,10,0.133727591136026,6.30426501083633,0.0631344212908597,4.01918169797873,292.673953608624,10.5203087212419
0,0.67,2.3,11,0.147083624797639,6.26371236476567,0.0631272428461421,3.99430012632143,290.862095251336,10.4682233587309
0,0.67,2.3,12,0.160436621616673,6.22504811780691,0.0631200660336312,3.9706117462674,289.137124258241,10.4192165517246
0,0.67,2.3,13,0.173786582628769,6.18874092676033,0.0631128908527702,3.9484954016744,287.526627769699,10.3741358019163
0,0.67,2.3,14,0.187133508869095,6.15597756102676,0.0631057173030029,3.92851992362609,286.072027660786,10.334736710825
0,0.67,2.3,15,0.200477401372352,6.12561383726223,0.0630985453837731,3.90998213155964,284.722118822877,10.299171915578
0,0.67,2.3,16,0.213818261172766,6.09785406281625,0.063091375094525,3.89362179263467,283.530770574562,10.2683854917182
0,0.67,2.3,17,0.227156089304098,6.07439786901598,0.0630842064347028,3.87938262684735,282.493884645976,10.2440207916021
0,0.67,2.3,18,0.240490886799635,6.05431189602372,0.0630770394037514,3.86715856001063,281.603736790238,10.2250383822377
0,0.67,2.3,19,0.253822654692197,6.03567647776559,0.0630698740011155,3.85580665270239,280.777098971258,10.2083756591613
0,0.67,2.3,20,0.267151394014133,6.01821341074115,0.0630627102262403,3.84513794805495,280.000211484281,10.1935654630365
0,0.67,2.3,21,0.280477105797325,6.00223254194175,0.0630555480785712,3.83538487711648,279.289999792974,10.1811500729341
0,0.67,2.3,22,0.293799791073185,5.98765658034781,0.0630483875575539,3.82649162469858,278.642399475005,10.1709963836771
0,0.67,2.3,23,0.307119450872657,5.97377405705631,0.0630412286626342,3.81801108645095,278.024852709476,10.1619458230426
0,0.67,2.3,24,0.320436086226216,5.96149079407172,0.0630340713932583,3.81051846810555,277.479245568815,10.1554794197967
0,0.67,2.4,1,0.0133864591513969,7.57571172059276,0.0642755294223793,4.81040481937681,350.290258749193,12.4637785285433
0,0.67,2.4,2,0.0267698710778561,7.28073353528413,0.0642682137463696,4.62947297160292,337.114930236842,12.0012445917113
0,0.67,2.4,3,0.0401502368197412,7.06406197598649,0.0642608997354732,4.49624783819516,327.413570745158,11.6647209507369
0,0.67,2.4,4,0.0535275574169422,6.89769908187075,0.0642535873891219,4.39376170317773,319.950603260831,11.4092419298545
0,0.67,2.4,5,0.0669018339088759,6.76712913980429,0.0642462767067475,4.31340605274055,314.099161928863,11.2116833031605
0,0.67,2.4,6,0.080273067334486,6.6674432585265,0.064238967687782,4.25212603563559,309.636794653372,11.0640813291844
0,0.67,2.4,7,0.0936412587322436,6.59248247008847,0.0642316603316578,4.20598500462665,306.276837581574,10.956340393779
0,0.67,2.4,8,0.107006409140147,6.52745336491344,0.0642243546378075,4.16598051852972,303.363739347185,10.8646646472211
0,0.67,2.4,9,0.120368519595724,6.46992965757342,0.064217050605664,4.13063743411685,300.790081069174,10.7851526618917
0,0.67,2.4,10,0.133727591136027,6.42101663039313,0.0642097482346604,4.10058664347783,298.601803860952,10.7195406132416
0,0.67,2.4,11,0.14708362479764,6.37759007160596,0.0642024475242301,4.07398385391052,296.664607639244,10.6628599978383
0,0.67,2.4,12,0.160436621616674,6.33652665238193,0.0641951484738067,4.04883914403069,294.833587743683,10.6099975665031
0,0.67,2.4,13,0.17378658262877,6.29771803090998,0.0641878510828241,4.02503226651689,293.099987849819,10.5607247311385
0,0.67,2.4,14,0.187133508869096,6.26063035878316,0.0641805553507165,4.0022144191608,291.438408428838,10.5141588421638
0,0.67,2.4,15,0.200477401372353,6.22580722682179,0.0641732612769183,3.98104998614439,289.897229464495,10.4715078756154
0,0.67,2.4,16,0.213818261172767,6.19357437078526,0.0641659688608641,3.96173295564749,288.490577038119,10.4332915564664
0,0.67,2.4,17,0.227156089304099,6.16556090977666,0.0641586781019889,3.94461059218307,287.24373870464,10.4014862693658
0,0.67,2.4,18,0.240490886799636,6.13986678106058,0.0641513889997278,3.92891138105984,286.100533312785,10.3734204379198
0,0.67,2.4,19,0.253822654692198,6.11775093768899,0.0641441015535163,3.91536314444636,285.113960355388,10.3510808383811
0,0.67,2.4,20,0.267151394014135,6.09818063618502,0.0641368157627901,3.90339437631788,284.242403170066,10.3328632222798
0,0.67,2.4,21,0.280477105797327,6.08166168091976,0.0641295316269851,3.8932865611386,283.506359255368,10.3195548794827
0,0.67,2.4,22,0.293799791073187,6.06643252495042,0.0641222491455376,3.8839564427388,282.826946667209,10.3083110079079
0,0.67,2.4,23,0.307119450872659,6.05185614029883,0.0641149683178839,3.87499868124392,282.17464884412,10.2980892407333
0,0.67,2.4,24,0.320436086226218,6.03944525500209,0.064107689143461,3.86743454484427,281.623833809598,10.291423575216
0,0.67,2.5,1,0.0133864591513969,7.79171228111774,0.0653463269223093,4.9538811757883,360.738105011388,12.8243262429797
0,0.67,2.5,2,0.026769871077856,7.48668042414508,0.0653388893708725,4.76643330141381,347.088284074876,12.3452224860076
0,0.67,2.5,3,0.040150236819741,7.26337046772272,0.0653314535122892,4.62879472128764,337.065540531119,11.9976468793424
0,0.67,2.5,4,0.0535275574169419,7.08295728918275,0.0653240193459814,4.51747027804881,328.958973726147,11.7192791439945
0,0.67,2.5,5,0.0669018339088754,6.94222157374432,0.0653165868713715,4.43074888225616,322.643983343438,11.5051888767807
0,0.67,2.5,6,0.0802730673344854,6.82998995137396,0.0653091560878822,4.36161779901944,317.609907014341,11.3371899738158
0,0.67,2.5,7,0.0936412587322429,6.7450682004238,0.0653017269949361,4.30921528279639,313.793993041167,11.2132264689474
0,0.67,2.5,8,0.107006409140147,6.67517871389302,0.0652942995919567,4.26626872365773,310.666655139694,11.1137481462829
0,0.67,2.5,9,0.120368519595723,6.61346287554459,0.0652868738783672,4.22834747410896,307.905256709561,11.0274657431276
0,0.67,2.5,10,0.133727591136026,6.56037775834788,0.0652794498535914,4.19573418113044,305.530379902916,10.9551189804679
0,0.67,2.5,11,0.147083624797638,6.51318816445391,0.0652720275170532,4.16674814145735,303.419637102996,10.892291958226
0,0.67,2.5,12,0.160436621616672,6.47002348810326,0.0652646068681767,4.14017747717121,301.484780221422,10.8359021937593
0,0.67,2.5,13,0.173786582628768,6.43111917768947,0.0652571879063865,4.11624343421314,299.741920230319,10.7864063824378
0,0.67,2.5,14,0.187133508869094,6.39432824316413,0.0652497706311073,4.09361368341681,298.094037867083,10.7403252060811
0,0.67,2.5,15,0.20047740137235,6.36010643982074,0.0652423550417641,4.072983998437,296.591798874559,10.6988101946719
0,0.67,2.5,16,0.213818261172765,6.32761859692651,0.065234941137782,4.05326117416196,295.155596833779,10.659932973399
0,0.67,2.5,17,0.227156089304096,6.29785153285745,0.0652275289185867,4.03500307160684,293.826054787226,10.625238222687
0,0.67,2.5,18,0.240490886799633,6.2698261167073,0.0652201183836039,4.01782629345248,292.575254014715,10.593363415343
0,0.67,2.5,19,0.253822654692195,6.24519498050087,0.0652127095322597,4.00268899683125,291.472966837375,10.5669193415566
0,0.67,2.5,20,0.267151394014131,6.22257762494208,0.0652053023639802,3.9887814400541,290.460228441136,10.5437157613743
0,0.67,2.5,21,0.280477105797323,6.2015810262004,0.0651978968781921,3.97580568470226,289.515343162176,10.5230617135782
0,0.67,2.5,22,0.293799791073183,6.18297595714955,0.0651904930743222,3.96427490177638,288.675679747901,10.5062411430734
0,0.67,2.5,23,0.307119450872655,6.16776759032745,0.0651830909517976,3.95488783629313,287.992120313614,10.494957968445
0,0.67,2.5,24,0.320436086226214,6.15405891409939,0.0651756905100456,3.94646391226252,287.378696155115,10.4861346030982
0,0.68,1.5,1,0.0133872753799007,6.06435786580714,0.0545885813424749,3.70550490014728,269.832232214741,9.83783862267679
0,0.68,1.5,2,0.0267745507598014,6.05968924190128,0.0545885813424749,3.70279374257613,269.634807648043,9.84384611657968
0,0.68,1.5,3,0.0401618261397021,6.05968924190128,0.0545885813424749,3.70279374257613,269.634807648043,9.85723339195959
0,0.68,1.5,4,0.0535491015196027,6.05968924190128,0.0545885813424749,3.70279374257613,269.634807648043,9.87062066733949
0,0.68,1.5,5,0.0669363768995034,6.05968924190128,0.0545885813424749,3.70279374257613,269.634807648043,9.88400794271939
0,0.68,1.5,6,0.0803236522794041,6.05968924190128,0.0545885813424749,3.70279374257613,269.634807648043,9.89739521809929
0,0.68,1.5,7,0.0937109276593048,6.05968924190128,0.0545885813424749,3.70279374257613,269.634807648043,9.91078249347919
0,0.68,1.5,8,0.107098203039205,6.05968924190128,0.0545885813424749,3.70279374257613,269.634807648043,9.92416976885909
0,0.68,1.5,9,0.120485478419106,6.05968924190128,0.0545885813424749,3.70279374257613,269.634807648043,9.93755704423899
0,0.68,1.5,10,0.133872753799007,6.05968924190128,0.0545885813424749,3.70279374257613,269.634807648043,9.95094431961889
0,0.68,1.5,11,0.147260029178908,6.05968924190128,0.0545885813424749,3.70279374257613,269.634807648043,9.96433159499879
0,0.68,1.5,12,0.160647304558808,6.05968924190128,0.0545885813424749,3.70279374257613,269.634807648043,9.97771887037869
0,0.68,1.5,13,0.174034579938709,6.05968924190128,0.0545885813424749,3.70279374257613,269.634807648043,9.99110614575859
0,0.68,1.5,14,0.18742185531861,6.05968924190128,0.0545885813424749,3.70279374257613,269.634807648043,10.0044934211385
0,0.68,1.5,15,0.20080913069851,6.05968924190128,0.0545885813424749,3.70279374257613,269.634807648043,10.0178806965184
0,0.68,1.5,16,0.214196406078411,6.05968924190128,0.0545885813424749,3.70279374257613,269.634807648043,10.0312679718983
0,0.68,1.5,17,0.227583681458312,6.05968924190128,0.0545885813424749,3.70279374257613,269.634807648043,10.0446552472782
0,0.68,1.5,18,0.240970956838212,6.05968924190128,0.0545885813424749,3.70279374257613,269.634807648043,10.0580425226581
0,0.68,1.5,19,0.254358232218113,6.05968924190128,0.0545885813424749,3.70279374257613,269.634807648043,10.071429798038
0,0.68,1.5,20,0.267745507598014,6.05968924190128,0.0545885813424749,3.70279374257613,269.634807648043,10.0848170734179
0,0.68,1.5,21,0.281132782977914,6.05968924190128,0.0545885813424749,3.70279374257613,269.634807648043,10.0982043487978
0,0.68,1.5,22,0.294520058357815,6.05968924190128,0.0545885813424749,3.70279374257613,269.634807648043,10.1115916241777
0,0.68,1.5,23,0.307907333737716,6.05968924190128,0.0545885813424749,3.70279374257613,269.634807648043,10.1249788995576
0,0.68,1.5,24,0.321294609117616,6.05968924190128,0.0545885813424749,3.70279374257613,269.634807648043,10.1383661749375
0,0.68,1.6,1,0.013386459151397,6.12841858436404,0.0557393498936041,3.76443020252959,274.12313083833,9.96197459593862
0,0.68,1.6,2,0.0267701991238084,6.06767635216487,0.0557336887524769,3.72843900751009,271.502277606751,9.87861924755125
0,0.68,1.6,3,0.0401552986857125,6.04689766348757,0.0557336887524769,3.71631165646087,270.619172525893,9.85909830738662
0,0.68,1.6,4,0.0535403982476168,6.03103501314096,0.055733688752477,3.70712592517898,269.950274105001,9.84743502532004
0,0.68,1.6,5,0.0669238713676932,6.02539622525405,0.0557323342970666,3.70379967256822,269.708058754851,9.85185210348704
0,0.68,1.6,6,0.0803086456412319,6.02282279544822,0.0557323342970666,3.70230657346725,269.599332339912,9.86117034885378
0,0.68,1.6,7,0.0936934199147706,6.02119090588826,0.0557323342970666,3.70136802497135,269.530987905748,9.87198468507145
0,0.68,1.6,8,0.107078194188309,6.02119090588826,0.0557323342970666,3.70136802497135,269.530987905748,9.88536945934499
0,0.68,1.6,9,0.120462968461848,6.02119090588826,0.0557323342970666,3.70136802497135,269.530987905748,9.89875423361853
0,0.68,1.6,10,0.133847742735387,6.02119090588826,0.0557323342970666,3.70136802497135,269.530987905748,9.91213900789206
0,0.68,1.6,11,0.147232517008925,6.02119090588826,0.0557323342970666,3.70136802497135,269.530987905748,9.9255237821656
0,0.68,1.6,12,0.160617291282464,6.02119090588826,0.0557323342970666,3.70136802497135,269.530987905748,9.93890855643914
0,0.68,1.6,13,0.174002065556002,6.02119090588826,0.0557323342970666,3.70136802497135,269.530987905748,9.95229333071268
0,0.68,1.6,14,0.187386839829541,6.02119090588826,0.0557323342970666,3.70136802497135,269.530987905748,9.96567810498622
0,0.68,1.6,15,0.20077161410308,6.02119090588826,0.0557323342970666,3.70136802497135,269.530987905748,9.97906287925976
0,0.68,1.6,16,0.214156388376618,6.02119090588826,0.0557323342970666,3.70136802497135,269.530987905748,9.9924476535333
0,0.68,1.6,17,0.227541162650157,6.02119090588826,0.0557323342970666,3.70136802497135,269.530987905748,10.0058324278068
0,0.68,1.6,18,0.240925936923696,6.02119090588826,0.0557323342970666,3.70136802497135,269.530987905748,10.0192172020804
0,0.68,1.6,19,0.254310711197234,6.02119090588826,0.0557323342970666,3.70136802497135,269.530987905748,10.0326019763539
0,0.68,1.6,20,0.267695485470773,6.02119090588826,0.0557323342970666,3.70136802497135,269.530987905748,10.0459867506274
0,0.68,1.6,21,0.281080259744312,6.02119090588826,0.0557323342970666,3.70136802497135,269.530987905748,10.059371524901
0,0.68,1.6,22,0.29446503401785,6.02119090588826,0.0557323342970666,3.70136802497135,269.530987905748,10.0727562991745
0,0.68,1.6,23,0.307849808291389,6.02119090588826,0.0557323342970666,3.70136802497135,269.530987905748,10.0861410734481
0,0.68,1.6,24,0.321234582564928,6.02119090588826,0.0557323342970666,3.70136802497135,269.530987905748,10.0995258477216
0,0.68,1.7,1,0.0133864591513969,6.26973791517042,0.0568830177670807,3.86640734409254,281.549033781197,10.2064147361814
0,0.68,1.7,2,0.0267698710778559,6.13334939940587,0.0568765434877991,3.7853208917547,275.644375974423,10.0023167057262
0,0.68,1.7,3,0.0401502368197408,6.07286069813274,0.0568700706821215,3.749296456354,273.021102201918,9.91917746198859
0,0.68,1.7,4,0.0535275574169416,6.04419571729029,0.056863599349545,3.73240011316908,271.790722504492,9.88698698722586
0,0.68,1.7,5,0.0669018339088751,6.02282935448178,0.0568571294895666,3.71982534047518,270.875036497586,9.86641365835541
0,0.68,1.7,6,0.080273067334485,6.00482700488662,0.0568506611016838,3.70940198208954,270.116014950951,9.85135271541233
0,0.68,1.7,7,0.0936412587322424,5.99016489628043,0.0568441941853942,3.7009395017301,269.499783148,9.84158985092817
0,0.68,1.7,8,0.107006409140146,5.97998079764281,0.0568377287401957,3.69494860925092,269.063530617191,9.83877354477407
0,0.68,1.7,9,0.120368519595722,5.97240368493337,0.0568312647655863,3.69046171413571,268.736798105084,9.84006518343039
0,0.68,1.7,10,0.133727591136025,5.96746927030486,0.0568248022610644,3.68749681157094,268.520896008363,9.84551847527289
0,0.68,1.7,11,0.147099958472364,5.96506430668155,0.0568246509176755,3.68608754395068,268.418274142245,9.85507646002227
0,0.68,1.7,12,0.160472681969852,5.96267922433813,0.0568246509176755,3.68469564696325,268.316917193259,9.8646722041889
0,0.68,1.7,13,0.17384540546734,5.96171816689776,0.0568246509176755,3.68413598485821,268.27616299669,9.87652420814099
0,0.68,1.7,14,0.187218128964827,5.96171816689776,0.0568246509176755,3.68413598485821,268.27616299669,9.88989693163848
0,0.68,1.7,15,0.200590852462315,5.96171816689776,0.0568246509176755,3.68413598485821,268.27616299669,9.90326965513596
0,0.68,1.7,16,0.213963575959803,5.96171816689776,0.0568246509176755,3.68413598485821,268.27616299669,9.91664237863345
0,0.68,1.7,17,0.22733629945729,5.96171816689776,0.0568246509176755,3.68413598485821,268.27616299669,9.93001510213094
0,0.68,1.7,18,0.240709022954778,5.96171816689776,0.0568246509176755,3.68413598485821,268.27616299669,9.94338782562843
0,0.68,1.7,19,0.254081746452266,5.96171816689776,0.0568246509176755,3.68413598485821,268.27616299669,9.95676054912592
0,0.68,1.7,20,0.267454469949753,5.96171816689776,0.0568246509176755,3.68413598485821,268.27616299669,9.9701332726234
0,0.68,1.7,21,0.280827193447241,5.96171816689776,0.0568246509176755,3.68413598485821,268.27616299669,9.98350599612089
0,0.68,1.7,22,0.294199916944729,5.96171816689776,0.0568246509176755,3.68413598485821,268.27616299669,9.99687871961838
0,0.68,1.7,23,0.307572640442216,5.96171816689776,0.0568246509176755,3.68413598485821,268.27616299669,10.0102514431159
0,0.68,1.7,24,0.320945363939704,5.96171816689776,0.0568246509176755,3.68413598485821,268.27616299669,10.0236241666134
0,0.68,1.8,1,0.0133864591513969,6.45664790321545,0.0580171645372368,3.99371196843151,290.819266011973,10.5217634953356
0,0.68,1.8,2,0.0267698710778561,6.26716410440642,0.0580105611722769,3.88082089463438,282.598618283619,10.2327654312909
0,0.68,1.8,3,0.0401502368197411,6.16591935534887,0.0580039593103021,3.82021505626999,278.185344224676,10.0842886077489
0,0.68,1.8,4,0.053527557416942,6.1079162942261,0.0579973589507993,3.78541837800414,275.651474853795,10.004859588598
0,0.68,1.8,5,0.0669018339088756,6.0710918425085,0.0579907600932556,3.76357039831405,274.060520506676,9.95955483482469
0,0.68,1.8,6,0.0802730673344857,6.04191031700413,0.0579841627371586,3.74653381944674,272.819928946566,9.92670136652252
0,0.68,1.8,7,0.0936412587322433,6.01934868807074,0.0579775668819957,3.73324407807762,271.852179429073,9.9042115917626
0,0.68,1.8,8,0.107006409140147,6.00086717603788,0.0579709725272548,3.72242035711879,271.064003764517,9.88826491482408
0,0.68,1.8,9,0.120368519595723,5.9859376860122,0.057964379672424,3.71372098332047,270.430521549778,9.87799156860082
0,0.68,1.8,10,0.133727591136026,5.97198886252103,0.0579577883169916,3.70560118898775,269.839243899643,9.86927543096181
0,0.68,1.8,11,0.147083624797639,5.96097354537161,0.0579511984604461,3.69920535277721,269.373503654231,9.86521372140691
0,0.68,1.8,12,0.160436621616673,5.9508350350547,0.0579446101022765,3.69331401188979,268.944500399552,9.86253027866344
0,0.68,1.8,13,0.173786582628769,5.94342975547636,0.0579380232419716,3.68887650926888,268.621364613762,9.86403087061599
0,0.68,1.8,14,0.187133508869095,5.93726584279786,0.0579314378790207,3.68520277569978,268.353845947284,9.86753356524576
0,0.68,1.8,15,0.200477401372352,5.9317760209571,0.0579248540129133,3.68191961647444,268.114768626821,9.87209789281681
0,0.68,1.8,16,0.213818261172766,5.92662972537859,0.0579182716431391,3.6788308083206,267.889843813202,9.8771970665151
0,0.68,1.8,17,0.227156089304098,5.92320934995084,0.057911690769188,3.67678179763193,267.740636311699,9.88505892765606
0,0.68,1.8,18,0.240498678066207,5.92024889236105,0.057906987362504,3.67500655503532,267.611364408012,9.89366111282509
0,0.68,1.8,19,0.253859715736552,5.91938978344771,0.057906987362504,3.67449482761338,267.574100780984,9.90565131416015
0,0.68,1.8,20,0.267220753406897,5.91938978344771,0.057906987362504,3.67449482761338,267.574100780984,9.9190123518305
0,0.68,1.8,21,0.280581791077242,5.91938978344771,0.057906987362504,3.67449482761338,267.574100780984,9.93237338950084
0,0.68,1.8,22,0.293942828747587,5.91938978344771,0.057906987362504,3.67449482761338,267.574100780984,9.94573442717119
0,0.68,1.8,23,0.307303866417932,5.91938978344771,0.057906987362504,3.67449482761338,267.574100780984,9.95909546484153
0,0.68,1.8,24,0.320664904088277,5.91938978344771,0.057906987362504,3.67449482761338,267.574100780984,9.97245650251187
0,0.68,1.9,1,0.0133864591513969,6.63892673320752,0.05914257352851,4.11779712398225,299.855058814632,10.8292528898697
0,0.68,1.9,2,0.0267698710778562,6.41624292572396,0.0591358420723834,3.98478979166411,290.169559443439,10.4869384305383
0,0.68,1.9,3,0.0401502368197413,6.2779584528354,0.0591291121483965,3.90170682289308,284.119516729523,10.2789446246966
0,0.68,1.9,4,0.0535275574169423,6.19860319158479,0.0591223837560265,3.85409606346406,280.652535079152,10.1653491962218
0,0.68,1.9,5,0.066901833908876,6.14473143704144,0.0591156568947504,3.8218935656238,278.3075720824,10.0926424934689
0,0.68,1.9,6,0.0802730673344862,6.09953562495619,0.0591089315640456,3.79500160599837,276.349318702659,10.0339192298531
0,0.68,1.9,7,0.0936412587322439,6.0655545675783,0.05910220776339,3.77476572223578,274.875756034781,9.99306375630971
0,0.68,1.9,8,0.107006409140148,6.03744365452965,0.0590954854922613,3.75811127153389,273.662990775983,9.96165682069594
0,0.68,1.9,9,0.120368519595724,6.01276692125849,0.0590887647501378,3.74345275730939,272.59556819236,9.93567696291374
0,0.68,1.9,10,0.133727591136027,5.99154877406961,0.0590820455364978,3.73071686939621,271.668149889738,9.91507528013835
0,0.68,1.9,11,0.14708362479764,5.97265913430924,0.05907532785082,3.71943360351842,270.846510490919,9.89825169047612
0,0.68,1.9,12,0.160436621616675,5.95829190679942,0.0590686116925832,3.71079631887501,270.217549564295,9.88859345898369
0,0.68,1.9,13,0.17378658262877,5.94568643739674,0.0590618970612666,3.70323609046977,269.667019107149,9.88177100755655
0,0.68,1.9,14,0.187133508869097,5.93406694652835,0.0590551839563494,3.69627825970074,269.160354817565,9.87653389905454
0,0.68,1.9,15,0.200477401372353,5.92359019530492,0.0590484723773113,3.68999670324772,268.702936342843,9.87311277230231
0,0.68,1.9,16,0.213818261172768,5.91410283156827,0.0590417623236321,3.68431394015468,268.289121574853,9.87127679521936
0,0.68,1.9,17,0.2271560893041,5.90485674128301,0.0590350537947918,3.67878640637054,267.886610494768,9.86983429075243
0,0.68,1.9,18,0.240490886799637,5.89728878925193,0.0590283467902707,3.67461374351737,267.582760152564,9.87142176635921
0,0.68,1.9,19,0.253822654692199,5.89040499051513,0.0590216413095493,3.67090317011416,267.312558835559,9.87415245663104
0,0.68,1.9,20,0.267151394014136,5.88442396114616,0.0590149373521084,3.66735759304834,267.054372434532,9.87794788556075
0,0.68,1.9,21,0.280477105797328,5.87934335396945,0.059008234917429,3.66427712486567,266.830054931682,9.88310581954988
0,0.68,1.9,22,0.293799791073188,5.87430103460534,0.0590015340049924,3.66120182733787,266.606113952245,9.88830418702139
0,0.68,1.9,23,0.307119450872661,5.86964590538977,0.0589948346142799,3.65838584022168,266.40105577261,9.89414603109839
0,0.68,1.9,24,0.32043608622622,5.86559741962472,0.0589881367447732,3.65593309244474,266.222448423397,9.90095473504045
0,0.68,2,1,0.0133864591513969,6.84882422190995,0.0602599262058469,4.25748583947808,310.027091758362,11.1799564467453
0,0.68,2,2,0.026769871077856,6.60287544467917,0.0602530675755025,4.11023391733679,299.30431148415,10.8001323006693
0,0.68,2,3,0.0401502368197409,6.43957402271474,0.0602462105062438,4.01191816306984,292.145028160932,10.5518886331106
0,0.68,2,4,0.0535275574169418,6.33349459866961,0.060239354997538,3.9481119285605,287.498703530194,10.3953734396446
0,0.68,2,5,0.0669018339088753,6.26083584402712,0.0602325010488524,3.90452846249364,284.32498651905,10.2924986414785
0,0.68,2,6,0.0802730673344853,6.20466241924496,0.0602256486596545,3.87082917303299,281.87102822072,10.2159903082721
0,0.68,2,7,0.0936412587322428,6.15790387841562,0.0602187978294122,3.84285527583101,279.833988915913,10.1546192108083
0,0.68,2,8,0.107006409140146,6.11878850994922,0.0602119485575935,3.81943011454553,278.128185326394,10.1054369821925
0,0.68,2,9,0.120368519595722,6.08564885115456,0.0602051008436668,3.7996504282599,276.687842634431,10.0658728998538
0,0.68,2,10,0.133727591136025,6.05713131485956,0.0601982546871005,3.7826205635484,275.447739994374,10.0336777242311
0,0.68,2,11,0.147083624797638,6.03126660342552,0.0601914100873634,3.76705692425094,274.31440684648,10.0055985625615
0,0.68,2,12,0.160436621616672,6.00734406639342,0.0601845670439247,3.752577028945,273.259991165507,9.98054228399901
0,0.68,2,13,0.173786582628767,5.98536296874241,0.0601777255562534,3.73930862970136,272.293795766418,9.95863590662879
0,0.68,2,14,0.187133508869094,5.96535223034828,0.0601708856238191,3.72731032049074,271.420087420498,9.93996694533194
0,0.68,2,15,0.20047740137235,5.94904597385871,0.0601640472460917,3.71761761014942,270.71427114496,9.92730503262657
0,0.68,2,16,0.213818261172764,5.93606818672482,0.060157210422541,3.70988282815152,270.151029819303,9.91992648647165
0,0.68,2,17,0.227156089304096,5.92299480173996,0.0601503751526372,3.70270341206596,269.628229844517,9.91300467826265
0,0.68,2,18,0.240490886799633,5.91162527390974,0.060143541435851,3.6958872974671,269.131885225686,9.90814699961232
0,0.68,2,19,0.253822654692194,5.90160614923988,0.0601367092716529,3.68994755423889,268.699357346965,9.90551306744262
0,0.68,2,20,0.267151394014131,5.89170259168627,0.0601298786595138,3.68402687216574,268.268217488003,9.90301073652566
0,0.68,2,21,0.280477105797322,5.88189370092688,0.0601230495989051,3.67812515964128,267.838458978089,9.90061901596438
0,0.68,2,22,0.293799791073182,5.87283938117809,0.0601162220892982,3.67265968572832,267.4404670537,9.89941508006889
0,0.68,2,23,0.307119450872654,5.86584003482916,0.0601093961301646,3.6684202061469,267.131751164851,9.90148908797888
0,0.68,2,24,0.320436086226213,5.8600277391489,0.0601025717209763,3.66496144179661,266.879886404044,9.9055278388927
0,0.68,2.1,1,0.0133864591513969,7.05094972030642,0.0613698198066551,4.39189925563669,319.814981155093,11.5176052549012
0,0.68,2.1,2,0.0267698710778561,6.78512997749726,0.0613628348510659,4.23232199366452,308.194678397713,11.1055846770907
0,0.68,2.1,3,0.0401502368197411,6.60383196864826,0.0613558514853151,4.1229791206351,300.232408126493,10.8283171775884
0,0.68,2.1,4,0.053527557416942,6.47682801675593,0.0613488697088602,4.04641920576981,294.657369560102,10.6381236496515
0,0.68,2.1,5,0.0669018339088756,6.3871858731905,0.0613418895211587,3.99240092981156,290.723797111817,10.5078305264321
0,0.68,2.1,6,0.0802730673344857,6.3171740917815,0.0613349109216682,3.95025527554249,287.654780533503,10.4090373455801
0,0.68,2.1,7,0.0936412587322432,6.26249575785477,0.0613279339098468,3.91738635234044,285.261288915734,10.3348513028373
0,0.68,2.1,8,0.107006409140147,6.21621668766776,0.0613209584851528,3.88945800228628,283.227566321847,10.2740020575793
0,0.68,2.1,9,0.120368519595723,6.17272166860047,0.0613139846470446,3.86340736297372,281.330577289112,10.217811535817
0,0.68,2.1,10,0.133727591136026,6.13474401466601,0.061307012394981,3.84055352576321,279.66637711252,10.1703321439602
0,0.68,2.1,11,0.147083624797639,6.10233354833664,0.061300041728421,3.82095818226186,278.239458131041,10.1316753971246
0,0.68,2.1,12,0.160436621616673,6.07495606524355,0.0612930726468239,3.80442268119062,277.035354699775,10.1011084406977
0,0.68,2.1,13,0.173786582628769,6.04916003282912,0.0612861051496491,3.78887691732572,275.903323228171,10.0731096379333
0,0.68,2.1,14,0.187133508869095,6.02383795583881,0.0612791392363563,3.77368789376272,274.797269331708,10.045938497707
0,0.68,2.1,15,0.200477401372351,6.00145432438864,0.0612721749064056,3.76026817751215,273.820055135761,10.0234720781795
0,0.68,2.1,16,0.213818261172766,5.97955700840766,0.0612652121592571,3.74772483605508,272.906657929173,10.0023653177948
0,0.68,2.1,17,0.227156089304098,5.95939944066035,0.0612582509943714,3.7355299240643,272.018633108586,9.98334370502312
0,0.68,2.1,18,0.240490886799635,5.93946712991851,0.0612512914112091,3.72356681720065,271.147488172544,9.96477612533
0,0.68,2.1,19,0.253822654692196,5.92322420648807,0.0612443334092312,3.71375486690299,270.432988928165,9.95204606149248
0,0.68,2.1,20,0.267151394014133,5.9092739363924,0.061237376987899,3.70529345417984,269.81683486973,9.94295616157427
0,0.68,2.1,21,0.280477105797325,5.89664163364998,0.0612304221466738,3.69750011788797,269.249329662018,9.93584927948195
0,0.68,2.1,22,0.293799791073185,5.88570394951437,0.0612234688850173,3.69077720660957,268.759772042715,9.93150441608214
0,0.68,2.1,23,0.307119450872657,5.8774844625204,0.0612165172023916,3.68578152755381,268.395990245802,9.93160195814925
0,0.68,2.1,24,0.320436086226216,5.87005175349774,0.0612095670982587,3.68127898561303,268.068118342982,9.93297639243525
0,0.68,2.2,1,0.0133864591513969,7.25905384127204,0.0624727812325134,4.52950714104935,329.835489531636,11.8644202227053
0,0.68,2.2,2,0.0267698710778561,6.98168869486861,0.0624656707406819,4.36256240130419,317.678692281104,11.4334866379913
0,0.68,2.2,3,0.0401502368197412,6.78461989173118,0.062458561867262,4.2435331972923,309.011070274722,11.1307618877105
0,0.68,2.2,4,0.0535275574169422,6.6405893750133,0.0624514546117013,4.15643009451058,302.668284260463,10.9129984815525
0,0.68,2.2,5,0.0669018339088759,6.53226444294581,0.0624443489734477,4.09094506980848,297.899711321509,10.7525556956366
0,0.68,2.2,6,0.080273067334486,6.44896484219952,0.062437244951949,4.04065587928596,294.237688223273,10.6323310337719
0,0.68,2.2,7,0.0936412587322436,6.38367298531318,0.0624301425466536,4.00124950796321,291.368144281481,10.5409938945553
0,0.68,2.2,8,0.107006409140147,6.33021816049859,0.0624230417570099,3.96893309460954,289.014886038037,10.4685807060053
0,0.68,2.2,9,0.120368519595724,6.28401842886134,0.0624159425824669,3.94114570848882,286.991428337557,10.4079485995284
0,0.68,2.2,10,0.133727591136027,6.24048620790674,0.0624088450224735,3.91485870046621,285.077227103413,10.3514813445315
0,0.68,2.2,11,0.14708362479764,6.19876160745824,0.0624017490764789,3.889582061646,283.236600236216,10.2978290429784
0,0.68,2.2,12,0.160436621616674,6.16341631334432,0.0623946547439327,3.86820614967283,281.680021524603,10.2544537393777
0,0.68,2.2,13,0.17378658262877,6.13152724384386,0.0623875620242847,3.84900698705225,280.281952153177,10.2167083755492
0,0.68,2.2,14,0.187133508869096,6.10351219709754,0.0623804709169848,3.83222953904425,279.060230318,10.1852557159279
0,0.68,2.2,15,0.200477401372353,6.07905096979546,0.0623733814214834,3.817566875173,277.99250556005,10.1594686277623
0,0.68,2.2,16,0.213818261172768,6.05505740979477,0.062366293537231,3.80376786377473,276.987671361124,10.1350098282795
0,0.68,2.2,17,0.227156089304099,6.03371865114407,0.0623592072636783,3.79101865720126,276.059283203131,10.1142526049131
0,0.68,2.2,18,0.240490886799636,6.01303802109948,0.0623521226002764,3.77867749599763,275.160608618848,10.094558526497
0,0.68,2.2,19,0.253822654692198,5.99430240552359,0.0623450395464765,3.7674042723799,274.339700490266,10.0778743721422
0,0.68,2.2,20,0.267151394014135,5.97697433662977,0.0623379581017302,3.7569354568397,273.577368785957,10.0633991455853
0,0.68,2.2,21,0.280477105797327,5.96041840937992,0.0623308782654892,3.74696717250716,272.851485408312,10.0501935659499
0,0.68,2.2,22,0.293799791073188,5.94631723975278,0.0623238000372056,3.73851875023526,272.2362773053,10.0409595810984
0,0.68,2.2,23,0.30711945087266,5.9333679031151,0.0623167234163317,3.73078724320755,271.673274460643,10.0335913206116
0,0.68,2.2,24,0.320436086226219,5.921017206492,0.0623096484023198,3.72334876694658,271.131609908077,10.0271117080671
0,0.68,2.3,1,0.0133864591513969,7.47716935209177,0.0635692781269548,4.67279195087191,340.269387507416,12.226917040242
0,0.68,2.3,2,0.026769871077856,7.18602791348238,0.0635620428346571,4.49707951790861,327.474133070568,11.7734393453035
0,0.68,2.3,3,0.040150236819741,6.9754311376098,0.0635548091891767,4.36964023249004,318.194094915719,11.4487764161088
0,0.68,2.3,4,0.0535275574169419,6.81508462154718,0.0635475771899517,4.27245479215886,311.117120249651,11.2046145483129
0,0.68,2.3,5,0.0669018339088754,6.69289551767173,0.06354034683642,4.19845547330112,305.728542463946,11.0217931717181
0,0.68,2.3,6,0.0802730673344854,6.59740465281293,0.0635331181280198,4.14064775574196,301.519025572575,10.8818585940174
0,0.68,2.3,7,0.0936412587322429,6.52483610629902,0.06352589106419,4.09675421464815,298.322729118432,10.7787574707436
0,0.68,2.3,8,0.107006409140147,6.46347913977634,0.0635186656443692,4.05956631035102,295.614732368114,10.6935705249119
0,0.68,2.3,9,0.120368519595723,6.40916634270325,0.0635114418679966,4.02675088073685,293.225136115381,10.6197971849038
0,0.68,2.3,10,0.133727591136026,6.36235176058262,0.0635042197345115,3.99844403584697,291.163851796667,10.5580276073001
0,0.68,2.3,11,0.147083624797638,6.31987000811352,0.0634969992433534,3.97274634034007,289.292563880916,10.5031969724946
0,0.68,2.3,12,0.160436621616672,6.28040998236306,0.0634897803939624,3.94889304254859,287.555583695435,10.4532294269223
0,0.68,2.3,13,0.173786582628768,6.24325688806672,0.0634825631857785,3.92655538348327,285.928971244374,10.4070814173645
0,0.68,2.3,14,0.187133508869094,6.20862948245099,0.063475347618242,3.90571669030563,284.411512423489,10.364955029244
0,0.68,2.3,15,0.20047740137235,6.17644860225603,0.0634681336907936,3.88633940808849,283.000472509685,10.3267335454077
0,0.68,2.3,16,0.213818261172765,6.14598367952494,0.0634609214028742,3.86856156228193,281.705902418099,10.2918244243825
0,0.68,2.3,17,0.227156089304096,6.11972003557255,0.0634537107539248,3.85278431158676,280.557014240102,10.2631141472173
0,0.68,2.3,18,0.240490886799633,6.09549609181221,0.063446501743387,3.83823605397026,279.49762046428,10.2376695343255
0,0.68,2.3,19,0.253822654692195,6.07572411264676,0.0634392943707023,3.82637708578042,278.634058832422,10.2193631474901
0,0.68,2.3,20,0.267151394014131,6.05821727909514,0.0634320886353126,3.81582755154776,277.865849250319,10.2046283132923
0,0.68,2.3,21,0.280477105797323,6.04151367720133,0.0634248845366601,3.80576911238862,277.1334008623,10.1911847799239
0,0.68,2.3,22,0.293799791073183,6.0261791441895,0.0634176820741871,3.79656917519134,276.46346797675,10.1799657925282
0,0.68,2.3,23,0.307119450872655,6.01228286645798,0.0634104812473364,3.78817824010853,275.852446049974,10.1709910386865
0,0.68,2.3,24,0.320436086226214,5.99875294592858,0.0634032820555508,3.78007608922203,275.262453183048,10.1626684034324
0,0.68,2.4,1,0.0133864591513969,7.68468759173941,0.0646597278061173,4.80943521789211,350.219653058463,12.572168996589
0,0.68,2.4,2,0.0267698710778561,7.38186875232991,0.0646523684016322,4.62629776880789,336.883714226877,12.0995887606173
0,0.68,2.4,3,0.0401502368197411,7.16039356142391,0.0646450106722135,4.49202409046918,327.106000438837,11.757212899385
0,0.68,2.4,4,0.053527557416942,6.98644685843669,0.0646376546172894,4.38638998700389,319.413800130343,11.4910020574748
0,0.68,2.4,5,0.0669018339088756,6.84999661165467,0.0646303002362884,4.3035867131241,313.384124599544,11.2851154589239
0,0.68,2.4,6,0.0802730673344857,6.74385992605985,0.0646229475286393,4.23924957641278,308.69914004793,11.1280055173358
0,0.68,2.4,7,0.0936412587322433,6.66447368819628,0.0646155964937708,4.19104805015367,305.189139177026,11.013778593576
0,0.68,2.4,8,0.107006409140147,6.5974029247171,0.0646082471311122,4.15039001032534,302.228449624594,10.9194075913137
0,0.68,2.4,9,0.120368519595723,6.53689586693246,0.0646008994400931,4.11374100423988,299.559695058894,10.8356062902082
0,0.68,2.4,10,0.133727591136026,6.48650738208832,0.0645935534201431,4.08323007401664,297.337910813309,10.7680586006611
0,0.68,2.4,11,0.147083624797639,6.44166983471651,0.0645862090706923,4.05614218843047,295.36539024441,10.7094818570153
0,0.68,2.4,12,0.160436621616673,6.39987821438304,0.0645788663911708,4.0308734802781,293.525340882807,10.655767182669
0,0.68,2.4,13,0.173786582628769,6.3609184472548,0.0645715253810093,4.00729679794727,291.808503638497,10.6065733532118
0,0.68,2.4,14,0.187133508869095,6.32303195166298,0.0645641860396384,3.98432206811398,290.135500147069,10.5590517146857
0,0.68,2.4,15,0.200477401372352,6.28778089416758,0.0645568483664892,3.96320435411165,288.597723228114,10.5160194980181
0,0.68,2.4,16,0.213818261172766,6.25495591603627,0.064549512360993,3.94380702741897,287.185223689853,10.477130716989
0,0.68,2.4,17,0.227156089304098,6.22506268359919,0.0645421780225813,3.92577422669729,285.872087962622,10.4425351776232
0,0.68,2.4,18,0.240490886799635,6.19812582943587,0.064534845350686,3.90955374895612,284.690924306269,10.4127053105423
0,0.68,2.4,19,0.253822654692197,6.17430359004324,0.0645275143447391,3.89517679210851,283.644004530642,10.3878305511887
0,0.68,2.4,20,0.267151394014133,6.15327290167507,0.0645201850041729,3.88246075527066,282.718031769212,10.367405235964
0,0.68,2.4,21,0.280477105797325,6.13405891447728,0.06451285732842,3.87084839534858,281.872427976074,10.3498972729516
0,0.68,2.4,22,0.293799791073185,6.1174051416367,0.0645055313169133,3.86079489224074,281.140339027802,10.3365053562675
0,0.68,2.4,23,0.307119450872657,6.10288939175748,0.0644982069690857,3.85195398014821,280.496550095112,10.3264610297474
0,0.68,2.4,24,0.320436086226216,6.09008498007306,0.0644908842843708,3.84425080339519,279.935610240917,10.3192627539788
0,0.68,2.5,1,0.0133864591513969,7.90411442292022,0.0657445045300136,4.95298200603692,360.672628109402,12.9362273926386
0,0.68,2.5,2,0.0267698710778561,7.59303851253691,0.0657370216590224,4.76449831897961,346.94738002979,12.4500437242534
0,0.68,2.5,3,0.0401502368197411,7.36328462158508,0.0657295404911995,4.62488627036384,336.780929913756,12.0940506692599
0,0.68,2.5,4,0.0535275574169421,7.17781215824545,0.0657220610259639,4.51204933918486,328.564224812361,11.8091111158732
0,0.68,2.5,5,0.0669018339088758,7.03061422285479,0.0657145832627341,4.42262023355444,322.052060924448,11.5858508735808
0,0.68,2.5,6,0.0802730673344859,6.91423664691493,0.0657071072009295,4.35193713716922,316.904968101358,11.4121539586196
0,0.68,2.5,7,0.0936412587322436,6.82420281374147,0.0656996328399694,4.29714216254161,312.914837008202,11.2806858678553
0,0.68,2.5,8,0.107006409140147,6.75120211031159,0.0656921601792732,4.25291704630655,309.694395488023,11.1768177259376
0,0.68,2.5,9,0.120368519595724,6.68806740546641,0.0656846892182612,4.21467736444504,306.909809043282,11.0887979787254
0,0.68,2.5,10,0.133727591136027,6.63224891622115,0.0656772199563532,4.18086003299459,304.447255011183,11.0125137603081
0,0.68,2.5,11,0.14708362479764,6.58306142636491,0.0656697523929699,4.15107341609344,302.278214746726,10.946888219649
0,0.68,2.5,12,0.160436621616674,6.53800710807387,0.0656622865275319,4.12372791924225,300.28693510867,10.8878339354603
0,0.68,2.5,13,0.173786582628769,6.49830982012772,0.0656548223594601,4.09965565578961,298.534009999428,10.8374068809056
0,0.68,2.5,14,0.187133508869096,6.4623262944178,0.0656473598881758,4.07787068488433,296.94764390722,10.7929778480594
0,0.68,2.5,15,0.200477401372352,6.42759535701655,0.0656398991131004,4.05719511021053,295.442063259807,10.7509077677125
0,0.68,2.5,16,0.213818261172767,6.39480689654425,0.0656324400336557,4.03756548995332,294.012648269338,10.711823087704
0,0.68,2.5,17,0.227156089304099,6.36362965207978,0.0656249826492638,4.01870544671152,292.639273329961,10.6751161707447
0,0.68,2.5,18,0.240490886799636,6.33505228261205,0.0656175269593468,4.00140846121795,291.379719144475,10.642569157589
0,0.68,2.5,19,0.253822654692198,6.30954340145803,0.0656100729633273,3.98595365667692,290.254311266164,10.6149297857905
0,0.68,2.5,20,0.267151394014134,6.28560866421682,0.0656026206606281,3.9714360399361,289.197148737123,10.5897987188277
0,0.68,2.5,21,0.280477105797326,6.26439433730961,0.0655951700506723,3.95846872520829,288.252878098404,10.5689353383659
0,0.68,2.5,22,0.293799791073186,6.2457955254934,0.0655877211328833,3.94713323138457,287.427435497697,10.552316269084
0,0.68,2.5,23,0.307119450872658,6.22826612798961,0.0655802739066845,3.93651072361643,286.653912034624,10.5374765763854
0,0.68,2.5,24,0.320436086226218,6.21157966068104,0.0655728283714998,3.9264067361468,285.91814685102,10.5239953114256
0,0.69,1.5,1,0.0133867522954615,6.0992761493311,0.0548419821416686,3.67631022999415,267.706297091601,9.84381511376238
0,0.69,1.5,2,0.026773504590923,6.08326922334782,0.0548419821416686,3.66714101345483,267.03860126252,9.83202572353524
0,0.69,1.5,3,0.0401602568863845,6.08101824669207,0.0548419821416686,3.66584710442922,266.944379727245,9.84186759014935
0,0.69,1.5,4,0.053547009181846,6.08101824669207,0.0548419821416686,3.66584710442922,266.944379727245,9.85525434244481
0,0.69,1.5,5,0.0669337614773075,6.08101824669207,0.0548419821416686,3.66584710442922,266.944379727245,9.86864109474027
0,0.69,1.5,6,0.080320513772769,6.08101824669207,0.0548419821416686,3.66584710442922,266.944379727245,9.88202784703573
0,0.69,1.5,7,0.0937072660682305,6.08101824669207,0.0548419821416686,3.66584710442922,266.944379727245,9.8954145993312
0,0.69,1.5,8,0.107094018363692,6.08101824669207,0.0548419821416686,3.66584710442922,266.944379727245,9.90880135162666
0,0.69,1.5,9,0.120480770659153,6.08101824669207,0.0548419821416686,3.66584710442922,266.944379727245,9.92218810392212
0,0.69,1.5,10,0.133867522954615,6.08101824669207,0.0548419821416686,3.66584710442922,266.944379727245,9.93557485621758
0,0.69,1.5,11,0.147254275250076,6.08101824669207,0.0548419821416686,3.66584710442922,266.944379727245,9.94896160851304
0,0.69,1.5,12,0.160641027545538,6.08101824669207,0.0548419821416686,3.66584710442922,266.944379727245,9.9623483608085
0,0.69,1.5,13,0.174027779840999,6.08101824669207,0.0548419821416686,3.66584710442922,266.944379727245,9.97573511310397
0,0.69,1.5,14,0.187414532136461,6.08101824669207,0.0548419821416686,3.66584710442922,266.944379727245,9.98912186539943
0,0.69,1.5,15,0.200801284431922,6.08101824669207,0.0548419821416686,3.66584710442922,266.944379727245,10.0025086176949
0,0.69,1.5,16,0.214188036727384,6.08101824669207,0.0548419821416686,3.66584710442922,266.944379727245,10.0158953699903
0,0.69,1.5,17,0.227574789022845,6.08101824669207,0.0548419821416686,3.66584710442922,266.944379727245,10.0292821222858
0,0.69,1.5,18,0.240961541318307,6.08101824669207,0.0548419821416686,3.66584710442922,266.944379727245,10.0426688745813
0,0.69,1.5,19,0.254348293613768,6.08101824669207,0.0548419821416686,3.66584710442922,266.944379727245,10.0560556268767
0,0.69,1.5,20,0.26773504590923,6.08101824669207,0.0548419821416686,3.66584710442922,266.944379727245,10.0694423791722
0,0.69,1.5,21,0.281121798204691,6.08101824669207,0.0548419821416686,3.66584710442922,266.944379727245,10.0828291314677
0,0.69,1.5,22,0.294508550500153,6.08101824669207,0.0548419821416686,3.66584710442922,266.944379727245,10.0962158837631
0,0.69,1.5,23,0.307895302795614,6.08101824669207,0.0548419821416686,3.66584710442922,266.944379727245,10.1096026360586
0,0.69,1.5,24,0.321282055091076,6.08101824669207,0.0548419821416686,3.66584710442922,266.944379727245,10.122989388354
0,0.69,1.6,1,0.0133864591513968,6.19423910316615,0.0560093505561373,3.75267508056896,273.26713121505,10.0163099934426
0,0.69,1.6,2,0.0267698710778559,6.11080276489008,0.0560029757154183,3.70387323771498,269.713415716533,9.89744884939834
0,0.69,1.6,3,0.0401537299424403,6.08593867243929,0.05600147410273,3.68951383548458,268.66777425565,9.87160771196904
0,0.69,1.6,4,0.0535383065899204,6.06726823206286,0.05600147410273,3.67882194925392,267.889198702265,9.85562996200943
0,0.69,1.6,5,0.0669168203912867,6.05333032771645,0.055996400676374,3.67070788203151,267.29833809623,9.84695143081561
0,0.69,1.6,6,0.0802943727507181,6.04885728180715,0.055992347941774,3.66809652758439,267.108181122064,9.85324053008403
0,0.69,1.6,7,0.0936767682091711,6.04628171208489,0.055992347941774,3.6666320698053,267.00154034782,9.86258289804114
0,0.69,1.6,8,0.107059163667624,6.04393742234875,0.0559923479417739,3.66529451565951,266.904140605925,9.87228344961765
0,0.69,1.6,9,0.120441559126077,6.04379992647784,0.0559923479417739,3.66521605189762,266.898426930572,9.88544988544331
0,0.69,1.6,10,0.13382395458453,6.04379992647784,0.0559923479417739,3.66521605189762,266.898426930572,9.89883228090176
0,0.69,1.6,11,0.147206350042983,6.04379992647784,0.0559923479417739,3.66521605189762,266.898426930572,9.91221467636021
0,0.69,1.6,12,0.160588745501436,6.04379992647784,0.0559923479417739,3.66521605189762,266.898426930572,9.92559707181867
0,0.69,1.6,13,0.173971140959889,6.04379992647784,0.0559923479417739,3.66521605189762,266.898426930572,9.93897946727712
0,0.69,1.6,14,0.187353536418342,6.04379992647784,0.0559923479417739,3.66521605189762,266.898426930572,9.95236186273557
0,0.69,1.6,15,0.200735931876795,6.04379992647784,0.0559923479417739,3.66521605189762,266.898426930572,9.96574425819403
0,0.69,1.6,16,0.214118327335248,6.04379992647784,0.0559923479417739,3.66521605189762,266.898426930572,9.97912665365248
0,0.69,1.6,17,0.227500722793701,6.04379992647784,0.0559923479417739,3.66521605189762,266.898426930572,9.99250904911093
0,0.69,1.6,18,0.240883118252154,6.04379992647784,0.0559923479417739,3.66521605189762,266.898426930572,10.0058914445694
0,0.69,1.6,19,0.254265513710607,6.04379992647784,0.0559923479417739,3.66521605189762,266.898426930572,10.0192738400278
0,0.69,1.6,20,0.26764790916906,6.04379992647784,0.0559923479417739,3.66521605189762,266.898426930572,10.0326562354863
0,0.69,1.6,21,0.281030304627513,6.04379992647784,0.0559923479417739,3.66521605189762,266.898426930572,10.0460386309447
0,0.69,1.6,22,0.294412700085966,6.04379992647784,0.0559923479417739,3.66521605189762,266.898426930572,10.0594210264032
0,0.69,1.6,23,0.307795095544419,6.04379992647784,0.0559923479417739,3.66521605189762,266.898426930572,10.0728034218617
0,0.69,1.6,24,0.321177491002872,6.04379992647784,0.0559923479417739,3.66521605189762,266.898426930572,10.0861858173201
0,0.69,1.7,1,0.0133864591513969,6.34951105918156,0.0571674145313067,3.86111305800211,281.16350763233,10.2811779908664
0,0.69,1.7,2,0.0267698710778561,6.19673377914124,0.0571609078827143,3.77156431741014,274.642632011576,10.0522288755119
0,0.69,1.7,3,0.0401502368197411,6.12493595604121,0.0571544027150936,3.72934956701231,271.568583902294,9.95159016258836
0,0.69,1.7,4,0.053527557416942,6.0895505115756,0.057147899027939,3.70867869615566,270.063345783502,9.90890466417614
0,0.69,1.7,5,0.0669018339088756,6.06561328162596,0.057141396820745,3.69476996293383,269.050521719398,9.88442647528941
0,0.69,1.7,6,0.0802730673344857,6.04544748231065,0.0571348960930066,3.68325213200141,268.211801460077,9.86610757773956
0,0.69,1.7,7,0.0936412587322433,6.02872780124689,0.0571283968442188,3.67382689745179,267.525462581516,9.85332435427514
0,0.69,1.7,8,0.107006409140147,6.01560852549897,0.0571218990738771,3.66621640591671,266.97127199899,9.8459532396297
0,0.69,1.7,9,0.120368519595723,6.00587617762615,0.057115402781477,3.66064242530259,266.56537869377,9.84400252530594
0,0.69,1.7,10,0.133727591136026,5.99852980180491,0.0571089079665144,3.65633872640756,266.251986400164,9.84570502731502
0,0.69,1.7,11,0.147083624797639,5.99268786580983,0.0571024146284852,3.65288615407116,266.000572537406,9.84976005930711
0,0.69,1.7,12,0.160442935293401,5.9895868684075,0.0570981696678439,3.65107253919538,265.868506391632,9.85820051256412
0,0.69,1.7,13,0.173813179901185,5.98721467301448,0.0570981696678439,3.64970695561902,265.769065566532,9.86783297820253
0,0.69,1.7,14,0.187183424508968,5.98540788957694,0.0570981696678439,3.64866062467816,265.69287249136,9.87835010843192
0,0.69,1.7,15,0.200553669116751,5.98540788957694,0.0570981696678439,3.64866062467816,265.69287249136,9.89172035303971
0,0.69,1.7,16,0.213923913724535,5.98540788957694,0.0570981696678439,3.64866062467816,265.69287249136,9.90509059764749
0,0.69,1.7,17,0.227294158332318,5.98540788957694,0.0570981696678439,3.64866062467816,265.69287249136,9.91846084225527
0,0.69,1.7,18,0.240664402940102,5.98540788957694,0.0570981696678439,3.64866062467816,265.69287249136,9.93183108686305
0,0.69,1.7,19,0.254034647547885,5.98540788957694,0.0570981696678439,3.64866062467816,265.69287249136,9.94520133147084
0,0.69,1.7,20,0.267404892155668,5.98540788957694,0.0570981696678439,3.64866062467816,265.69287249136,9.95857157607862
0,0.69,1.7,21,0.280775136763452,5.98540788957694,0.0570981696678439,3.64866062467816,265.69287249136,9.97194182068641
0,0.69,1.7,22,0.294145381371235,5.98540788957694,0.0570981696678439,3.64866062467816,265.69287249136,9.98531206529419
0,0.69,1.7,23,0.307515625979019,5.98540788957694,0.0570981696678439,3.64866062467816,265.69287249136,9.99868230990197
0,0.69,1.7,24,0.320885870586802,5.98540788957694,0.0570981696678439,3.64866062467816,265.69287249136,10.0120525545098
0,0.69,1.8,1,0.0133864591513969,6.54213481036598,0.0583158876505493,3.9900334234644,290.551396982913,10.6038705806323
0,0.69,1.8,2,0.0267698710778561,6.34181544834448,0.0583092502856904,3.87231283483377,281.97906741817,10.2992074045418
0,0.69,1.8,3,0.0401502368197412,6.22899141203616,0.0583026144315552,3.80572227863437,277.129990461614,10.1331665419218
0,0.69,1.8,4,0.0535275574169423,6.16629590627215,0.0582959800876281,3.76862784502839,274.42880018057,10.0467472888051
0,0.69,1.8,5,0.0669018339088761,6.12147617159792,0.0582893472533936,3.74239104685871,272.518255192217,9.98905839961889
0,0.69,1.8,6,0.0802730673344862,6.09171805043373,0.0582827159283364,3.72520690823437,271.266918435515,9.95548074193092
0,0.69,1.8,7,0.093641258732244,6.06524062516804,0.0582760861119414,3.70976939700155,270.142769843612,9.92692736701378
0,0.69,1.8,8,0.107006409140148,6.04504515114599,0.0582694578036939,3.69807450951061,269.291156451586,9.90839552760044
0,0.69,1.8,9,0.120368519595724,6.02834231284627,0.0582628310030794,3.68844585251983,268.590004495493,9.8954195159649
0,0.69,1.8,10,0.133727591136027,6.01371065897487,0.0582562057095835,3.67999737554773,267.974792409252,9.88569183136821
0,0.69,1.8,11,0.147083624797641,6.00037783062971,0.0582495819226922,3.67231523538626,267.415384424695,9.87802627273631
0,0.69,1.8,12,0.160436621616675,5.99001622486977,0.0582429596418915,3.66636891392223,266.982377523519,9.87506472005057
0,0.69,1.8,13,0.173786582628771,5.98003668259035,0.058236338866668,3.66052359608302,266.556725634489,9.87258320016881
0,0.69,1.8,14,0.187133508869097,5.97234548508817,0.0582297195965081,3.65599810318675,266.227182459408,9.87370681674053
0,0.69,1.8,15,0.200477401372354,5.96622051668093,0.0582231018308987,3.65238140461154,265.963817040634,9.87730242449572
0,0.69,1.8,16,0.213818261172768,5.96075782506093,0.0582164855693271,3.64915644070644,265.728977462014,9.88194901250947
0,0.69,1.8,17,0.2271560893041,5.9553115253413,0.0582098708112803,3.64593716690643,265.4945522328,9.88661465236311
0,0.69,1.8,18,0.240490886799637,5.95122211161479,0.0582032575562461,3.64352922375978,265.319207524909,9.89344547973045
0,0.69,1.8,19,0.253822654692199,5.94795831502975,0.0581966458037122,3.64160293074127,265.178936236896,9.90158054626693
0,0.69,1.8,20,0.267170220491781,5.94553592231162,0.0581941362744356,3.64017738103058,265.075128720529,9.91107766010841
0,0.69,1.8,21,0.28052873151637,5.94540583449659,0.0581941362744356,3.64010102913799,265.069568829997,9.92422973142539
0,0.69,1.8,22,0.293887242540959,5.94540583449659,0.0581941362744356,3.64010102913799,265.069568829997,9.93758824244998
0,0.69,1.8,23,0.307245753565548,5.94540583449659,0.0581941362744356,3.64010102913799,265.069568829997,9.95094675347457
0,0.69,1.8,24,0.320604264590137,5.94540583449659,0.0581941362744356,3.64010102913799,265.069568829997,9.96430526449916
0,0.69,1.9,1,0.0133864591513969,6.72880405142361,0.0594555589770209,4.11500511171122,299.651746466177,10.9166511812633
0,0.69,1.9,2,0.026769871077856,6.49810209288316,0.0594487918976926,3.97911764595472,289.756517825776,10.5634384018134
0,0.69,1.9,3,0.0401502368197409,6.35242260506332,0.0594420263586124,3.8927898637361,283.47019010367,10.3448047319778
0,0.69,1.9,4,0.0535275574169418,6.26524085094182,0.0594352623592543,3.84118006604866,279.712001330637,10.2193837367667
0,0.69,1.9,5,0.0669018339088752,6.20761786327595,0.0594284998990927,3.80720692109224,277.238101069816,10.1411551181761
0,0.69,1.9,6,0.0802730673344852,6.15959068754678,0.0594217389776024,3.77898226029106,275.182801338008,10.0782677541499
0,0.69,1.9,7,0.0936412587322427,6.12226465514348,0.0594149795942584,3.75704542876118,273.585376863089,10.0323663222312
0,0.69,1.9,8,0.107006409140146,6.09183600620131,0.0594082217485356,3.73921838846716,272.287224463904,9.99746902555715
0,0.69,1.9,9,0.120368519595722,6.06534043533936,0.0594014654399095,3.72365721167675,271.154070634023,9.96876763205174
0,0.69,1.9,10,0.133727591136025,6.04278982884824,0.0593947106678558,3.71030381156759,270.181685532342,9.94621594221971
0,0.69,1.9,11,0.147083624797638,6.02155605297383,0.0593879574318504,3.69779163775431,269.270557931415,9.92581927295763
0,0.69,1.9,12,0.160436621616672,6.00431555607138,0.0593812057313692,3.68749921471764,268.521071003797,9.91163259813707
0,0.69,1.9,13,0.173786582628767,5.99057115559613,0.0593744555658888,3.67932624431745,267.925921110237,9.90305843810824
0,0.69,1.9,14,0.187133508869094,5.97815484388023,0.0593677069348856,3.67200162338264,267.39254742157,9.89665768306686
0,0.69,1.9,15,0.20047740137235,5.96669919294383,0.0593609598378365,3.66524192154278,266.900310739739,9.8917794756968
0,0.69,1.9,16,0.213818261172764,5.95629307980946,0.0593542142742185,3.65909325026122,266.452568868721,9.88855880551767
0,0.69,1.9,17,0.227156089304096,5.9465722959393,0.059347470243509,3.65335465402997,266.034688371303,9.88643050951688
0,0.69,1.9,18,0.240490886799632,5.93660560473733,0.0593407277451855,3.6479328172738,265.639874073645,9.88437003655594
0,0.69,1.9,19,0.253822654692194,5.92860219951491,0.0593339867787258,3.64350109614584,265.317159292061,9.88525993713167
0,0.69,1.9,20,0.26715139401413,5.92232399139176,0.0593272473436078,3.63985305977627,265.051511877382,9.88865569252576
0,0.69,1.9,21,0.280477105797322,5.91607088633016,0.0593205094393098,3.63621232125433,264.78639588678,9.89208082282113
0,0.69,1.9,22,0.293799791073182,5.91070390932565,0.0593137730653103,3.63302971015587,264.554640409427,9.89684718362002
0,0.69,1.9,23,0.307119450872654,5.90562017968146,0.0593070382210881,3.63000661704635,264.33450091861,9.90205328582154
0,0.69,1.9,24,0.320436086226213,5.90066157607421,0.059300304906122,3.62698855086709,264.114727485282,9.90738651807363
0,0.69,2,1,0.0133864591513969,6.94426879640419,0.0605871149681532,4.25605477429644,309.922882609322,11.2742971448202
0,0.69,2,2,0.0267698710778561,6.69054426775645,0.0605802190980225,4.10623237422202,299.012921959629,10.8841267321543
0,0.69,2,3,0.0401502368197411,6.52180276840546,0.0605733247974536,4.00604150972236,291.717094442469,10.628567839745
0,0.69,2,4,0.053527557416942,6.40776116683314,0.0605664320659109,3.93838348110802,286.790284903631,10.460238637424
0,0.69,2,5,0.0669018339088756,6.33128969827336,0.0605595409028586,3.89313346057473,283.495210581161,10.3518845336598
0,0.69,2,6,0.0802730673344857,6.2718813231136,0.0605526513077616,3.85797116926617,280.934717528461,10.270678211022
0,0.69,2,7,0.0936412587322433,6.22251981505075,0.0605457632800847,3.82882503734363,278.812316924761,10.2055318744067
0,0.69,2,8,0.107006409140147,6.18014861376466,0.060538876819293,3.803771848212,276.987961505014,10.1514657479361
0,0.69,2,9,0.120368519595723,6.14577385421432,0.060531991924852,3.78355869970056,275.516054401959,10.1102330654355
0,0.69,2,10,0.133727591136026,6.11449240146155,0.0605251085962274,3.76512050813182,274.173398401478,10.0738656093256
0,0.69,2,11,0.147083624797639,6.08765353185532,0.060518226832885,3.74916253927918,273.011350455744,10.044417922765
0,0.69,2,12,0.160436621616673,6.06245243484419,0.060511346634291,3.73413158081432,271.916806747345,10.0175319839095
0,0.69,2,13,0.173786582628769,6.03919399251737,0.0605044679999118,3.72027794302626,270.907994693555,9.99376298617231
0,0.69,2,14,0.187133508869095,6.01787800820027,0.0604975909292139,3.70767383937939,269.990172827507,9.97318294737797
0,0.69,2,15,0.200477401372352,5.99842878298921,0.0604907154216642,3.69624740830061,269.158108240543,9.95564430808384
0,0.69,2,16,0.213818261172766,5.98377005147317,0.06048384147673,3.68762448981858,268.530193447577,9.94569664394125
0,0.69,2,17,0.227156089304098,5.97004399808141,0.0604769690938784,3.68016216608114,267.986792338729,9.93783922256053
0,0.69,2,18,0.240490886799635,5.95810512243998,0.0604700982725771,3.6730972113581,267.47232735898,9.93216331887029
0,0.69,2,19,0.253822654692197,5.94666976185443,0.0604632290122939,3.66638486864696,266.98353933523,9.92734051420588
0,0.69,2,20,0.267151394014133,5.93672592637029,0.060456361312497,3.66053949997473,266.557883744575,9.92487318167165
0,0.69,2,21,0.280477105797325,5.92689180973425,0.0604494951726546,3.6547127403399,266.133583250793,9.92253115104412
0,0.69,2,22,0.293799791073185,5.91710619914257,0.0604426305922352,3.64890450101942,265.710631393134,9.92025312182742
0,0.69,2,23,0.307119450872657,5.90853425962264,0.0604357675707078,3.64382570050003,265.340796750339,9.91991517856603
0,0.69,2,24,0.320436086226216,5.90158454666606,0.0604289061075413,3.63973974715959,265.043260533201,9.9221892861594
0,0.69,2.1,1,0.0133864591513969,7.14976752133078,0.0617111572367763,4.39062103558825,319.72190207998,11.6154861733072
0,0.69,2.1,2,0.0267698710778561,6.87753229962397,0.0617041334310356,4.22944391304334,307.985098613194,11.1954502171762
0,0.69,2.1,3,0.0401502368197412,6.69037844549522,0.0616971112239763,4.11811772470595,299.878404731385,10.9103435182449
0,0.69,2.1,4,0.0535275574169422,6.55867243492005,0.0616900906150523,4.03980747117464,294.175907747825,10.7136975541267
0,0.69,2.1,5,0.0669018339088759,6.46320175521715,0.0616830716037182,3.98304146522605,290.042247555279,10.5748281259558
0,0.69,2.1,6,0.0802730673344861,6.38980771562563,0.0616760541894288,3.93945981484101,286.868662760794,10.4712166519906
0,0.69,2.1,7,0.0936412587322437,6.33252382992868,0.0616690383716391,3.90548479274596,284.394625808073,10.3933189197785
0,0.69,2.1,8,0.107006409140147,6.28504088768407,0.0616620241498043,3.87721727422082,282.336205207278,10.3309265951948
0,0.69,2.1,9,0.120368519595724,6.2403981799142,0.0616550115233799,3.85085753918368,280.416708043645,10.273279250217
0,0.69,2.1,10,0.133727591136027,6.19971642662574,0.0616480004918216,3.82671726246393,278.65883025665,10.2218092807175
0,0.69,2.1,11,0.14708362479764,6.16415770862166,0.0616409910545855,3.80554356182578,277.116976430681,10.1784258862997
0,0.69,2.1,12,0.160436621616674,6.13495988609409,0.0616339832111278,3.78813221376962,275.8490944447,10.1451627046915
0,0.69,2.1,13,0.17378658262877,6.10890894045057,0.0616269769609048,3.77264442392088,274.721284599733,10.1169669239611
0,0.69,2.1,14,0.187133508869096,6.08366693741351,0.0616199723033735,3.7577133254674,273.634012626361,10.0901337440534
0,0.69,2.1,15,0.200477401372353,6.06066211229288,0.0616129692379907,3.74410688176074,272.643201069824,10.066859364664
0,0.69,2.1,16,0.213818261172768,6.03758767971348,0.0616059677642137,3.73101570455755,271.689910853715,10.044027613208
0,0.69,2.1,17,0.227156089304099,6.01726001640252,0.0615989678814999,3.71889550305515,270.807326397773,10.0249105766433
0,0.69,2.1,18,0.240490886799637,5.99694509767548,0.061591969589307,3.70688718731666,269.932889383609,10.0059151413811
0,0.69,2.1,19,0.253822654692199,5.97787700143908,0.0615849728870931,3.69559779834515,269.110804105459,9.98888242736352
0,0.69,2.1,20,0.267151394014135,5.96249254891961,0.0615779777743163,3.68637944586028,268.439530231759,9.97760136656834
0,0.69,2.1,21,0.280477105797328,5.94859080043659,0.0615709842504351,3.67795673610554,267.826194495966,9.9685956265899
0,0.69,2.1,22,0.293799791073188,5.9363166216698,0.0615639923149081,3.67053209444532,267.285537369189,9.96221249950321
0,0.69,2.1,23,0.30711945087266,5.92636176696729,0.0615570019671944,3.66455297284452,266.850141985374,9.95959119265166
0,0.69,2.1,24,0.320436086226219,5.91813671697945,0.0615500132067531,3.65962473734608,266.491271380353,9.95974755375851
0,0.69,2.2,1,0.0133864591513969,7.36211776287639,0.0628282165446061,4.52887370790859,329.789363380697,11.967206146481
0,0.69,2.2,2,0.026769871077856,7.07892251961114,0.0628210655980381,4.36075307295417,317.546938277088,11.5292665292412
0,0.69,2.2,3,0.0401502368197409,6.87640427430671,0.0628139162790898,4.2401203613007,308.76254998434,11.2194887887062
0,0.69,2.2,4,0.0535275574169418,6.72719858548337,0.0628067685872054,4.15112216333846,302.281764486448,10.994655074826
0,0.69,2.2,5,0.0669018339088754,6.61440661446638,0.0627996225218297,4.08387211442595,297.384663739424,10.827980185323
0,0.69,2.2,6,0.0802730673344853,6.52703679584258,0.0627924780824074,4.03184759477142,293.596275207615,10.7019499360309
0,0.69,2.2,7,0.0936412587322428,6.45978093293942,0.0627853352683836,3.9918068439184,290.680536199472,10.6080143708584
0,0.69,2.2,8,0.107006409140146,6.40325099493923,0.0627781940792038,3.95810752050532,288.22657542875,10.5311431186639
0,0.69,2.2,9,0.120368519595723,6.35517708787698,0.0627710545143137,3.9295691877758,286.148434330141,10.4678858497628
0,0.69,2.2,10,0.133727591136025,6.31093974335687,0.062763916573159,3.90320809244797,284.228838111108,10.410639343514
0,0.69,2.2,11,0.147083624797638,6.26855404639644,0.0627567802551859,3.87791014323479,282.386659436245,10.356304594684
0,0.69,2.2,12,0.160436621616672,6.2312913828675,0.0627496455598408,3.8556892569318,280.768550294712,10.3101669069758
0,0.69,2.2,13,0.173786582628768,6.19745170088886,0.0627425124865704,3.8356380046682,279.308432361317,10.2696188006724
0,0.69,2.2,14,0.187133508869094,6.16795840270897,0.0627353810348215,3.81821792284525,278.039914388648,10.2360452154581
0,0.69,2.2,15,0.20047740137235,6.14088751873541,0.0627282512040413,3.80220832063759,276.874106538713,10.2063014919494
0,0.69,2.2,16,0.213818261172765,6.11643690122264,0.0627211229936771,3.78831584876085,275.862466614197,10.1812921341499
0,0.69,2.2,17,0.227156089304096,6.09453199962238,0.0627139964031767,3.77540830069297,274.92254814116,10.1598103860226
0,0.69,2.2,18,0.240490886799633,6.07363861692406,0.062706871431988,3.76309989533092,274.026258813972,10.1399362704866
0,0.69,2.2,19,0.253822654692195,6.05443203487261,0.0626997480795591,3.75169950501231,273.196090496648,10.1226539426567
0,0.69,2.2,20,0.267151394014131,6.03727721712433,0.0626926263453383,3.74148980444507,272.452627360439,10.1086110419289
0,0.69,2.2,21,0.280477105797323,6.02060314940204,0.0626855062287743,3.7316221329649,271.734070539167,10.095387894393
0,0.69,2.2,22,0.293799791073183,6.00554471256752,0.0626783877293162,3.72272009224272,271.08583026313,10.0847429836127
0,0.69,2.2,23,0.307119450872655,5.99197633793883,0.0626712708464128,3.71471127992932,270.502634244733,10.0764783395872
0,0.69,2.2,24,0.320436086226214,5.97979742991426,0.0626641555795138,3.70747681071099,269.975825339962,10.070374482431
0,0.69,2.3,1,0.0133864591513969,7.58369057814437,0.0639387639611814,4.6722557144073,340.230339149327,12.3332715156643
0,0.69,2.3,2,0.0267698710778561,7.28654942213006,0.0639314866149531,4.49538720011016,327.350899691723,11.872637979933
0,0.69,2.3,3,0.0401502368197411,7.07109608503005,0.0639242109251141,4.3668034725486,317.98752407372,11.5419740053235
0,0.69,2.3,4,0.053527557416942,6.90681604960772,0.063916936891099,4.26860776354234,310.836982361034,11.2928683074581
0,0.69,2.3,5,0.0669018339088757,6.78006508286065,0.0639096645123424,4.19289691379998,305.323772113209,11.1037734950818
0,0.69,2.3,6,0.0802730673344857,6.6801996048757,0.0639023937882795,4.13326663765317,300.981537801325,10.9576417036516
0,0.69,2.3,7,0.0936412587322433,6.60540227382709,0.0638951247183457,4.08865014538688,297.73259655682,10.8515888026646
0,0.69,2.3,8,0.107006409140147,6.54224225652536,0.0638878573019764,4.05088618592696,294.982651879123,10.7640227088944
0,0.69,2.3,9,0.120368519595723,6.48564387585401,0.0638805915386076,4.01716625284923,292.527190327275,10.6870592398376
0,0.69,2.3,10,0.133727591136026,6.43785420251301,0.0638733274276753,3.98866772871448,290.451948062234,10.6241228497912
0,0.69,2.3,11,0.147083624797639,6.39464775354343,0.0638660649686159,3.96288896983414,288.574757169264,10.5684864131438
0,0.69,2.3,12,0.160436621616673,6.35412167726518,0.0638588041608659,3.93872997739565,286.815516516937,10.5171470804384
0,0.69,2.3,13,0.173786582628769,6.31640679068548,0.0638515450038623,3.91636724546027,285.187078277305,10.4704121637784
0,0.69,2.3,14,0.187133508869095,6.2809315146384,0.0638442874970421,3.89529584558462,283.652673920126,10.4272051565892
0,0.69,2.3,15,0.200477401372352,6.24750857408549,0.0638370316398428,3.87542527587355,282.205713161741,10.3872482829712
0,0.69,2.3,16,0.213818261172766,6.21584125541075,0.0638297774317019,3.85718226289179,280.877269927191,10.350671556907
0,0.69,2.3,17,0.227156089304098,6.18820174802965,0.0638225248720573,3.84079575838522,279.684016319828,10.319976120591
0,0.69,2.3,18,0.240490886799635,6.16330194778293,0.0638152739603472,3.82604643157243,278.609980828092,10.2936545401153
0,0.69,2.3,19,0.253822654692197,6.14118613864725,0.06380802469601,3.81295566193546,277.656720290664,10.2717724799709
0,0.69,2.3,20,0.267151394014133,6.12266583898435,0.0638007770784843,3.8019466864933,276.855054526348,10.2555646965703
0,0.69,2.3,21,0.280477105797325,6.1052036001698,0.0637935311072091,3.79156625876233,276.099159159463,10.2410404958367
0,0.69,2.3,22,0.293799791073185,6.09001014423445,0.0637862867816234,3.78257427443436,275.444369254001,10.2301704965236
0,0.69,2.3,23,0.307119450872657,6.07545958448467,0.0637790441011668,3.77392396762396,274.814460062436,10.2202820470825
0,0.69,2.3,24,0.320436086226216,6.06187651383272,0.0637718030652788,3.7658912879071,274.22952603669,10.2119756910313
0,0.69,2.4,1,0.0133864591513969,7.79445329701772,0.065043219859942,4.80895978574893,350.185032427829,12.681842761778
0,0.69,2.4,2,0.0267698710778561,7.48562076351857,0.0650358168073744,4.62475740585001,336.771546091482,12.2021838572538
0,0.69,2.4,3,0.0401502368197412,7.26023845270902,0.0650284154398078,4.48999400878852,326.95817133424,11.8554111137571
0,0.69,2.4,4,0.0535275574169422,7.08128509236571,0.0650210157566672,4.38282835333695,319.154444499037,11.5826620188763
0,0.69,2.4,5,0.0669018339088759,6.94152802840361,0.0650136177573776,4.29918450833097,313.063559176476,11.3726279884008
0,0.69,2.4,6,0.080273067334486,6.83113221472216,0.0650062214413642,4.23318135418513,308.257256419819,11.2095928576831
0,0.69,2.4,7,0.0936412587322436,6.74920390075939,0.0649988268080527,4.18411346575605,304.684167671681,11.0919574520557
0,0.69,2.4,8,0.107006409140147,6.68029642147729,0.0649914338568689,4.14292607176749,301.684930925672,10.9952203362418
0,0.69,2.4,9,0.120368519595724,6.61823854151913,0.0649840425872389,4.1058620502543,298.9859552316,10.9094531539564
0,0.69,2.4,10,0.133727591136027,6.56621178897247,0.064976652998589,4.07479781856251,296.723879966473,10.8397138516696
0,0.69,2.4,11,0.14708362479764,6.52055688144744,0.0649692650903458,4.04759312861131,294.742853786761,10.7802028999467
0,0.69,2.4,12,0.160436621616674,6.47769937213851,0.0649618788619363,4.02201730852811,292.880440752711,10.7251151811452
0,0.69,2.4,13,0.17378658262877,6.43837663304552,0.0649544943127875,3.99855377010912,291.171842567615,10.6756714800962
0,0.69,2.4,14,0.187133508869096,6.40024362907475,0.0649471114423269,3.9757478182005,289.511129364661,10.6280720675867
0,0.69,2.4,15,0.200477401372353,6.36439862692003,0.064939730249982,3.95457667045914,287.969461438822,10.5843924290015
0,0.69,2.4,16,0.213818261172767,6.33126631696439,0.0649323507351809,3.93525413663619,286.562408264156,10.5452710655085
0,0.69,2.4,17,0.227156089304099,6.30119830394496,0.0649249728973516,3.91737287432497,285.260307456231,10.5106522404714
0,0.69,2.4,18,0.240490886799636,6.27316516773276,0.0649175967359227,3.90071842511119,284.047542305796,10.4792920763795
0,0.69,2.4,19,0.253822654692198,6.24842904092439,0.0649102222503228,3.88599309543029,282.975254268143,10.4531550132972
0,0.69,2.4,20,0.267151394014135,6.22632780883748,0.0649028494399809,3.87280423466765,282.014850804687,10.4311862869592
0,0.69,2.4,21,0.280477105797327,6.20605701516953,0.0648954783043261,3.86071230748169,281.134325264366,10.4121419067529
0,0.69,2.4,22,0.293799791073187,6.1880569846442,0.0648881088427881,3.84998125332322,280.352897530326,10.3967261378834
0,0.69,2.4,23,0.307119450872659,6.17361772269378,0.0648807410547964,3.84129915246899,279.720673119095,10.3869170670902
0,0.69,2.4,24,0.320436086226218,6.16086211582941,0.0648733749397811,3.83373004044925,279.169495763455,10.3799016174447
0,0.69,2.5,1,0.0133864591513969,8.01729397384999,0.0661419612427692,4.95257127632087,360.642719063508,13.049393670565
0,0.69,2.5,2,0.026769871077856,7.70106065389791,0.0661344331342734,4.76360254747848,346.882150585972,12.5575675055885
0,0.69,2.5,3,0.040150236819741,7.46634993506909,0.0661269067392426,4.62295564352101,336.640343039737,12.1955827221491
0,0.69,2.5,4,0.0535275574169419,7.27709351951252,0.066119382057092,4.50940903591568,328.371959805555,11.9061494949022
0,0.69,2.5,5,0.0669018339088755,7.12643706337376,0.0661118590872368,4.41914266925939,321.798827165031,11.6785934256293
0,0.69,2.5,6,0.0802730673344854,7.00688192467539,0.0661043378290926,4.34752880365369,316.583956389082,11.5007881334927
0,0.69,2.5,7,0.093641258732243,6.91393034944274,0.0660968182820753,4.29173094819019,312.520796226506,11.3653993746473
0,0.69,2.5,8,0.107006409140147,6.83842987987856,0.0660893004456009,4.24662402796925,309.236142367037,11.2581496174336
0,0.69,2.5,9,0.120368519595723,6.77401253759229,0.066081784319086,4.20814743302558,306.434304080098,11.1686102745327
0,0.69,2.5,10,0.133727591136026,6.71706502820778,0.0660742699019471,4.17412091189358,303.956517004122,11.0909878011393
0,0.69,2.5,11,0.147083624797638,6.66589965210745,0.0660667571936012,4.14356805660827,301.731679805326,11.022618090707
0,0.69,2.5,12,0.160436621616672,6.61980137794942,0.0660592461934655,4.11597178199083,299.722138708635,10.9622690277504
0,0.69,2.5,13,0.173786582628768,6.57933546764504,0.0660517369009574,4.09177974922829,297.960492083402,10.9109535364031
0,0.69,2.5,14,0.187133508869094,6.54353894634846,0.0660442293154947,4.07041628266597,296.404819637759,10.867132967199
0,0.69,2.5,15,0.200477401372351,6.50834122537401,0.0660367234364953,4.04973930114461,294.899136544708,10.8245946513275
0,0.69,2.5,16,0.213818261172765,6.47477803908053,0.0660292192633775,4.0299079363479,293.455030660312,10.7845334558646
0,0.69,2.5,17,0.227156089304096,6.44329500421874,0.0660217167955598,4.0111257124462,292.087322469951,10.7475985227646
0,0.69,2.5,18,0.240490886799633,6.41420638594841,0.066014216032461,3.9937537766824,290.822310459077,10.7144652654629
0,0.69,2.5,19,0.253822654692195,6.38812110102055,0.0660067169735002,3.97816244686715,289.686960907366,10.6861129195534
0,0.69,2.5,20,0.267151394014132,6.3633267653125,0.0659992196180965,3.96331603531318,288.605855773805,10.6597934142579
0,0.69,2.5,21,0.280477105797324,6.34129245888411,0.0659917239656697,3.95003221088173,287.638537123506,10.6377934995288
0,0.69,2.5,22,0.293799791073184,6.32298625406267,0.0659842300156395,3.93903499612914,286.837727764242,10.6218052712806
0,0.69,2.5,23,0.307119450872655,6.30491753569088,0.0659767377674261,3.92825203785575,286.052520409456,10.6062657621867
0,0.69,2.5,24,0.320436086226214,6.2873625122203,0.0659692472204498,3.91776075823773,285.288552886972,10.5915286039047
0,0.7,1.5,1,0.0133864630087831,6.13871879281548,0.0550957789346185,3.65059108160741,265.833446992393,9.8577921163663
0,0.7,1.5,2,0.0267724585037952,6.11505868764071,0.0550948168419672,3.63714083807485,264.854009821475,9.83406680106133
0,0.7,1.5,3,0.0401586877556927,6.10419569212145,0.0550948168419671,3.63101339233679,264.407813579443,9.8304625890559
0,0.7,1.5,4,0.0535449170075903,6.10176223918764,0.0550948168419671,3.62963049239718,264.307111789083,9.84003246543437
0,0.7,1.5,5,0.0669311462594879,6.10176223918764,0.0550948168419671,3.62963049239718,264.307111789083,9.85341869468627
0,0.7,1.5,6,0.0803173755113854,6.10176223918764,0.0550948168419671,3.62963049239718,264.307111789083,9.86680492393817
0,0.7,1.5,7,0.093703604763283,6.10176223918764,0.0550948168419671,3.62963049239718,264.307111789083,9.88019115319007
0,0.7,1.5,8,0.107089834015181,6.10176223918764,0.0550948168419671,3.62963049239718,264.307111789083,9.89357738244196
0,0.7,1.5,9,0.120476063267078,6.10176223918764,0.0550948168419671,3.62963049239718,264.307111789083,9.90696361169386
0,0.7,1.5,10,0.133862292518976,6.10176223918764,0.0550948168419671,3.62963049239718,264.307111789083,9.92034984094576
0,0.7,1.5,11,0.147248521770873,6.10176223918764,0.0550948168419671,3.62963049239718,264.307111789083,9.93373607019766
0,0.7,1.5,12,0.160634751022771,6.10176223918764,0.0550948168419671,3.62963049239718,264.307111789083,9.94712229944955
0,0.7,1.5,13,0.174020980274668,6.10176223918764,0.0550948168419671,3.62963049239718,264.307111789083,9.96050852870145
0,0.7,1.5,14,0.187407209526566,6.10176223918764,0.0550948168419671,3.62963049239718,264.307111789083,9.97389475795335
0,0.7,1.5,15,0.200793438778464,6.10176223918764,0.0550948168419671,3.62963049239718,264.307111789083,9.98728098720525
0,0.7,1.5,16,0.214179668030361,6.10176223918764,0.0550948168419671,3.62963049239718,264.307111789083,10.0006672164571
0,0.7,1.5,17,0.227565897282259,6.10176223918764,0.0550948168419671,3.62963049239718,264.307111789083,10.014053445709
0,0.7,1.5,18,0.240952126534156,6.10176223918764,0.0550948168419671,3.62963049239718,264.307111789083,10.0274396749609
0,0.7,1.5,19,0.254338355786054,6.10176223918764,0.0550948168419671,3.62963049239718,264.307111789083,10.0408259042128
0,0.7,1.5,20,0.267724585037951,6.10176223918764,0.0550948168419671,3.62963049239718,264.307111789083,10.0542121334647
0,0.7,1.5,21,0.281110814289849,6.10176223918764,0.0550948168419671,3.62963049239718,264.307111789083,10.0675983627166
0,0.7,1.5,22,0.294497043541747,6.10176223918764,0.0550948168419671,3.62963049239718,264.307111789083,10.0809845919685
0,0.7,1.5,23,0.307883272793644,6.10176223918764,0.0550948168419671,3.62963049239718,264.307111789083,10.0943708212204
0,0.7,1.5,24,0.321269502045542,6.10176223918764,0.0550948168419671,3.62963049239718,264.307111789083,10.1077570504723
0,0.7,1.6,1,0.0133864591513969,6.26421518536403,0.0562787869955778,3.74360039871183,272.606319334312,10.0774808302228
0,0.7,1.6,2,0.026769871077856,6.15930061250786,0.056272381488294,3.68305463829436,268.197420108748,9.92539750336837
0,0.7,1.6,3,0.0401521613217362,6.12571070378398,0.056268674409002,3.6638368782378,266.797996485256,9.88596841775252
0,0.7,1.6,4,0.0535362028641193,6.10487273270646,0.0562686615531824,3.65203861218675,265.938855139986,9.86671620931051
0,0.7,1.6,5,0.0669126382586216,6.08783280041195,0.0562622583504639,3.64231389771736,265.230708346597,9.8533215947384
0,0.7,1.6,6,0.0802860296041175,6.07611541905547,0.0562558566049097,3.6355405291215,264.737476461312,9.848197834386
0,0.7,1.6,7,0.0936601224213865,6.07177953718914,0.0562517052292344,3.63307513877187,264.557948488944,9.85476650361164
0,0.7,1.6,8,0.107040139910156,6.06922685899489,0.0562517052292344,3.63163850603325,264.453333914364,9.86415721016753
0,0.7,1.6,9,0.120420157398926,6.06668470291121,0.0562517052292344,3.63020300902551,264.348802042898,9.87355957456488
0,0.7,1.6,10,0.133800174887695,6.06591479748224,0.0562517052292344,3.62976345443009,264.316793989783,9.88573013202926
0,0.7,1.6,11,0.147180192376465,6.06591479748224,0.0562517052292344,3.62976345443009,264.316793989783,9.89911014951803
0,0.7,1.6,12,0.160560209865234,6.06591479748224,0.0562517052292344,3.62976345443009,264.316793989783,9.9124901670068
0,0.7,1.6,13,0.173940227354004,6.06591479748224,0.0562517052292344,3.62976345443009,264.316793989783,9.92587018449557
0,0.7,1.6,14,0.187320244842773,6.06591479748224,0.0562517052292344,3.62976345443009,264.316793989783,9.93925020198434
0,0.7,1.6,15,0.200700262331543,6.06591479748224,0.0562517052292344,3.62976345443009,264.316793989783,9.95263021947311
0,0.7,1.6,16,0.214080279820312,6.06591479748224,0.0562517052292344,3.62976345443009,264.316793989783,9.96601023696188
0,0.7,1.6,17,0.227460297309082,6.06591479748224,0.0562517052292344,3.62976345443009,264.316793989783,9.97939025445065
0,0.7,1.6,18,0.240840314797851,6.06591479748224,0.0562517052292344,3.62976345443009,264.316793989783,9.99277027193942
0,0.7,1.6,19,0.254220332286621,6.06591479748224,0.0562517052292344,3.62976345443009,264.316793989783,10.0061502894282
0,0.7,1.6,20,0.26760034977539,6.06591479748224,0.0562517052292344,3.62976345443009,264.316793989783,10.019530306917
0,0.7,1.6,21,0.28098036726416,6.06591479748224,0.0562517052292344,3.62976345443009,264.316793989783,10.0329103244057
0,0.7,1.6,22,0.294360384752929,6.06591479748224,0.0562517052292344,3.62976345443009,264.316793989783,10.0462903418945
0,0.7,1.6,23,0.307740402241699,6.06591479748224,0.0562517052292344,3.62976345443009,264.316793989783,10.0596703593833
0,0.7,1.6,24,0.321120419730468,6.06591479748224,0.0562517052292344,3.62976345443009,264.316793989783,10.073050376872
0,0.7,1.7,1,0.0133864591513969,6.42960059954555,0.0574512297076797,3.85613800685852,280.801227945315,10.3565762952631
0,0.7,1.7,2,0.0267698710778562,6.26142912171039,0.0574446907559716,3.7589078534451,273.720997304389,10.1045515369893
0,0.7,1.7,3,0.0401502368197413,6.17902976565161,0.0574381532925875,3.71110115998431,270.239747877132,9.98771931574824
0,0.7,1.7,4,0.0535275574169424,6.13603496197021,0.0574316173170195,3.68622554206759,268.428323067001,9.93321967877176
0,0.7,1.7,5,0.0669018339088761,6.10913108604402,0.0574250828287595,3.67079182875004,267.304451036588,9.9042498315317
0,0.7,1.7,6,0.0802730673344863,6.08709914176022,0.0574185498273001,3.65835441668389,266.39876753293,9.88314517560589
0,0.7,1.7,7,0.093641258732244,6.0681083661084,0.0574120183121337,3.64780040072907,265.630231595006,9.86696204388184
0,0.7,1.7,8,0.107006409140148,6.05289134866355,0.0574054882827534,3.63916357137046,265.001303821898,9.85646681745691
0,0.7,1.7,9,0.120368519595724,6.04091846292748,0.0573989597386521,3.63236791239711,264.506448767172,9.85105385465897
0,0.7,1.7,10,0.133727591136028,6.03148802079622,0.0573924326793232,3.6270072295647,264.116087654761,9.84961527417627
0,0.7,1.7,11,0.147083624797641,6.02431777985057,0.0573859071042602,3.62284097793947,263.812704173617,9.85162828969194
0,0.7,1.7,12,0.160436621616675,6.01789705773941,0.0573793830129568,3.61916575969149,263.545077393879,9.85487882206053
0,0.7,1.7,13,0.173786582628771,6.0139894178879,0.0573728604049072,3.61690707327493,263.380601454951,9.86205593419651
0,0.7,1.7,14,0.187148732916991,6.01133825696978,0.0573710062572193,3.61537649675403,263.26914596094,9.87123449289803
0,0.7,1.7,15,0.200516499553919,6.00917823155807,0.0573710062572193,3.61413242991134,263.178553897986,9.88119816728054
0,0.7,1.7,16,0.213884266190847,6.00870873085481,0.0573710062572193,3.61386194873374,263.158857650945,9.89382595203662
0,0.7,1.7,17,0.227252032827775,6.00870873085481,0.0573710062572193,3.61386194873374,263.158857650945,9.90719371867355
0,0.7,1.7,18,0.240619799464703,6.00870873085481,0.0573710062572193,3.61386194873374,263.158857650945,9.92056148531047
0,0.7,1.7,19,0.253987566101631,6.00870873085481,0.0573710062572193,3.61386194873374,263.158857650945,9.9339292519474
0,0.7,1.7,20,0.267355332738559,6.00870873085481,0.0573710062572193,3.61386194873374,263.158857650945,9.94729701858433
0,0.7,1.7,21,0.280723099375487,6.00870873085481,0.0573710062572193,3.61386194873374,263.158857650945,9.96066478522126
0,0.7,1.7,22,0.294090866012415,6.00870873085481,0.0573710062572193,3.61386194873374,263.158857650945,9.97403255185819
0,0.7,1.7,23,0.307458632649343,6.00870873085481,0.0573710062572193,3.61386194873374,263.158857650945,9.98740031849511
0,0.7,1.7,24,0.320826399286271,6.00870873085481,0.0573710062572193,3.61386194873374,263.158857650945,10.000768085132
0,0.7,1.8,1,0.0133864591513969,6.62855516955445,0.0586140123148981,3.98699042210136,290.329807787231,10.6875460631221
0,0.7,1.8,2,0.026769871077856,6.41822380544318,0.0586073410182538,3.86505796586863,281.45077301834,10.3686589834079
0,0.7,1.8,3,0.0401502368197409,6.2942486639618,0.0586006712400566,3.79289364388915,276.195818400627,10.1858932159107
0,0.7,1.8,4,0.0535275574169417,6.22588924058656,0.058594002979788,3.75297347332187,273.288859963159,10.0909842743052
0,0.7,1.8,5,0.0669018339088752,6.17576872552861,0.0585873362369299,3.72400790374346,271.179607780979,10.0252657994179
0,0.7,1.8,6,0.0802730673344852,6.14122306395956,0.0585806710109643,3.7042370200176,269.73990608516,9.9843138223226
0,0.7,1.8,7,0.0936412587322426,6.11364367923255,0.0585740073013737,3.68836871325113,268.584387268792,9.95422765851729
0,0.7,1.8,8,0.107006409140146,6.09067089678131,0.0585673451076405,3.67518556359688,267.624399684189,9.93143021462598
0,0.7,1.8,9,0.120368519595722,6.0715817508188,0.0585606844292477,3.66427582248766,266.829960093442,9.91478677733143
0,0.7,1.8,10,0.133727591136025,6.05640582045577,0.0585540252656783,3.65561692928411,266.199425646832,9.90430436614158
0,0.7,1.8,11,0.147083624797638,6.04220374628427,0.0585473676164156,3.64753088785836,265.610605859384,9.89536562655667
0,0.7,1.8,12,0.160436621616672,6.02971208694276,0.058540711480943,3.64039573187421,265.091028873714,9.88908515191459
0,0.7,1.8,13,0.173786582628767,6.01975234374064,0.0585340568587444,3.63463287405223,264.67138166451,9.88670585728038
0,0.7,1.8,14,0.187133508869094,6.00987547557902,0.0585274037493038,3.62888823295312,264.253060984112,9.88442462115053
0,0.7,1.8,15,0.20047740137235,6.00185648754999,0.0585207521521053,3.62422018551559,263.913137088693,9.88507482659004
0,0.7,1.8,16,0.213818261172764,5.99573741882835,0.0585141020666335,3.62065806835291,263.653746249573,9.88872785042066
0,0.7,1.8,17,0.227156089304096,5.9903014320299,0.0585074534923729,3.61748885871699,263.422966657193,9.89345383354336
0,0.7,1.8,18,0.240490886799633,5.9848444448078,0.0585008064288087,3.61432519233076,263.192590720314,9.898161330367
0,0.7,1.8,19,0.253822654692194,5.97984106504515,0.0584941608754259,3.61142235884353,262.981208449689,9.9035802394563
0,0.7,1.8,20,0.267151394014131,5.97638209499726,0.0584875168317099,3.60940053144073,262.833980415736,9.91142153728383
0,0.7,1.8,21,0.280477105797323,5.973164391775,0.0584808742971464,3.60751014696221,262.696323962074,9.91963251883168
0,0.7,1.8,22,0.293831677353663,5.97116429417586,0.0584805795174052,3.60634512168219,262.611487649515,9.92982167272911
0,0.7,1.8,23,0.30718766268792,5.97116429417586,0.0584805795174052,3.60634512168219,262.611487649515,9.94317765806337
0,0.7,1.8,24,0.320543648022178,5.97116429417586,0.0584805795174052,3.60634512168219,262.611487649515,9.95653364339763
0,0.7,1.9,1,0.0133864591513969,6.81936424059191,0.0597679295776707,4.11267798417427,299.482286693524,11.0051966134953
0,0.7,1.9,2,0.0267698710778561,6.58079254797758,0.0597611269451214,3.9740614169071,289.388326821507,10.6413849629077
0,0.7,1.9,3,0.0401502368197411,6.42801285958729,0.0597543258609122,3.88475047272125,282.884767365975,10.4126678949892
0,0.7,1.9,4,0.053527557416942,6.33314965642406,0.0597475263245148,3.82937021679574,278.852016504841,10.2757949569613
0,0.7,1.9,5,0.0669018339088756,6.27056011593515,0.0597407283354005,3.79296281559198,276.200855434846,10.1901654937714
0,0.7,1.9,6,0.0802730673344857,6.22079721839698,0.0597339318930415,3.76407647196338,274.097372430002,10.1248806895879
0,0.7,1.9,7,0.0936412587322433,6.18012159355358,0.0597271369969099,3.74047257820923,272.378553669193,10.073962567492
0,0.7,1.9,8,0.107006409140147,6.14691673981202,0.0597203436464781,3.7212566763618,270.979265359169,10.0349001689604
0,0.7,1.9,9,0.120368519595723,6.11915781295673,0.0597135518412186,3.70507763020966,269.801118721672,10.0043175146033
0,0.7,1.9,10,0.133727591136026,6.09402087209866,0.0597067615806044,3.69040866142076,268.732934844101,9.97786388623604
0,0.7,1.9,11,0.147083624797639,6.07239135857213,0.0596999728641086,3.67784063455915,267.817740063906,9.95701559079303
0,0.7,1.9,12,0.160436621616673,6.0516874983991,0.0596931856912045,3.665729565514,266.935820627009,9.93754687122098
0,0.7,1.9,13,0.173786582628769,6.03576626570666,0.0596864000613658,3.65634285763069,266.252287232895,9.92558210602749
0,0.7,1.9,14,0.187133508869095,6.02227381566224,0.0596796159740663,3.64848041872948,265.679750022303,9.91756735923488
0,0.7,1.9,15,0.200477401372352,6.01015899408808,0.05967283342878,3.64143725140002,265.166871585064,9.91174648028923
0,0.7,1.9,16,0.213818261172766,5.99883345046762,0.0596660524249812,3.63484425747895,264.68677445535,9.90716202154432
0,0.7,1.9,17,0.227156089304098,5.98844871666577,0.0596592729621446,3.62879706708957,264.246422350748,9.90406114602159
0,0.7,1.9,18,0.240490886799635,5.97745232727026,0.0596524950397449,3.62293888604649,263.819833772358,9.90053459515613
0,0.7,1.9,19,0.253822654692197,5.96796320808991,0.0596457186572572,3.61761992658149,263.432510925896,9.89905150802085
0,0.7,1.9,20,0.267151394014133,5.95988735815905,0.0596389438141566,3.61297194862005,263.094048475456,9.89964964460739
0,0.7,1.9,21,0.280477105797325,5.95355482204022,0.0596321705099188,3.60935116048484,262.830385257831,9.90301525883231
0,0.7,1.9,22,0.293799791073185,5.94738026487009,0.0596253987440194,3.60577115492661,262.569691798465,9.90657660961391
0,0.7,1.9,23,0.307119450872657,5.94150877410268,0.0596186285159344,3.60233795856522,262.319688880431,9.91058481205649
0,0.7,1.9,24,0.320436086226216,5.93655488063856,0.0596118598251402,3.59936570685104,262.103251623875,9.91596853354095
0,0.7,2,1,0.0133864591513969,7.0397439693799,0.0609136729098635,4.25467794307458,309.822622738673,11.3687220445157
0,0.7,2,2,0.0267698710778561,6.77876961059276,0.0609067398717449,4.10266088571667,298.752848705998,10.969107107259
0,0.7,2,3,0.0401502368197412,6.6040410567507,0.060899808411648,4.00032371818897,291.300728928357,10.7054148201711
0,0.7,2,4,0.0535275574169422,6.48293443131596,0.060892878529034,3.92944593228339,286.139458952818,10.5268007995453
0,0.7,2,5,0.0669018339088759,6.40263541858639,0.0608859502233646,3.8825722647628,282.726151811147,10.4129954674814
0,0.7,2,6,0.0802730673344861,6.33942468743089,0.0608790234941014,3.8456509287275,280.037566372126,10.326227706987
0,0.7,2,7,0.0936412587322438,6.28812638376369,0.0608720983407066,3.81574267397803,277.859668526039,10.2583824148147
0,0.7,2,8,0.107006409140148,6.24336261417641,0.0608651747626423,3.78959372919457,275.955520958807,10.2008279272738
0,0.7,2,9,0.120368519595724,6.20649555987813,0.0608582527593713,3.76818220581729,274.396349050067,10.1559045380505
0,0.7,2,10,0.133727591136027,6.1735476381682,0.0608513323303561,3.74902323331993,273.001206294838,10.1171497949545
0,0.7,2,11,0.14708362479764,6.14489062632598,0.0608444134750599,3.73222005848878,271.777611050691,10.0850387230875
0,0.7,2,12,0.160436621616674,6.11877624326156,0.0608374961929459,3.71686095115026,270.659171774626,10.0569113122214
0,0.7,2,13,0.17378658262877,6.09477029157132,0.0608305804834776,3.7027695060553,269.633042761828,10.0321569607389
0,0.7,2,14,0.187133508869097,6.07144821888016,0.0608236663461187,3.68916186888016,268.642144297765,10.0085672629755
0,0.7,2,15,0.200477401372353,6.05091315497825,0.0608167537803333,3.6772427978935,267.774206022976,9.98945010802444
0,0.7,2,16,0.213818261172768,6.03307763785849,0.0608098427855855,3.66686037735106,267.018165540976,9.97456611916791
0,0.7,2,17,0.2271560893041,6.01727214051839,0.0608029333613399,3.65825823769019,266.391763846992,9.96348940087402
0,0.7,2,18,0.240490886799637,6.00467063437035,0.0607960255070612,3.65091391653057,265.856955601961,9.95687146320762
0,0.7,2,19,0.253822654692199,5.9926595215767,0.0607891192222143,3.64396070754645,265.350627867469,9.95123200303756
0,0.7,2,20,0.267151394014136,5.98130365772152,0.0607822145062645,3.6373497162034,264.869220178283,9.94658698244532
0,0.7,2,21,0.280477105797328,5.97144562706294,0.0607753113586772,3.63159649059827,264.450274380261,9.94429453481722
0,0.7,2,22,0.293799791073188,5.96163218910767,0.0607684097789181,3.62586143609914,264.032651789258,9.94206182605891
0,0.7,2,23,0.30711945087266,5.95249082190446,0.0607615097664532,3.62049704536723,263.642020670242,9.9408688279108
0,0.7,2,24,0.320436086226219,5.94442889924123,0.0607546113207485,3.61577590456609,263.298230553834,9.94139550135429
0,0.7,2.1,1,0.0133864591513969,7.24856234674609,0.0620518482681383,4.38936439755616,319.630394591953,11.7133650517218
0,0.7,2.1,2,0.026769871077856,6.97020927730692,0.0620447856858176,4.22680207916894,307.792722148804,11.2858260132395
0,0.7,2.1,3,0.040150236819741,6.77705267064135,0.0620377247110041,4.11346385285789,299.539513092312,10.99270448503
0,0.7,2.1,4,0.0535275574169418,6.64088311125318,0.0620306653431489,4.0335923640693,293.723328067355,10.7900336980826
0,0.7,2.1,5,0.0669018339088754,6.54019422392808,0.0620236075817035,3.97450932775557,289.420943371029,10.6436289931742
0,0.7,2.1,6,0.0802730673344853,6.46356228909077,0.0620165514261197,3.92961892016862,286.152055807627,10.53547082802
0,0.7,2.1,7,0.0936412587322428,6.40267033257549,0.0620094968758494,3.89398021388282,283.556870555015,10.4523013020664
0,0.7,2.1,8,0.107006409140146,6.35348938130367,0.0620024439303448,3.86508806399723,281.452964742665,10.3875862983714
0,0.7,2.1,9,0.120368519595722,6.3080948002723,0.0619953925890585,3.83865035995594,279.527789931585,10.329109072413
0,0.7,2.1,10,0.133727591136025,6.26539100338982,0.0619883428514431,3.81365202476666,277.707428936918,10.2747589621439
0,0.7,2.1,11,0.147083624797638,6.22735185810007,0.0619812947169518,3.79132731975744,276.081759791012,10.2277440973721
0,0.7,2.1,12,0.160436621616672,6.19552170328687,0.0619742481850376,3.77259599890351,274.717758324398,10.1905285719921
0,0.7,2.1,13,0.173786582628768,6.16840426924147,0.061967203255154,3.75669432756093,273.55980992332,10.1608523826863
0,0.7,2.1,14,0.187133508869094,6.14376536641071,0.0619601599267549,3.74231612465288,272.512799410458,10.1351751598594
0,0.7,2.1,15,0.20047740137235,6.12013008392868,0.0619531181992942,3.72849413877631,271.506292226358,10.1110547422766
0,0.7,2.1,16,0.213818261172765,6.09651349489055,0.0619460780722261,3.71527837947835,270.543930030685,10.0875562136139
0,0.7,2.1,17,0.227156089304096,6.07504548287429,0.0619390395450051,3.70264257492569,269.623799727218,10.0667831866491
0,0.7,2.1,18,0.240490886799633,6.05454368143918,0.0619320026170858,3.69073882327144,268.756976995323,10.0477053941273
0,0.7,2.1,19,0.253822654692194,6.03476065038316,0.0619249672879233,3.67917833648765,267.915150567233,10.0296866088509
0,0.7,2.1,20,0.267151394014131,6.01704815331773,0.0619179335569728,3.66880161311369,267.159524948992,10.0149190940025
0,0.7,2.1,21,0.280477105797323,6.00261517055267,0.0619109014236898,3.66023937347363,266.536028746155,10.0052425512473
0,0.7,2.1,22,0.293799791073183,5.98949106570561,0.06190387088753,3.65242757813935,265.9671793641,9.99762230580567
0,0.7,2.1,23,0.307119450872654,5.97806043083336,0.0618968419479492,3.64565409398292,265.473939063775,9.99273081763689
0,0.7,2.1,24,0.320436086226213,5.96761329526742,0.0618898146044038,3.63945893415189,265.022811929639,9.98939813024992
0,0.7,2.2,1,0.0133864591513969,7.46516940324747,0.0631829902464763,4.52825011948151,329.743954114808,12.0699889721268
0,0.7,2.2,2,0.0267698710778561,7.17610470829765,0.063175798920475,4.35896088078201,317.41643211736,11.625011259078
0,0.7,2.2,3,0.0401502368197411,6.96840635865591,0.063168609231284,4.23692602881388,308.52994096382,11.3086512335208
0,0.7,2.2,4,0.053527557416942,6.81405448623992,0.0631614211783446,4.14610362071655,301.916317780905,11.0768470855518
0,0.7,2.2,5,0.0669018339088756,6.69697397923412,0.0631542347610982,4.0772399754628,296.901716095579,10.9042700233669
0,0.7,2.2,6,0.0802730673344857,6.60548111653387,0.0631470499789866,4.02349849372393,292.988299605547,10.7723997275713
0,0.7,2.2,7,0.0936412587322432,6.53617111921449,0.0631398668314517,3.98278769484844,290.023768176812,10.6757399396266
0,0.7,2.2,8,0.107006409140147,6.4773476070547,0.0631326853179358,3.94819804304774,287.504974325928,10.5956847445605
0,0.7,2.2,9,0.120368519595723,6.42621803824711,0.0631255054378815,3.9182243928509,285.322314429859,10.5279364561316
0,0.7,2.2,10,0.133727591136026,6.3810429009892,0.0631183271907314,3.89167673181517,283.389132628624,10.4695655511311
0,0.7,2.2,11,0.147083624797639,6.33867300850405,0.0631111505759286,3.86674468475177,281.573598688153,10.4156124686294
0,0.7,2.2,12,0.160436621616673,6.2996103190037,0.0631039755929163,3.84379348053329,279.902308315269,10.3669443967466
0,0.7,2.2,13,0.173786582628769,6.2641671031013,0.0630968022411381,3.82308909500443,278.394629681876,10.3241395829756
0,0.7,2.2,14,0.187133508869095,6.23298387725698,0.0630896305200377,3.80494440839853,277.073346504106,10.2881514250446
0,0.7,2.2,15,0.200477401372352,6.20420153286065,0.0630824604290592,3.78816435320439,275.851434815489,10.2559257478665
0,0.7,2.2,16,0.213818261172766,6.17768045426016,0.0630752919676468,3.77323775705877,274.764490696975,10.2278117644593
0,0.7,2.2,17,0.227156089304098,6.15526611062882,0.063068125135245,3.76022258570128,273.816735172509,10.2057129107694
0,0.7,2.2,18,0.240490886799635,6.13404374942518,0.0630609599312987,3.74788107608773,272.918035217263,10.1854766722438
0,0.7,2.2,19,0.253822654692196,6.11440199121633,0.0630537963552529,3.73636968469906,272.07978388094,10.1676481269628
0,0.7,2.2,20,0.267151394014133,6.09721459790958,0.0630466344065529,3.72632225656264,271.348137307767,10.1537348828929
0,0.7,2.2,21,0.280477105797325,6.08048404316022,0.0630394740846441,3.71655309565311,270.636753956209,10.1405537186953
0,0.7,2.2,22,0.293799791073185,6.06536618425539,0.0630323153889724,3.70772272114383,269.993732362839,10.1299210118614
0,0.7,2.2,23,0.307119450872657,6.05042213393455,0.0630251583189839,3.69903408446752,269.361032017691,10.1196008275937
0,0.7,2.2,24,0.320436086226216,6.03825268898963,0.0630180028741248,3.69188843241801,268.840690716004,10.113595210508
0,0.7,2.3,1,0.0133864591513969,7.6902065106937,0.0643075733156833,4.67173076322833,340.192112577715,12.4396313063891
0,0.7,2.3,2,0.0267698710778561,7.38702007663126,0.0643002539925198,4.49371062539019,327.228812712659,11.9718008270918
0,0.7,2.3,3,0.0401502368197412,7.1674401407568,0.0642929363352997,4.36443960051909,317.815388593244,11.6363229144309
0,0.7,2.3,4,0.0535275574169422,6.9986475623073,0.0642856203434546,4.26492635169497,310.568904567792,11.3813870917627
0,0.7,2.3,5,0.0669018339088759,6.86719522561,0.0642783060164159,4.18746887345117,304.928506074345,11.1858442389865
0,0.7,2.3,6,0.080273067334486,6.76378765977015,0.0642709933536154,4.12656868503087,300.493797653613,11.0349004054891
0,0.7,2.3,7,0.0936412587322437,6.68629623817405,0.0642636823544852,4.08096123279486,297.172695408685,10.9251624120556
0,0.7,2.3,8,0.107006409140147,6.62114193390173,0.0642563730184576,4.04252630453894,294.373891260323,10.8349310205993
0,0.7,2.3,9,0.120368519595724,6.56309567321695,0.0642490653449652,4.00841431154756,291.889880184318,10.7561275697052
0,0.7,2.3,10,0.133727591136027,6.51338587808433,0.0642417593334409,3.97916683823389,289.76009997257,10.6905220667877
0,0.7,2.3,11,0.14708362479764,6.46971790232427,0.0642344549833177,3.95346109179865,287.888225793942,10.6344970739039
0,0.7,2.3,12,0.160436621616674,6.42836198149787,0.064227152294029,3.92915701809063,286.11842042672,10.5821827734992
0,0.7,2.3,13,0.17378658262877,6.38934756939301,0.0642198512650085,3.90633364757462,284.45643881316,10.5336876508614
0,0.7,2.3,14,0.187133508869096,6.35320438780937,0.0642125518956899,3.88513430427247,282.912717706631,10.4896847528466
0,0.7,2.3,15,0.200477401372353,6.31883653295649,0.0642052541855074,3.86498072098069,281.445148100521,10.448499909495
0,0.7,2.3,16,0.213818261172767,6.28611335536764,0.0641979581338954,3.8463637214599,280.089471432104,10.4104932961342
0,0.7,2.3,17,0.227156089304099,6.2570720700751,0.0641906637402886,3.82937693543103,278.852505751086,10.3777957585505
0,0.7,2.3,18,0.240490886799636,6.23143614860908,0.0641833710041217,3.8143952496099,277.761550041571,10.3505056560227
0,0.7,2.3,19,0.253822654692198,6.20844807074213,0.0641760799248302,3.80096623291969,276.783658594221,10.3274130382789
0,0.7,2.3,20,0.267151394014135,6.18765740894904,0.0641687905018491,3.78876354356081,275.895067431219,10.3077411370258
0,0.7,2.3,21,0.280477105797327,6.16989281234893,0.0641615027346144,3.77834347153483,275.136285194958,10.2928748924157
0,0.7,2.3,22,0.293799791073187,6.15393437374755,0.0641542166225619,3.76901447719096,274.456954459753,10.2809028586343
0,0.7,2.3,23,0.307119450872659,6.13887853796332,0.0641469321651277,3.76018954638321,273.814329272858,10.2703344673843
0,0.7,2.3,24,0.320436086226218,6.12518413759596,0.0641396493617484,3.75218823150193,273.231679212138,10.2619481046858
0,0.7,2.4,1,0.0133864591513969,7.90419688686392,0.0654260208844267,4.80848444759324,350.150418641298,12.791493814493
0,0.7,2.4,2,0.026769871077856,7.59003067502654,0.0654185742624274,4.62364451473021,336.690506151404,12.305863635097
0,0.7,2.4,3,0.040150236819741,7.36020828176499,0.0654111293353461,4.48809316095556,326.819752946546,11.9538628088756
0,0.7,2.4,4,0.0535275574169419,7.17703033327439,0.0654036861026042,4.37989499318971,318.940839298734,11.6758565699836
0,0.7,2.4,5,0.0669018339088755,7.03318375994999,0.0653962445636233,4.29497475004573,312.757007571282,11.4604565884682
0,0.7,2.4,6,0.0802730673344855,6.91927499534252,0.0653888047178254,4.22779207421542,307.864812884202,11.2927289416102
0,0.7,2.4,7,0.093641258732243,6.83381797048625,0.0653813665646326,4.1772951780586,304.187664809356,11.1701357738417
0,0.7,2.4,8,0.107006409140147,6.76330036778856,0.0653739301034674,4.13572393301517,301.160476302449,11.0714046400473
0,0.7,2.4,9,0.120368519595723,6.69998434668562,0.0653664953337524,4.09843519912801,298.445137213075,10.9841545607431
0,0.7,2.4,10,0.133727591136026,6.64648529585959,0.0653590622549107,4.06692570373496,296.150638161804,10.9124976529855
0,0.7,2.4,11,0.147083624797639,6.5992786182253,0.0653516308663655,4.03917752297399,294.130035367747,10.8508913968633
0,0.7,2.4,12,0.160436621616672,6.55571612374186,0.0653442011675402,4.01352218651154,292.261832007496,10.7950191330376
0,0.7,2.4,13,0.173786582628768,6.51552525876714,0.0653367731578588,3.98987338130939,290.539742826976,10.7445219958632
0,0.7,2.4,14,0.187133508869094,6.47724114887978,0.0653293468367451,3.96728506057576,288.894877371449,10.6969890651614
0,0.7,2.4,15,0.200477401372351,6.44135374538917,0.0653219222036236,3.94639056093475,287.37335476358,10.6535436298999
0,0.7,2.4,16,0.213818261172765,6.40755251904643,0.0653144992579186,3.92692264392326,285.955714888492,10.6136079234004
0,0.7,2.4,17,0.227156089304097,6.37715338047667,0.065307077999055,3.90909368781415,284.657422981014,10.578710235594
0,0.7,2.4,18,0.240490886799634,6.34870268697272,0.065299658426458,3.8924144261368,283.442851004625,10.5469076583356
0,0.7,2.4,19,0.253822654692195,6.32275034904288,0.0652922405395528,3.87717856611465,282.333386510508,10.5190438103893
0,0.7,2.4,20,0.267151394014132,6.3001668649614,0.065284824337765,3.8638743997553,281.364586575483,10.4964774830686
0,0.7,2.4,21,0.280477105797324,6.27847038027607,0.0652774098205205,3.85109745208104,280.434178330253,10.475322347975
0,0.7,2.4,22,0.293799791073184,6.25931634916385,0.0652699969872454,3.8398149157006,279.612592052913,10.4582010529249
0,0.7,2.4,23,0.307119450872655,6.24402353291931,0.065262585837366,3.83073270183765,278.951231696867,10.447138271467
0,0.7,2.4,24,0.320436086226214,6.23126970556091,0.0652551763703091,3.82326670578463,278.407563172609,10.4402276739421
0,0.7,2.5,1,0.0133864591513969,8.13045479431744,0.0665387126766579,4.9521606147193,360.612814977662,13.1625405808648
0,0.7,2.5,2,0.0267698710778561,7.80904325147067,0.0665311394109309,4.76270711274135,346.816945665068,12.6650513747008
0,0.7,2.5,3,0.0401502368197411,7.56935734603418,0.0665235678689471,4.62104217132518,336.501005354916,12.2970733220481
0,0.7,2.5,4,0.053527557416942,7.37626049449914,0.0665159980501181,4.50677182087711,328.179919681507,12.0030758708433
0,0.7,2.5,5,0.0669018339088756,7.22215906632953,0.0665084299538557,4.41570022346207,321.548150709649,11.7712695536543
0,0.7,2.5,6,0.0802730673344857,7.09961078700469,0.066500863579572,4.34328856725492,316.275185389332,11.5896732851737
0,0.7,2.5,7,0.0936412587322433,7.00384716847885,0.0664932989266793,4.2865826329108,312.145899568313,11.4505643590486
0,0.7,2.5,8,0.107006409140147,6.92567665832307,0.0664857359945902,4.24051256132239,308.791109711065,11.3396813647802
0,0.7,2.5,9,0.120368519595723,6.86002251252549,0.0664781747827177,4.20182883742149,305.974188440729,11.2486980443254
0,0.7,2.5,10,0.133727591136026,6.80211061068393,0.0664706152904749,4.16769426315817,303.488533012557,11.1700030802686
0,0.7,2.5,11,0.147083624797639,6.74963819338239,0.0664630575172753,4.13679285314292,301.238314306149,11.0999777288402
0,0.7,2.5,12,0.160436621616673,6.70232766357203,0.0664555014625326,4.10885059108732,299.203578650208,11.0380703777385
0,0.7,2.5,13,0.173786582628769,6.66107232892737,0.0664479471256606,4.08452982049491,297.432557427737,10.9858366791767
0,0.7,2.5,14,0.187133508869095,6.6246501566114,0.0664403945060737,4.06309735759063,295.871860717529,10.9413214175772
0,0.7,2.5,15,0.200477401372351,6.58911070667771,0.0664328436031863,4.04249447867608,294.371573723618,10.8985154303293
0,0.7,2.5,16,0.213818261172766,6.55480157902826,0.0664252944164132,4.02248136747666,292.914233195398,10.8575265020941
0,0.7,2.5,17,0.227156089304097,6.52301517169522,0.0664177469451694,4.00377860027921,291.552310985748,10.8203676082237
0,0.7,2.5,18,0.240490886799635,6.49327503747852,0.0664102011888703,3.98626184690831,290.27675345969,10.7864379723753
0,0.7,2.5,19,0.253822654692196,6.46703229791954,0.0664026571469313,3.97078462082138,289.149712860347,10.75804223058
0,0.7,2.5,20,0.267151394014133,6.4416674153189,0.0663951148187683,3.95579464297233,288.058153331254,10.7310085671241
0,0.7,2.5,21,0.280477105797325,6.41857058913096,0.0663875742037974,3.94206196052024,287.05814915903,10.7074972296523
0,0.7,2.5,22,0.293799791073185,6.39994663163042,0.0663800353014349,3.93103164927153,286.25492973645,10.6911581072766
0,0.7,2.5,23,0.307119450872657,6.38169822094271,0.0663724981110975,3.9202924044665,285.472905565351,10.675482574393
0,0.7,2.5,24,0.320436086226216,6.36368950854623,0.0663649626322021,3.90967183701697,284.6995233949,10.6601623944216
0,0.71,1.5,1,0.0133864591513969,6.18916711316155,0.055350210267904,3.63186921642907,264.470134081352,9.88977299900992
0,0.71,1.5,2,0.0267714124984097,6.14942415884023,0.0553470971747276,3.60939826956918,262.833815707858,9.84094093808255
0,0.71,1.5,3,0.0401571187476146,6.13179138872894,0.0553470971747276,3.59963509458398,262.122868247053,9.82693069923527
0,0.71,1.5,4,0.0535428249968194,6.12476673571871,0.0553470971747276,3.59569495458314,261.835950053632,9.8293516124734
0,0.71,1.5,5,0.0669285312460243,6.12230055900639,0.0553470971747276,3.59431129004121,261.735192585474,9.83888747746836
0,0.71,1.5,6,0.0803142374952291,6.12195902749449,0.0553470971747276,3.59412248134423,261.721443670402,9.85174284350868
0,0.71,1.5,7,0.093699943744434,6.12195902749449,0.0553470971747276,3.59412248134423,261.721443670402,9.86512854975788
0,0.71,1.5,8,0.107085649993639,6.12195902749449,0.0553470971747276,3.59412248134423,261.721443670402,9.87851425600709
0,0.71,1.5,9,0.120471356242844,6.12195902749449,0.0553470971747276,3.59412248134423,261.721443670402,9.89189996225629
0,0.71,1.5,10,0.133857062492049,6.12195902749449,0.0553470971747276,3.59412248134423,261.721443670402,9.9052856685055
0,0.71,1.5,11,0.147242768741253,6.12195902749449,0.0553470971747276,3.59412248134423,261.721443670402,9.9186713747547
0,0.71,1.5,12,0.160628474990458,6.12195902749449,0.0553470971747276,3.59412248134423,261.721443670402,9.9320570810039
0,0.71,1.5,13,0.174014181239663,6.12195902749449,0.0553470971747276,3.59412248134423,261.721443670402,9.94544278725311
0,0.71,1.5,14,0.187399887488868,6.12195902749449,0.0553470971747276,3.59412248134423,261.721443670402,9.95882849350232
0,0.71,1.5,15,0.200785593738073,6.12195902749449,0.0553470971747276,3.59412248134423,261.721443670402,9.97221419975152
0,0.71,1.5,16,0.214171299987278,6.12195902749449,0.0553470971747276,3.59412248134423,261.721443670402,9.98559990600073
0,0.71,1.5,17,0.227557006236483,6.12195902749449,0.0553470971747276,3.59412248134423,261.721443670402,9.99898561224993
0,0.71,1.5,18,0.240942712485687,6.12195902749449,0.0553470971747276,3.59412248134423,261.721443670402,10.0123713184991
0,0.71,1.5,19,0.254328418734892,6.12195902749449,0.0553470971747276,3.59412248134423,261.721443670402,10.0257570247483
0,0.71,1.5,20,0.267714124984097,6.12195902749449,0.0553470971747276,3.59412248134423,261.721443670402,10.0391427309975
0,0.71,1.5,21,0.281099831233302,6.12195902749449,0.0553470971747276,3.59412248134423,261.721443670402,10.0525284372467
0,0.71,1.5,22,0.294485537482507,6.12195902749449,0.0553470971747276,3.59412248134423,261.721443670402,10.065914143496
0,0.71,1.5,23,0.307871243731712,6.12195902749449,0.0553470971747276,3.59412248134423,261.721443670402,10.0792998497452
0,0.71,1.5,24,0.321256949980917,6.12195902749449,0.0553470971747276,3.59412248134423,261.721443670402,10.0926855559944
0,0.71,1.6,1,0.013386459151397,6.33760095016941,0.0565476712601642,3.73646854692581,272.086982958,10.1440036275068
0,0.71,1.6,2,0.0267698710778562,6.21354729248388,0.0565412351491626,3.66586503811005,266.945685645132,9.96272343682095
0,0.71,1.6,3,0.0401505928235848,6.16729474591684,0.0565353017854575,3.63963392541486,265.035554668989,9.90361456594075
0,0.71,1.6,4,0.053532856814684,6.14393214268341,0.0565339638088369,3.62655290842589,264.083004312455,9.88055187173282
0,0.71,1.6,5,0.0669084566486694,6.12508072593427,0.0565275308175736,3.61591440899437,263.308316347825,9.86443112239489
0,0.71,1.6,6,0.0802810128139951,6.10927871507513,0.0565210992901619,3.60700893051334,262.659825736632,9.85308975769262
0,0.71,1.6,7,0.0936505263494404,6.09859764946747,0.0565146692261023,3.6010406259405,262.225218041102,9.84980347098351
0,0.71,1.6,8,0.107021122912297,6.09447785813521,0.0565104185495784,3.59871616347251,262.055952336876,9.85672556306959
0,0.71,1.6,9,0.120398763276334,6.09194915055384,0.0565104185495784,3.59730657021963,261.953306758422,9.86616490259938
0,0.71,1.6,10,0.133776403640371,6.08944960218012,0.0565104185495784,3.59589808079106,261.850741559669,9.87563450516112
0,0.71,1.6,11,0.147154044004408,6.08784806292298,0.0565104185495784,3.59499013240504,261.784625403751,9.88650265788201
0,0.71,1.6,12,0.160531684368446,6.08784806292298,0.0565104185495784,3.59499013240504,261.784625403751,9.89988029824604
0,0.71,1.6,13,0.173909324732483,6.08784806292298,0.0565104185495784,3.59499013240504,261.784625403751,9.91325793861008
0,0.71,1.6,14,0.18728696509652,6.08784806292298,0.0565104185495784,3.59499013240504,261.784625403751,9.92663557897412
0,0.71,1.6,15,0.200664605460557,6.08784806292298,0.0565104185495784,3.59499013240504,261.784625403751,9.94001321933816
0,0.71,1.6,16,0.214042245824594,6.08784806292298,0.0565104185495784,3.59499013240504,261.784625403751,9.95339085970219
0,0.71,1.6,17,0.227419886188631,6.08784806292298,0.0565104185495784,3.59499013240504,261.784625403751,9.96676850006623
0,0.71,1.6,18,0.240797526552668,6.08784806292298,0.0565104185495784,3.59499013240504,261.784625403751,9.98014614043027
0,0.71,1.6,19,0.254175166916706,6.08784806292298,0.0565104185495784,3.59499013240504,261.784625403751,9.9935237807943
0,0.71,1.6,20,0.267552807280743,6.08784806292298,0.0565104185495784,3.59499013240504,261.784625403751,10.0069014211583
0,0.71,1.6,21,0.28093044764478,6.08784806292298,0.0565104185495784,3.59499013240504,261.784625403751,10.0202790615224
0,0.71,1.6,22,0.294308088008817,6.08784806292298,0.0565104185495784,3.59499013240504,261.784625403751,10.0336567018864
0,0.71,1.6,23,0.307685728372854,6.08784806292298,0.0565104185495784,3.59499013240504,261.784625403751,10.0470343422505
0,0.71,1.6,24,0.321063368736891,6.08784806292298,0.0565104185495784,3.59499013240504,261.784625403751,10.0604119826145
0,0.71,1.7,1,0.0133864591513969,6.51138178895706,0.0577344757152404,3.85224839289897,280.517989022296,10.4347511167227
0,0.71,1.7,2,0.026769871077856,6.32867516813926,0.0577279045251976,3.74803058007575,272.928921991373,10.1612035238181
0,0.71,1.7,3,0.0401502368197409,6.2361036000881,0.0577213348308166,3.69504841474489,269.0707983823,10.0290235864836
0,0.71,1.7,4,0.0535275574169417,6.18454620878476,0.0577147666315868,3.66537130342789,266.909732236622,9.96115983626117
0,0.71,1.7,5,0.0669018339088752,6.15385662184839,0.0577081999269979,3.64796172223745,265.641978912547,9.92642837792172
0,0.71,1.7,6,0.0802730673344851,6.12911202509636,0.0577016347165397,3.63414453122684,264.635820887177,9.90123125837423
0,0.71,1.7,7,0.0936412587322425,6.10856662826764,0.0576950709997024,3.62282247535312,263.811356828434,9.8827254333527
0,0.71,1.7,8,0.107006409140146,6.09253808116966,0.0576885087759763,3.61382908254682,263.156464358582,9.87106208163261
0,0.71,1.7,9,0.120368519595722,6.07770855113803,0.0576819480448519,3.60561379226574,262.558232761385,9.86137281104434
0,0.71,1.7,10,0.133727591136025,6.0662669001417,0.0576753888058202,3.59923517460568,262.093746358577,9.85690505468923
0,0.71,1.7,11,0.147083624797638,6.05712446886333,0.0576688310583721,3.59402023283056,261.713998006336,9.8558971575499
0,0.71,1.7,12,0.160436621616672,6.04996438483927,0.0576622748019989,3.58997773027343,261.419625844345,9.85804101153137
0,0.71,1.7,13,0.173786582628767,6.04356890578928,0.0576557200361922,3.58636055531882,261.156225735962,9.86137176377307
0,0.71,1.7,14,0.187133508869093,6.03880751335157,0.0576491667604436,3.58362904911787,260.957319396509,9.86721923809898
0,0.71,1.7,15,0.200479343766151,6.0354708315442,0.0576431734644153,3.58171203784877,260.817723998888,9.87530538662353
0,0.71,1.7,16,0.213844633350561,6.03314880476465,0.0576431734644153,3.5803978368867,260.722024819227,9.88503444846632
0,0.71,1.7,17,0.227209922934971,6.03195660922887,0.0576431734644153,3.57972077854607,260.672721912251,9.89653048417433
0,0.71,1.7,18,0.240575212519381,6.03195660922887,0.0576431734644153,3.57972077854607,260.672721912251,9.90989577375874
0,0.71,1.7,19,0.253940502103791,6.03195660922887,0.0576431734644153,3.57972077854607,260.672721912251,9.92326106334315
0,0.71,1.7,20,0.267305791688201,6.03195660922887,0.0576431734644153,3.57972077854607,260.672721912251,9.93662635292756
0,0.71,1.7,21,0.280671081272611,6.03195660922887,0.0576431734644153,3.57972077854607,260.672721912251,9.94999164251197
0,0.71,1.7,22,0.294036370857021,6.03195660922887,0.0576431734644153,3.57972077854607,260.672721912251,9.96335693209638
0,0.71,1.7,23,0.307401660441431,6.03195660922887,0.0576431734644153,3.57972077854607,260.672721912251,9.97672222168079
0,0.71,1.7,24,0.320766950025841,6.03195660922887,0.0576431734644153,3.57972077854607,260.672721912251,9.9900875112652
0,0.71,1.8,1,0.0133864591513969,6.71494118110051,0.0589115513093717,3.98400610813708,290.112492166199,10.7712452996984
0,0.71,1.8,2,0.0267698710778561,6.4946604686197,0.0589048461476018,3.85801996982123,280.938271150183,10.4383551556664
0,0.71,1.8,3,0.0401502368197411,6.3610073640882,0.058898142511987,3.78126207778759,275.348816027155,10.2413178212075
0,0.71,1.8,4,0.053527557416942,6.28649431650638,0.058891440402006,3.73833984372023,272.223249460078,10.1372531580456
0,0.71,1.8,5,0.0669018339088756,6.23301047999814,0.0588847398171384,3.70783107639,270.001622714825,10.0666281301142
0,0.71,1.8,6,0.0802730673344857,6.19230521046767,0.0588780407568634,3.68475206160632,268.321025267456,10.0162083801653
0,0.71,1.8,7,0.0936412587322433,6.16281774743306,0.0588713432206608,3.66800532268226,267.101539645938,9.98333567206823
0,0.71,1.8,8,0.107006409140147,6.13726504553064,0.0588646472080106,3.65351469259692,266.046342265961,9.95665079447572
0,0.71,1.8,9,0.120368519595723,6.11652735952576,0.0588579527183929,3.64177919519194,265.19177168887,9.93753302703182
0,0.71,1.8,10,0.133727591136026,6.09873202868297,0.0588512597512883,3.63170437676123,264.458130573941,9.92301525633151
0,0.71,1.8,11,0.147083624797639,6.08400791036655,0.0588445683061773,3.62342572805619,263.855285261359,9.91336183152656
0,0.71,1.8,12,0.160436621616673,6.0703517933464,0.0588378783825408,3.61569049827045,263.29201132811,9.90531679161606
0,0.71,1.8,13,0.173786582628769,6.05887172799012,0.0588311899798601,3.60910582763106,262.81252029385,9.90059532822981
0,0.71,1.8,14,0.187133508869095,6.04900928178077,0.0588245030976164,3.60344153274495,262.400050367558,9.89840882649244
0,0.71,1.8,15,0.200477401372352,6.03917675300665,0.0588178177352914,3.59779498960265,261.988873110628,9.89626696171694
0,0.71,1.8,16,0.213818261172766,6.031116341054,0.0588111338923669,3.59316922745322,261.652028399823,9.89691496357235
0,0.71,1.8,17,0.227156089304098,6.02469423838652,0.0588044515683251,3.58948106295842,261.383458883596,9.90013584221736
0,0.71,1.8,18,0.240490886799635,6.01925408758949,0.0587977707626481,3.58636617414335,261.156634894769,9.90490891929512
0,0.71,1.8,19,0.253822654692197,6.01383146242113,0.0587910914748187,3.58325668673298,260.930204232391,9.90970189532112
0,0.71,1.8,20,0.267151394014133,6.00841263583679,0.0587844137043195,3.58015258668993,260.704165874272,9.91450103024518
0,0.71,1.8,21,0.280477105797325,6.00426537223237,0.0587777374506336,3.57776266641867,260.530133579352,9.921282881899
0,0.71,1.8,22,0.293799791073186,6.00106361704432,0.0587710627132443,3.57590526814956,260.394879158006,9.92953973898031
0,0.71,1.8,23,0.307129593772605,5.99818357128743,0.0587663302391889,3.57422960076461,260.272858250433,9.93830909606383
0,0.71,1.8,24,0.320483054371413,5.99650982974291,0.0587663302391889,3.57327062304413,260.203026174661,9.94902983739764
0,0.71,1.9,1,0.0133864591513969,6.91102143576817,0.0600796984597233,4.11103340981484,299.362529957962,11.0955210031941
0,0.71,1.9,2,0.0267698710778561,6.66478654579881,0.060072860342439,3.96987802400544,289.083695124801,10.7215073012246
0,0.71,1.9,3,0.0401502368197412,6.50476371484744,0.0600660237815715,3.87758893712033,282.363269435368,10.4825689125691
0,0.71,1.9,4,0.0535275574169422,6.40225624495982,0.0600591887765896,3.81856391550965,278.065109328469,10.334406906663
0,0.71,1.9,5,0.066901833908876,6.33426091067185,0.0600523553269621,3.77952214248514,275.222115175525,10.2407372423928
0,0.71,1.9,6,0.0802730673344861,6.28268444466575,0.0600455234321581,3.74996140992257,273.069523647999,10.172964445355
0,0.71,1.9,7,0.0936412587322439,6.2385347091334,0.0600386930916472,3.72464153877365,271.225748633363,10.1168561997309
0,0.71,1.9,8,0.107006409140148,6.20267085861667,0.0600318643048988,3.70415110917295,269.733650118536,10.0738602412347
0,0.71,1.9,9,0.120368519595724,6.17358276374221,0.060025037071383,3.68743931712799,268.516709303906,10.0414156375373
0,0.71,1.9,10,0.133727591136027,6.14646271610569,0.0600182113905698,3.67192033283237,267.386627901496,10.0121288514646
0,0.71,1.9,11,0.14708362479764,6.12272923928811,0.0600113872619296,3.65834219932097,266.397877873249,9.98816645066865
0,0.71,1.9,12,0.160436621616674,6.10154978929722,0.060004564684933,3.64611155245512,265.507250864468,9.96810252805395
0,0.71,1.9,13,0.17378658262877,6.08203828379076,0.0599977436590509,3.6347945749994,264.683156612514,9.95061718507799
0,0.71,1.9,14,0.187133508869097,6.066697966545,0.0599909241837544,3.62595128311859,264.039194385333,9.93977368271643
0,0.71,1.9,15,0.200477401372353,6.05337370971684,0.0599841062585147,3.61831584319426,263.483187078842,9.93215106054197
0,0.71,1.9,16,0.213818261172768,6.04146520605768,0.0599772898828035,3.61148128520564,262.985499425481,9.92674204231889
0,0.71,1.9,17,0.2271560893041,6.03025896981053,0.0599704750560926,3.6050500757094,262.517183322554,9.92243560988012
0,0.71,1.9,18,0.240490886799637,6.01881053612574,0.0599636617778541,3.59910153342352,262.08401470271,9.91836661812675
0,0.71,1.9,19,0.253822654692199,6.00830143804659,0.0599568500475601,3.59317258968035,261.652273234812,9.9152535324667
0,0.71,1.9,20,0.267151394014136,5.99898713554507,0.0599500398646833,3.58790910331713,261.268989900181,9.91399767274102
0,0.71,1.9,21,0.280477105797328,5.99094699112787,0.0599432312286964,3.58332969770253,260.935520839283,9.91469702585642
0,0.71,1.9,22,0.293799791073188,5.98419286747353,0.0599364241390724,3.57945818417222,260.653599976652,9.91738726685801
0,0.71,1.9,23,0.30711945087266,5.97809726216102,0.0599296185952846,3.57593720399325,260.397204703436,9.92108353562221
0,0.71,1.9,24,0.32043608622622,5.9722943141042,0.0599228145968065,3.57253095281472,260.14916391446,9.92518416774195
0,0.71,2,1,0.0133864591513969,7.13532384156136,0.0612396135013188,4.25339284457915,309.729042779941,11.4633427587932
0,0.71,2,2,0.026769871077856,6.86782481158081,0.0612326433654775,4.09965781102454,298.534166942104,11.0554851370487
0,0.71,2,3,0.0401502368197409,6.68620519853487,0.0612256748161016,3.99471531400884,290.892328923535,10.7822964241796
0,0.71,2,4,0.0535275574169418,6.55933457278465,0.0612187078526496,3.92145762827302,285.557756334468,10.5955384663273
0,0.71,2,5,0.0669018339088754,6.47428596246999,0.06121174247458,3.87245519626784,281.98943407658,10.4748547351213
0,0.71,2,6,0.0802730673344853,6.40792079232259,0.0612047786813519,3.83419251848508,279.203173085203,10.3835911568235
0,0.71,2,7,0.0936412587322428,6.35471855846784,0.0611978164724244,3.80357689009707,276.9737647937,10.3131345237696
0,0.71,2,8,0.107006409140146,6.3081295062378,0.0611908558472569,3.77668631176682,275.015611998892,10.253013082992
0,0.71,2,9,0.120368519595722,6.26764053091995,0.0611838968053091,3.75345029181873,273.323581547083,10.2026432391397
0,0.71,2,10,0.133727591136025,6.23349015258701,0.0611769393460407,3.73386192143324,271.897170342943,10.1622566045023
0,0.71,2,11,0.147083624797638,6.20257799185974,0.0611699834689121,3.71597669619805,270.594780957711,10.1268082963243
0,0.71,2,12,0.160436621616672,6.17570384021335,0.0611630291733836,3.70040099067367,269.460569155752,10.0977044816771
0,0.71,2,13,0.173786582628768,6.15038581223252,0.0611560764589157,3.6857570621629,268.394208693431,10.0710855334831
0,0.71,2,14,0.187133508869094,6.12676303552819,0.0611491253249695,3.67215469703535,267.403694136125,10.0472003667576
0,0.71,2,15,0.20047740137235,6.10409496604759,0.0611421757710059,3.65913839239529,266.455856086828,10.0248529355862
0,0.71,2,16,0.213818261172764,6.084837806493,0.0611352277964865,3.64809183491091,265.651453624918,10.0078831303732
0,0.71,2,17,0.227156089304096,6.06630367536042,0.0611282814008727,3.63799976451412,264.916556234085,9.9925878105795
0,0.71,2,18,0.240490886799633,6.05128187775329,0.0611213365836265,3.62938266560517,264.289065218293,9.98227676674172
0,0.71,2,19,0.253822654692194,6.03854827751834,0.06111439334421,3.62212690475412,263.760705871966,9.97561223030887
0,0.71,2,20,0.267151394014131,6.02667635012018,0.0611074516820855,3.61528281111597,263.262323839387,9.97021800693237
0,0.71,2,21,0.280477105797323,6.01545858105456,0.0611005115967155,3.60877082587487,262.788125704151,9.96580702432347
0,0.71,2,22,0.293799791073183,6.00572066767952,0.061093573087563,3.60310758164895,262.375732286186,9.96372161348922
0,0.71,2,23,0.307119450872654,5.99668228498032,0.0610866361540911,3.5978683140104,261.994212541866,9.96275668601746
0,0.71,2,24,0.320436086226213,5.98794220230469,0.0610797007957629,3.59280132766639,261.625238198923,9.96225931699305
0,0.71,2.1,1,0.0133864591513969,7.34731439482379,0.0623919067037343,4.38811660465274,319.539531199907,11.8112093653317
0,0.71,2.1,2,0.0267698710778561,7.06296095653705,0.0623848054168342,4.22427255843511,307.608524247456,11.3763881914669
0,0.71,2.1,3,0.0401502368197411,6.8639608080208,0.0623777057462507,4.10906572713136,299.219244703974,11.0755544777181
0,0.71,2.1,4,0.053527557416942,6.72296482440106,0.062370607691432,4.0274629247528,293.276986654359,10.8663259142622
0,0.71,2.1,5,0.0669018339088756,6.61720017955389,0.0623635112518266,3.96620282646565,288.816069853019,10.7126683511802
0,0.71,2.1,6,0.0802730673344857,6.53755671788811,0.0623564164268833,3.92016925126707,285.46393763693,10.6003554529165
0,0.71,2.1,7,0.0936412587322432,6.47297372868867,0.0623493232160509,3.88286919100154,282.747773768737,10.5118335016385
0,0.71,2.1,8,0.107006409140147,6.4220056435555,0.0623422316187789,3.85332698268899,280.596531163928,10.4446812670034
0,0.71,2.1,9,0.120368519595723,6.37584706519478,0.0623351416345165,3.82679384418473,278.664406883109,10.3853445706097
0,0.71,2.1,10,0.133727591136026,6.33176404282617,0.0623280532627136,3.80132143717101,276.809524315251,10.3291411243959
0,0.71,2.1,11,0.147083624797639,6.29207210006835,0.0623209665028202,3.77832990350739,275.135297180847,10.2798065948762
0,0.71,2.1,12,0.160436621616673,6.25725666165806,0.0623138813542864,3.75813534370451,273.664743694333,10.2381425083335
0,0.71,2.1,13,0.173786582628769,6.22821168325949,0.0623067978165628,3.74133895703504,272.441642759293,10.2056440207399
0,0.71,2.1,14,0.187133508869095,6.20344610536531,0.0622997158891002,3.72705775989523,271.401696137503,10.1799370900187
0,0.71,2.1,15,0.200477401372351,6.17953430729824,0.0622926355713494,3.71328012925621,270.398418870265,10.1555844734982
0,0.71,2.1,16,0.213818261172766,6.15538698839911,0.0622855568627617,3.69991762419688,269.425370752586,10.1314084306315
0,0.71,2.1,17,0.227156089304098,6.1329981532614,0.0622784797627887,3.68695399983578,268.481368843747,10.1093867221641
0,0.71,2.1,18,0.240490886799635,6.11213452274322,0.062271404270882,3.67500510377414,267.611258728204,10.0899019175879
0,0.71,2.1,19,0.253822654692196,6.09223320420864,0.0622643303864936,3.66355237405127,266.777279092675,10.0718725633386
0,0.71,2.1,20,0.267151394014133,6.07356625653375,0.0622572581090758,3.65275328683548,265.990897239773,10.0557281954924
0,0.71,2.1,21,0.280477105797325,6.05727255902734,0.062250187438081,3.64331811552001,265.303834772987,10.0433179677828
0,0.71,2.1,22,0.293799791073185,6.04373194810274,0.0622431183729619,3.63543363540131,264.729692536608,10.0352084929502
0,0.71,2.1,23,0.307119450872657,6.03155936014091,0.0622360509131717,3.62832076808979,264.211738596232,10.0292356300165
0,0.71,2.1,24,0.320436086226216,6.01984596305384,0.0622289850581633,3.6214800765072,263.71360429892,10.0239911108454
0,0.71,2.2,1,0.0133864591513969,7.56725491397199,0.0635371164659369,4.52708590230752,329.659176647957,12.1712643918968
0,0.71,2.2,2,0.026769871077856,7.27036083632697,0.0635298848341969,4.3555324781803,317.166778277498,11.7161930704193
0,0.71,2.2,3,0.0401502368197409,7.05511811974476,0.0635226548484412,4.23077395800523,308.081951541656,11.3895649694182
0,0.71,2.2,4,0.0535275574169419,6.89310558887671,0.063515426508108,4.13671957788414,301.232978453903,11.1468681506859
0,0.71,2.2,5,0.0669018339088754,6.77018157723123,0.0635081998126354,4.06538646622367,296.03855198063,10.9659780771764
0,0.71,2.2,6,0.0802730673344853,6.67303235310461,0.0635009747614621,4.0090648846594,291.937254455764,10.82587127986
0,0.71,2.2,7,0.0936412587322428,6.59859554168581,0.063493751354027,3.96592483161883,288.795826465928,10.7216553833909
0,0.71,2.2,8,0.107006409140146,6.53601545942234,0.0634865295897692,3.92961426405726,286.151716752908,10.6361226622095
0,0.71,2.2,9,0.120368519595723,6.4814016390215,0.0634793094681282,3.89800425314601,283.849898233069,10.5632537212314
0,0.71,2.2,10,0.133727591136026,6.43372466342094,0.0634720909885435,3.87038049362156,281.838355704991,10.5013048391671
0,0.71,2.2,11,0.147083624797638,6.39139028995431,0.0634648741504549,3.84579974498428,280.048403066136,10.4477385338867
0,0.71,2.2,12,0.160436621616672,6.35122524381642,0.0634576589533027,3.82251710791114,278.352977988426,10.3976366322975
0,0.71,2.2,13,0.173786582628768,6.31330079444372,0.0634504453965273,3.80065825698484,276.761232005615,10.3511960794539
0,0.71,2.2,14,0.187133508869094,6.2795637758554,0.0634432334795693,3.78131216617924,275.352463428222,10.3114526843833
0,0.71,2.2,15,0.20047740137235,6.2483607919573,0.0634360232018696,3.76334886438571,274.044388563524,10.2756230809172
0,0.71,2.2,16,0.213818261172765,6.2185873508477,0.0634288145628693,3.74673233017096,272.834384356363,10.2425667567543
0,0.71,2.2,17,0.227156089304096,6.19355283350955,0.06342160756201,3.7323740447706,271.788824222249,10.2165045751463
0,0.71,2.2,18,0.240490886799633,6.17050325659262,0.0634144021987332,3.71913009413783,270.82440915362,10.1935386397288
0,0.71,2.2,19,0.253822654692195,6.15103903796154,0.0634071984724809,3.70790570199988,270.007056898677,10.1761745931261
0,0.71,2.2,20,0.267151394014131,6.13312968123167,0.0633999963826953,3.69759146087659,269.255981193504,10.1612725325051
0,0.71,2.2,21,0.280477105797323,6.11572412303811,0.0633927959288188,3.68756552075353,268.525899362187,10.1471595455178
0,0.71,2.2,22,0.293799791073183,6.10064190529932,0.063385597110294,3.678872194489,267.892857524559,10.1366994879718
0,0.71,2.2,23,0.307119450872655,6.08622025901353,0.063378399926564,3.67058773245234,267.289588889302,10.1273058422651
0,0.71,2.2,24,0.320436086226214,6.07243270120561,0.0633712043770719,3.6626031390749,266.708156476602,10.1188431308838
0,0.71,2.3,1,0.0133864591513969,7.79582668556704,0.0646757206357925,4.67070415154694,340.117355444997,12.5445930169012
0,0.71,2.3,2,0.0267698710778561,7.48481240777096,0.0646683594110445,4.49054191318491,326.998069342825,12.0667925514448
0,0.71,2.3,3,0.0401502368197411,7.26043986533036,0.0646609998617772,4.36021653445362,317.507867924957,11.7254676364655
0,0.71,2.3,4,0.053527557416942,7.0845520493315,0.0646536419874187,4.25793220950411,310.059596106289,11.46066545824
0,0.71,2.3,5,0.0669018339088757,6.94622103157657,0.0646462857873974,4.17750732175597,304.203112962564,11.2552764730288
0,0.71,2.3,6,0.0802730673344857,6.83687426896756,0.0646389312611417,4.1139828910482,299.577309084294,11.0957691586114
0,0.71,2.3,7,0.0936412587322433,6.75509320333608,0.0646315784080805,4.06648164025311,296.118301774786,10.9798476807295
0,0.71,2.3,8,0.107006409140147,6.68747868816759,0.0646242272276428,4.02712534279303,293.252404176069,10.8862346673284
0,0.71,2.3,9,0.120368519595723,6.6267028434844,0.064616877719258,3.99187244936979,290.685313541796,10.8035606901692
0,0.71,2.3,10,0.133727591136026,6.57472379673518,0.0646095298823556,3.96170407090086,288.488473671406,10.7347649886544
0,0.71,2.3,11,0.147083624797639,6.53004340973282,0.0646021837163655,3.93575996330467,286.599242202512,10.6774891815515
0,0.71,2.3,12,0.160436621616673,6.48780015831183,0.0645948392207179,3.91127344761887,284.816151540185,10.6241050667681
0,0.71,2.3,13,0.173786582628769,6.44811802450815,0.0645874963948431,3.888351113382,283.146963458835,10.5748432169138
0,0.71,2.3,14,0.187133508869095,6.4098488779177,0.0645801552381717,3.86620016528109,281.533947167452,10.5277627073061
0,0.71,2.3,15,0.200477401372352,6.37484175153681,0.0645728157501347,3.84596337935253,280.060318804489,10.4858553480118
0,0.71,2.3,16,0.213818261172766,6.34152359430975,0.064565477930163,3.82726522507685,278.698732504521,10.4471725584895
0,0.71,2.3,17,0.227156089304098,6.31041504418117,0.0645581417776883,3.80927753952058,277.388882031558,10.4114068147835
0,0.71,2.3,18,0.240490886799635,6.28290934988145,0.0645508072921421,3.79341614574916,276.233866614574,10.3813671897224
0,0.71,2.3,19,0.253822654692197,6.25897711512361,0.0645434744729563,3.7795994733119,275.227746351347,10.3569427176007
0,0.71,2.3,20,0.267151394014133,6.2366598142073,0.0645361433195632,3.76665917570875,274.285443080437,10.3350065272497
0,0.71,2.3,21,0.280477105797325,6.21657239422941,0.0645288138313952,3.7550435126549,273.439598755592,10.316621826513
0,0.71,2.3,22,0.293799791073185,6.1997737522527,0.0645214860078849,3.74533296463992,272.732483553341,10.3034279939737
0,0.71,2.3,23,0.307119450872657,6.18417461092789,0.0645141598484654,3.73632632592498,272.076626525839,10.292134547574
0,0.71,2.3,24,0.320436086226216,6.17031602679838,0.0645068353525698,3.72831879445203,271.493523777334,10.2835777428292
0,0.71,2.4,1,0.0133864591513969,8.01313626401448,0.0658081456355906,4.80755927591566,350.083048297533,12.8998901447171
0,0.71,2.4,2,0.0267698710778561,7.69301108663005,0.0658006555211319,4.62174018621585,336.551834302966,12.4073217994449
0,0.71,2.4,3,0.0401502368197412,7.4568497131953,0.0657931671114902,4.48432899353573,326.545648951358,12.0471221106623
0,0.71,2.4,4,0.0535275574169422,7.26799134245378,0.0657856804060837,4.37428119531019,318.532046528558,11.761585775587
0,0.71,2.4,5,0.0669018339088759,7.11772681876835,0.0657781954043309,4.28676984486288,312.159532209555,11.5371766929444
0,0.71,2.4,6,0.0802730673344859,6.99970145749034,0.0657707121056501,4.21808746098368,307.158129848647,11.3638326979142
0,0.71,2.4,7,0.0936412587322436,6.90873022890268,0.0657632305094602,4.16503811957024,303.295114525002,11.2331728377146
0,0.71,2.4,8,0.107006409140147,6.83534292621182,0.0657557506151802,4.12233961905146,300.185840075858,11.1304447050186
0,0.71,2.4,9,0.120368519595724,6.77066610506874,0.0657482724222295,4.08479500802009,297.451868194772,11.0415779051068
0,0.71,2.4,10,0.133727591136027,6.7148027791108,0.0657407959300278,4.05234704136942,295.089030333775,10.9666182075463
0,0.71,2.4,11,0.14708362479764,6.6649878514166,0.0657333211379948,4.02346348275648,292.98575013179,10.9012682801087
0,0.71,2.4,12,0.160436621616674,6.62007698648801,0.0657258480455507,3.99735244572756,291.084362980292,10.8435919018778
0,0.71,2.4,13,0.17378658262877,6.57901408625886,0.065718376652116,3.9735071682598,289.347966829082,10.7920262137995
0,0.71,2.4,14,0.187133508869096,6.54036377553452,0.0657109069571112,3.95100226771766,287.709175972588,10.7442104590784
0,0.71,2.4,15,0.200477401372353,6.50513534713017,0.0657034389599573,3.9308038698293,286.238342999418,10.7021200572918
0,0.71,2.4,16,0.213818261172767,6.470966533883,0.0656959726600755,3.91133284479248,284.820476800136,10.6618136125083
0,0.71,2.4,17,0.227156089304099,6.43992617591582,0.0656885080568872,3.8933659155769,283.512137789144,10.6261366888537
0,0.71,2.4,18,0.240490886799636,6.41059171498528,0.0656810451498142,3.87638499104369,282.275598938073,10.5931486379784
0,0.71,2.4,19,0.253822654692198,6.38408532657198,0.0656735839382783,3.86102621842463,281.15718403604,10.5646077836271
0,0.71,2.4,20,0.267151394014134,6.35973977521404,0.065666124421702,3.84686590784057,280.12604028729,10.5394232014904
0,0.71,2.4,21,0.280477105797327,6.33691534213613,0.0656586665995076,3.83361826161642,279.161356108324,10.5166693761494
0,0.71,2.4,22,0.293799791073187,6.31664726889614,0.0656512104711179,3.82177909193659,278.299236189888,10.497877362377
0,0.71,2.4,23,0.307119450872659,6.29916836751368,0.065643756035956,3.81157261501455,277.55600779723,10.4835041894368
0,0.71,2.4,24,0.320436086226218,6.28435513209284,0.0656363032934451,3.80297736493143,276.9301077974,10.4734048865439
0,0.71,2.5,1,0.0133864591513969,8.24288820615197,0.0669347738919788,4.95133949579185,360.553021681181,13.2745489349872
0,0.71,2.5,2,0.026769871077856,7.91550746774828,0.0669271555475793,4.76095930237265,346.689671356712,12.7701637967464
0,0.71,2.5,3,0.0401502368197411,7.67050691152419,0.0669195389371836,4.61810700734899,336.287268801071,12.3956836946301
0,0.71,2.5,4,0.0535275574169419,7.47093852082347,0.0669119240601993,4.50160886509528,327.803956912335,12.0929868673959
0,0.71,2.5,5,0.0669018339088755,7.31229196101068,0.0669043109160349,4.40911049370655,321.06829127415,11.8552085995421
0,0.71,2.5,6,0.0802730673344855,7.18650445485334,0.066896699504099,4.33577881918217,315.728330874105,11.6694530408741
0,0.71,2.5,7,0.093641258732243,7.0857003544127,0.0668890898238005,4.27689863616002,311.440717810242,11.5231293391288
0,0.71,2.5,8,0.107006409140147,7.00437197245114,0.0668814818745484,4.22959305742696,307.995959201167,11.4078529208928
0,0.71,2.5,9,0.120368519595723,6.93692018276618,0.0668738756557523,4.19037316565545,305.139994567709,11.3145357436731
0,0.71,2.5,10,0.133727591136026,6.87711663236974,0.0668662711668216,4.15559608795683,302.607552496198,11.2333065826294
0,0.71,2.5,11,0.147083624797638,6.82299917732396,0.0668586684071665,4.12415877662186,300.318309836713,11.1611002471506
0,0.71,2.5,12,0.160436621616672,6.77347863178758,0.066851067376197,4.09528636170144,298.215841110496,11.0960526824819
0,0.71,2.5,13,0.173786582628768,6.73153870816644,0.0668434680733237,4.0709272958804,296.442031256703,11.0430960547489
0,0.71,2.5,14,0.187133508869094,6.69399948713848,0.0668358704979573,4.04913949754865,294.85545927331,10.9971083640542
0,0.71,2.5,15,0.200477401372351,6.65806454380779,0.0668282746495089,4.0285681450203,293.357468008427,10.9539383648499
0,0.71,2.5,16,0.213818261172765,6.62374454399282,0.0668206805273896,4.00881311187652,291.918920540725,10.9131965975695
0,0.71,2.5,17,0.227156089304097,6.59117210063156,0.0668130881310111,3.98990444487424,290.542004853682,10.8750457229409
0,0.71,2.5,18,0.240490886799634,6.5609736041609,0.0668054974597851,3.97235861431551,289.264329947481,10.8406286027358
0,0.71,2.5,19,0.253822654692195,6.53383268894652,0.0667979085131238,3.95657937955115,288.115297290976,10.811032631703
0,0.71,2.5,20,0.267151394014132,6.50844513373053,0.0667903212904394,3.94175200769662,287.03557861479,10.7841388567317
0,0.71,2.5,21,0.280477105797324,6.48546905465664,0.0667827357911446,3.92828491583106,286.054914560243,10.7610138120762
0,0.71,2.5,22,0.293799791073184,6.46457213862235,0.0667751520146523,3.91608739339991,285.166699649244,10.7412344751101
0,0.71,2.5,23,0.307119450872655,6.44517177559973,0.0667675699603756,3.90482181025074,284.346347894152,10.7238806066835
0,0.71,2.5,24,0.320436086226214,6.42754110960105,0.066759989627728,3.89455687523659,283.59886262479,10.7092940606916
0,0.72,1.5,1,0.0133864591513969,6.27266433595741,0.0556041340926516,3.63186921642907,264.470134081352,9.97352414563053
0,0.72,1.5,2,0.0267714124984097,6.23240477116788,0.0556010067178939,3.60939826956918,262.833815707858,9.92417545995336
0,0.72,1.5,3,0.0401571187476146,6.21454754418648,0.0556010067178939,3.59963509458398,262.122868247053,9.90994076423597
0,0.72,1.5,4,0.0535428249968194,6.20743230676147,0.0556010067178939,3.59569495458314,261.835950053632,9.91227109305933
0,0.72,1.5,5,0.0669285312460243,6.20493431939199,0.0556010067178939,3.59431129004121,261.735192585474,9.92177514739712
0,0.72,1.5,6,0.0803142374952291,6.20458844713958,0.0556010067178939,3.59412248134423,261.721443670402,9.93462617269693
0,0.72,1.5,7,0.093699943744434,6.20458844713958,0.0556010067178939,3.59412248134423,261.721443670402,9.94801187894613
0,0.72,1.5,8,0.107085649993639,6.20458844713958,0.0556010067178939,3.59412248134423,261.721443670402,9.96139758519534
0,0.72,1.5,9,0.120471356242844,6.20458844713958,0.0556010067178939,3.59412248134423,261.721443670402,9.97478329144454
0,0.72,1.5,10,0.133857062492049,6.20458844713958,0.0556010067178939,3.59412248134423,261.721443670402,9.98816899769375
0,0.72,1.5,11,0.147242768741253,6.20458844713958,0.0556010067178939,3.59412248134423,261.721443670402,10.001554703943
0,0.72,1.5,12,0.160628474990458,6.20458844713958,0.0556010067178939,3.59412248134423,261.721443670402,10.0149404101922
0,0.72,1.5,13,0.174014181239663,6.20458844713958,0.0556010067178939,3.59412248134423,261.721443670402,10.0283261164414
0,0.72,1.5,14,0.187399887488868,6.20458844713958,0.0556010067178939,3.59412248134423,261.721443670402,10.0417118226906
0,0.72,1.5,15,0.200785593738073,6.20458844713958,0.0556010067178939,3.59412248134423,261.721443670402,10.0550975289398
0,0.72,1.5,16,0.214171299987278,6.20458844713958,0.0556010067178939,3.59412248134423,261.721443670402,10.068483235189
0,0.72,1.5,17,0.227557006236483,6.20458844713958,0.0556010067178939,3.59412248134423,261.721443670402,10.0818689414382
0,0.72,1.5,18,0.240942712485687,6.20458844713958,0.0556010067178939,3.59412248134423,261.721443670402,10.0952546476874
0,0.72,1.5,19,0.254328418734892,6.20458844713958,0.0556010067178939,3.59412248134423,261.721443670402,10.1086403539366
0,0.72,1.5,20,0.267714124984097,6.20458844713958,0.0556010067178939,3.59412248134423,261.721443670402,10.1220260601858
0,0.72,1.5,21,0.281099831233302,6.20458844713958,0.0556010067178939,3.59412248134423,261.721443670402,10.135411766435
0,0.72,1.5,22,0.294485537482507,6.20458844713958,0.0556010067178939,3.59412248134423,261.721443670402,10.1487974726842
0,0.72,1.5,23,0.307871243731712,6.20458844713958,0.0556010067178939,3.59412248134423,261.721443670402,10.1621831789334
0,0.72,1.5,24,0.321256949980917,6.20458844713958,0.0556010067178939,3.59412248134423,261.721443670402,10.1755688851826
0,0.72,1.6,1,0.0133864591513968,6.41256511628537,0.0568160149753529,3.7303789737556,271.643544569433,10.2131465641677
0,0.72,1.6,2,0.0267698710778559,6.27077280601199,0.0568095483221573,3.65075473000522,265.845363752367,10.0051069554172
0,0.72,1.6,3,0.0401502368197408,6.21061076429054,0.05680308314083,3.61697342452203,263.385433105589,9.92453750877314
0,0.72,1.6,4,0.0535295111834822,6.18415561595235,0.0567986925188258,3.60231178775578,262.317783140694,9.89679560741043
0,0.72,1.6,5,0.0669042755613304,6.16353879392592,0.0567922298080002,3.59081853338525,261.480852529137,9.8780538326805
0,0.72,1.6,6,0.0802759966507943,6.14607434562338,0.0567857685676971,3.58113547491149,260.775739095732,9.86427158575337
0,0.72,1.6,7,0.0936446754904588,6.13104331285474,0.0567793087974146,3.57287174837168,260.173980404612,9.85433904551429
0,0.72,1.6,8,0.107010313118436,6.12105088426169,0.0567728504966514,3.56734827727557,259.771765166582,9.85218232515235
0,0.72,1.6,9,0.120377376754247,6.11686532090558,0.0567684998617041,3.56500098388803,259.600836931027,9.85901218140956
0,0.72,1.6,10,0.133752640838053,6.11437972550059,0.0567684998617041,3.56361767386061,259.500105278363,9.86851854006095
0,0.72,1.6,11,0.147127904921858,6.11190331979662,0.0567684998617041,3.56223543693494,259.399451768207,9.87803516151513
0,0.72,1.6,12,0.160503169005663,6.1095523087032,0.0567684998617041,3.56092633540159,259.304123925319,9.88775031297216
0,0.72,1.6,13,0.173878433089468,6.10946367460856,0.0567684998617041,3.56087674859235,259.300513049127,9.90098735615208
0,0.72,1.6,14,0.187253697173274,6.10946367460856,0.0567684998617041,3.56087674859235,259.300513049127,9.91436262023589
0,0.72,1.6,15,0.200628961257079,6.10946367460856,0.0567684998617041,3.56087674859235,259.300513049127,9.9277378843197
0,0.72,1.6,16,0.214004225340884,6.10946367460856,0.0567684998617041,3.56087674859235,259.300513049127,9.9411131484035
0,0.72,1.6,17,0.227379489424689,6.10946367460856,0.0567684998617041,3.56087674859235,259.300513049127,9.9544884124873
0,0.72,1.6,18,0.240754753508495,6.10946367460856,0.0567684998617041,3.56087674859235,259.300513049127,9.96786367657111
0,0.72,1.6,19,0.2541300175923,6.10946367460856,0.0567684998617041,3.56087674859235,259.300513049127,9.98123894065492
0,0.72,1.6,20,0.267505281676105,6.10946367460856,0.0567684998617041,3.56087674859235,259.300513049127,9.99461420473872
0,0.72,1.6,21,0.280880545759911,6.10946367460856,0.0567684998617041,3.56087674859235,259.300513049127,10.0079894688225
0,0.72,1.6,22,0.294255809843716,6.10946367460856,0.0567684998617041,3.56087674859235,259.300513049127,10.0213647329063
0,0.72,1.6,23,0.307631073927521,6.10946367460856,0.0567684998617041,3.56087674859235,259.300513049127,10.0347399969901
0,0.72,1.6,24,0.321006338011326,6.10946367460856,0.0567684998617041,3.56087674859235,259.300513049127,10.0481152610739
0,0.72,1.7,1,0.0133864591513969,6.59316082300074,0.0580171645372368,3.84846017018618,280.242133337776,10.5130246168756
0,0.72,1.7,2,0.0267698710778561,6.39845827620396,0.0580105611722769,3.73885297065503,272.260614998637,10.2220916791091
0,0.72,1.7,3,0.0401502368197411,6.29487322623839,0.0580039593103021,3.68036341037654,268.001446805235,10.073390832745
0,0.72,1.7,4,0.053527557416942,6.23548646871639,0.0579973589507993,3.6466209657485,265.544345978299,9.99363235083263
0,0.72,1.7,5,0.0669018339088756,6.19988717878814,0.0579907600932557,3.62664861938493,264.089973916442,9.9514283921752
0,0.72,1.7,6,0.0802730673344857,6.17256991227924,0.0579841627371586,3.61156290702556,262.991443068374,9.92239004937644
0,0.72,1.7,7,0.0936412587322433,6.1500130286416,0.0579775668819957,3.59922493512536,262.0930007269,9.9008567893812
0,0.72,1.7,8,0.107006409140147,6.13226186356968,0.0579709725272548,3.58938344707011,261.376350564014,9.88662269230719
0,0.72,1.7,9,0.120368519595723,6.11675415583142,0.057964379672424,3.58085025228903,260.754969387158,9.8759373073886
0,0.72,1.7,10,0.133727591136026,6.10249541361045,0.0579577883169916,3.57304897431076,260.186885871489,9.86722976737423
0,0.72,1.7,11,0.147083624797639,6.09139032591236,0.0579511984604461,3.56693278791545,259.741509526791,9.8633579370859
0,0.72,1.7,12,0.160436621616673,6.08230641520194,0.0579446101022765,3.56185856477706,259.372008205626,9.86254621169794
0,0.72,1.7,13,0.173786582628769,6.07529948797514,0.0579380232419716,3.5579355429651,259.086336546548,9.86495963681098
0,0.72,1.7,14,0.187133508869095,6.06900196086275,0.0579314378790207,3.5543744673072,258.827021549064,9.86844137491806
0,0.72,1.7,15,0.200477401372352,6.06336469626153,0.0579248540129133,3.55119737762345,258.595668137204,9.87296432927025
0,0.72,1.7,16,0.213818261172766,6.05994051640588,0.0579182716431391,3.54924964007039,258.453835273432,9.88092668929218
0,0.72,1.7,17,0.227167828645243,6.05704510818261,0.0579146836235565,3.5476075296764,258.334257962082,9.88973515012781
0,0.72,1.7,18,0.240530642094963,6.05481348975572,0.0579146836235565,3.54635966004201,258.243388982541,9.89961847551625
0,0.72,1.7,19,0.253893455544683,6.05456018864132,0.0579146836235565,3.54621865359153,258.233120993072,9.91258698140109
0,0.72,1.7,20,0.267256268994403,6.05456018864132,0.0579146836235565,3.54621865359153,258.233120993072,9.92594979485081
0,0.72,1.7,21,0.280619082444123,6.05456018864132,0.0579146836235565,3.54621865359153,258.233120993072,9.93931260830053
0,0.72,1.7,22,0.293981895893843,6.05456018864132,0.0579146836235565,3.54621865359153,258.233120993072,9.95267542175025
0,0.72,1.7,23,0.307344709343564,6.05456018864132,0.0579146836235565,3.54621865359153,258.233120993072,9.96603823519997
0,0.72,1.7,24,0.320707522793284,6.05456018864132,0.0579146836235565,3.54621865359153,258.233120993072,9.97940104864969
0,0.72,1.8,1,0.0133864591513969,6.80131314506068,0.059208516964629,3.98109118120377,289.900229259428,10.8549993023805
0,0.72,1.8,2,0.0267698710778561,6.57230105605766,0.0592017780029895,3.85184395655875,280.488538255555,10.5101166616973
0,0.72,1.8,3,0.0401502368197412,6.42880725755028,0.0591950405751981,3.77051798081227,274.566438524465,10.2986705157575
0,0.72,1.8,4,0.0535275574169423,6.34788442155916,0.0591883046807312,3.72453361442951,271.217889659357,10.1851338980863
0,0.72,1.8,5,0.066901833908876,6.29102689253748,0.0591815703190655,3.69252705013165,268.887194403854,10.1096373468971
0,0.72,1.8,6,0.0802730673344862,6.24591417350632,0.0591748374896776,3.66722105178851,267.044429597071,10.052583130119
0,0.72,1.8,7,0.0936412587322439,6.21297777616686,0.0591681061920449,3.64872086557862,265.6972591909,10.0145080066698
0,0.72,1.8,8,0.107006409140148,6.18554022503759,0.0591613764256446,3.63337052726509,264.579458468999,9.98507853786847
0,0.72,1.8,9,0.120368519595724,6.16207771467302,0.0591546481899542,3.62023293460777,263.622788312521,9.96183381706647
0,0.72,1.8,10,0.133727591136027,6.14231521079522,0.0591479214844516,3.60909715586631,262.811888822107,9.94428787928201
0,0.72,1.8,11,0.14708362479764,6.12609023693665,0.0591411963086148,3.60005299177491,262.153299223372,9.93236804981781
0,0.72,1.8,12,0.160436621616675,6.11170327920624,0.0591344726619222,3.59199914626532,261.566823919647,9.92327351975015
0,0.72,1.8,13,0.17378658262877,6.0985283116465,0.0591277505438522,3.58452201557352,261.022344578911,9.91596466039264
0,0.72,1.8,14,0.187133508869097,6.08765833515156,0.0591210299538836,3.57835652977234,260.573378286529,9.91226940374688
0,0.72,1.8,15,0.200477401372353,6.07782904902739,0.0591143108914954,3.57278826795815,260.167901420254,9.91020902924939
0,0.72,1.8,16,0.213818261172768,6.06802155984522,0.0591075933561668,3.56723730870551,259.763684514209,9.90818472307966
0,0.72,1.8,17,0.2271560893041,6.06008608671518,0.0591008773473774,3.56275136953919,259.43702161362,9.90909442290585
0,0.72,1.8,18,0.240490886799637,6.05315585637991,0.0590941628646067,3.55883639576966,259.151936007269,9.91157730181381
0,0.72,1.8,19,0.253822654692199,6.04774779048754,0.0590874499073348,3.55577444304809,258.928966787133,9.91643233813516
0,0.72,1.8,20,0.267151394014136,6.04235033168762,0.0590807384750418,3.55271775468476,258.706380913821,9.92130021886156
0,0.72,1.8,21,0.280477105797328,6.03695515341302,0.0590740285672082,3.54966631711497,258.484177399561,9.92617260489253
0,0.72,1.8,22,0.293799791073189,6.03221143530896,0.0590673201833146,3.5469374187903,258.285460963805,9.93201596535577
0,0.72,1.8,23,0.307119450872661,6.02859572264445,0.0590606133228419,3.5448493515751,258.13340939381,9.93962513841506
0,0.72,1.8,24,0.32043608622622,6.02541483764859,0.0590539079852712,3.54302596135355,258.000631414307,9.94793079321363
0,0.72,1.9,1,0.0133864591513969,7.0026701894572,0.0603908782917267,4.109425916217,299.245473417096,11.1858734431173
0,0.72,1.9,2,0.026769871077856,6.74860964372199,0.0603840047567514,3.96570342934372,288.779704109672,10.8014669489003
0,0.72,1.9,3,0.0401502368197409,6.58132595899893,0.0603771327862544,3.87050348614318,281.847311932968,10.5523568147481
0,0.72,1.9,4,0.0535275574169418,6.47177613906949,0.0603702623797015,3.80825191172592,277.314196544772,10.3939258705921
0,0.72,1.9,5,0.0669018339088753,6.39939196344246,0.060363393536559,3.76722684188893,274.326780128068,10.2938840327768
0,0.72,1.9,6,0.0802730673344852,6.34454370965792,0.0603565262562931,3.73618132881191,272.066067939159,10.2213546320606
0,0.72,1.9,7,0.0936412587322427,6.2982242767686,0.0603496605383706,3.70994980263028,270.155906853227,10.1621649986695
0,0.72,1.9,8,0.107006409140146,6.25998930010832,0.0603427963822584,3.6883586074586,268.583651372165,10.1156971130893
0,0.72,1.9,9,0.120368519595722,6.22829512037584,0.0603359337874236,3.67041054254926,267.276686046541,10.0794101163082
0,0.72,1.9,10,0.133727591136025,6.20039852223076,0.0603290727533336,3.65466671806367,266.13023194136,10.0491219041838
0,0.72,1.9,11,0.147083624797638,6.17374099458746,0.060322213279456,3.63966053818959,265.037492592323,10.0208073708541
0,0.72,1.9,12,0.160436621616672,6.15156649490281,0.0603153553652586,3.62701729984019,264.116820965062,9.99933577172493
0,0.72,1.9,13,0.173786582628767,6.13053524812381,0.0603084990102097,3.61499486421593,263.241355750855,9.97962519397872
0,0.72,1.9,14,0.187133508869094,6.11199363730322,0.0603016442137775,3.60446342360753,262.474463733606,9.96389221399362
0,0.72,1.9,15,0.20047740137235,6.0974996741791,0.0602947909754307,3.59625327842566,261.876606798875,9.95452514495253
0,0.72,1.9,16,0.213818261172764,6.08463439124259,0.060287939294638,3.58897071290874,261.346295555837,9.94771130461873
0,0.72,1.9,17,0.227156089304096,6.0731811794286,0.0602810891708685,3.58248657379393,260.87412515572,9.9431049316975
0,0.72,1.9,18,0.240490886799633,6.06085695114947,0.0602742406035917,3.57621112062669,260.417151117929,9.93783319917939
0,0.72,1.9,19,0.253822654692194,6.0505045577369,0.0602673935922769,3.57035729230906,259.990879501911,9.93495189833043
0,0.72,1.9,20,0.267151394014131,6.04008933114514,0.0602605481363941,3.56452259670202,259.566001116274,9.93202386999769
0,0.72,1.9,21,0.280477105797323,6.03053760898425,0.0602537042354132,3.55914860462201,259.174670833917,9.93041702363899
0,0.72,1.9,22,0.293799791073183,6.02260333989415,0.0602468618888046,3.5546349816331,258.84599201705,9.93128497448924
0,0.72,1.9,23,0.307119450872654,6.01551156623643,0.0602400210960388,3.55058458021802,258.55104466584,9.93345561842314
0,0.72,1.9,24,0.320436086226213,6.00967981918358,0.0602331818565865,3.54721179463206,258.30544081752,9.93756088189844
0,0.72,2,1,0.0133864591513969,7.23087981619428,0.0615649497401762,4.25212740018531,309.636894018912,11.5579586252712
0,0.72,2,2,0.0267698710778561,6.9568421562887,0.0615579425753981,4.09671252385671,298.319693224641,11.1418824937987
0,0.72,2,3,0.0401502368197411,6.76920943168806,0.0615509370055135,3.98973439550206,290.529621979305,10.8606450010154
0,0.72,2,4,0.053527557416942,6.63605797093394,0.061543933029978,3.91385252977277,285.003958468905,10.6649819911536
0,0.72,2,5,0.0669018339088757,6.54636722014365,0.0615369306482474,3.86283437970925,281.288853055183,10.53764036441
0,0.72,2,6,0.0802730673344857,6.47715882719099,0.0615299298597777,3.82344270643106,278.420379414545,10.4424045308163
0,0.72,2,7,0.0936412587322433,6.42145731604948,0.0615229306640253,3.79180295208629,276.116394999025,10.368424457532
0,0.72,2,8,0.107006409140147,6.37307507516586,0.0615159330604466,3.76422245201934,274.108002593885,10.3058198693858
0,0.72,2,9,0.120368519595723,6.33008299948287,0.0615089370484984,3.73985779210618,272.333785382282,10.2518182482333
0,0.72,2,10,0.133727591136026,6.29359661402364,0.0615019426276377,3.71920488644658,270.829855476366,10.2080310342339
0,0.72,2,11,0.147083624797639,6.2611154020423,0.0614949497973219,3.70064684167707,269.47847185102,10.1703408183143
0,0.72,2,12,0.160436621616673,6.2328045894528,0.0614879585570084,3.68448606185809,268.301655354916,10.1392152314846
0,0.72,2,13,0.173786582628769,6.20649366343556,0.061480968906155,3.66948762905912,267.209480142381,10.1112488440296
0,0.72,2,14,0.187133508869095,6.18166666547986,0.0614739808442198,3.65537824243472,266.182044640166,10.0856523976279
0,0.72,2,15,0.200477401372352,6.15841429337553,0.061466994370661,3.64218958361781,265.221655882255,10.0625482727363
0,0.72,2,16,0.213818261172766,6.13724870465644,0.061460009484937,3.63027263780698,264.353872361259,10.0427996131211
0,0.72,2,17,0.227156089304098,6.11741561423354,0.0614530261865067,3.61951384299934,263.57042457287,10.0255385727235
0,0.72,2,18,0.240490886799635,6.10014091498255,0.0614460444748291,3.60972556755701,262.857649314623,10.011803413814
0,0.72,2,19,0.253822654692197,6.08494783242938,0.0614390643493633,3.60117566522216,262.235051505579,10.0013852166931
0,0.72,2,20,0.267151394014133,6.07202181839943,0.061432085809569,3.59379030569501,261.697254875803,9.99439560391814
0,0.72,2,21,0.280477105797325,6.06030764707863,0.0614251088549058,3.58705277892284,261.206632966635,9.9892626406537
0,0.72,2,22,0.293799791073185,6.04923825706064,0.0614181334848337,3.58063752686035,260.739478872689,9.98509370847901
0,0.72,2,23,0.307119450872657,6.04031458757253,0.0614111596988129,3.57552069262024,260.366874641393,9.98436589076423
0,0.72,2,24,0.320436086226216,6.03201293805942,0.061404187496304,3.57077108411477,260.021011526997,9.98462429589672
0,0.72,2.1,1,0.0133864591513969,7.44528749998731,0.062731345862198,4.386456023698,319.418608875455,11.9078613286989
0,0.72,2.1,2,0.026769871077856,7.15307242856745,0.0627242059412028,4.22031187554095,307.320110135148,11.4628783811275
0,0.72,2.1,3,0.040150236819741,6.94566113952311,0.0627170676453177,4.10184082151907,298.693132214195,11.1503692655072
0,0.72,2.1,4,0.0535275574169418,6.79599431717842,0.062709930973988,4.01635273401602,292.467950464253,10.9285845395854
0,0.72,2.1,5,0.0669018339088754,6.68286372250503,0.062702795926659,3.95167686784353,287.758299874113,10.7641452201841
0,0.72,2.1,6,0.0802730673344854,6.59601894602792,0.0626956625027765,3.90211600608653,284.149313158741,10.6411036819517
0,0.72,2.1,7,0.0936412587322429,6.52715121892012,0.0626885307017865,3.86285355424076,281.290249330935,10.5463345625949
0,0.72,2.1,8,0.107006409140146,6.47179650257432,0.0626814005231352,3.831224016318,278.987008868001,10.4727083285556
0,0.72,2.1,9,0.120368519595723,6.42412906664005,0.0626742719662692,3.80415874488726,277.016135045823,10.4113306030893
0,0.72,2.1,10,0.133727591136026,6.37906526612846,0.062667145030635,3.7784411288001,275.14339652758,10.3539011310952
0,0.72,2.1,11,0.147083624797638,6.33622852656263,0.0626600197156798,3.75395695825181,273.360476636499,10.2999291293278
0,0.72,2.1,12,0.160436621616672,6.29911079154222,0.0626528960208508,3.7327236203393,271.814280066613,10.254923929519
0,0.72,2.1,13,0.173786582628768,6.26572488078997,0.0626457739455955,3.71365178334411,270.4254824567,10.2158090207084
0,0.72,2.1,14,0.187133508869094,6.23727389150044,0.0626386534893616,3.69750326687892,269.2495589693,10.1845493207378
0,0.72,2.1,15,0.20047740137235,6.21270150331979,0.0626315346515972,3.68354199657752,268.232909192415,10.1593524359213
0,0.72,2.1,16,0.213818261172765,6.1879970359634,0.0626244174317504,3.67008363204587,267.252880656118,10.1345233466138
0,0.72,2.1,17,0.227156089304096,6.16519636936065,0.0626173018292697,3.65712015126566,266.308889202738,10.1120899117597
0,0.72,2.1,18,0.240490886799633,6.14355327083418,0.062610187843604,3.64495566928037,265.423080273516,10.0916100147578
0,0.72,2.1,19,0.253822654692195,6.12325488062292,0.0626030754742023,3.63345531608038,264.585632730244,10.0731359268697
0,0.72,2.1,20,0.267151394014131,6.10499735490349,0.0625959647205137,3.62301956074495,263.825708446539,10.0577642743831
0,0.72,2.1,21,0.280477105797323,6.08691326062346,0.0625888555819878,3.61270392236059,263.07453099381,10.0426831443634
0,0.72,2.1,22,0.293799791073183,6.07087025886509,0.0625817480580743,3.60357919485704,262.410074824682,10.0308309928534
0,0.72,2.1,23,0.307119450872655,6.05740182838582,0.0625746421482233,3.59594736157276,261.854330151154,10.0230432829795
0,0.72,2.1,24,0.320436086226213,6.04461667883853,0.0625675378518849,3.58868688183383,261.325627178766,10.0163071847505
0,0.72,2.2,1,0.0133864591513969,7.67033610000622,0.0638906088350449,4.52651905466792,329.61789920587,12.2741322226606
0,0.72,2.2,2,0.0267698710778561,7.36759107078419,0.0638833369697097,4.35388300249755,317.046664631057,11.8121272813293
0,0.72,2.2,3,0.0401502368197411,7.14718489554774,0.0638760667595162,4.2278228982169,307.867057466074,11.4790340973439
0,0.72,2.2,4,0.053527557416942,6.98138475026558,0.0638687982038995,4.13283805812956,300.950328945136,11.231619164016
0,0.72,2.2,5,0.0669018339088756,6.85379848577053,0.0638615313022947,4.05977867113817,295.630196329647,11.0443405221199
0,0.72,2.2,6,0.0802730673344857,6.75270947231985,0.0638542660541375,4.00193456904306,291.418029942237,10.8987713747515
0,0.72,2.2,7,0.0936412587322432,6.67586076457462,0.0638470024588634,3.95799161447795,288.218135234247,10.7913406402437
0,0.72,2.2,8,0.107006409140147,6.6110902718582,0.0638397405159085,3.92088570502914,285.516109290486,10.7028221265434
0,0.72,2.2,9,0.120368519595723,6.5542893698561,0.0638324802247092,3.88844933629551,283.154115981561,10.626939705972
0,0.72,2.2,10,0.133727591136026,6.5056338488822,0.0638252215847018,3.86062899064136,281.128258191292,10.5638156522443
0,0.72,2.2,11,0.147083624797639,6.46210956351285,0.0638179645953232,3.83569874446403,279.312855390064,10.5087098973699
0,0.72,2.2,12,0.160436621616673,6.421652778557,0.0638107092560104,3.81253788227873,277.626297873103,10.4584379917084
0,0.72,2.2,13,0.173786582628769,6.38277130515711,0.0638034555662007,3.79043141367898,276.016520547368,10.4107927570311
0,0.72,2.2,14,0.187133508869095,6.34768174398807,0.0637962035253316,3.77056410271112,274.569797088347,10.3691755590936
0,0.72,2.2,15,0.200477401372352,6.31491263125404,0.063788953132841,3.75193450406487,273.213202960572,10.3311134898241
0,0.72,2.2,16,0.213818261172766,6.28397822981002,0.0637817043881668,3.73486708599772,271.970365711856,10.2964452813687
0,0.72,2.2,17,0.227156089304098,6.25752043971181,0.0637744572907473,3.71987614681387,270.878736179045,10.2683271331205
0,0.72,2.2,18,0.240490886799635,6.23367097227537,0.0637672118400213,3.7063315243616,269.892426402298,10.2442605952766
0,0.72,2.2,19,0.253822654692197,6.21235657832319,0.0637599680354274,3.69422504363744,269.010841083672,10.2241642446883
0,0.72,2.2,20,0.267151394014133,6.1942006163728,0.0637527258764047,3.68390426774617,268.259289521341,10.2090090040095
0,0.72,2.2,21,0.280477105797325,6.17655981069705,0.0637454853623926,3.67387651409605,267.529075630273,10.1946589159528
0,0.72,2.2,22,0.293799791073185,6.16047360163472,0.0637382464928307,3.66473879229007,266.863673225282,10.1827504314908
0,0.72,2.2,23,0.307119450872657,6.14623595412898,0.0637310092671588,3.65665407993764,266.274950220008,10.1737404942064
0,0.72,2.2,24,0.320436086226216,6.13236974656717,0.0637237736848169,3.64872992554462,265.697918931182,10.1652595320228
0,0.72,2.3,1,0.0133864591513969,7.90232270794851,0.065043219859942,4.67020183439882,340.080777067418,12.6509542213587
0,0.72,2.3,2,0.0267698710778561,7.58529189679792,0.0650358168073744,4.48897868796255,326.884236393586,12.1660762726457
0,0.72,2.3,3,0.0401502368197412,7.35707226505513,0.0650284154398078,4.35816616222239,317.358561276893,11.8204170795371
0,0.72,2.3,4,0.0535275574169422,7.17649409705825,0.0650210157566672,4.25455048993859,309.813341691929,11.5495931601704
0,0.72,2.3,5,0.0669018339088759,7.03429525471069,0.0650136177573776,4.17296658360709,303.872459639028,11.339177289984
0,0.72,2.3,6,0.080273067334486,6.9209103173306,0.0650062214413642,4.10796232682195,299.13889587796,11.1741519329284
0,0.72,2.3,7,0.0936412587322437,6.83685344060144,0.0649988268080527,4.05978141386521,295.630396053079,11.055274940007
0,0.72,2.3,8,0.107006409140147,6.76683118510245,0.0649914338568689,4.01957714976747,292.702750126714,10.9584061778669
0,0.72,2.3,9,0.120368519595724,6.70452996776918,0.0649840425872389,3.98390550299777,290.105166171485,10.8737880329499
0,0.72,2.3,10,0.133727591136027,6.65160761104728,0.064976652998589,3.95360004884348,287.898344547147,10.8039119040254
0,0.72,2.3,11,0.14708362479764,6.60556069173431,0.0649692650903458,3.92722020529551,285.977383096053,10.7448337869178
0,0.72,2.3,12,0.160436621616674,6.5629382699716,0.0649618788619363,3.90283950621444,284.201997923647,10.6911762766646
0,0.72,2.3,13,0.17378658262877,6.52254402355552,0.0649544943127875,3.87980036512945,282.524304050667,10.6410854656265
0,0.72,2.3,14,0.187133508869096,6.48383812741113,0.0649471114423269,3.85769322354821,280.914477718898,10.5936119712708
0,0.72,2.3,15,0.200477401372353,6.44726226556126,0.064939730249982,3.83683090432923,279.395298466481,10.5495103015128
0,0.72,2.3,16,0.213818261172767,6.41393833266984,0.0649323507351809,3.81838359853863,278.051978774844,10.5110725431164
0,0.72,2.3,17,0.227156089304099,6.38261348762058,0.0649249728973516,3.80049788278761,276.749553670599,10.4751924326096
0,0.72,2.3,18,0.240490886799636,6.35412762276756,0.0649175967359227,3.78429955861505,275.570003221362,10.4438356649182
0,0.72,2.3,19,0.253822654692198,6.32951543205366,0.0649102222503228,3.7702458899559,274.546625061761,10.4184941989521
0,0.72,2.3,20,0.267151394014135,6.30619323143762,0.0649028494399809,3.75689694735703,273.57456455281,10.3951444222488
0,0.72,2.3,21,0.280477105797327,6.28508949053434,0.0648954783043262,3.74484383258551,272.696865304912,10.3753059072215
0,0.72,2.3,22,0.293799791073187,6.26729851040265,0.0648881088427881,3.73468328901686,271.956981746389,10.3606696993355
0,0.72,2.3,23,0.307119450872659,6.25092726384942,0.0648807410547964,3.72533246056981,271.276061067314,10.3482599163467
0,0.72,2.3,24,0.320436086226218,6.23661599617137,0.0648733749397811,3.71718090468297,270.682470563391,10.3391063620203
0,0.72,2.4,1,0.0133864591513969,8.12285071875817,0.0661896083516529,4.80709860898965,350.049502859515,13.0095253952509
0,0.72,2.4,2,0.026769871077856,7.79767329212393,0.0661820748200853,4.62083844231058,336.486169952924,12.5114636803324
0,0.72,2.4,3,0.040150236819741,7.55666044007048,0.0661745430032171,4.48246604767377,326.409990558244,12.1454512675672
0,0.72,2.4,4,0.0535275574169419,7.36369968476277,0.0661670129004629,4.37152028611787,318.33099908418,11.854914541198
0,0.72,2.4,5,0.0669018339088755,7.21020966332054,0.0661594845112377,4.28331185306601,311.907723705539,11.6265828348067
0,0.72,2.4,6,0.0802730673344855,7.08876513265144,0.0661519578349565,4.21357345629314,306.829423236539,11.448763614114
0,0.72,2.4,7,0.093641258732243,6.99455872155209,0.0661444328710349,4.15935935266723,302.881590756728,11.3137037658226
0,0.72,2.4,8,0.107006409140147,6.91899150238424,0.0661369096188884,4.11596374260661,299.721553286392,11.2080985637499
0,0.72,2.4,9,0.120368519595723,6.85315488970901,0.0661293880779332,4.07826526181099,296.976376718475,11.1179180591937
0,0.72,2.4,10,0.133727591136026,6.79625036586576,0.0661218682475855,4.04565544133763,294.601752777188,11.041755266587
0,0.72,2.4,11,0.147083624797639,6.74433016807306,0.0661143501272617,4.01594373601096,292.438167520322,10.9734718790089
0,0.72,2.4,12,0.160436621616673,6.69855343995881,0.0661068337163786,3.98968708361795,290.526176761543,10.9147839789098
0,0.72,2.4,13,0.173786582628768,6.65667057889413,0.0660993190143533,3.96568163135033,288.778116795291,10.8622381118876
0,0.72,2.4,14,0.187133508869094,6.61776252336452,0.0660918060206031,3.94332573992301,287.150176676593,10.8143135781772
0,0.72,2.4,15,0.200477401372351,6.58256510780882,0.0660842947345455,3.92342352175923,285.700911300383,10.7725503256749
0,0.72,2.4,16,0.213818261172765,6.54813119999302,0.0660767851555984,3.90404435231223,284.289733959842,10.7320705986336
0,0.72,2.4,17,0.227156089304097,6.51623615117834,0.0660692772831798,3.88583290145007,282.963589056402,10.6952944192157
0,0.72,2.4,18,0.240490886799634,6.48644467254237,0.0660617711167082,3.8688064359482,281.723733944372,10.6618037664069
0,0.72,2.4,19,0.253822654692195,6.45944535358452,0.0660542666556021,3.85335954633957,280.59890242581,10.6326818212719
0,0.72,2.4,20,0.267151394014132,6.43418948171628,0.0660467638992805,3.83886336993413,279.543301166747,10.6062510095638
0,0.72,2.4,21,0.280477105797324,6.41075665414538,0.0660392628471624,3.82545427402408,278.566860336445,10.5827272968139
0,0.72,2.4,22,0.293799791073184,6.39031917411403,0.0660317634986674,3.81365161768692,277.707399293661,10.5638023463728
0,0.72,2.4,23,0.307119450872656,6.37223670998023,0.0660242658532151,3.80324162811047,276.949351254207,10.5486220548166
0,0.72,2.4,24,0.320436086226215,6.35556617183219,0.0660167699102254,3.79369709383696,276.254325054574,10.5357161218056
0,0.72,2.5,1,0.0133864591513969,8.35600209345768,0.0673301594205536,4.95092903843211,360.52313246808,13.3876477504617
0,0.72,2.5,2,0.0267698710778561,8.02343847994847,0.0673224960743868,4.7600919603372,346.626512126371,12.8776228074379
0,0.72,2.5,3,0.0401502368197411,7.77410508781817,0.0673148344724664,4.61664251728607,336.180625675942,12.4982126763964
0,0.72,2.5,4,0.053527557416942,7.57006579489721,0.0673071746141968,4.49911902078743,327.622648220117,12.1900195477158
0,0.72,2.5,5,0.0669018339088756,7.40805010570768,0.067299516498983,4.40590722284168,320.835031367296,11.9481586789572
0,0.72,2.5,6,0.0802730673344857,7.27970525297675,0.0672918601262299,4.33207220524103,315.458417882314,11.7593423856785
0,0.72,2.5,7,0.0936412587322433,7.17643672106367,0.0672842054953431,4.27255861237897,311.124680364263,11.6099207976702
0,0.72,2.5,8,0.107006409140147,7.0923442460216,0.067276552605728,4.22428096137254,307.609136143385,11.49090816914
0,0.72,2.5,9,0.120368519595723,7.02331461286976,0.0672689014567907,4.18466872204482,304.724601039842,11.3956207559671
0,0.72,2.5,10,0.133727591136026,6.96243772537672,0.0672612520479372,4.14973652513815,302.180863297891,11.3131630936988
0,0.72,2.5,11,0.147083624797639,6.907091047251,0.0672536043785742,4.11801438031739,299.870879266488,11.2394426567446
0,0.72,2.5,12,0.160436621616673,6.85656170745319,0.0672459584481083,4.08894238412551,297.753877173984,11.1731866716435
0,0.72,2.5,13,0.173786582628769,6.81395238452527,0.0672383142559464,4.06452895457069,295.976108591751,11.1195062359807
0,0.72,2.5,14,0.187133508869095,6.77526408198097,0.0672306718014958,4.04236612305611,294.362226958632,11.0719943857077
0,0.72,2.5,15,0.200477401372351,6.73859714895331,0.0672230310841641,4.02164089833027,292.853030829732,11.0279384797401
0,0.72,2.5,16,0.213818261172766,6.70413624562646,0.0672153921033591,4.00206851086885,291.427783490759,10.9872384097714
0,0.72,2.5,17,0.227156089304097,6.67126504377807,0.0672077548584888,3.9832327542341,290.056177084839,10.9488616421748
0,0.72,2.5,18,0.240490886799635,6.64048690952368,0.0672001193489616,3.9655796860001,288.77069320737,10.9137576016724
0,0.72,2.5,19,0.253822654692196,6.61276385253196,0.067192485574186,3.94968406191581,287.613185163341,10.8834630547142
0,0.72,2.5,20,0.267151394014133,6.58690018766432,0.0671848535335711,3.93476801117225,286.527008953507,10.8560044463843
0,0.72,2.5,21,0.280477105797325,6.56424668436802,0.0671772232265258,3.92167038384565,285.573249043997,10.8335713972375
0,0.72,2.5,22,0.293799791073185,6.54291760137738,0.0671695946524596,3.90938394580672,284.67855936166,10.8132709329098
0,0.72,2.5,23,0.307119450872657,6.52226002620762,0.0671619678107823,3.89754192953765,283.81623215662,10.7940833744287
0,0.72,2.5,24,0.320436086226216,6.50399182390526,0.0671543427009037,3.88704313611855,283.051717484483,10.7786253889509
0,0.73,1.5,1,0.013386459151397,6.32959077373295,0.0558575453994721,3.61744088045466,263.419472914242,10.0162756587385
0,0.73,1.5,2,0.0267703665747563,6.26772403534324,0.0558522216143287,3.58325277020981,260.929919033959,9.93359939374213
0,0.73,1.5,3,0.0401555498621345,6.2468641120013,0.0558522216143287,3.57194367651562,260.106398871913,9.91481555999338
0,0.73,1.5,4,0.0535407331495127,6.23137938334551,0.0558522216143288,3.56361911321892,259.500210091412,9.90439145132828
0,0.73,1.5,5,0.0669259164368909,6.22698336215318,0.0558522216143288,3.56119554385793,259.323727493703,9.91095704406233
0,0.73,1.5,6,0.0803110997242691,6.22427070334899,0.0558522216143288,3.55972319901107,259.216512388792,9.92015722369866
0,0.73,1.5,7,0.0936962830116472,6.22348452595283,0.0558522216143288,3.55930247640496,259.185875667748,9.93233550698377
0,0.73,1.5,8,0.107081466299025,6.22348452595283,0.0558522216143288,3.55930247640496,259.185875667748,9.94572069027114
0,0.73,1.5,9,0.120466649586404,6.22348452595283,0.0558522216143288,3.55930247640496,259.185875667748,9.95910587355852
0,0.73,1.5,10,0.133851832873782,6.22348452595283,0.0558522216143288,3.55930247640496,259.185875667748,9.9724910568459
0,0.73,1.5,11,0.14723701616116,6.22348452595283,0.0558522216143288,3.55930247640496,259.185875667748,9.98587624013328
0,0.73,1.5,12,0.160622199448538,6.22348452595283,0.0558522216143288,3.55930247640496,259.185875667748,9.99926142342066
0,0.73,1.5,13,0.174007382735916,6.22348452595283,0.0558522216143288,3.55930247640496,259.185875667748,10.012646606708
0,0.73,1.5,14,0.187392566023294,6.22348452595283,0.0558522216143288,3.55930247640496,259.185875667748,10.0260317899954
0,0.73,1.5,15,0.200777749310673,6.22348452595283,0.0558522216143288,3.55930247640496,259.185875667748,10.0394169732828
0,0.73,1.5,16,0.214162932598051,6.22348452595283,0.0558522216143288,3.55930247640496,259.185875667748,10.0528021565702
0,0.73,1.5,17,0.227548115885429,6.22348452595283,0.0558522216143288,3.55930247640496,259.185875667748,10.0661873398575
0,0.73,1.5,18,0.240933299172807,6.22348452595283,0.0558522216143288,3.55930247640496,259.185875667748,10.0795725231449
0,0.73,1.5,19,0.254318482460185,6.22348452595283,0.0558522216143288,3.55930247640496,259.185875667748,10.0929577064323
0,0.73,1.5,20,0.267703665747564,6.22348452595283,0.0558522216143288,3.55930247640496,259.185875667748,10.1063428897197
0,0.73,1.5,21,0.281088849034942,6.22348452595283,0.0558522216143288,3.55930247640496,259.185875667748,10.1197280730071
0,0.73,1.5,22,0.29447403232232,6.22348452595283,0.0558522216143288,3.55930247640496,259.185875667748,10.1331132562944
0,0.73,1.5,23,0.307859215609698,6.22348452595283,0.0558522216143288,3.55930247640496,259.185875667748,10.1464984395818
0,0.73,1.5,24,0.321244398897076,6.22348452595283,0.0558522216143288,3.55930247640496,259.185875667748,10.1598836228692
0,0.73,1.6,1,0.0133864591513969,6.48961576867632,0.0570838293643031,3.72558527681126,271.294470966264,10.2856713340033
0,0.73,1.6,2,0.0267698710778561,6.33157403859347,0.0570773322291603,3.63803126973657,264.918850421984,10.0534525116371
0,0.73,1.6,3,0.040150236819741,6.25823795233278,0.0570708365728237,3.59730288760132,261.953038592775,9.95276191332666
0,0.73,1.6,4,0.053527557416942,6.22547220113081,0.0570643423947885,3.57929264426433,260.641545478258,9.91535674520687
0,0.73,1.6,5,0.0669018339088756,6.20259741918268,0.0570578496945502,3.56669186171973,259.723965452517,9.89324896450584
0,0.73,1.6,6,0.0802730673344857,6.1832476692343,0.0570513584716043,3.55615370759249,258.956584561599,9.87672580263288
0,0.73,1.6,7,0.0936412587322433,6.16659157366963,0.0570448687254467,3.54717568134703,258.302811073781,9.86445338247435
0,0.73,1.6,8,0.107006409140147,6.15313033646696,0.0570383804555734,3.53981720388217,257.766971976667,9.85699232994485
0,0.73,1.6,9,0.120368519595723,6.14390328994473,0.0570318936614809,3.53477874074255,257.400074673188,9.85608244394448
0,0.73,1.6,10,0.133728886476247,6.13876206693422,0.0570259607141276,3.53191167344028,257.191296870721,9.86142858756487
0,0.73,1.6,11,0.147101775123872,6.13629812024604,0.0570259607141276,3.5305539183195,257.09242610819,9.87097977440353
0,0.73,1.6,12,0.160474663771496,6.13381400928116,0.0570259607141276,3.52919720670757,256.993631333231,9.88051184047436
0,0.73,1.6,13,0.173847552419121,6.13131669686099,0.0570259607141276,3.52784153740196,256.894912458278,9.8900317473962
0,0.73,1.6,14,0.187220441066746,6.13051297960373,0.0570259607141276,3.52740469283766,256.863101747702,9.90216407422226
0,0.73,1.6,15,0.20059332971437,6.13051297960373,0.0570259607141276,3.52740469283766,256.863101747702,9.91553696286989
0,0.73,1.6,16,0.213966218361995,6.13051297960373,0.0570259607141276,3.52740469283766,256.863101747702,9.92890985151751
0,0.73,1.6,17,0.22733910700962,6.13051297960373,0.0570259607141276,3.52740469283766,256.863101747702,9.94228274016514
0,0.73,1.6,18,0.240711995657245,6.13051297960373,0.0570259607141276,3.52740469283766,256.863101747702,9.95565562881276
0,0.73,1.6,19,0.254084884304869,6.13051297960373,0.0570259607141276,3.52740469283766,256.863101747702,9.96902851746039
0,0.73,1.6,20,0.267457772952494,6.13051297960373,0.0570259607141276,3.52740469283766,256.863101747702,9.98240140610801
0,0.73,1.6,21,0.280830661600119,6.13051297960373,0.0570259607141276,3.52740469283766,256.863101747702,9.99577429475564
0,0.73,1.6,22,0.294203550247743,6.13051297960373,0.0570259607141276,3.52740469283766,256.863101747702,10.0091471834033
0,0.73,1.6,23,0.307576438895368,6.13051297960373,0.0570259607141276,3.52740469283766,256.863101747702,10.0225200720509
0,0.73,1.6,24,0.320949327542993,6.13051297960373,0.0570259607141276,3.52740469283766,256.863101747702,10.0358929606985
0,0.73,1.7,1,0.0133864591513969,6.67511545132684,0.0582993077422345,3.84486893779926,279.980622348728,10.5916701560197
0,0.73,1.7,2,0.0267698710778562,6.46945084286708,0.0582926722644582,3.73058957883375,271.658880681483,10.2851029650431
0,0.73,1.7,3,0.0401502368197412,6.35405382992806,0.0582860382969762,3.66628276767601,266.976104415119,10.1187728727208
0,0.73,1.7,4,0.0535275574169423,6.28873366386589,0.0582794058392729,3.62969537635252,264.311836592578,10.0302360034746
0,0.73,1.7,5,0.066901833908876,6.24645395378289,0.0582727748908329,3.60620319970834,262.601152992287,9.97783176229095
0,0.73,1.7,6,0.0802730673344862,6.2165525185147,0.0582661454511412,3.5898724344159,261.411958274865,9.94496416571623
0,0.73,1.7,7,0.093641258732244,6.19135008903096,0.0582595175196828,3.57618462926953,260.415222036136,9.91943549455242
0,0.73,1.7,8,0.107006409140148,6.17212459161705,0.0582528910959431,3.56565807240823,259.648685649878,9.90304196426138
0,0.73,1.7,9,0.120368519595724,6.15587731080026,0.0582462661794076,3.55681922621996,259.005047154868,9.89131132279535
0,0.73,1.7,10,0.133727591136027,6.14087763186046,0.0582396427695624,3.54866440564519,258.41121891869,9.88150927141124
0,0.73,1.7,11,0.14708362479764,6.12726013543548,0.0582330208658933,3.54126340607037,257.872283391763,9.87384018716939
0,0.73,1.7,12,0.160436621616675,6.11639626880094,0.0582264004678868,3.53540885325863,257.445959018599,9.87046814414413
0,0.73,1.7,13,0.17378658262877,6.10713919195458,0.0582197815750292,3.53028773365564,257.073042730225,9.86943328981402
0,0.73,1.7,14,0.187133508869097,6.10027030554018,0.0582131641868075,3.5264602778664,256.794330120974,9.87207725646249
0,0.73,1.7,15,0.200477401372354,6.09396709541976,0.0582065483027085,3.52295389162877,256.53899756819,9.87560493672359
0,0.73,1.7,16,0.213818261172768,6.08828504286538,0.0581999339222196,3.51977700332683,256.30765882081,9.8800802412872
0,0.73,1.7,17,0.2271560893041,6.0840906400742,0.0581933210448281,3.51742443947504,256.136346793796,9.88686448989817
0,0.73,1.7,18,0.240490886799637,6.08068635472403,0.0581867096700218,3.51552359807837,255.997928874788,9.89488754927205
0,0.73,1.7,19,0.253846426414608,6.07820687132763,0.0581855486457524,3.5141463713327,255.897640202377,9.90438521772069
0,0.73,1.7,20,0.267206764646956,6.07673533617887,0.0581855486457524,3.51333779801696,255.83876046842,9.91546544748854
0,0.73,1.7,21,0.280567102879303,6.07673533617887,0.0581855486457524,3.51333779801696,255.83876046842,9.92882578572089
0,0.73,1.7,22,0.293927441111651,6.07673533617887,0.0581855486457524,3.51333779801696,255.83876046842,9.94218612395323
0,0.73,1.7,23,0.307287779343999,6.07673533617887,0.0581855486457524,3.51333779801696,255.83876046842,9.95554646218558
0,0.73,1.7,24,0.320648117576347,6.07673533617887,0.0581855486457524,3.51333779801696,255.83876046842,9.96890680041793
0,0.73,1.8,1,0.0133864591513969,6.88779891177369,0.0595049211846262,3.97831306319797,289.697928681488,10.9390033553077
0,0.73,1.8,2,0.026769871077856,6.65012450934,0.059498148487018,3.84593356916945,280.058148048152,10.5823260980743
0,0.73,1.8,3,0.0401502368197409,6.49837006695141,0.0594913773309365,3.76103244033868,273.875708211398,10.3590441214408
0,0.73,1.8,4,0.0535275574169418,6.40929230119527,0.0594846077158556,3.71109458095286,270.23926879674,10.2333990472809
0,0.73,1.8,5,0.0669018339088752,6.34955169452952,0.0594778396412491,3.6778845165101,267.820935516374,10.1538158845897
0,0.73,1.8,6,0.0802730673344852,6.30090939720031,0.0594710731065913,3.65090661659019,265.856424025493,10.0915601542316
0,0.73,1.8,7,0.0936412587322427,6.2642946532968,0.0594643081113568,3.63056636393822,264.375261289296,10.0479665840786
0,0.73,1.8,8,0.107006409140146,6.23515535775713,0.0594575446550202,3.61446392108656,263.202692849676,10.0160832326389
0,0.73,1.8,9,0.120368519595722,6.20891200117924,0.0594507827370564,3.59996900561754,262.147183411106,9.98870030912955
0,0.73,1.8,10,0.133727591136025,6.18790819227794,0.0594440223569407,3.58823664966951,261.292841592676,9.96931645544041
0,0.73,1.8,11,0.147083624797638,6.16885925201482,0.0594372635141485,3.57763987597525,260.521192066566,9.95302001630186
0,0.73,1.8,12,0.160436621616672,6.1537863465935,0.0594305062081556,3.56929041925174,259.913190564424,9.94294389367006
0,0.73,1.8,13,0.173786582628767,6.14002216054653,0.0594237504384377,3.5615764434327,259.351464329918,9.93480893704644
0,0.73,1.8,14,0.187133508869094,6.12705529145913,0.059416996204471,3.55433216108936,258.823940840361,9.92793795762205
0,0.73,1.8,15,0.20047740137235,6.11655853933359,0.059410243505732,3.54846466771274,258.396674144463,9.92491085192441
0,0.73,1.8,16,0.213818261172764,6.10675860779033,0.0594034923416972,3.54298897529985,257.997938116173,9.92296933660464
0,0.73,1.8,17,0.227156089304096,6.09697124308427,0.0593967427118436,3.53753015610617,257.60043078371,9.92105423120638
0,0.73,1.8,18,0.240490886799633,6.08854901954807,0.0593899946156482,3.53284419126846,257.259202155949,9.92127409223181
0,0.73,1.8,19,0.253822654692194,6.08006351807172,0.0593832480525884,3.52883384609934,256.967171672089,9.92210326691585
0,0.73,1.8,20,0.267151394014131,6.07440941848022,0.0593765030221417,3.52570019323735,256.738981298706,9.92663750875384
0,0.73,1.8,21,0.280477105797323,6.06902372805054,0.059369759523786,3.52269497045953,256.520143112739,9.93156556383119
0,0.73,1.8,22,0.293799791073183,6.06371853880456,0.0593630175569992,3.51969486647906,256.301677673955,9.9365762139138
0,0.73,1.8,23,0.307119450872654,6.05853771611705,0.0593562771212598,3.51674748613273,256.087051532723,9.9417609302437
0,0.73,1.8,24,0.320436086226213,6.05434015420667,0.0593495382160462,3.51435509014033,255.912838957549,9.94848086878925
0,0.73,1.9,1,0.0133864591513969,7.09437012236648,0.0607014813038345,4.10788175933537,299.133029010871,11.2763398221571
0,0.73,1.9,2,0.0267698710778561,6.83227895429739,0.0606945724168205,3.96154710063942,288.477043208574,10.8812904984315
0,0.73,1.9,3,0.0401502368197411,6.65895767104614,0.0606876651023312,3.86420131961669,281.388392647349,10.6239968925849
0,0.73,1.9,4,0.053527557416942,6.54182191555719,0.0606807593598298,3.79849255603054,276.603527201937,10.4545227883645
0,0.73,1.9,5,0.0669018339088756,6.46478358244197,0.0606738551887796,3.75538724641851,273.464629203864,10.3477465179581
0,0.73,1.9,6,0.0802730673344857,6.40667078944262,0.0606669525886444,3.72290426291126,271.099241440267,10.270515072277
0,0.73,1.9,7,0.0936412587322433,6.35846538483479,0.0606600515588879,3.69595134454347,269.13654908825,10.2087180396694
0,0.73,1.9,8,0.107006409140147,6.3173258222956,0.0606531520989745,3.67297808587563,267.463652726045,10.1579634694104
0,0.73,1.9,9,0.120368519595723,6.28342183078428,0.0606462542083685,3.65405712258488,266.085841632017,10.1184937271732
0,0.73,1.9,10,0.133727591136026,6.25398951503849,0.0606393578865344,3.63767455934062,264.892875024572,10.0860310234017
0,0.73,1.9,11,0.147083624797639,6.22668490039946,0.0606324631329373,3.62247152871344,263.785801143656,10.0568725170435
0,0.73,1.9,12,0.160436621616673,6.20157406649473,0.0606255699470422,3.60834361471076,262.757016490927,10.0309798727692
0,0.73,1.9,13,0.173786582628769,6.18009285693656,0.0606186783283146,3.59622429079897,261.874495940511,10.0107224086926
0,0.73,1.9,14,0.187133508869095,6.15946305907153,0.06061178827622,3.58467710933882,261.033638396628,9.99188546555567
0,0.73,1.9,15,0.200477401372352,6.14161385080344,0.0606048997902243,3.57476419154306,260.311786770825,9.97746034350907
0,0.73,1.9,16,0.213818261172766,6.12833642256087,0.0605980128697936,3.56734092257545,259.771229602548,9.97009361917888
0,0.73,1.9,17,0.227156089304098,6.11609480521049,0.0605911275143942,3.56047665892546,259.271378804047,9.96431868095444
0,0.73,1.9,18,0.240490886799635,6.10345156017988,0.0605842437234928,3.5540949791101,258.806669417267,9.95862166981311
0,0.73,1.9,19,0.253822654692197,6.09247232530921,0.0605773614965561,3.54797067531594,258.360701969357,9.9548430168139
0,0.73,1.9,20,0.267151394014133,6.082058632083,0.0605704808330513,3.54220885992201,257.941130669022,9.9519893668522
0,0.73,1.9,21,0.280477105797325,6.0717501884449,0.0605636017324456,3.53646572827354,257.522919905746,9.94925662424821
0,0.73,1.9,22,0.293799791073185,6.06198771856274,0.0605567241942066,3.53098495142331,257.123813632345,9.94732918525345
0,0.73,1.9,23,0.307119450872657,6.05410357566211,0.0605498482178021,3.52653525537507,256.799789929846,9.94830813012764
0,0.73,1.9,24,0.320436086226216,6.04740870910891,0.0605429738027002,3.52275106467615,256.524227853711,9.95113883381398
0,0.73,2,1,0.0133864591513969,7.32429205985941,0.0618896941743067,4.24969212069537,309.459558697939,11.6492603338805
0,0.73,2,2,0.026769871077856,7.04073970053338,0.0618826500479494,4.09098799976428,297.902837450367,11.2203802214235
0,0.73,2,3,0.040150236819741,6.84406592405248,0.0618756075248985,3.98034818456979,289.846124772813,10.9264399529669
0,0.73,2,4,0.0535275574169418,6.70337493902545,0.0618685666046066,3.9012173079702,284.083870600884,10.7199883710172
0,0.73,2,5,0.0669018339088754,6.60278399678055,0.0618615272865266,3.8446724782885,279.966316306837,10.5762198362645
0,0.73,2,6,0.0802730673344853,6.52828365073803,0.0618544895701117,3.8028148607557,276.918274358864,10.4732260683983
0,0.73,2,7,0.0936412587322429,6.46851177597547,0.0618474534548153,3.76928469942154,274.476631850455,10.3932851875841
0,0.73,2,8,0.107006409140146,6.41833200143701,0.0618404189400911,3.74104164454992,272.419992675516,10.3282204740672
0,0.73,2,9,0.120368519595723,6.37245509386501,0.061833386025393,3.71539165962302,270.552179010278,10.2700486591092
0,0.73,2,10,0.133727591136025,6.33082697108619,0.0618263547101752,3.69210442516208,268.856419154056,10.2184853420945
0,0.73,2,11,0.147083624797638,6.29484864861824,0.061819324993892,3.67183138732611,267.380150952971,10.1755829857359
0,0.73,2,12,0.160436621616672,6.26341634231918,0.0618122968759982,3.65410161362677,266.089081438054,10.1397668744386
0,0.73,2,13,0.173786582628768,6.23582507656822,0.0618052703559486,3.63857971522779,264.95878783271,10.1099966447807
0,0.73,2,14,0.187133508869094,6.20913511359173,0.0617982454331984,3.6236490167217,263.871544983223,10.0817158846157
0,0.73,2,15,0.20047740137235,6.1839163056815,0.061791222107203,3.60955558045796,262.845270974931,10.055740509619
0,0.73,2,16,0.213818261172765,6.16090838160893,0.0617842003774181,3.59698684895496,261.93002488325,10.0334976921141
0,0.73,2,17,0.227156089304096,6.13914172964177,0.0617771802432995,3.58500697619869,261.057659066829,10.0130819753879
0,0.73,2,18,0.240490886799633,6.11930683381058,0.0617701617043035,3.57388618263012,260.24785078605,9.99545406494464
0,0.73,2,19,0.253822654692195,6.1014123951436,0.0617631447598863,3.56387010552053,259.51848717236,9.98086830011621
0,0.73,2,20,0.267151394014131,6.08569945336104,0.0617561294095046,3.55497997292225,258.871114037437,9.96958694970692
0,0.73,2,21,0.280477105797323,6.07150505694537,0.0617491156526154,3.54688247031856,258.281459655161,9.96061374871388
0,0.73,2,22,0.293799791073183,6.05834085347501,0.0617421034886757,3.5393461294584,257.732668672063,9.95322887749527
0,0.73,2,23,0.307119450872654,6.04813472831848,0.061735092917143,3.53350367115082,257.307225012093,9.9504929432591
0,0.73,2,24,0.320436086226213,6.0391505754627,0.0617280839374748,3.52840616652801,256.936028349786,9.9497209121544
0,0.73,2.1,1,0.0133864591513969,7.54490481170044,0.0630701786012721,4.38576788681683,319.368499237034,12.0071293362699
0,0.73,2.1,2,0.0267698710778561,7.24696407230588,0.0630630001152032,4.21856200601128,307.192685880155,11.5553589495102
0,0.73,2.1,3,0.0401502368197411,7.0341771863799,0.063055823263022,4.09861241873145,298.458042218595,11.2359956651941
0,0.73,2.1,4,0.053527557416942,6.87880381577522,0.0630486480441709,4.01101099645264,292.078968932863,11.006391017689
0,0.73,2.1,5,0.0669018339088756,6.76155706570723,0.0630414744580924,3.94485066904808,287.261220931256,10.8363510431223
0,0.73,2.1,6,0.0802730673344857,6.67034090894201,0.0630343025042291,3.89346098646889,283.519060783903,10.7071092652496
0,0.73,2.1,7,0.0936412587322432,6.59951909036269,0.0630271321820241,3.85360811128291,280.617002748254,10.6097955925599
0,0.73,2.1,8,0.107006409140147,6.54130392578972,0.0630199634909206,3.82077498361318,278.226117735698,10.532105282034
0,0.73,2.1,9,0.120368519595723,6.49223412648909,0.063012796430362,3.79326162079498,276.222614217278,10.4688770633102
0,0.73,2.1,10,0.133727591136026,6.44645676831456,0.0630056309997923,3.76746832117634,274.344364478084,10.4106583116267
0,0.73,2.1,11,0.147083624797639,6.40249829302743,0.0629984671986553,3.74267395258647,272.538856186167,10.3552543376102
0,0.73,2.1,12,0.160436621616673,6.36379086788881,0.0629913050263953,3.72080327097526,270.946248701293,10.3080220655071
0,0.73,2.1,13,0.173786582628769,6.32900883276674,0.0629841444824569,3.70121901142448,269.520136845214,10.2669985713024
0,0.73,2.1,14,0.187133508869095,6.29807066424103,0.0629769855662847,3.68388131700344,268.257618264574,10.2320624756799
0,0.73,2.1,15,0.200477401372351,6.27161161049023,0.0629698282773239,3.669065504688,267.178741345806,10.2041243448279
0,0.73,2.1,16,0.213818261172766,6.24641902526902,0.0629626726150197,3.65549941765996,266.190868533912,10.1786993767168
0,0.73,2.1,17,0.227156089304098,6.22311999537867,0.0629555185788175,3.6424642895878,265.241659775674,10.1556958928494
0,0.73,2.1,18,0.240490886799635,6.20125192538202,0.0629483661681632,3.63031674693288,264.357084356446,10.1350079252827
0,0.73,2.1,19,0.253822654692196,6.18038609387133,0.0629412153825029,3.61865784467275,263.508091383342,10.1158078086188
0,0.73,2.1,20,0.267151394014133,6.16207235392937,0.0629340662212827,3.6083334881914,262.756279084988,10.1004913023562
0,0.73,2.1,21,0.280477105797325,6.14391574528013,0.0629269186839492,3.59810678781378,262.011578034673,10.0854265575752
0,0.73,2.1,22,0.293799791073185,6.12795522796506,0.0629197727699492,3.58916003440379,261.3600818125,10.073834826212
0,0.73,2.1,23,0.307119450872657,6.11286631958469,0.0629126284787297,3.58074912956834,260.747605702535,10.0636475285044
0,0.73,2.1,24,0.320436086226216,6.09975944284726,0.062905485809738,3.57343959380405,260.21533050526,10.0565406086873
0,0.73,2.2,1,0.0133864591513969,7.77340899711812,0.0642434805141193,4.52596218546284,329.57734838629,12.3770011222465
0,0.73,2.2,2,0.0267698710778561,7.46474522923542,0.0642361684858342,4.35223477568163,316.926641926211,11.9079860444807
0,0.73,2.2,3,0.0401502368197411,7.24005158575691,0.0642288581218321,4.22539615906439,307.6903440464,11.5698268397629
0,0.73,2.2,4,0.0535275574169422,7.06977216147227,0.0642215494215452,4.12912137178493,300.679682488083,11.3166426400957
0,0.73,2.2,5,0.0669018339088758,6.93735284733911,0.0642142423844054,4.05428293559591,295.230000774927,11.1227518592283
0,0.73,2.2,6,0.080273067334486,6.83297409248207,0.0642069370098452,3.99533494618301,290.9374500979,10.9727890430094
0,0.73,2.2,7,0.0936412587322436,6.75324276583485,0.0641996332972971,3.95032750685035,287.660040365985,10.8614111647147
0,0.73,2.2,8,0.107006409140147,6.68644596465259,0.0641923312461942,3.91253823776632,284.908252659457,10.7701829428053
0,0.73,2.2,9,0.120368519595724,6.62814516516408,0.0641850308559694,3.87968548317445,282.515938428385,10.6923841987902
0,0.73,2.2,10,0.133727591136027,6.57793799364617,0.0641777321260563,3.8513502481872,280.452586762966,10.6271935650955
0,0.73,2.2,11,0.14708362479764,6.53359003691279,0.0641704350558885,3.82627630587669,278.626720111487,10.571120402643
0,0.73,2.2,12,0.160436621616674,6.49223474774754,0.0641631396448999,3.80290421034035,276.924780732091,10.5197387193495
0,0.73,2.2,13,0.17378658262877,6.45250357688694,0.0641558458925247,3.78062213889383,275.302216131908,10.4710681443021
0,0.73,2.2,14,0.187133508869096,6.41614608981932,0.0641485537981973,3.76028610595371,273.821360672128,10.4277142584403
0,0.73,2.2,15,0.200477401372353,6.38219332230936,0.0641412633613524,3.74120871580822,272.432158685758,10.3880207028513
0,0.73,2.2,16,0.213818261172767,6.35032869252707,0.0641339745814249,3.72384641026966,271.167847941039,10.3521273385509
0,0.73,2.2,17,0.227156089304099,6.32221019290421,0.0641266874578502,3.70809767764352,270.021036428552,10.3215906473097
0,0.73,2.2,18,0.240490886799636,6.29735622148391,0.0641194019900636,3.69415915392617,269.006043041746,10.2961256641998
0,0.73,2.2,19,0.253822654692198,6.27578469699382,0.0641121181775008,3.68208705400465,268.126961308724,10.2758065238682
0,0.73,2.2,20,0.267151394014135,6.25583586148111,0.0641048360195979,3.6708954054426,267.311993417697,10.2579874969574
0,0.73,2.2,21,0.280477105797327,6.237363623103,0.064097555515791,3.66052237168498,266.556636474694,10.2424606561011
0,0.73,2.2,22,0.293799791073187,6.22114980153501,0.0640902766655167,3.65143869848688,265.8951698509,10.2304785677606
0,0.73,2.2,23,0.307119450872659,6.20612125574904,0.0640829994682117,3.64301155055093,265.281510929907,10.2203352566408
0,0.73,2.2,24,0.320436086226218,6.19209211046791,0.0640757239233129,3.6350996294772,264.705370462693,10.2117035500946
0,0.73,2.3,1,0.0133864591513969,8.00883044582932,0.0654100844442256,4.66971986642936,340.045680502561,12.7573468558543
0,0.73,2.3,2,0.026769871077856,7.6866232527551,0.0654026396360711,4.48793382350729,326.808150106852,12.2667295869763
0,0.73,2.3,3,0.040150236819741,7.45377269205019,0.0653951965224218,4.35620659283632,317.215866827453,11.9155247182287
0,0.73,2.3,4,0.0535275574169419,7.26918055417196,0.0653877551026991,4.25167397085004,309.603875617107,11.6397698375416
0,0.73,2.3,5,0.0669018339088754,7.12235385142439,0.0653803153763249,4.16853669160297,303.54987805294,11.4231726923126
0,0.73,2.3,6,0.0802730673344854,7.00592715912373,0.0653728773427212,4.10265719011896,298.7525795952,11.2542302939199
0,0.73,2.3,7,0.0936412587322429,6.91853390465403,0.0653654410013103,4.05320574545662,295.151560554866,11.1307463498442
0,0.73,2.3,8,0.107006409140147,6.84663402325108,0.0653580063515149,4.0124743969884,292.185532719399,11.0314728357311
0,0.73,2.3,9,0.120368519595723,6.78264662990707,0.0653505733927577,3.97630912652863,289.552003438026,10.9446748494242
0,0.73,2.3,10,0.133727591136026,6.72868348034811,0.0653431421244619,3.94581136120618,287.331177851157,10.8735655748148
0,0.73,2.3,11,0.147083624797638,6.6807829822166,0.0653357125460509,3.91872951747184,285.359097245612,10.8119318370321
0,0.73,2.3,12,0.160436621616672,6.63778249948651,0.0653282846569483,3.8944538012102,283.591356847474,10.7580012069703
0,0.73,2.3,13,0.173786582628768,6.59666961402933,0.0653208584565781,3.87129894230234,281.905236484909,10.707075997417
0,0.73,2.3,14,0.187133508869094,6.55766429128903,0.0653134339443643,3.8493113510573,280.304115723622,10.6594225851598
0,0.73,2.3,15,0.200477401372351,6.52039788195806,0.0653060111197315,3.82833530896171,278.776655252187,10.6145166034119
0,0.73,2.3,16,0.213818261172765,6.4860564693636,0.0652985899821042,3.80955452548744,277.409051952728,10.5747278460059
0,0.73,2.3,17,0.227156089304096,6.45464376923409,0.0652911705309075,3.79184822074721,276.119691430727,10.5389392498163
0,0.73,2.3,18,0.240490886799633,6.42636240136032,0.0652837527655666,3.77598506990843,274.964548065347,10.508122110834
0,0.73,2.3,19,0.253822654692195,6.40010724000415,0.0652763366855068,3.76118715565148,273.886974470473,10.4803933870333
0,0.73,2.3,20,0.267151394014132,6.37648418200618,0.0652689222901541,3.74784036173207,272.915070426832,10.4567448600425
0,0.73,2.3,21,0.280477105797324,6.35472182842408,0.0652615095789343,3.73556913326211,272.021488294493,10.4360295770624
0,0.73,2.3,22,0.293799791073184,6.33546102818181,0.0652540985512737,3.72471366858676,271.231001075069,10.419228586393
0,0.73,2.3,23,0.307119450872655,6.31866617538182,0.0652466892065989,3.71520866299894,270.538853326223,10.40624097846
0,0.73,2.3,24,0.320436086226214,6.30446662279262,0.0652392815443365,3.7072275924049,269.957677440107,10.3973695829681
0,0.73,2.4,1,0.0133864591513969,8.23175606491725,0.0665704227781184,4.80619495323293,349.98369928981,13.1179079000797
0,0.73,2.4,2,0.0267698710778561,7.9008460519985,0.0665628459032292,4.61912609636152,336.361478138392,12.6133048653411
0,0.73,2.4,3,0.0401502368197412,7.65394360794238,0.0665552707529044,4.47923036212814,326.174370237384,12.2398794776432
0,0.73,2.4,4,0.0535275574169422,7.45450638147697,0.0665476973265556,4.36607747384414,317.934657364246,11.9406591100646
0,0.73,2.4,5,0.0669018339088759,7.297028157398,0.0665401256235944,4.27675942076497,311.430580244157,11.7072295376954
0,0.73,2.4,6,0.080273067334486,7.17099425660378,0.0665325556434324,4.2053314180001,306.229243868129,11.5231312975818
0,0.73,2.4,7,0.0936412587322436,7.07128604728918,0.0665249873854819,4.14868755087315,302.104477737734,11.38013984428
0,0.73,2.4,8,0.107006409140147,6.99201649556024,0.0665174208491551,4.10375700381501,298.832667246579,11.2692973293646
0,0.73,2.4,9,0.120368519595724,6.92462032197891,0.0665098560338646,4.06567880901008,296.05984017448,11.1771775066186
0,0.73,2.4,10,0.133727591136027,6.86593939402327,0.0665022929390233,4.03250747561006,293.644327261109,11.0986767537084
0,0.73,2.4,11,0.14708362479764,6.81257155234813,0.0664947315640445,4.00236946781699,291.449698961741,11.0285193765268
0,0.73,2.4,12,0.160436621616674,6.76400261596234,0.0664871719083414,3.97487135943693,289.44730626066,10.9657977689243
0,0.73,2.4,13,0.17378658262877,6.72088034000719,0.0664796139713279,3.95048018186432,287.671158051951,10.9116267184716
0,0.73,2.4,14,0.187133508869096,6.68357349504779,0.0664720577524177,3.92935143437683,286.132577682451,10.8665304960461
0,0.73,2.4,15,0.200477401372353,6.64765119954687,0.0664645032510253,3.9092804941041,284.671026082229,10.8238735982743
0,0.73,2.4,16,0.213818261172767,6.61242636893487,0.0664569504665649,3.88970594026767,283.245620989368,10.7824075208419
0,0.73,2.4,17,0.227156089304099,6.58025905221743,0.0664493993984514,3.87156605566353,281.924687489952,10.7454305965835
0,0.73,2.4,18,0.240490886799636,6.54921362697266,0.0664418500460999,3.85404375242375,280.64872582639,10.7101901162421
0,0.73,2.4,19,0.253822654692198,6.52194234163892,0.0664343024089255,3.83864735069833,279.527570799586,10.6808466494384
0,0.73,2.4,20,0.267151394014134,6.49589553848501,0.0664267564863438,3.82388547412542,278.452621443241,10.6533591631109
0,0.73,2.4,21,0.280477105797327,6.47123647335962,0.0664192122777707,3.80993079548947,277.436451666748,10.6280635869242
0,0.73,2.4,22,0.293799791073187,6.45079700036902,0.0664116697826222,3.79827621399845,276.587773328979,10.6092846752233
0,0.73,2.4,23,0.307119450872659,6.43224889876971,0.0664041290003146,3.78776409292043,275.822288146196,10.5935365715631
0,0.73,2.4,24,0.320436086226218,6.41379268216936,0.0663965899302647,3.77737803163836,275.065982548125,10.5780033899642
0,0.73,2.5,1,0.0133864591513969,8.46836966157153,0.0677248832913293,4.95010832783595,360.463368905993,13.4995893318502
0,0.73,2.5,2,0.026769871077856,8.12994264580314,0.0677171750187032,4.75843845138844,346.506104780367,12.9828681432881
0,0.73,2.5,3,0.0401502368197411,7.87539451422424,0.0677094685005493,4.6139156617965,335.982057997986,12.597169881341
0,0.73,2.5,4,0.0535275574169419,7.66673460784562,0.0677017637362683,4.49531136799026,327.345377650668,12.2832752969891
0,0.73,2.5,5,0.0669018339088755,7.49864469986818,0.0676940607252617,4.39987139295583,320.395506526483,12.0331119874581
0,0.73,2.5,6,0.0802730673344855,7.36633752383105,0.0676863594669312,4.32474422714252,314.924799727373,11.839041177775
0,0.73,2.5,7,0.093641258732243,7.25971842267039,0.0676786599606785,4.264117606218,310.510012297177,11.6851559475813
0,0.73,2.5,8,0.107006409140147,7.17234536443656,0.0676709622059058,4.21459874261095,306.904083857224,11.5616214783936
0,0.73,2.5,9,0.120368519595723,7.10012259890386,0.0676632662020157,4.17367423417476,303.923990250225,11.4618286188764
0,0.73,2.5,10,0.133727591136026,7.03783853317452,0.0676555719484107,4.13840881080031,301.355987193814,11.3776305070593
0,0.73,2.5,11,0.147083624797639,6.98148514383158,0.0676478794444939,4.1065286802371,299.034498752974,11.3027453283108
0,0.73,2.5,12,0.160436621616672,6.93015784489324,0.0676401886896684,4.07739918249561,296.913309438511,11.2356338376952
0,0.73,2.5,13,0.173786582628768,6.8861091068325,0.0676324996833379,4.05250060714069,295.100212884053,11.1800287962853
0,0.73,2.5,14,0.187133508869094,6.84542675989115,0.067624812424906,4.02948485968311,293.424222518389,11.1296699408683
0,0.73,2.5,15,0.200477401372351,6.80783888799248,0.0676171269137769,4.00849480554844,291.89574170023,11.084428221827
0,0.73,2.5,16,0.213818261172765,6.77319228302986,0.0676094431493549,3.98906880834882,290.481154396038,11.0436887957008
0,0.73,2.5,17,0.227156089304097,6.7401323916781,0.0676017611310445,3.9703737866896,289.119796210974,11.0052640288028
0,0.73,2.5,18,0.240490886799634,6.70957545382661,0.0675940808582507,3.9530772119622,287.86027193719,10.9707376334467
0,0.73,2.5,19,0.253822654692195,6.68082309357302,0.0675864023303786,3.93680975280738,286.675687127699,10.939041903403
0,0.73,2.5,20,0.267151394014132,6.65429972881366,0.0675787255468335,3.92169609414516,285.575121249727,10.9107259425198
0,0.73,2.5,21,0.280477105797324,6.63187376201974,0.0675710505070213,3.90891279128415,284.644250224317,10.8888347096082
0,0.73,2.5,22,0.293799791073184,6.6103998843222,0.0675633772103478,3.89670603687738,283.755363047418,10.8684690894831
0,0.73,2.5,23,0.307119450872656,6.58934252977871,0.0675557056562192,3.88478568600951,282.88733157259,10.8488033723171
0,0.73,2.5,24,0.320436086226215,6.570292488244,0.0675480358440421,3.87398994491011,282.101193381503,10.8322665552244
0,0.74,1.5,1,0.0133864591513968,6.39118932100395,0.05611045468423,3.60589215636593,262.578503037244,10.0665783912055
0,0.74,1.5,2,0.0267698710778559,6.3067801646856,0.0561040683360982,3.55978976717509,259.221359835165,9.94944387127464
0,0.74,1.5,3,0.0401539810992372,6.28146113859496,0.0561029149276586,3.54618530459741,258.230692543032,9.92390333921927
0,0.74,1.5,4,0.0535386414656496,6.26292076475602,0.0561029149276586,3.53631996523414,257.512305544855,9.90888228638347
0,0.74,1.5,5,0.066923301832062,6.25007932425592,0.0561029149276585,3.52938489866205,257.007298927907,9.90249043967769
0,0.74,1.5,6,0.0803063594068306,6.24650972629504,0.0561017952219559,3.52745976655634,256.867112176739,9.91037764748016
0,0.74,1.5,7,0.0936907526413024,6.24379164297715,0.0561017952219559,3.52601517944063,256.761918370074,9.91959937028103
0,0.74,1.5,8,0.107075145875774,6.24216396748575,0.0561017952219559,3.52515067315175,256.698965636782,9.93049158173523
0,0.74,1.5,9,0.120459539110246,6.24216396748575,0.0561017952219559,3.52515067315175,256.698965636782,9.9438759749697
0,0.74,1.5,10,0.133843932344718,6.24216396748575,0.0561017952219559,3.52515067315175,256.698965636782,9.95726036820417
0,0.74,1.5,11,0.147228325579189,6.24216396748575,0.0561017952219559,3.52515067315175,256.698965636782,9.97064476143864
0,0.74,1.5,12,0.160612718813661,6.24216396748575,0.0561017952219559,3.52515067315175,256.698965636782,9.98402915467311
0,0.74,1.5,13,0.173997112048133,6.24216396748575,0.0561017952219559,3.52515067315175,256.698965636782,9.99741354790758
0,0.74,1.5,14,0.187381505282605,6.24216396748575,0.0561017952219559,3.52515067315175,256.698965636782,10.0107979411421
0,0.74,1.5,15,0.200765898517077,6.24216396748575,0.0561017952219559,3.52515067315175,256.698965636782,10.0241823343765
0,0.74,1.5,16,0.214150291751548,6.24216396748575,0.0561017952219559,3.52515067315175,256.698965636782,10.037566727611
0,0.74,1.5,17,0.22753468498602,6.24216396748575,0.0561017952219559,3.52515067315175,256.698965636782,10.0509511208455
0,0.74,1.5,18,0.240919078220492,6.24216396748575,0.0561017952219559,3.52515067315175,256.698965636782,10.0643355140799
0,0.74,1.5,19,0.254303471454964,6.24216396748575,0.0561017952219559,3.52515067315175,256.698965636782,10.0777199073144
0,0.74,1.5,20,0.267687864689435,6.24216396748575,0.0561017952219559,3.52515067315175,256.698965636782,10.0911043005489
0,0.74,1.5,21,0.281072257923907,6.24216396748575,0.0561017952219559,3.52515067315175,256.698965636782,10.1044886937834
0,0.74,1.5,22,0.294456651158379,6.24216396748575,0.0561017952219559,3.52515067315175,256.698965636782,10.1178730870178
0,0.74,1.5,23,0.307841044392851,6.24216396748575,0.0561017952219559,3.52515067315175,256.698965636782,10.1312574802523
0,0.74,1.5,24,0.321225437627322,6.24216396748575,0.0561017952219559,3.52515067315175,256.698965636782,10.1446418734868
0,0.74,1.6,1,0.0133864591513969,6.57526753787978,0.0573511252670971,3.72558527681126,271.294470966264,10.3715903991095
0,0.74,1.6,2,0.0267698710778561,6.41521292792717,0.0573445977090197,3.63803126973657,264.918850421984,10.1373586664506
0,0.74,1.6,3,0.040150236819741,6.3409404899989,0.0573380716366731,3.59730288760132,261.953038592775,10.0357316860566
0,0.74,1.6,4,0.053527557416942,6.30776068057763,0.0573315470495501,3.57929264426433,260.641545478258,9.99791242930845
0,0.74,1.6,5,0.0669018339088756,6.28459620473227,0.0573250239471438,3.56669186171973,259.723965452517,9.97551492430802
0,0.74,1.6,6,0.0802730673344857,6.26500418102606,0.0573185023289473,3.55615370759249,258.956584561599,9.95874945828198
0,0.74,1.6,7,0.0936412587322433,6.24814167927961,0.0573119821944542,3.54717568134703,258.302811073781,9.94627060155334
0,0.74,1.6,8,0.107006409140147,6.23451126956668,0.0573054635431581,3.53981720388217,257.766971976667,9.93864034613215
0,0.74,1.6,9,0.120368519595723,6.22516838801453,0.0572989463745532,3.53477874074255,257.400074673188,9.93761459472735
0,0.74,1.6,10,0.133728886476247,6.21996125069295,0.0572929856460834,3.53191167344028,257.191296870721,9.94289479625556
0,0.74,1.6,11,0.147101775123872,6.21746608900911,0.0572929856460834,3.5305539183195,257.09242610819,9.95241476809856
0,0.74,1.6,12,0.160474663771496,6.21495078703901,0.0572929856460834,3.52919720670757,256.993631333231,9.96191564316415
0,0.74,1.6,13,0.173847552419121,6.21242230757638,0.0572929856460834,3.52784153740196,256.894912458278,9.97140438304355
0,0.74,1.6,14,0.187220441066746,6.21160854719649,0.0572929856460834,3.52740469283766,256.863101747702,9.98352666674698
0,0.74,1.6,15,0.20059332971437,6.21160854719649,0.0572929856460834,3.52740469283766,256.863101747702,9.99689955539461
0,0.74,1.6,16,0.213966218361995,6.21160854719649,0.0572929856460834,3.52740469283766,256.863101747702,10.0102724440422
0,0.74,1.6,17,0.22733910700962,6.21160854719649,0.0572929856460834,3.52740469283766,256.863101747702,10.0236453326899
0,0.74,1.6,18,0.240711995657245,6.21160854719649,0.0572929856460834,3.52740469283766,256.863101747702,10.0370182213375
0,0.74,1.6,19,0.254084884304869,6.21160854719649,0.0572929856460834,3.52740469283766,256.863101747702,10.0503911099851
0,0.74,1.6,20,0.267457772952494,6.21160854719649,0.0572929856460834,3.52740469283766,256.863101747702,10.0637639986327
0,0.74,1.6,21,0.280830661600119,6.21160854719649,0.0572929856460834,3.52740469283766,256.863101747702,10.0771368872804
0,0.74,1.6,22,0.294203550247743,6.21160854719649,0.0572929856460834,3.52740469283766,256.863101747702,10.090509775928
0,0.74,1.6,23,0.307576438895368,6.21160854719649,0.0572929856460834,3.52740469283766,256.863101747702,10.1038826645756
0,0.74,1.6,24,0.320949327542993,6.21160854719649,0.0572929856460834,3.52740469283766,256.863101747702,10.1172555532232
0,0.74,1.7,1,0.0133864591513969,6.75788911362162,0.0585809165039351,3.84180889251222,279.757792026618,10.6716653817892
0,0.74,1.7,2,0.026769871077856,6.54266811913998,0.0585742489741712,3.72375354742819,271.161085734949,10.3517657866202
0,0.74,1.7,3,0.0401502368197409,6.41506440390513,0.058567582961997,3.65356471726893,266.04998502701,10.1673469409558
0,0.74,1.7,4,0.0535275574169417,6.34353705884901,0.0585609184668943,3.61402743044972,263.170907911845,10.0696529651826
0,0.74,1.7,5,0.0669018339088752,6.29453732621383,0.0585542554883452,3.58716720119452,261.214965115105,10.0071606168056
0,0.74,1.7,6,0.0802730673344852,6.26184915750047,0.0585475940258323,3.5695146879809,259.929521653826,9.97018450684169
0,0.74,1.7,7,0.0936412587322426,6.23439845014885,0.0585409340788381,3.55469699203167,258.850507570185,9.94127763499161
0,0.74,1.7,8,0.107006409140146,6.21271125605679,0.0585342756468455,3.54294948180137,257.995062227694,9.92120142264515
0,0.74,1.7,9,0.120368519595722,6.19462620210476,0.0585276187293376,3.53321200510161,257.285986097763,9.90673434553142
0,0.74,1.7,10,0.133727591136025,6.17908985053106,0.0585209633257977,3.52484056241083,256.676383593117,9.89617896740372
0,0.74,1.7,11,0.147083624797638,6.16459238638423,0.0585143094357095,3.51705199845548,256.109225903557,9.88724231907307
0,0.74,1.7,12,0.160436621616672,6.15177707348892,0.0585076570585567,3.51019872672181,255.610175528588,9.88092007888596
0,0.74,1.7,13,0.173786582628767,6.1412980138468,0.0585010061938234,3.50452572000276,255.197071212814,9.87811132267215
0,0.74,1.7,14,0.187133508869094,6.13179048208628,0.0584943568409939,3.49929761006713,254.816363964488,9.8767159578635
0,0.74,1.7,15,0.20047740137235,6.12494562769397,0.0584877089995527,3.49553702108662,254.542520548706,9.8794477591525
0,0.74,1.7,16,0.213818261172764,6.11869029845435,0.0584810626689846,3.49208396235602,254.291071267068,9.88307358465212
0,0.74,1.7,17,0.227156089304096,6.11302341934845,0.0584744178487745,3.4889624805123,254.063767178582,9.88761640701362
0,0.74,1.7,18,0.240490886799633,6.10795004669086,0.0584677745384077,3.48616490334524,253.860049598354,9.89307361137414
0,0.74,1.7,19,0.253822654692194,6.10455130464444,0.0584611327373696,3.48429768860822,253.724080348794,9.90113278068223
0,0.74,1.7,20,0.267157278635658,6.10138148352833,0.0584557800392679,3.48255298263825,253.597032100547,9.9095475248415
0,0.74,1.7,21,0.280515142567441,6.09910393103351,0.0584557800392679,3.48131052862253,253.506557482507,9.91938538226275
0,0.74,1.7,22,0.293873006499224,6.09864933288737,0.0584557800392679,3.48106108918965,253.488393480356,9.93203920861551
0,0.74,1.7,23,0.307230870431007,6.09864933288737,0.0584557800392679,3.48106108918965,253.488393480356,9.9453970725473
0,0.74,1.7,24,0.32058873436279,6.09864933288737,0.0584557800392679,3.48106108918965,253.488393480356,9.95875493647908
0,0.74,1.8,1,0.0133864591513969,6.9748323603539,0.0598007754670084,3.97589750196796,289.522029230183,11.0239170969403
0,0.74,1.8,2,0.0267698710778561,6.72863200451305,0.0597939690960242,3.84053843833208,279.665278456513,10.655734283019
0,0.74,1.8,3,0.0401502368197411,6.5690991211839,0.0597871642742311,3.75241948698313,273.248519071856,10.421456009261
0,0.74,1.8,4,0.053527557416942,6.47187337381111,0.0597803610011001,3.69864290907972,269.332546904077,10.2838242013089
0,0.74,1.8,5,0.0669018339088756,6.40835540811264,0.0597735592761028,3.66376697737388,266.792906354045,10.1987977786715
0,0.74,1.8,6,0.0802730673344857,6.35708468549904,0.0597667590987108,3.63565918631532,264.7461169938,10.1327836982476
0,0.74,1.8,7,0.0936412587322433,6.31712907591713,0.0597599604683958,3.61372665985978,263.149006011334,10.0842569549776
0,0.74,1.8,8,0.107006409140147,6.28534463931647,0.0597531633846301,3.59635107051425,261.883727949236,10.0484552823555
0,0.74,1.8,9,0.120368519595723,6.25768257514676,0.0597463678468859,3.58126508269446,260.785177042337,10.0190625452838
0,0.74,1.8,10,0.133727591136026,6.23357531208935,0.0597395738546359,3.56797484551994,259.817391420647,9.99501732259996
0,0.74,1.8,11,0.147083624797639,6.21342242902505,0.0597327814073528,3.55689663666496,259.010684128434,9.97713547189501
0,0.74,1.8,12,0.160436621616673,6.19567321566323,0.0597259905045097,3.54709649303899,258.297044637493,9.96293232082341
0,0.74,1.8,13,0.173786582628769,6.18125236047733,0.05971920114558,3.53911455261843,257.715805411227,9.95387269687011
0,0.74,1.8,14,0.187133508869095,6.16786114179693,0.0597124133300372,3.53172990035114,257.178060283611,9.9464369643472
0,0.74,1.8,15,0.200477401372352,6.15531890643596,0.0597056270573551,3.52482292320099,256.675099118398,9.94032485806666
0,0.74,1.8,16,0.213818261172766,6.14488935217968,0.0596988423270077,3.51906807278574,256.256035002858,9.93747452846519
0,0.74,1.8,17,0.227156089304098,6.13511071979214,0.0596920591384692,3.51368266044038,255.863873104897,9.93564152867509
0,0.74,1.8,18,0.240490886799635,6.12535786763432,0.0596852774912142,3.50832818558664,255.473964053079,9.93386221751181
0,0.74,1.8,19,0.253822654692197,6.11539868580415,0.0596784973847174,3.50356949809582,255.127439813424,9.93246933597688
0,0.74,1.8,20,0.267151394014133,6.10798287120301,0.0596717188184538,3.49948358549881,254.829906563194,9.93428956953441
0,0.74,1.8,21,0.280477105797325,6.10183829709722,0.0596649417918986,3.49613040447843,254.585730305402,9.93811074916487
0,0.74,1.8,22,0.293799791073186,6.09656727930355,0.0596581663045273,3.4931753583523,254.370545947534,9.94320059503356
0,0.74,1.8,23,0.307119450872657,6.09129910054249,0.0596513923558155,3.49022530341471,254.155725044468,9.94829524718567
0,0.74,1.8,24,0.320436086226216,6.08601632733911,0.0596446199452393,3.48728022703086,253.941266676146,9.95337726054143
0,0.74,1.9,1,0.0133864591513969,7.18601642132017,0.0610115193087526,4.10634431011019,299.021073051419,11.3667587098905
0,0.74,1.9,2,0.0267698710778561,6.91652039600585,0.0610045751340076,3.95780603434417,288.204621420852,10.9621008765619
0,0.74,1.9,3,0.0401502368197412,6.73672824604389,0.0609976325398192,3.85813371177283,280.946553758228,10.6960098271763
0,0.74,1.9,4,0.0535275574169422,6.61324177629559,0.0609906915256477,3.7897378583665,275.966016342631,10.5174978836047
0,0.74,1.9,5,0.0669018339088759,6.53123622717167,0.0609837520909536,3.74443704656268,272.667243435954,10.4035588597342
0,0.74,1.9,6,0.0802730673344861,6.46914170630806,0.0609768142351982,3.71015829566574,270.171089167831,10.3205498835435
0,0.74,1.9,7,0.0936412587322438,6.41920758644353,0.0609698779578423,3.68258649108036,268.163329961476,10.256405214214
0,0.74,1.9,8,0.107006409140148,6.37506252299764,0.0609629432583476,3.6581957901636,266.387216462506,10.2012276655597
0,0.74,1.9,9,0.120368519595724,6.3394524558181,0.0609560101361756,3.63860736141242,264.960801008218,10.1593843469624
0,0.74,1.9,10,0.133727591136027,6.30815782895034,0.0609490785907883,3.62140934112969,263.708453399022,10.1242438398068
0,0.74,1.9,11,0.14708362479764,6.27961580089696,0.0609421486216478,3.60568195213574,262.563196114657,10.093323526452
0,0.74,1.9,12,0.160436621616674,6.25319936273484,0.0609352202282165,3.59101285964264,261.495003229034,10.0655840642224
0,0.74,1.9,13,0.17378658262877,6.22953394660297,0.0609282934099571,3.57784270463724,260.535961905521,10.0420915272789
0,0.74,1.9,14,0.187133508869097,6.20801074149772,0.0609213681663325,3.56594973915478,259.669924614986,10.0220153576879
0,0.74,1.9,15,0.200477401372353,6.18821040614669,0.0609144444968057,3.55509200658119,258.879272248825,10.004694258597
0,0.74,1.9,16,0.213818261172768,6.17181288502778,0.0609075224008401,3.54611961142326,258.225908812798,9.99265828002465
0,0.74,1.9,17,0.2271560893041,6.15935505840707,0.0609006018778994,3.53921488126527,257.723111271957,9.98662663085434
0,0.74,1.9,18,0.240490886799637,6.1459175973769,0.0608936829274475,3.53243148898925,257.229149469409,9.97973365609324
0,0.74,1.9,19,0.253822654692199,6.13449901399655,0.0608867655489484,3.52614985900172,256.771725639955,9.97535829323942
0,0.74,1.9,20,0.267151394014136,6.12357684946115,0.0608798497418666,3.52017275100275,256.336476885194,9.9717808442199
0,0.74,1.9,21,0.280477105797328,6.11326952770539,0.0608729355056665,3.51450079601367,255.923449155649,9.96912036502206
0,0.74,1.9,22,0.293799791073188,6.10304364978462,0.060866022839813,3.50884708974289,255.511750284796,9.9665565534405
0,0.74,1.9,23,0.30711945087266,6.09314265308254,0.0608591117437713,3.50334378091953,255.111003249132,9.96446499661851
0,0.74,1.9,24,0.320436086226219,6.08552035814052,0.0608522022170065,3.49912422597216,254.803738257968,9.9659328725559
0,0.74,2,1,0.0133864591513969,7.41984758542165,0.0622138589232924,4.24850447515654,309.373075194218,11.7439523786529
0,0.74,2,2,0.0267698710778561,7.12988679363103,0.0622067779013343,4.08828793389533,297.706220573537,11.3071513765056
0,0.74,2,3,0.0401502368197411,6.92741813095266,0.0621996984910803,3.97586747706398,289.519842838022,11.0056355433275
0,0.74,2,4,0.053527557416942,6.78228811251759,0.0621926206919802,3.89528446618926,283.651845280647,10.7932927568158
0,0.74,2,5,0.0669018339088757,6.67589927876083,0.0621855445034842,3.83621537288616,279.35047590444,10.6412020300594
0,0.74,2,6,0.0802730673344857,6.59814715129502,0.0621784699250423,3.7930785284399,276.20928156216,10.5336772169944
0,0.74,2,7,0.0936412587322433,6.53576530766222,0.0621713969561053,3.75852203480999,273.692902265697,10.4500999981606
0,0.74,2,8,0.107006409140147,6.48392367559014,0.0621643255961239,3.72970611927986,271.594547784908,10.3828005296063
0,0.74,2,9,0.120368519595723,6.43702900835221,0.0621572558445492,3.7038270098219,269.710049434227,10.3233817936144
0,0.74,2,10,0.133727591136026,6.39360175630201,0.0621501877008325,3.67983120938552,267.962692307464,10.2693107445244
0,0.74,2,11,0.147083624797639,6.35505230460404,0.0621431211644254,3.65841732939806,266.403348792046,10.2226963799642
0,0.74,2,12,0.160436621616673,6.32169977353185,0.0621360562347796,3.63984265483229,265.05075419676,10.1841151062156
0,0.74,2,13,0.173786582628769,6.29224296974044,0.0621289929113472,3.62347162618914,263.858627530767,10.1516301714697
0,0.74,2,14,0.187133508869095,6.2654265361863,0.0621219311935805,3.60866440829248,262.780376451464,10.1233463845415
0,0.74,2,15,0.200477401372352,6.24030657997181,0.0621148710809321,3.59481742433125,261.772048924613,10.0977162767563
0,0.74,2,16,0.213818261172766,6.21593654755934,0.0621078125728547,3.58172850053272,260.818922799829,10.0735911218377
0,0.74,2,17,0.227156089304098,6.19347935497831,0.0621007556688014,3.56943120703271,259.923442630534,10.0521674069839
0,0.74,2,18,0.240490886799635,6.172887716618,0.0620937003682255,3.55803632458264,259.093675392281,10.0335086283685
0,0.74,2,19,0.253822654692197,6.15303326584745,0.0620866466705806,3.54707507394392,258.295484914219,10.0160176411541
0,0.74,2,20,0.267151394014133,6.13671407114852,0.0620795945753204,3.53795666744666,257.631489036275,10.0039017271846
0,0.74,2,21,0.280477105797325,6.12177605443212,0.062072544081899,3.5295304160144,257.017895398043,9.99385612032574
0,0.74,2,22,0.293799791073185,6.10749599854165,0.0620654951897707,3.52148330108586,256.431910210445,9.98484458589047
0,0.74,2,23,0.307119450872657,6.09583990909499,0.06205844789839,3.51491573263992,255.953664545753,9.97993354050596
0,0.74,2,24,0.320436086226216,6.08560950361026,0.0620514022072117,3.50919089945422,255.536786263527,9.97728789149791
0,0.74,2.1,1,0.0133864591513969,7.64458333988738,0.063408417339832,4.38513134429453,319.322146663142,12.1065095606731
0,0.74,2.1,2,0.0267698710778561,7.34085561561502,0.063401200356297,4.21685625074094,307.068473994161,11.6478829377901
0,0.74,2.1,3,0.0401502368197412,7.12283125363763,0.063393985015412,4.09554493410876,298.234670169352,11.3219204095815
0,0.74,2.1,4,0.0535275574169422,6.96173179777316,0.0633867713166164,4.0058749083268,291.704962647298,11.0845210348335
0,0.74,2.1,5,0.0669018339088759,6.84105059591973,0.0633795592593498,3.93864853057656,286.80958561748,10.9099805196645
0,0.74,2.1,6,0.080273067334486,6.74633651500801,0.0633723488430518,3.88596938661047,282.97352780874,10.775951317796
0,0.74,2.1,7,0.0936412587322436,6.67307645162702,0.0633651400671625,3.84526901039948,280.009755351024,10.6753518608259
0,0.74,2.1,8,0.107006409140147,6.61143256022163,0.0633579329311221,3.81094453864592,277.510271722629,10.5927414409388
0,0.74,2.1,9,0.120368519595724,6.55996043630737,0.0633507274343711,3.78243767515637,275.4344221917,10.5261173584938
0,0.74,2.1,10,0.133727591136027,6.51345094954052,0.0633435235763504,3.75656983789625,273.55074467445,10.4670919021491
0,0.74,2.1,11,0.14708362479764,6.46919361703103,0.0633363213565009,3.73191563234112,271.755442955065,10.4115291955263
0,0.74,2.1,12,0.160436621616674,6.42857684922254,0.0633291207742639,3.70927971278617,270.107111387213,10.3616223043997
0,0.74,2.1,13,0.17378658262877,6.39270143710852,0.063321921829081,3.68934282816159,268.655321623976,10.319152769728
0,0.74,2.1,14,0.187133508869096,6.35963656690963,0.0633147245203939,3.67106558391179,267.324385692826,10.2811503842109
0,0.74,2.1,15,0.200477401372353,6.3308718268537,0.0633075288476447,3.65516686067972,266.166651971059,10.2498236177534
0,0.74,2.1,16,0.213818261172767,6.30444556726327,0.0633003348102756,3.64112630015363,265.144228336388,10.2226904633999
0,0.74,2.1,17,0.227156089304099,6.28092431002146,0.0632931424077293,3.62815455368572,264.199634981507,10.199528095419
0,0.74,2.1,18,0.240490886799636,6.25840390768586,0.0632859516394485,3.6157949403162,263.299616723623,10.1779756864411
0,0.74,2.1,19,0.253822654692198,6.23762727336107,0.0632787625048763,3.60433070806159,262.464799481911,10.1590593986197
0,0.74,2.1,20,0.267151394014135,6.21862958139302,0.0632715750034559,3.59376599627566,261.69548468117,10.1428185466863
0,0.74,2.1,21,0.280477105797327,6.2005194698693,0.063264389134631,3.58371301466996,260.963433708313,10.1279739794712
0,0.74,2.1,22,0.293799791073187,6.18446493641062,0.0632572048978453,3.57485580611346,260.318458078704,10.1163777384951
0,0.74,2.1,23,0.307119450872659,6.16911393670533,0.063250022292543,3.56639430670138,259.702297707642,10.1058777165719
0,0.74,2.1,24,0.320436086226218,6.15492084441353,0.0632428413181683,3.55856584858773,259.13223495384,10.0971656205457
0,0.74,2.2,1,0.0133864591513969,7.87645682542688,0.0645957442142844,4.52540545325714,329.536807542908,12.4798444820497
0,0.74,2.2,2,0.026769871077856,7.56182583482918,0.0645883920922476,4.35058779631477,316.806710059718,12.0037718943141
0,0.74,2.2,3,0.040150236819741,7.3331791911468,0.0645810416436197,4.22317541174574,307.528630805607,11.6610858813559
0,0.74,2.2,4,0.0535275574169419,7.15831681118987,0.0645736928678295,4.1255898888045,300.422522408333,11.4020079502791
0,0.74,2.2,5,0.0669018339088754,7.02112212442036,0.064566345764306,4.04904537141872,294.848605075452,11.2016356755123
0,0.74,2.2,6,0.0802730673344854,6.91364434118523,0.0645590003324784,3.98913276789043,290.485811884383,11.0476091767426
0,0.74,2.2,7,0.0936412587322429,6.83060988477966,0.0645516565717762,3.94284805471126,287.115391979107,10.9316508547949
0,0.74,2.2,8,0.107006409140146,6.76261287308961,0.0645443144816293,3.9048633450581,284.349372429293,10.8390269417695
0,0.74,2.2,9,0.120368519595723,6.702347489691,0.0645369740614676,3.87134008665987,281.90823258777,10.7585930700081
0,0.74,2.2,10,0.133727591136026,6.65031202613497,0.0645296353107214,3.84234678586009,279.796961037767,10.6909160384418
0,0.74,2.2,11,0.147083624797638,6.60526515943285,0.0645222982288214,3.8171981577405,277.965655818773,10.6340692401998
0,0.74,2.2,12,0.160436621616672,6.56305116760834,0.0645149628151983,3.79366312572514,276.251851520822,10.5816658777653
0,0.74,2.2,13,0.173786582628768,6.52272085841401,0.0645076290692832,3.77134662667522,274.626779927038,10.5323616967873
0,0.74,2.2,14,0.187133508869094,6.48544797106458,0.0645002969905074,3.75074024391522,273.126237785593,10.4878220208394
0,0.74,2.2,15,0.20047740137235,6.45002921949529,0.0644929665783025,3.73106561604123,271.693545372469,10.4460652034872
0,0.74,2.2,16,0.213818261172765,6.4165301069974,0.0644856378321004,3.71302236148996,270.3796484048,10.4078563674922
0,0.74,2.2,17,0.227156089304096,6.38803510561826,0.0644783107513332,3.69725926472434,269.23179090589,10.376928770398
0,0.74,2.2,18,0.240490886799633,6.36085144081803,0.0644709853354332,3.68222224925014,268.136806130376,10.3480355622032
0,0.74,2.2,19,0.253822654692195,6.33937203818587,0.0644636615838331,3.67037770013062,267.274294484967,10.3280360545925
0,0.74,2.2,20,0.267151394014131,6.31824588584004,0.0644563394959658,3.65868017575937,266.422489077193,10.3085337951095
0,0.74,2.2,21,0.280477105797323,6.29925829322128,0.0644490190712644,3.64814809485214,265.655550433838,10.292332512942
0,0.74,2.2,22,0.293799791073183,6.28225505569214,0.0644417003091622,3.63873632772166,264.970192243162,10.2792328747961
0,0.74,2.2,23,0.307119450872655,6.26670154670715,0.0644343832090931,3.63011567450277,264.342442405048,10.2683710552917
0,0.74,2.2,24,0.320436086226214,6.25177585967556,0.0644270677704908,3.62180989213069,263.737621238124,10.258448905803
0,0.74,2.3,1,0.0133864591513969,8.11443600545556,0.0657763273854463,4.66875622886535,339.975509100296,12.8623550208578
0,0.74,2.3,2,0.0267698710778561,7.78652187941504,0.0657688408924593,4.48612650984899,326.676542811255,12.3651871012344
0,0.74,2.3,3,0.0401502368197412,7.54711913083603,0.065761356103465,4.35244094299882,316.941654883664,12.0054716667581
0,0.74,2.3,4,0.0535275574169422,7.35693960386178,0.065753873017882,4.24613761432972,309.200722071646,11.7223586486263
0,0.74,2.3,5,0.0669018339088759,7.20341363666065,0.0657463916351288,4.16033814195771,302.952865496941,11.4964000041624
0,0.74,2.3,6,0.080273067334486,7.08263429951126,0.0657389119546242,4.0928698095521,298.039869501149,11.3215160883525
0,0.74,2.3,7,0.0936412587322437,6.99009893646257,0.0657314339757874,4.04116935760064,294.275079349065,11.1906409867712
0,0.74,2.3,8,0.107006409140147,6.91486467832736,0.0657239576980377,3.99909483064705,291.211242211294,11.0866898758126
0,0.74,2.3,9,0.120368519595724,6.8492653093467,0.0657164831207946,3.96251878984186,288.547800925425,10.9978691019051
0,0.74,2.3,10,0.133727591136027,6.79272278845428,0.0657090102434782,3.93098175609275,286.251296550646,10.9231411459265
0,0.74,2.3,11,0.14708362479764,6.74278596093919,0.0657015390655085,3.90311506699448,284.222064063725,10.8586861917968
0,0.74,2.3,12,0.160436621616674,6.69793926104346,0.065694069586306,3.87810125024807,282.400575713076,10.8021712024945
0,0.74,2.3,13,0.17378658262877,6.6565574544676,0.0656866018052913,3.8550975403739,280.725461915677,10.7511281792756
0,0.74,2.3,14,0.187133508869096,6.61695003237149,0.0656791357218854,3.83304840547687,279.11985958941,10.7028110824393
0,0.74,2.3,15,0.200477401372353,6.58014942658063,0.0656716713355094,3.81261922046755,277.632220862181,10.658917719756
0,0.74,2.3,16,0.213818261172767,6.54398421488728,0.0656642086455849,3.79303461278399,276.206083655321,10.6165012974896
0,0.74,2.3,17,0.227156089304099,6.51258324181092,0.0656567476515336,3.77559103239654,274.935854533892,10.5809871111631
0,0.74,2.3,18,0.240490886799636,6.4843323233174,0.0656492883527775,3.75994621289084,273.796609900954,10.5504187113607
0,0.74,2.3,19,0.253822654692198,6.45704148030026,0.0656418307487388,3.74475570310722,272.690447778963,10.5212616688484
0,0.74,2.3,20,0.267151394014135,6.43150686049235,0.06563437483884,3.73050353640847,271.652615133251,10.4947961657538
0,0.74,2.3,21,0.280477105797327,6.40929703904788,0.065626920622504,3.71812662460473,270.751337215686,10.4735276900724
0,0.74,2.3,22,0.293799791073187,6.38863094105226,0.0656194680991537,3.70664353913137,269.91514709599,10.454693739356
0,0.74,2.3,23,0.307119450872659,6.37000424732309,0.0656120172682125,3.69618040784194,269.15322931478,10.4389161233059
0,0.74,2.3,24,0.320436086226218,6.35512119646553,0.0656045681291039,3.68789592727468,268.549959330138,10.4290577780955
0,0.74,2.4,1,0.0133864591513969,8.3414717082965,0.0669506021913235,4.80576332048017,349.952268099645,13.2275720901194
0,0.74,2.4,2,0.026769871077856,8.00552562804857,0.0669429820453876,4.61828893178521,336.300516409169,12.717527412957
0,0.74,2.4,3,0.0401502368197411,7.75437536860178,0.0669353636338655,4.47781854739888,326.071562892599,12.3392795164543
0,0.74,2.4,4,0.0535275574169419,7.55011458659745,0.0669277469561646,4.36343408635803,317.742167766956,12.0340039773286
0,0.74,2.4,5,0.0669018339088755,7.38964725142112,0.0669201320116935,4.27359278290114,311.199987926393,11.7970620002428
0,0.74,2.4,6,0.0802730673344855,7.26090321885523,0.0669125187998606,4.20156780418026,305.955180185698,11.6096566091698
0,0.74,2.4,7,0.093641258732243,7.15817267240934,0.0669049073200744,4.14395999009867,301.760220123433,11.4626788285603
0,0.74,2.4,8,0.107006409140147,7.07615507557653,0.066897297571744,4.09806109160134,298.417894968974,11.3481198738898
0,0.74,2.4,9,0.120368519595723,7.00748159644995,0.0668896895542788,4.05975947724047,295.628798643662,11.2544992828404
0,0.74,2.4,10,0.133727591136026,6.94768791378504,0.0668820832670881,4.0263989225185,293.199506768163,11.1746965107066
0,0.74,2.4,11,0.147083624797639,6.89334819807082,0.0668744787095819,3.99610686801469,290.993660896846,11.1034131695927
0,0.74,2.4,12,0.160436621616673,6.84277701257423,0.0668668758811702,3.96783831301567,288.935164820761,11.0379188230877
0,0.74,2.4,13,0.173786582628768,6.79970249052084,0.0668592747812632,3.94378895965879,287.183908008403,10.9841373075897
0,0.74,2.4,14,0.187133508869094,6.76176247704322,0.0668516754092717,3.9225949235776,285.64057336993,10.9383425848992
0,0.74,2.4,15,0.200477401372351,6.72552809283834,0.0668440777646065,3.90259277215226,284.184030924667,10.8954423441276
0,0.74,2.4,16,0.213818261172765,6.68968075747613,0.0668364818466787,3.88292739785127,282.75201235015,10.8532628983468
0,0.74,2.4,17,0.227156089304097,6.65708562088907,0.0668288876548997,3.8647740232019,281.430096515232,10.81584462105
0,0.74,2.4,18,0.240490886799634,6.62582691838448,0.0668212951886812,3.84735910943708,280.161954876881,10.7804982098099
0,0.74,2.4,19,0.253822654692195,6.5979692876684,0.0668137044474352,3.83183303012978,279.031356820766,10.7504386769378
0,0.74,2.4,20,0.267151394014132,6.57137909920335,0.0668061154305738,3.81696919855574,277.948983173729,10.7223058072038
0,0.74,2.4,21,0.280477105797324,6.54600037687671,0.0667985281375096,3.80277270993034,276.915204965731,10.6960487207419
0,0.74,2.4,22,0.293799791073184,6.52496056245522,0.0667909425676552,3.79093101344598,276.052901047186,10.676482309542
0,0.74,2.4,23,0.307119450872656,6.50607148605966,0.0667833587204237,3.78036968071241,275.283832306634,10.6603439763652
0,0.74,2.4,24,0.320436086226215,6.48744821340085,0.0667757765952284,3.77002407547384,274.530472688888,10.6446841516961
0,0.74,2.5,1,0.0133864591513969,8.58143653190045,0.0681189590544101,4.9496980745657,360.433494554544,13.612640024672
0,0.74,2.5,2,0.0267698710778561,8.23785743097407,0.0681112059290908,4.75761263408415,346.445969351425,13.0903511420652
0,0.74,2.5,3,0.0401502368197411,7.97901605806214,0.0681034545684524,4.61255391772217,335.882896762693,12.6998236671725
0,0.74,2.5,4,0.053527557416942,7.76684319793088,0.0680957049718925,4.49351336376936,327.214448261683,12.3819798240891
0,0.74,2.5,5,0.0669018339088756,7.5954197365712,0.0680879571388088,4.3974351989942,320.218104614331,12.1278447266131
0,0.74,2.5,6,0.0802730673344857,7.45922123198895,0.0680802110685996,4.32108994483262,314.658697487761,11.9286644552247
0,0.74,2.5,7,0.0936412587322433,7.35053131634515,0.0680724667606633,4.26008842952186,310.216610514909,11.7723334713599
0,0.74,2.5,8,0.107006409140147,7.26090013594583,0.0680647242143983,4.20994076552638,306.564893277746,11.6459120348268
0,0.74,2.5,9,0.120368519595723,7.1868572068703,0.0680569834292039,4.16851518607225,303.548312035484,11.5437978959675
0,0.74,2.5,10,0.133727591136026,7.12325176908548,0.0680492444044792,4.13296744884281,300.959751084877,11.4579960534688
0,0.74,2.5,11,0.147083624797639,7.0659675110111,0.0680415071396236,4.10097572384732,298.630136416822,11.3820683667957
0,0.74,2.5,12,0.160436621616673,7.01401685056948,0.068033771634037,4.07187648473774,296.511150514422,11.3143637285579
0,0.74,2.5,13,0.173786582628769,6.96889356613093,0.0680260378871194,4.04670481629465,294.678167515452,11.2574110029415
0,0.74,2.5,14,0.187133508869095,6.9271783723848,0.0680183058982712,4.02339949422828,292.981090532663,11.2057296813804
0,0.74,2.5,15,0.200477401372351,6.88854359716695,0.0680105756668928,4.00208647559115,291.429091669064,11.1591180497973
0,0.74,2.5,16,0.213818261172766,6.85337127723686,0.0680028471923852,3.98261805303501,290.011414980573,11.117810438637
0,0.74,2.5,17,0.227156089304098,6.8200096426262,0.0679951204741495,3.96399270148285,288.65513012317,11.0791535538873
0,0.74,2.5,18,0.240490886799635,6.78936299274479,0.0679873955115871,3.94687265657711,287.408460625486,11.0447139316331
0,0.74,2.5,19,0.253822654692196,6.76032849917787,0.0679796723040997,3.93065611781238,286.227583802598,11.0127869439865
0,0.74,2.5,20,0.267151394014133,6.73354591813877,0.0679719508510892,3.91558925116109,285.130425285593,10.9842585141651
0,0.74,2.5,21,0.280477105797325,6.71042409680034,0.0679642311519579,3.90258185297838,284.183235798188,10.961447286728
0,0.74,2.5,22,0.293799791073185,6.68873325384862,0.0679565132061083,3.8904145455256,283.297221120432,10.9409041036535
0,0.74,2.5,23,0.307119450872657,6.66770265840371,0.067948797012943,3.87867902980512,282.442649209619,10.9214499360944
0,0.74,2.5,24,0.320436086226216,6.64814817728548,0.0679410825718652,3.86772680570964,281.645116038017,10.9042521517932
0,0.75,1.5,1,0.0133864591513969,6.45741751597248,0.0563628720893675,3.59709579678695,261.937958386914,10.1242626440002
0,0.75,1.5,2,0.026769871077856,6.350723388479,0.0563564570117337,3.53956379212938,257.748518713006,9.97341350869797
0,0.75,1.5,3,0.0401524124589104,6.31734147154371,0.0563530968596958,3.52176808698255,256.452648116959,9.93561506784486
0,0.75,1.5,4,0.0535365499452138,6.29620224735796,0.0563530968596958,3.51062887366052,255.64149852283,9.91672076782339
0,0.75,1.5,5,0.0669198012918742,6.2793492504528,0.0563523506522813,3.50166336574282,254.988636610739,9.90428476813978
0,0.75,1.5,6,0.0802946232879343,6.26923789311923,0.0563459379693339,3.49621546346879,254.591924240602,9.90209391784529
0,0.75,1.5,7,0.0936744677708016,6.26573095548956,0.0563443784636904,3.49435715999904,254.456603903189,9.91010696172309
0,0.75,1.5,8,0.107056534595202,6.2630348388989,0.0563443784636904,3.49293955298654,254.353374768457,9.91937530494433
0,0.75,1.5,9,0.120438601419602,6.26080472393095,0.0563443784636904,3.49176465871189,254.267819802728,9.92935236252614
0,0.75,1.5,10,0.133820668244002,6.26058561081165,0.0563443784636904,3.49164802003357,254.259326257103,9.94239867755292
0,0.75,1.5,11,0.147202735068403,6.26058561081165,0.0563443784636904,3.49164802003357,254.259326257103,9.95578074437732
0,0.75,1.5,12,0.160584801892803,6.26058561081165,0.0563443784636904,3.49164802003357,254.259326257103,9.96916281120172
0,0.75,1.5,13,0.173966868717203,6.26058561081165,0.0563443784636904,3.49164802003357,254.259326257103,9.98254487802612
0,0.75,1.5,14,0.187348935541603,6.26058561081165,0.0563443784636904,3.49164802003357,254.259326257103,9.99592694485052
0,0.75,1.5,15,0.200731002366003,6.26058561081165,0.0563443784636904,3.49164802003357,254.259326257103,10.0093090116749
0,0.75,1.5,16,0.214113069190404,6.26058561081165,0.0563443784636904,3.49164802003357,254.259326257103,10.0226910784993
0,0.75,1.5,17,0.227495136014804,6.26058561081165,0.0563443784636904,3.49164802003357,254.259326257103,10.0360731453237
0,0.75,1.5,18,0.240877202839204,6.26058561081165,0.0563443784636904,3.49164802003357,254.259326257103,10.0494552121481
0,0.75,1.5,19,0.254259269663604,6.26058561081165,0.0563443784636904,3.49164802003357,254.259326257103,10.0628372789725
0,0.75,1.5,20,0.267641336488005,6.26058561081165,0.0563443784636904,3.49164802003357,254.259326257103,10.0762193457969
0,0.75,1.5,21,0.281023403312405,6.26058561081165,0.0563443784636904,3.49164802003357,254.259326257103,10.0896014126213
0,0.75,1.5,22,0.294405470136805,6.26058561081165,0.0563443784636904,3.49164802003357,254.259326257103,10.1029834794457
0,0.75,1.5,23,0.307787536961205,6.26058561081165,0.0563443784636904,3.49164802003357,254.259326257103,10.1163655462701
0,0.75,1.5,24,0.321169603785605,6.26058561081165,0.0563443784636904,3.49164802003357,254.259326257103,10.1297476130945
0,0.75,1.6,1,0.0133864591513969,6.65242842273068,0.0576179131588028,3.72102661193497,270.962512231183,10.4444594069758
0,0.75,1.6,2,0.0267698710778562,6.4774767461322,0.0576113552356116,3.62654059900631,264.082107949274,10.188398571452
0,0.75,1.6,3,0.0401502368197413,6.39144708126426,0.0576047988050624,3.57994205881479,260.688835384089,10.0691441757039
0,0.75,1.6,4,0.0535275574169423,6.34931106914384,0.0575982438666459,3.55725827549485,259.037018410901,10.0176951459223
0,0.75,1.6,5,0.0669018339088761,6.32417788939294,0.0575916904198525,3.54374865881025,258.053257729266,9.99242007253192
0,0.75,1.6,6,0.0802730673344863,6.30294846619814,0.0575851384641734,3.53247466881282,257.23229379346,9.97328134080962
0,0.75,1.6,7,0.093641258732244,6.2845409709016,0.0575785879990996,3.52283116102418,256.530060412825,9.95859197865712
0,0.75,1.6,8,0.107006409140148,6.26831642909851,0.0575720390241224,3.51440158396522,255.916224604821,9.947296461228
0,0.75,1.6,9,0.120368519595724,6.25602123599958,0.0575654915387336,3.50783995332595,255.438411326989,9.94179520045999
0,0.75,1.6,10,0.133727591136027,6.2469345420635,0.0575589455424249,3.50301280878484,255.086902093605,9.94123388752679
0,0.75,1.6,11,0.147083624797641,6.24094083552259,0.0575524010346884,3.49974875256342,254.849215840305,9.94532561391834
0,0.75,1.6,12,0.160446168660545,6.2378660172747,0.057549282375524,3.49809806311757,254.729013808499,9.95395953142834
0,0.75,1.6,13,0.173816682715591,6.23535463253102,0.057549282375524,3.49676617624163,254.632026753164,9.96348677386376
0,0.75,1.6,14,0.187187196770636,6.23284579297869,0.057549282375524,3.49543530320091,254.53511352459,9.97301757532576
0,0.75,1.6,15,0.200557710825681,6.23119497424099,0.057549282375524,3.49455604820826,254.471086801176,9.98385801565046
0,0.75,1.6,16,0.213928224880727,6.23119497424099,0.057549282375524,3.49455604820826,254.471086801176,9.9972285297055
0,0.75,1.6,17,0.227298738935772,6.23119497424099,0.057549282375524,3.49455604820826,254.471086801176,10.0105990437605
0,0.75,1.6,18,0.240669252990818,6.23119497424099,0.057549282375524,3.49455604820826,254.471086801176,10.0239695578156
0,0.75,1.6,19,0.254039767045863,6.23119497424099,0.057549282375524,3.49455604820826,254.471086801176,10.0373400718706
0,0.75,1.6,20,0.267410281100909,6.23119497424099,0.057549282375524,3.49455604820826,254.471086801176,10.0507105859257
0,0.75,1.6,21,0.280780795155954,6.23119497424099,0.057549282375524,3.49455604820826,254.471086801176,10.0640810999807
0,0.75,1.6,22,0.294151309211,6.23119497424099,0.057549282375524,3.49455604820826,254.471086801176,10.0774516140358
0,0.75,1.6,23,0.307521823266045,6.23119497424099,0.057549282375524,3.49455604820826,254.471086801176,10.0908221280908
0,0.75,1.6,24,0.32089233732109,6.23119497424099,0.057549282375524,3.49455604820826,254.471086801176,10.1041926421459
0,0.75,1.7,1,0.0133864591513969,6.8406948730544,0.0588620016197921,3.83884206653474,279.541749868351,10.7517854003603
0,0.75,1.7,2,0.0267698710778561,6.61601603957242,0.0588553020976408,3.71716709938086,270.681465271106,10.4188083121288
0,0.75,1.7,3,0.0401502368197411,6.4775794267079,0.058848604100361,3.64198693228048,265.206898955956,10.2185651999085
0,0.75,1.7,4,0.053527557416942,6.39933029938195,0.0588419076274319,3.5993088299458,262.099109888075,10.1110085943721
0,0.75,1.7,5,0.0669018339088756,6.34586043370414,0.0588352126783333,3.57035606228588,259.990789932497,10.0419535425772
0,0.75,1.7,6,0.0802730673344857,6.30728483936845,0.0588285192525451,3.54972943377161,258.488773509622,9.99611585972709
0,0.75,1.7,7,0.0936412587322433,6.27824950125292,0.0588218273495474,3.53420871173748,257.358565566329,9.96492129907219
0,0.75,1.7,8,0.107006409140147,6.25390871130539,0.0588151369688207,3.52113509783375,256.406554297199,9.94086535524811
0,0.75,1.7,9,0.120368519595723,6.23437747439154,0.0588084481098455,3.51072593884408,255.648566740484,9.92428038094119
0,0.75,1.7,10,0.133727591136026,6.21771414572848,0.0588017607721028,3.50183843434154,255.001384981624,9.91208193197815
0,0.75,1.7,11,0.147083624797639,6.20247715464867,0.0587950749550735,3.49374312891806,254.411890596448,9.90209898331945
0,0.75,1.7,12,0.160436621616673,6.18837554926633,0.0587883906582391,3.48625383190573,253.8665253129,9.89385439344697
0,0.75,1.7,13,0.173786582628769,6.17672525452665,0.0587817078810812,3.48000764108592,253.411682138444,9.88930118612242
0,0.75,1.7,14,0.187133508869095,6.16646067629222,0.0587750266230815,3.47443172381941,253.005647807574,9.88680093560381
0,0.75,1.7,15,0.200477401372352,6.15693250030312,0.0587683468837222,3.46924576256064,252.628009795928,9.88542401111983
0,0.75,1.7,16,0.213818261172766,6.14986624631552,0.0587616686624854,3.46540431557253,252.348278357523,9.8878504917233
0,0.75,1.7,17,0.227156089304098,6.14362024936588,0.0587549919588537,3.46200277206425,252.100580377748,9.89153410269309
0,0.75,1.7,18,0.240490886799635,6.13796436872505,0.0587483167723099,3.45893481254141,251.877173746614,9.89613838483841
0,0.75,1.7,19,0.253822654692197,6.13231555428246,0.0587416431023369,3.45587228573632,251.654162722124,9.90075213781331
0,0.75,1.7,20,0.267151394014133,6.12865445536748,0.0587349709484179,3.45387286848796,251.508566579684,9.908413688818
0,0.75,1.7,21,0.280477105797325,6.12530668085439,0.0587283003100365,3.45204007613554,251.375103943696,9.9165521630973
0,0.75,1.7,22,0.293818592045375,6.12259101768295,0.0587253889284732,3.45055296282677,251.266813409889,9.92568796148357
0,0.75,1.7,23,0.307173982592892,6.12051178035872,0.0587253889284732,3.44942353239513,251.184569088882,9.93583468427522
0,0.75,1.7,24,0.320529373140409,6.1204193230442,0.0587253889284732,3.44937202796517,251.180818572911,9.94904611307825
0,0.75,1.8,1,0.0133864591513969,7.06287424231481,0.0600960909222624,3.97408104796482,289.389756341173,11.1104378403533
0,0.75,1.8,2,0.0267698710778561,6.80887968316786,0.06008925093923,3.83621381292326,279.350362309051,10.7319526181082
0,0.75,1.8,3,0.0401502368197412,6.6414412903645,0.0600824125130392,3.74490228664763,272.701121888155,10.4865762263449
0,0.75,1.8,4,0.0535275574169422,6.53633016145399,0.0600755756431583,3.68753113342536,268.523395301399,10.3374644279394
0,0.75,1.8,5,0.066901833908876,6.46782469555986,0.0600687403290563,3.65036622883788,265.817073373586,10.2451614986357
0,0.75,1.8,6,0.0802730673344861,6.41496175942488,0.0600619065702021,3.62172396892039,263.731364371041,10.17702070225
0,0.75,1.8,7,0.0936412587322439,6.37136729181734,0.0600550743660649,3.59805751083364,262.007989720015,10.1231211357493
0,0.75,1.8,8,0.107006409140148,6.33649786591273,0.0600482437161142,3.57921405289124,260.635822510349,10.0827665716602
0,0.75,1.8,9,0.120368519595724,6.30754254454491,0.0600414146198199,3.56357785286566,259.497205541824,10.0515303316261
0,0.75,1.8,10,0.133727591136027,6.28142111897397,0.0600345870766519,3.54933148208953,258.459794951076,10.0245147792762
0,0.75,1.8,11,0.14708362479764,6.2589321909242,0.0600277610860804,3.53713251696501,257.571474984172,10.0031760937729
0,0.75,1.8,12,0.160436621616674,6.23935048686327,0.0600209366475758,3.52641121039828,256.790757062832,9.9862192555258
0,0.75,1.8,13,0.17378658262877,6.22292897165245,0.060014113760609,3.51737752656028,256.132930628698,9.97410719460211
0,0.75,1.8,14,0.187133508869097,6.2088022736555,0.0600072924246507,3.50968417280994,255.572706078573,9.96562724775919
0,0.75,1.8,15,0.200477401372353,6.19566034992276,0.0600004726391723,3.50254546980756,255.052870801558,9.95868369374185
0,0.75,1.8,16,0.213818261172768,6.18371205512487,0.0599936544036452,3.49605183473327,254.580008912423,9.95357580543456
0,0.75,1.8,17,0.2271560893041,6.17305415706526,0.0599868377175409,3.4902515145092,254.157633717733,9.95044859859611
0,0.75,1.8,18,0.240490886799637,6.16328377756063,0.0599800225803315,3.48495387360582,253.771863273772,9.94870856054642
0,0.75,1.8,19,0.253822654692199,6.15234466833552,0.059973208991489,3.4797193832461,253.3906914075,9.94585991526531
0,0.75,1.8,20,0.267151394014136,6.14371781990569,0.0599663969504859,3.47503793735308,253.049791846078,9.94587354822339
0,0.75,1.8,21,0.280477105797328,6.13565764045214,0.0599595864567947,3.47071342024502,252.734883585001,9.94680775295129
0,0.75,1.8,22,0.293799791073188,6.12919487424349,0.0599527775098885,3.46721930225709,252.480444397437,9.95016674508365
0,0.75,1.8,23,0.30711945087266,6.12374350256034,0.0599459701092401,3.4642419112541,252.263632901524,9.95505083479634
0,0.75,1.8,24,0.32043608622622,6.11849841803401,0.0599391642543231,3.46134050335515,252.052354441224,9.96021417186971
0,0.75,1.9,1,0.0133864591513969,7.27511385319247,0.0613210037214215,4.10346050170195,298.811076173519,11.4532818177672
0,0.75,1.9,2,0.0267698710778561,6.99593344273585,0.061314024321954,3.95154385512238,287.748613982331,11.035561193258
0,0.75,1.9,3,0.0401502368197411,6.80517290925356,0.0613070465110603,3.84716106172726,280.147533183464,10.7537912543116
0,0.75,1.9,4,0.053527557416942,6.67247938387058,0.0613000702881983,3.77459670956896,274.863448652551,10.5619037211447
0,0.75,1.9,5,0.0669018339088757,6.5813721836717,0.0612930956528259,3.72487602145697,271.242823495645,10.4344431346904
0,0.75,1.9,6,0.0802730673344857,6.51243498541888,0.0612861226044012,3.68726016956174,268.503663905505,10.3412543449195
0,0.75,1.9,7,0.0936412587322433,6.45797773352196,0.0612791511423827,3.65754837682515,266.340072283511,10.2704465202217
0,0.75,1.9,8,0.107006409140147,6.41167831920587,0.0612721812662291,3.63220872397581,264.494856779516,10.2121656335881
0,0.75,1.9,9,0.120368519595723,6.37023612299609,0.0612652129753993,3.60971903312177,262.857173481695,10.161588888689
0,0.75,1.9,10,0.133727591136026,6.33567825811829,0.0612582462693525,3.5909653514326,261.491543714957,10.1216294469563
0,0.75,1.9,11,0.147083624797639,6.30496806826059,0.0612512811475481,3.57421783096997,260.272001182355,10.0875208051758
0,0.75,1.9,12,0.160436621616673,6.27705041462957,0.0612443176094459,3.55889945428881,259.156527883799,10.0576308081445
0,0.75,1.9,13,0.173786582628769,6.25088141229959,0.0612373556545056,3.54454744578891,258.111424829115,10.0304527963718
0,0.75,1.9,14,0.187133508869095,6.2267993239152,0.0612303952821875,3.53141110750726,257.154846015381,10.0065743355737
0,0.75,1.9,15,0.200477401372352,6.20429650318917,0.061223436491952,3.5191916140356,256.265031188835,9.98518895508908
0,0.75,1.9,16,0.213818261172766,6.18453392186114,0.0612164792832597,3.50847290785863,255.484502626028,9.96804157017579
0,0.75,1.9,17,0.227156089304098,6.16728235036322,0.0612095236555716,3.49905215965631,254.798490440087,9.9547001229792
0,0.75,1.9,18,0.240490886799635,6.15147324106033,0.0612025696083487,3.49104977942685,254.21576280147,9.94421647689516
0,0.75,1.9,19,0.253822654692197,6.13918316031752,0.0611956171410526,3.48435701939386,253.72840077442,9.93855845154463
0,0.75,1.9,20,0.267151394014133,6.12695646955938,0.0611886662531447,3.47773005766489,253.245830133086,9.93302658749154
0,0.75,1.9,21,0.280477105797325,6.11567988462035,0.061181716944087,3.47164130190382,252.802451267671,9.92898000926559
0,0.75,1.9,22,0.293799791073185,6.10522172112292,0.0611747692133415,3.46594696125071,252.387793429987,9.92614324266015
0,0.75,1.9,23,0.307119450872657,6.09521965369204,0.0611678230603708,3.46044826883827,251.987382558083,9.92395519646333
0,0.75,1.9,24,0.320436086226216,6.08581224842859,0.0611608784846373,3.45530267088535,251.612683773672,9.9227118840248
0,0.75,2,1,0.0133864591513969,7.51594252251075,0.0625374556986144,4.24763703485755,309.309908808395,11.8395034722183
0,0.75,2,2,0.0267698710778561,7.21987766469606,0.0625303378457009,4.08610928009733,297.547572552989,11.3952871537169
0,0.75,2,3,0.0401502368197412,7.01185332609872,0.0625232216128745,3.97208169544366,289.244164912122,11.086608479975
0,0.75,2,4,0.0535275574169422,6.86177559639656,0.0625161069995822,3.88981335104262,283.253442565631,10.8676326118557
0,0.75,2,5,0.0669018339088759,6.75003670166832,0.0625089940052712,3.82854070281521,278.791611886564,10.7079882323977
0,0.75,2,6,0.080273067334486,6.6681450291772,0.0625018826293889,3.78366985634881,275.524148750053,10.5945898354899
0,0.75,2,7,0.0936412587322437,6.60331208509108,0.0624947728713831,3.74820006936943,272.941264081232,10.5076481860641
0,0.75,2,8,0.107006409140147,6.54988020891465,0.0624876647307016,3.71886740276442,270.805280154582,10.4382416855499
0,0.75,2,9,0.120368519595724,6.50197270441175,0.0624805582067927,3.69276037870844,268.904185224919,10.3775821609227
0,0.75,2,10,0.133727591136027,6.45665909673504,0.0624734532991049,3.66802775616851,267.103173236456,10.3208878973387
0,0.75,2,11,0.14708362479764,6.41639574203316,0.0624663500070868,3.64595263001679,265.495678245503,10.2718983468547
0,0.75,2,12,0.160436621616674,6.38086621990673,0.0624592483301875,3.62642082284593,264.073385934435,10.2301829126995
0,0.75,2,13,0.17378658262877,6.34923483312949,0.062452148267856,3.60905531494286,262.80884199581,10.194528878969
0,0.75,2,14,0.187133508869096,6.32209156066645,0.0624450498195418,3.59426472861031,261.731802015181,10.1659348479654
0,0.75,2,15,0.200477401372353,6.29698123843684,0.0624379529846947,3.58058726063191,260.735818521673,10.1404838534258
0,0.75,2,16,0.213818261172768,6.27174788208809,0.0624308577627647,3.56728763565677,259.767349287017,10.1152846366804
0,0.75,2,17,0.227156089304099,6.24851268908128,0.0624237641532018,3.55461682772184,258.84467006214,10.0927093702604
0,0.75,2,18,0.240490886799636,6.22656356343994,0.0624166721554566,3.54262707420403,257.971584735688,10.0720981965991
0,0.75,2,19,0.253822654692198,6.20651943975346,0.0624095817689798,3.53172324947886,257.17757597182,10.0544749256935
0,0.75,2,20,0.267151394014135,6.18781796029382,0.0624024929932223,3.52147191140551,256.43108082202,10.0388437587067
0,0.75,2,21,0.280477105797327,6.17296584748218,0.0623954058276354,3.51318931119628,255.827947763713,10.0290276703034
0,0.75,2,22,0.293799791073188,6.15872154562568,0.0623883202716704,3.50527030096603,255.251291069163,10.0201799579366
0,0.75,2,23,0.30711945087266,6.14607517050679,0.0623812363247791,3.49824680566871,254.739845135317,10.0138226633729
0,0.75,2,24,0.320436086226219,6.13438938009713,0.0623741539864135,3.49177882300456,254.268851236449,10.0089784433143
0,0.75,2.1,1,0.0133864591513969,7.74429466608818,0.0637460740785754,4.38452925948391,319.278303275315,12.2059564588021
0,0.75,2.1,2,0.026769871077856,7.43469057607541,0.0637388186638156,4.21516078492664,306.94501137904,11.7403600507437
0,0.75,2.1,3,0.040150236819741,7.21138675326906,0.0637315649004533,4.09249895702978,298.01286428415,11.407767512019
0,0.75,2.1,4,0.0535275574169419,7.04517510865179,0.0637243127879247,4.00115046064242,291.360931726003,11.1635774394991
0,0.75,2.1,5,0.0669018339088754,6.92145155019982,0.0637170623256664,3.93310135803948,286.405644457369,10.9851718044738
0,0.75,2.1,6,0.0802730673344854,6.82260134993814,0.0637098135131151,3.87881215157555,282.452343042292,10.8453963823613
0,0.75,2.1,7,0.0936412587322429,6.74672545534026,0.0637025663497078,3.83718082604543,279.420779517061,10.7412501064676
0,0.75,2.1,8,0.107006409140146,6.6825777019587,0.0636953208348818,3.80191381212173,276.852660637984,10.6551932440555
0,0.75,2.1,9,0.120368519595723,6.62799056338747,0.0636880769680747,3.7720491873411,274.677939895207,10.5840963472924
0,0.75,2.1,10,0.133727591136026,6.58042942325415,0.0636808347487242,3.74592014215903,272.775241402799,10.5237579912979
0,0.75,2.1,11,0.147083624797638,6.53572805710278,0.0636735941762684,3.72133235250287,270.984776041956,10.4678176285795
0,0.75,2.1,12,0.160436621616672,6.49413850469425,0.0636663552501455,3.69845855150986,269.319122116918,10.4167000330709
0,0.75,2.1,13,0.173786582628768,6.45633994823702,0.0636591179697943,3.67772870214114,267.809589224811,10.3715143509767
0,0.75,2.1,14,0.187133508869094,6.42236325233845,0.0636518823346533,3.65919709357101,266.460130664707,10.3323457371132
0,0.75,2.1,15,0.20047740137235,6.39120515765228,0.0636446483441618,3.64223335379261,265.224843195263,10.2975605611614
0,0.75,2.1,16,0.213818261172765,6.36274131292573,0.063637415997759,3.62727998324115,264.135949383552,10.2674769733374
0,0.75,2.1,17,0.227156089304096,6.33838542059978,0.0636301852948846,3.61402140694326,263.170469284388,10.243193102142
0,0.75,2.1,18,0.240490886799633,6.31546856041801,0.0636229562349783,3.60160334286253,262.266194687273,10.2211857463152
0,0.75,2.1,19,0.253822654692195,6.29452015547796,0.0636157288174803,3.59018031884932,261.434378200401,10.2021388578369
0,0.75,2.1,20,0.267151394014131,6.27507484751869,0.0636085030418309,3.57951901330105,260.658029510564,10.1853537578757
0,0.75,2.1,21,0.280477105797323,6.25670974367884,0.0636012789074706,3.56949695690364,259.928230489387,10.1702850852873
0,0.75,2.1,22,0.293799791073183,6.2406467042753,0.0635940564138404,3.56072784534071,259.289670020212,10.158768397103
0,0.75,2.1,23,0.307119450872655,6.22522859498501,0.0635868355603813,3.55233301555416,258.67836448388,10.1482678969722
0,0.75,2.1,24,0.320436086226214,6.21060877645068,0.0635796163465348,3.54436485862725,258.098128961822,10.1389893376507
0,0.75,2.2,1,0.0133864591513969,7.9785363204908,0.0649474122186457,4.52433327657582,329.458732399291,12.5812034684367
0,0.75,2.2,2,0.0267698710778561,7.65599440161915,0.0649400200706583,4.34739375802948,316.574122462745,12.0950980507972
0,0.75,2.2,3,0.0401502368197412,7.42257180999414,0.0649326296051898,4.21897178690317,307.222525833348,11.7466264633222
0,0.75,2.2,4,0.0535275574169422,7.24082970406597,0.0649252408216663,4.11885609075161,299.932172021852,11.4781385930562
0,0.75,2.2,5,0.0669018339088758,7.09746123969379,0.0649178537195134,4.03987036917105,294.180487935203,11.2691512964932
0,0.75,2.2,6,0.080273067334486,6.98346602216894,0.0649104682981574,3.97713673510644,289.612269306233,11.105786292908
0,0.75,2.2,7,0.0936412587322436,6.89713696681543,0.0649030845570246,3.92960807324811,286.151265942588,10.9852893833528
0,0.75,2.2,8,0.107006409140147,6.82625300291731,0.0648957024955418,3.89050686718088,283.303943917729,10.8886619817339
0,0.75,2.2,9,0.120368519595724,6.76281564644206,0.0648883221131359,3.85565206250227,280.765841822799,10.8037245506532
0,0.75,2.2,10,0.133727591136027,6.70858608624781,0.064880943409234,3.82581708388673,278.593279892685,10.7330117046798
0,0.75,2.2,11,0.14708362479764,6.66225954001725,0.0648735663832637,3.80028899658254,276.734342725664,10.6745057277807
0,0.75,2.2,12,0.160436621616674,6.61927877780286,0.0648661910346525,3.7766603494802,275.01372144364,10.6212419399344
0,0.75,2.2,13,0.17378658262877,6.57804255522991,0.0648588173628287,3.75413849729232,273.373696180355,10.5708264525138
0,0.75,2.2,14,0.187133508869096,6.53878970514536,0.0648514453672203,3.73267579834262,271.810797702817,10.5234504577243
0,0.75,2.2,15,0.200477401372353,6.50221871574387,0.0648440750472558,3.71262482477728,270.350700064031,10.4801650169408
0,0.75,2.2,16,0.213818261172767,6.46742914126427,0.0648367064023641,3.69410213447304,269.001890925709,10.4401862433124
0,0.75,2.2,17,0.227156089304099,6.43551935994751,0.0648293394319741,3.67666127061285,267.731859619864,10.4041660592964
0,0.75,2.2,18,0.240490886799636,6.4079713723988,0.0648219741355151,3.66160798978531,266.635690412886,10.3748922231193
0,0.75,2.2,19,0.253822654692198,6.38296414337796,0.0648146105124167,3.64796612753617,265.642299703267,10.3495675361187
0,0.75,2.2,20,0.267151394014135,6.36223929377498,0.0648072485621086,3.63664044788033,264.817571763287,10.3308383842316
0,0.75,2.2,21,0.280477105797327,6.3426102023044,0.0647998882840209,3.62589811244507,264.035322534692,10.3137853088308
0,0.75,2.2,22,0.293799791073187,6.32515153037316,0.0647925296775839,3.61634943035628,263.339994294099,10.3000932814802
0,0.75,2.2,23,0.307119450872659,6.30846339899242,0.0647851727422283,3.60720331020414,262.673980327512,10.2875713328114
0,0.75,2.2,24,0.320436086226218,6.29333519566422,0.0647778174773847,3.59885897049221,262.066351442515,10.27740806986
0,0.75,2.3,1,0.0133864591513969,8.22088156248378,0.0661419612427692,4.66827455920925,339.940434258406,12.9686845420872
0,0.75,2.3,2,0.026769871077856,7.88804536468663,0.0661344331342733,4.48525022404234,326.612732301854,12.4661998929411
0,0.75,2.3,3,0.040150236819741,7.64377969459725,0.0661269067392426,4.35058241111691,316.806317913439,12.1006392492731
0,0.75,2.3,4,0.0535275574169419,7.44971745221897,0.066119382057092,4.2434900830713,309.007930727803,11.8128544747643
0,0.75,2.3,5,0.0669018339088755,7.29317780578536,0.0661118590872369,4.15712294125711,302.718736867932,11.5833144400386
0,0.75,2.3,6,0.0802730673344855,7.16862534995209,0.0661043378290926,4.08842743211075,297.7163787344,11.4034301872264
0,0.75,2.3,7,0.093641258732243,7.07316165181975,0.0660968182820753,4.03576286455501,293.881382369499,11.2686625933891
0,0.75,2.3,8,0.107006409140147,6.99565026582591,0.066089300445601,3.99296039392333,290.764536890657,11.161706369335
0,0.75,2.3,9,0.120368519595723,6.92862222188244,0.066081784319086,3.95607908208398,288.078865985128,11.0711516078812
0,0.75,2.3,10,0.133727591136026,6.87097526524065,0.0660742699019471,3.9243385662106,285.767544186735,10.9951156924892
0,0.75,2.3,11,0.147083624797639,6.8190549129805,0.0660667571936013,3.89573350639912,283.684544069461,10.9279388013709
0,0.75,2.3,12,0.160436621616672,6.77275998985912,0.0660592461934656,3.8702282179182,281.82726709654,10.8694840755875
0,0.75,2.3,13,0.173786582628768,6.73103234652813,0.0660517369009575,3.84732715939637,280.159628297633,10.8181978254542
0,0.75,2.3,14,0.187133508869094,6.69087967832829,0.0660442293154947,3.82525578390546,278.552406427133,10.7693132004183
0,0.75,2.3,15,0.200477401372351,6.653869506802,0.0660367234364953,3.80497191348866,277.075349405214,10.7253555450995
0,0.75,2.3,16,0.213818261172765,6.61781459245841,0.0660292192633775,3.78567018324497,275.669811132399,10.6833322561395
0,0.75,2.3,17,0.227156089304097,6.58577389932588,0.0660217167955598,3.76810062846099,274.390408644983,10.6470523338865
0,0.75,2.3,18,0.240490886799634,6.5564399226453,0.0660142160324611,3.75205095549763,273.221682871108,10.614995980975
0,0.75,2.3,19,0.253822654692195,6.52898773899561,0.0660067169735002,3.7369603537268,272.122795979574,10.5857774643881
0,0.75,2.3,20,0.267151394014132,6.50251988306619,0.0659992196180966,3.72237490448575,271.060693936095,10.5580454011842
0,0.75,2.3,21,0.280477105797324,6.47952394197484,0.0659917239656697,3.70972248882193,270.139354023324,10.5357152605598
0,0.75,2.3,22,0.293799791073184,6.45842338077982,0.0659842300156396,3.69813037003393,269.295224175178,10.5163377719026
0,0.75,2.3,23,0.307119450872655,6.43953651584493,0.0659767377674261,3.6876514968377,268.532160079507,10.5002842013227
0,0.75,2.3,24,0.320436086226214,6.42343798602484,0.0659692472204498,3.67880396488377,267.887889093217,10.4886472843553
0,0.75,2.4,1,0.0133864591513969,8.45117771688651,0.0673301594205536,4.80533728250645,349.921244317312,13.3372316179649
0,0.75,2.4,2,0.0267698710778561,8.11016724504806,0.0673224960743868,4.61745207060722,336.239576773195,12.8217116828075
0,0.75,2.4,3,0.0401502368197411,7.85474363456012,0.0673148344724664,4.47640762237281,325.968820335368,12.4386163282251
0,0.75,2.4,4,0.0535275574169421,7.6458032810005,0.0673071746141968,4.36090139022311,317.557738635158,12.1275394032547
0,0.75,2.4,5,0.0669018339088757,7.48229078327042,0.067299516498983,4.27052014905908,310.976240914656,11.8870122827374
0,0.75,2.4,6,0.0802730673344857,7.35073303470945,0.06729186012623,4.197854292342,305.684764893942,11.6961522545122
0,0.75,2.4,7,0.0936412587322433,7.24556023345317,0.0672842054953431,4.13962971125178,301.44489229663,11.5461154089325
0,0.75,2.4,8,0.107006409140147,7.16046215341054,0.0672765526057281,4.09260353338689,298.020479460121,11.4273486485433
0,0.75,2.4,9,0.120368519595723,7.09060953731663,0.0672689014567908,4.05413514362354,295.219238668579,11.3323821019927
0,0.75,2.4,10,0.133727591136026,7.02956556534579,0.0672612520479374,4.0205099413654,292.77067534766,11.2510643498952
0,0.75,2.4,11,0.147083624797639,6.97438426748962,0.0672536043785743,3.99013749383223,290.558975313105,11.1788589904981
0,0.75,2.4,12,0.160436621616673,6.92254814941518,0.0672459584481083,3.96152399999817,288.475361036303,11.1117547294781
0,0.75,2.4,13,0.173786582628769,6.8787403706813,0.0672383142559464,3.937375926982,286.716915528545,11.057141194548
0,0.75,2.4,14,0.187133508869095,6.84000419135419,0.0672306718014959,3.916030855772,285.162582619378,11.0103992277968
0,0.75,2.4,15,0.200477401372352,6.80345665406995,0.0672230310841642,3.89609542140032,283.710898462527,10.9672525079268
0,0.75,2.4,16,0.213818261172766,6.76744481758438,0.0672153921033591,3.87659860584873,282.291154216296,10.9250770767092
0,0.75,2.4,17,0.227156089304098,6.73393915269608,0.0672077548584889,3.85817006297805,280.949200827147,10.8864730598367
0,0.75,2.4,18,0.240490886799635,6.70253417458528,0.0672001193489617,3.8408961125302,279.691324037313,10.8511212932641
0,0.75,2.4,19,0.253822654692197,6.6742140581701,0.0671924855741861,3.82530804751464,278.556212225994,10.8205372459511
0,0.75,2.4,20,0.267151394014133,6.64717276385634,0.0671848535335711,3.81039179807718,277.470021547412,10.7919008094812
0,0.75,2.4,21,0.280477105797325,6.62166840499464,0.0671772232265259,3.79630498140351,276.444229572962,10.765627715422
0,0.75,2.4,22,0.293799791073185,6.59965459190647,0.0671695946524597,3.78407664646632,275.553770917182,10.7447006240984
0,0.75,2.4,23,0.307119450872657,6.57979275681686,0.0671619678107823,3.77311940778282,274.755872586846,10.7271935832831
0,0.75,2.4,24,0.320436086226216,6.56100544701267,0.0671543427009037,3.76281339353444,274.005395956855,10.7114092694742
0,0.75,2.5,1,0.0133864591513969,8.69375588781354,0.0685123998036304,4.94888763594594,360.374478990474,13.7245423827145
0,0.75,2.5,2,0.026769871077856,8.34425154703115,0.0685046018978934,4.75597096900058,346.326424467263,13.1954969890075
0,0.75,2.5,3,0.0401502368197411,8.08009903434547,0.0684968057670299,4.60983283956942,335.684749786296,12.7985789165017
0,0.75,2.5,4,0.0535275574169419,7.86381396325729,0.0684890114104336,4.49003856862648,326.961416149958,12.4758691007112
0,0.75,2.5,5,0.0669018339088755,7.68786262164109,0.0684812188274991,4.39267608121879,319.871549041658,12.2159217555962
0,0.75,2.5,6,0.0802730673344855,7.5471170112895,0.0684734280176212,4.31477667779688,314.198969870951,12.0106401844385
0,0.75,2.5,7,0.093641258732243,7.43452229439328,0.0684656389801944,4.25239710114326,309.656533450913,11.849026293249
0,0.75,2.5,8,0.107006409140147,7.34086069986371,0.0684578517146143,4.2006556312275,305.888756399832,11.716980591946
0,0.75,2.5,9,0.120368519595723,7.26431226158577,0.0684500662202762,4.15835668079587,302.808576903955,11.6114875281976
0,0.75,2.5,10,0.133727591136026,7.19914843789793,0.0684422824965759,4.12240422603937,300.190544710782,11.5237225375699
0,0.75,2.5,11,0.147083624797639,7.14054576576234,0.0684345005429094,4.09009160523698,297.837562638226,11.4461554963399
0,0.75,2.5,12,0.160436621616672,7.08838643325511,0.0684267203586731,4.06125300552239,295.737556311253,11.3785027807528
0,0.75,2.5,13,0.173786582628768,7.04166493744169,0.0684189419432634,4.03552392422906,293.86398290485,11.3193943862428
0,0.75,2.5,14,0.187133508869094,6.99870329662541,0.0684111652960773,4.01181913318159,292.137816874879,11.2660671039722
0,0.75,2.5,15,0.200477401372351,6.95790895817965,0.0684033904165119,3.98956924678106,290.517595966862,11.2163589967496
0,0.75,2.5,16,0.213818261172765,6.92227068929379,0.0683956173039645,3.97008751394738,289.098950033426,11.1745720817179
0,0.75,2.5,17,0.227156089304097,6.88819720295765,0.068387845957833,3.95129186703502,287.730264388973,11.1350330052546
0,0.75,2.5,18,0.240490886799634,6.85775507415853,0.0683800763775151,3.93452179315066,286.509079532236,11.1011478304863
0,0.75,2.5,19,0.253822654692195,6.82856724006662,0.0683723085624091,3.91841876719851,285.336468631652,11.0691809705197
0,0.75,2.5,20,0.267151394014132,6.80281566742302,0.0683645425119136,3.90412570285498,284.295657848525,11.042457306804
0,0.75,2.5,21,0.280477105797324,6.77851778336005,0.0683567782254273,3.89063560619021,283.313318600855,11.017987273573
0,0.75,2.5,22,0.293799791073184,6.75640626306802,0.0683490157023493,3.87842985974941,282.424504823322,10.996984929593
0,0.75,2.5,23,0.307119450872656,6.73597369609676,0.0683412549420787,3.86715944522756,281.603801251105,10.978593847139
0,0.75,2.5,24,0.320436086226215,6.71655780392817,0.0683334959440154,3.856416584734,280.821513788138,10.9617439708324
