PV_gen_share,ReM_OcM_Ratio,REM,Storage_hrs,Storage_LCOH,GreenHydrogen_LCOH,Transport_LCHS,Electricity_LCOH,Electricity_LCOS,Total_LCOH
0,0.45,2.3,1,0.013386459151397,5.18685716834942,0.0548407812079996,4.83183182818472,351.850558295981,10.0869162368935
0,0.45,2.3,2,0.0267716732692805,5.16874924466798,0.0548382309215596,4.81588493379122,350.689316784489,10.06624408265
0,0.45,2.3,3,0.0401538973966769,5.162422606179,0.0548332977594457,4.81021245260322,350.276250737512,10.0676222539383
0,0.45,2.3,4,0.0535379420699064,5.16097025305582,0.0548326957520333,4.80893730254642,350.183395217008,10.0782781934242
0,0.45,2.3,5,0.066922427587383,5.16097025305582,0.0548326957520333,4.80893730254642,350.183395217008,10.0916626789417
0,0.45,2.3,6,0.0803069131048595,5.16097025305582,0.0548326957520333,4.80893730254642,350.183395217008,10.1050471644591
0,0.45,2.3,7,0.0936913986223361,5.16097025305582,0.0548326957520333,4.80893730254642,350.183395217008,10.1184316499766
0,0.45,2.3,8,0.107075884139813,5.16097025305582,0.0548326957520333,4.80893730254642,350.183395217008,10.1318161354941
0,0.45,2.3,9,0.120460369657289,5.16097025305582,0.0548326957520333,4.80893730254642,350.183395217008,10.1452006210116
0,0.45,2.3,10,0.133844855174766,5.16097025305582,0.0548326957520333,4.80893730254642,350.183395217008,10.158585106529
0,0.45,2.3,11,0.147229340692242,5.16097025305582,0.0548326957520333,4.80893730254642,350.183395217008,10.1719695920465
0,0.45,2.3,12,0.160613826209719,5.16097025305582,0.0548326957520333,4.80893730254642,350.183395217008,10.185354077564
0,0.45,2.3,13,0.173998311727196,5.16097025305582,0.0548326957520333,4.80893730254642,350.183395217008,10.1987385630815
0,0.45,2.3,14,0.187382797244672,5.16097025305582,0.0548326957520333,4.80893730254642,350.183395217008,10.2121230485989
0,0.45,2.3,15,0.200767282762149,5.16097025305582,0.0548326957520333,4.80893730254642,350.183395217008,10.2255075341164
0,0.45,2.3,16,0.214151768279625,5.16097025305582,0.0548326957520333,4.80893730254642,350.183395217008,10.2388920196339
0,0.45,2.3,17,0.227536253797102,5.16097025305582,0.0548326957520333,4.80893730254642,350.183395217008,10.2522765051514
0,0.45,2.3,18,0.240920739314579,5.16097025305582,0.0548326957520333,4.80893730254642,350.183395217008,10.2656609906689
0,0.45,2.3,19,0.254305224832055,5.16097025305582,0.0548326957520333,4.80893730254642,350.183395217008,10.2790454761863
0,0.45,2.3,20,0.267689710349532,5.16097025305582,0.0548326957520333,4.80893730254642,350.183395217008,10.2924299617038
0,0.45,2.3,21,0.281074195867008,5.16097025305582,0.0548326957520333,4.80893730254642,350.183395217008,10.3058144472213
0,0.45,2.3,22,0.294458681384485,5.16097025305582,0.0548326957520333,4.80893730254642,350.183395217008,10.3191989327388
0,0.45,2.3,23,0.307843166901962,5.16097025305582,0.0548326957520333,4.80893730254642,350.183395217008,10.3325834182562
0,0.45,2.3,24,0.321227652419438,5.16097025305582,0.0548326957520333,4.80893730254642,350.183395217008,10.3459679037737
0,0.45,2.4,1,0.0133864591513969,5.26822737638242,0.0556041340926515,4.92126029940443,358.362675986558,10.2584782690309
0,0.45,2.4,2,0.026769871077856,5.221117044134,0.0555978053726318,4.87925717569983,355.30403838261,10.1827418962843
0,0.45,2.4,3,0.0401502368197411,5.20083192493591,0.0555914780930856,4.86133582449084,353.999018329652,10.1579094643396
0,0.45,2.4,4,0.053527557416942,5.18923028747149,0.0555851522535211,4.85130006452692,353.268221424504,10.1496430616689
0,0.45,2.4,5,0.0669018339088756,5.18176101536772,0.0555788278534467,4.84477237768934,352.792879910178,10.1490140548194
0,0.45,2.4,6,0.0802730673344857,5.17800585399481,0.0555725048923712,4.84139931579865,352.547255941544,10.1552507420203
0,0.45,2.4,7,0.0936493027463651,5.17647810476864,0.0555709566414338,4.84004642187722,352.448739168094,10.1657447860337
0,0.45,2.4,8,0.107027774567274,5.17647810476864,0.0555709566414338,4.84004642187722,352.448739168094,10.1791232578546
0,0.45,2.4,9,0.120406246388184,5.17647810476864,0.0555709566414338,4.84004642187722,352.448739168094,10.1925017296755
0,0.45,2.4,10,0.133784718209093,5.17647810476864,0.0555709566414338,4.84004642187722,352.448739168094,10.2058802014964
0,0.45,2.4,11,0.147163190030002,5.17647810476864,0.0555709566414338,4.84004642187722,352.448739168094,10.2192586733173
0,0.45,2.4,12,0.160541661850912,5.17647810476864,0.0555709566414338,4.84004642187722,352.448739168094,10.2326371451382
0,0.45,2.4,13,0.173920133671821,5.17647810476864,0.0555709566414338,4.84004642187722,352.448739168094,10.2460156169591
0,0.45,2.4,14,0.18729860549273,5.17647810476864,0.0555709566414338,4.84004642187722,352.448739168094,10.25939408878
0,0.45,2.4,15,0.200677077313639,5.17647810476864,0.0555709566414338,4.84004642187722,352.448739168094,10.2727725606009
0,0.45,2.4,16,0.214055549134549,5.17647810476864,0.0555709566414338,4.84004642187722,352.448739168094,10.2861510324218
0,0.45,2.4,17,0.227434020955458,5.17647810476864,0.0555709566414338,4.84004642187722,352.448739168094,10.2995295042428
0,0.45,2.4,18,0.240812492776367,5.17647810476864,0.0555709566414338,4.84004642187722,352.448739168094,10.3129079760637
0,0.45,2.4,19,0.254190964597277,5.17647810476864,0.0555709566414338,4.84004642187722,352.448739168094,10.3262864478846
0,0.45,2.4,20,0.267569436418186,5.17647810476864,0.0555709566414338,4.84004642187722,352.448739168094,10.3396649197055
0,0.45,2.4,21,0.280947908239095,5.17647810476864,0.0555709566414338,4.84004642187722,352.448739168094,10.3530433915264
0,0.45,2.4,22,0.294326380060005,5.17647810476864,0.0555709566414338,4.84004642187722,352.448739168094,10.3664218633473
0,0.45,2.4,23,0.307704851880914,5.17647810476864,0.0555709566414338,4.84004642187722,352.448739168094,10.3798003351682
0,0.45,2.4,24,0.321083323701823,5.17647810476864,0.0555709566414338,4.84004642187722,352.448739168094,10.3931788069891
0,0.45,2.5,1,0.0133864591513969,5.370153390686,0.0563628720893674,5.02823832811954,366.152739976214,10.4681410500463
0,0.45,2.5,2,0.026769871077856,5.27661217112105,0.0563564570117337,4.94443244014716,360.050054800051,10.3041709393578
0,0.45,2.5,3,0.040150236819741,5.23635808270259,0.0563500433942292,4.90836356294467,357.423544807138,10.2412219258612
0,0.45,2.5,4,0.053527557416942,5.2099550913317,0.0563436312363555,4.8849619592937,355.719456667814,10.2047882392787
0,0.45,2.5,5,0.0669018339088756,5.19082577741616,0.0563372205376143,4.86806592695658,354.489099606104,10.1821307588192
0,0.45,2.5,6,0.0802730673344856,5.17766836610208,0.0563308112975076,4.856631074797,353.656421802023,10.1709033195311
0,0.45,2.5,7,0.0936412587322432,5.16737030328044,0.0563244035155377,4.84772079586368,353.007581625307,10.1650567613919
0,0.45,2.5,8,0.107006409140147,5.15831399087641,0.056317997191207,4.83983173619214,352.433105909147,10.1614701333999
0,0.45,2.5,9,0.120368519595723,5.15256783759333,0.0563115923240182,4.83484589520699,352.070040513541,10.1640938447201
0,0.45,2.5,10,0.133727591136026,5.14713424632458,0.0563051889134742,4.83006912671355,351.722199628132,10.1672361530876
0,0.45,2.5,11,0.147083624797639,5.14322038887218,0.0562987869590781,4.82656042036347,351.466698126409,10.1731632209924
0,0.45,2.5,12,0.160437576471111,5.14106865041797,0.0562927214900445,4.82460347624043,351.324194846757,10.1824024246196
0,0.45,2.5,13,0.17380737451037,5.14106865041797,0.0562927214900445,4.82460347624043,351.324194846757,10.1957722226588
0,0.45,2.5,14,0.187177172549629,5.14106865041797,0.0562927214900445,4.82460347624043,351.324194846757,10.2091420206981
0,0.45,2.5,15,0.200546970588888,5.14106865041797,0.0562927214900445,4.82460347624043,351.324194846757,10.2225118187373
0,0.45,2.5,16,0.213916768628147,5.14106865041797,0.0562927214900445,4.82460347624043,351.324194846757,10.2358816167766
0,0.45,2.5,17,0.227286566667407,5.14106865041797,0.0562927214900445,4.82460347624043,351.324194846757,10.2492514148159
0,0.45,2.5,18,0.240656364706666,5.14106865041797,0.0562927214900445,4.82460347624043,351.324194846757,10.2626212128551
0,0.45,2.5,19,0.254026162745925,5.14106865041797,0.0562927214900445,4.82460347624043,351.324194846757,10.2759910108944
0,0.45,2.5,20,0.267395960785184,5.14106865041797,0.0562927214900445,4.82460347624043,351.324194846757,10.2893608089336
0,0.45,2.5,21,0.280765758824443,5.14106865041797,0.0562927214900445,4.82460347624043,351.324194846757,10.3027306069729
0,0.45,2.5,22,0.294135556863703,5.14106865041797,0.0562927214900445,4.82460347624043,351.324194846757,10.3161004050122
0,0.45,2.5,23,0.307505354902962,5.14106865041797,0.0562927214900445,4.82460347624043,351.324194846757,10.3294702030514
0,0.45,2.5,24,0.320875152942221,5.14106865041797,0.0562927214900445,4.82460347624043,351.324194846757,10.3428400010907
0,0.46,2.2,1,0.0133875609509073,5.24644196273518,0.0544532253433693,4.76959104633516,347.318228814892,10.0838737953646
0,0.46,2.2,2,0.0267751219018146,5.24644196273518,0.0544532253433693,4.76959104633516,347.318228814892,10.0972613563155
0,0.46,2.2,3,0.040162682852722,5.24644196273518,0.0544532253433693,4.76959104633516,347.318228814892,10.1106489172664
0,0.46,2.2,4,0.0535502438036293,5.24644196273518,0.0544532253433693,4.76959104633516,347.318228814892,10.1240364782173
0,0.46,2.2,5,0.0669378047545366,5.24644196273518,0.0544532253433693,4.76959104633516,347.318228814892,10.1374240391682
0,0.46,2.2,6,0.0803253657054439,5.24644196273518,0.0544532253433693,4.76959104633516,347.318228814892,10.1508116001192
0,0.46,2.2,7,0.0937129266563513,5.24644196273518,0.0544532253433693,4.76959104633516,347.318228814892,10.1641991610701
0,0.46,2.2,8,0.107100487607259,5.24644196273518,0.0544532253433693,4.76959104633516,347.318228814892,10.177586722021
0,0.46,2.2,9,0.120488048558166,5.24644196273518,0.0544532253433693,4.76959104633516,347.318228814892,10.1909742829719
0,0.46,2.2,10,0.133875609509073,5.24644196273518,0.0544532253433693,4.76959104633516,347.318228814892,10.2043618439228
0,0.46,2.2,11,0.147263170459981,5.24644196273518,0.0544532253433693,4.76959104633516,347.318228814892,10.2177494048737
0,0.46,2.2,12,0.160650731410888,5.24644196273518,0.0544532253433693,4.76959104633516,347.318228814892,10.2311369658246
0,0.46,2.2,13,0.174038292361795,5.24644196273518,0.0544532253433693,4.76959104633516,347.318228814892,10.2445245267755
0,0.46,2.2,14,0.187425853312703,5.24644196273518,0.0544532253433693,4.76959104633516,347.318228814892,10.2579120877264
0,0.46,2.2,15,0.20081341426361,5.24644196273518,0.0544532253433693,4.76959104633516,347.318228814892,10.2712996486773
0,0.46,2.2,16,0.214200975214517,5.24644196273518,0.0544532253433693,4.76959104633516,347.318228814892,10.2846872096282
0,0.46,2.2,17,0.227588536165425,5.24644196273518,0.0544532253433693,4.76959104633516,347.318228814892,10.2980747705791
0,0.46,2.2,18,0.240976097116332,5.24644196273518,0.0544532253433693,4.76959104633516,347.318228814892,10.31146233153
0,0.46,2.2,19,0.254363658067239,5.24644196273518,0.0544532253433693,4.76959104633516,347.318228814892,10.324849892481
0,0.46,2.2,20,0.267751219018146,5.24644196273518,0.0544532253433693,4.76959104633516,347.318228814892,10.3382374534319
0,0.46,2.2,21,0.281138779969054,5.24644196273518,0.0544532253433693,4.76959104633516,347.318228814892,10.3516250143828
0,0.46,2.2,22,0.294526340919961,5.24644196273518,0.0544532253433693,4.76959104633516,347.318228814892,10.3650125753337
0,0.46,2.2,23,0.307913901870868,5.24644196273518,0.0544532253433693,4.76959104633516,347.318228814892,10.3784001362846
0,0.46,2.2,24,0.321301462821776,5.24644196273518,0.0544532253433693,4.76959104633516,347.318228814892,10.3917876972355
0,0.46,2.3,1,0.0133864591513968,5.26468194208917,0.0552315340446666,4.80299834484526,349.750924539809,10.1362982801305
0,0.46,2.3,2,0.0267698710778558,5.23374258507522,0.0552252477330291,4.7761539765097,347.796136723959,10.0918916803958
0,0.46,2.3,3,0.0401510139664987,5.21984365742541,0.0552200316687719,4.76418282447461,346.924405944253,10.0793975275353
0,0.46,2.3,4,0.0535285933768093,5.21343108924239,0.0552137479750549,4.75863516329218,346.520429201336,10.0808085938864
0,0.46,2.3,5,0.0669088660244273,5.21116904687319,0.0552122001781567,4.75670942063831,346.380197990484,10.0899995337141
0,0.46,2.3,6,0.0802906392293127,5.21099787419202,0.0552122001781567,4.75656402655092,346.369610496415,10.1030647401504
0,0.46,2.3,7,0.0936724124341982,5.21099787419202,0.0552122001781567,4.75656402655092,346.369610496415,10.1164465133553
0,0.46,2.3,8,0.107054185639084,5.21099787419202,0.0552122001781567,4.75656402655092,346.369610496415,10.1298282865602
0,0.46,2.3,9,0.120435958843969,5.21099787419202,0.0552122001781567,4.75656402655092,346.369610496415,10.1432100597651
0,0.46,2.3,10,0.133817732048855,5.21099787419202,0.0552122001781567,4.75656402655092,346.369610496415,10.1565918329699
0,0.46,2.3,11,0.14719950525374,5.21099787419202,0.0552122001781567,4.75656402655092,346.369610496415,10.1699736061748
0,0.46,2.3,12,0.160581278458625,5.21099787419202,0.0552122001781567,4.75656402655092,346.369610496415,10.1833553793797
0,0.46,2.3,13,0.173963051663511,5.21099787419202,0.0552122001781567,4.75656402655092,346.369610496415,10.1967371525846
0,0.46,2.3,14,0.187344824868396,5.21099787419202,0.0552122001781567,4.75656402655092,346.369610496415,10.2101189257895
0,0.46,2.3,15,0.200726598073282,5.21099787419202,0.0552122001781567,4.75656402655092,346.369610496415,10.2235006989944
0,0.46,2.3,16,0.214108371278167,5.21099787419202,0.0552122001781567,4.75656402655092,346.369610496415,10.2368824721993
0,0.46,2.3,17,0.227490144483053,5.21099787419202,0.0552122001781567,4.75656402655092,346.369610496415,10.2502642454041
0,0.46,2.3,18,0.240871917687938,5.21099787419202,0.0552122001781567,4.75656402655092,346.369610496415,10.263646018609
0,0.46,2.3,19,0.254253690892824,5.21099787419202,0.0552122001781567,4.75656402655092,346.369610496415,10.2770277918139
0,0.46,2.3,20,0.267635464097709,5.21099787419202,0.0552122001781567,4.75656402655092,346.369610496415,10.2904095650188
0,0.46,2.3,21,0.281017237302595,5.21099787419202,0.0552122001781567,4.75656402655092,346.369610496415,10.3037913382237
0,0.46,2.3,22,0.29439901050748,5.21099787419202,0.0552122001781567,4.75656402655092,346.369610496415,10.3171731114286
0,0.46,2.3,23,0.307780783712366,5.21099787419202,0.0552122001781567,4.75656402655092,346.369610496415,10.3305548846335
0,0.46,2.3,24,0.321162556917251,5.21099787419202,0.0552122001781567,4.75656402655092,346.369610496415,10.3439366578383
0,0.46,2.4,1,0.0133864591513968,5.34870494343149,0.0560093505561373,4.89295208608963,356.301292020114,10.3110528392287
0,0.46,2.4,2,0.0267698710778559,5.26946859995834,0.0560029757154183,4.82349768393123,351.243671837019,10.1757391306828
0,0.46,2.4,3,0.0401502368197407,5.23738723899311,0.0559966023256702,4.79547786915993,349.203288847461,10.1290119472985
0,0.46,2.4,4,0.0535275574169415,5.21607516168535,0.0559902303863978,4.77710235467414,347.865196947597,10.1026953041628
0,0.46,2.4,5,0.0669018339088749,5.20209543881731,0.0559838598971058,4.76514480423187,346.994456626209,10.0901259368552
0,0.46,2.4,6,0.0802730673344848,5.19146979869354,0.0559774908572995,4.75619289659487,346.342585076889,10.0839132534802
0,0.46,2.4,7,0.0936412587322422,5.18294238845005,0.0559711232664842,4.74906591043953,345.823603012344,10.0816206808883
0,0.46,2.4,8,0.107006409140146,5.17754015746501,0.0559647571241654,4.74447312797719,345.489159858905,10.0849844517065
0,0.46,2.4,9,0.120368519595722,5.17335418195294,0.055958392429849,4.74081458550062,345.222747396985,10.0904956794791
0,0.46,2.4,10,0.133730526027922,5.17147597081194,0.0559532571507002,4.73915409132134,345.101831391461,10.1003138453119
0,0.46,2.4,11,0.147103578630714,5.17147597081194,0.0559532571507002,4.73915409132134,345.101831391461,10.1136868979147
0,0.46,2.4,12,0.160476631233506,5.17147597081194,0.0559532571507002,4.73915409132134,345.101831391461,10.1270599505175
0,0.46,2.4,13,0.173849683836298,5.17147597081194,0.0559532571507002,4.73915409132134,345.101831391461,10.1404330031203
0,0.46,2.4,14,0.18722273643909,5.17147597081194,0.0559532571507002,4.73915409132134,345.101831391461,10.1538060557231
0,0.46,2.4,15,0.200595789041882,5.17147597081194,0.0559532571507002,4.73915409132134,345.101831391461,10.1671791083259
0,0.46,2.4,16,0.213968841644675,5.17147597081194,0.0559532571507002,4.73915409132134,345.101831391461,10.1805521609287
0,0.46,2.4,17,0.227341894247467,5.17147597081194,0.0559532571507002,4.73915409132134,345.101831391461,10.1939252135315
0,0.46,2.4,18,0.240714946850259,5.17147597081194,0.0559532571507002,4.73915409132134,345.101831391461,10.2072982661342
0,0.46,2.4,19,0.254087999453051,5.17147597081194,0.0559532571507002,4.73915409132134,345.101831391461,10.220671318737
0,0.46,2.4,20,0.267461052055843,5.17147597081194,0.0559532571507002,4.73915409132134,345.101831391461,10.2340443713398
0,0.46,2.4,21,0.280834104658635,5.17147597081194,0.0559532571507002,4.73915409132134,345.101831391461,10.2474174239426
0,0.46,2.4,22,0.294207157261427,5.17147597081194,0.0559532571507002,4.73915409132134,345.101831391461,10.2607904765454
0,0.46,2.4,23,0.30758020986422,5.17147597081194,0.0559532571507002,4.73915409132134,345.101831391461,10.2741635291482
0,0.46,2.4,24,0.320953262467012,5.17147597081194,0.0559532571507002,4.73915409132134,345.101831391461,10.287536581751
0,0.46,2.5,1,0.0133864591513969,5.47063163371831,0.0567825011848867,5.01514086408623,365.198991957605,10.5559414581408
0,0.46,2.5,2,0.0267698710778559,5.35179587094005,0.0567760383461448,4.91085216146312,357.604762781857,10.3461939418272
0,0.46,2.5,3,0.0401502368197408,5.29721634644626,0.0567695769784031,4.86283285370654,354.108030932751,10.2569690139509
0,0.46,2.5,4,0.0535275574169416,5.26270840364089,0.0567631170811592,4.83269797349618,351.913630381733,10.2056970516352
0,0.46,2.5,5,0.0669018339088751,5.23625479716643,0.0567566586539113,4.8097163627695,350.240125828541,10.1696296524987
0,0.46,2.5,6,0.080273067334485,5.2153335804861,0.0567502016961577,4.79160827899322,348.9215080428,10.14396512851
0,0.46,2.5,7,0.0936412587322424,5.19955869524455,0.0567437462073968,4.77796713779099,347.928169839305,10.1279108379752
0,0.46,2.5,8,0.107006409140146,5.18748326406922,0.0567372921871275,4.76757608365489,347.171500665153,10.1188030490514
0,0.46,2.5,9,0.120368519595722,5.17794054857098,0.0567308396348487,4.7592928735429,346.568323194161,10.1143327813445
0,0.46,2.5,10,0.133727591136025,5.16925480612978,0.0567243885500597,4.75166091021487,346.01256905094,10.1113676960307
0,0.46,2.5,11,0.147083624797638,5.16318684331684,0.0567179389322598,4.7463030426364,345.62241294332,10.1132914496831
0,0.46,2.5,12,0.160436621616671,5.15781797879276,0.0567114907809487,4.74159814473404,345.279805623252,10.1165642359244
0,0.46,2.5,13,0.173786582628767,5.15248919022343,0.0567050440956263,4.73690256530243,344.937876867599,10.1198833822503
0,0.46,2.5,14,0.187133508869093,5.14827839738249,0.0566985988757927,4.73319160212231,344.667647167317,10.1253021072497
0,0.46,2.5,15,0.200477401372349,5.14502750422452,0.0566921551209483,4.73034240901693,344.46017095116,10.1325394697347
0,0.46,2.5,16,0.213830359440675,5.14368873864488,0.0566889202224076,4.7291715702229,344.374911302645,10.1433795885309
0,0.46,2.5,17,0.227194756905717,5.14306442229381,0.0566889202224076,4.72863201534221,344.335621299857,10.1555801147641
0,0.46,2.5,18,0.240559154370759,5.14306442229381,0.0566889202224076,4.72863201534221,344.335621299857,10.1689445122292
0,0.46,2.5,19,0.253923551835801,5.14306442229381,0.0566889202224076,4.72863201534221,344.335621299857,10.1823089096942
0,0.46,2.5,20,0.267287949300844,5.14306442229381,0.0566889202224076,4.72863201534221,344.335621299857,10.1956733071593
0,0.46,2.5,21,0.280652346765886,5.14306442229381,0.0566889202224076,4.72863201534221,344.335621299857,10.2090377046243
0,0.46,2.5,22,0.294016744230928,5.14306442229381,0.0566889202224076,4.72863201534221,344.335621299857,10.2224021020894
0,0.46,2.5,23,0.30738114169597,5.14306442229381,0.0566889202224076,4.72863201534221,344.335621299857,10.2357664995544
0,0.46,2.5,24,0.320745539161012,5.14306442229381,0.0566889202224076,4.72863201534221,344.335621299857,10.2491308970194
0,0.47,2.2,1,0.013386459151397,5.25689113903501,0.054823763125187,4.68525840396749,341.177185758187,10.0103597652791
0,0.47,2.2,2,0.0267722032042089,5.23929647781765,0.0548222987948889,4.67041897794298,340.096589305915,9.99130995775973
0,0.47,2.2,3,0.0401554525544098,5.2332177256364,0.0548184050297797,4.66522469787477,339.71834552448,9.99341628109536
0,0.47,2.2,4,0.0535403098497459,5.23199207778086,0.0548181044676266,4.66418334967065,339.642515288655,10.0045338417689
0,0.47,2.2,5,0.0669253873121823,5.23199207778086,0.0548181044676266,4.66418334967065,339.642515288655,10.0179189192313
0,0.47,2.2,6,0.0803104647746188,5.23199207778086,0.0548181044676266,4.66418334967065,339.642515288655,10.0313039966938
0,0.47,2.2,7,0.0936955422370553,5.23199207778086,0.0548181044676266,4.66418334967065,339.642515288655,10.0446890741562
0,0.47,2.2,8,0.107080619699492,5.23199207778086,0.0548181044676266,4.66418334967065,339.642515288655,10.0580741516186
0,0.47,2.2,9,0.120465697161928,5.23199207778086,0.0548181044676266,4.66418334967065,339.642515288655,10.0714592290811
0,0.47,2.2,10,0.133850774624365,5.23199207778086,0.0548181044676266,4.66418334967065,339.642515288655,10.0848443065435
0,0.47,2.2,11,0.147235852086801,5.23199207778086,0.0548181044676266,4.66418334967065,339.642515288655,10.0982293840059
0,0.47,2.2,12,0.160620929549238,5.23199207778086,0.0548181044676266,4.66418334967065,339.642515288655,10.1116144614684
0,0.47,2.2,13,0.174006007011674,5.23199207778086,0.0548181044676266,4.66418334967065,339.642515288655,10.1249995389308
0,0.47,2.2,14,0.187391084474111,5.23199207778086,0.0548181044676266,4.66418334967065,339.642515288655,10.1383846163932
0,0.47,2.2,15,0.200776161936547,5.23199207778086,0.0548181044676266,4.66418334967065,339.642515288655,10.1517696938557
0,0.47,2.2,16,0.214161239398983,5.23199207778086,0.0548181044676266,4.66418334967065,339.642515288655,10.1651547713181
0,0.47,2.2,17,0.22754631686142,5.23199207778086,0.0548181044676266,4.66418334967065,339.642515288655,10.1785398487806
0,0.47,2.2,18,0.240931394323856,5.23199207778086,0.0548181044676266,4.66418334967065,339.642515288655,10.191924926243
0,0.47,2.2,19,0.254316471786293,5.23199207778086,0.0548181044676266,4.66418334967065,339.642515288655,10.2053100037054
0,0.47,2.2,20,0.267701549248729,5.23199207778086,0.0548181044676266,4.66418334967065,339.642515288655,10.2186950811679
0,0.47,2.2,21,0.281086626711166,5.23199207778086,0.0548181044676266,4.66418334967065,339.642515288655,10.2320801586303
0,0.47,2.2,22,0.294471704173602,5.23199207778086,0.0548181044676266,4.66418334967065,339.642515288655,10.2454652360927
0,0.47,2.2,23,0.307856781636039,5.23199207778086,0.0548181044676266,4.66418334967065,339.642515288655,10.2588503135552
0,0.47,2.2,24,0.321241859098475,5.23199207778086,0.0548181044676266,4.66418334967065,339.642515288655,10.2722353910176
0,0.47,2.3,1,0.0133864591513969,5.34981660801666,0.0556210440067294,4.78160045438088,348.192745370093,10.2004245655557
0,0.47,2.3,2,0.026769871077856,5.30311397906336,0.0556147133620666,4.74169328294024,345.286733519784,10.1271918464435
0,0.47,2.3,3,0.040150236819741,5.2827789790829,0.0556083841583154,4.72459178907807,344.041414895903,10.103129389139
0,0.47,2.3,4,0.053527557416942,5.2715098263216,0.0556020563949838,4.71514560013572,343.353550133361,10.0957850402692
0,0.47,2.3,5,0.0669018339088756,5.26432127579884,0.0555957300715801,4.7090922442061,342.912749058503,10.0959110839854
0,0.47,2.3,6,0.0802744918206923,5.26140012316438,0.0555903916497422,4.70659312559679,342.730765018246,10.1038581322316
0,0.47,2.3,7,0.0936535737908077,5.26042559332753,0.0555903916497422,4.70577530049007,342.671211575448,10.1154448592581
0,0.47,2.3,8,0.107032655760923,5.26042559332753,0.0555903916497422,4.70577530049007,342.671211575448,10.1288239412283
0,0.47,2.3,9,0.120411737731039,5.26042559332753,0.0555903916497422,4.70577530049007,342.671211575448,10.1422030231984
0,0.47,2.3,10,0.133790819701154,5.26042559332753,0.0555903916497422,4.70577530049007,342.671211575448,10.1555821051685
0,0.47,2.3,11,0.147169901671269,5.26042559332753,0.0555903916497422,4.70577530049007,342.671211575448,10.1689611871386
0,0.47,2.3,12,0.160548983641385,5.26042559332753,0.0555903916497422,4.70577530049007,342.671211575448,10.1823402691087
0,0.47,2.3,13,0.1739280656115,5.26042559332753,0.0555903916497422,4.70577530049007,342.671211575448,10.1957193510788
0,0.47,2.3,14,0.187307147581615,5.26042559332753,0.0555903916497422,4.70577530049007,342.671211575448,10.209098433049
0,0.47,2.3,15,0.200686229551731,5.26042559332753,0.0555903916497422,4.70577530049007,342.671211575448,10.2224775150191
0,0.47,2.3,16,0.214065311521846,5.26042559332753,0.0555903916497422,4.70577530049007,342.671211575448,10.2358565969892
0,0.47,2.3,17,0.227444393491962,5.26042559332753,0.0555903916497422,4.70577530049007,342.671211575448,10.2492356789593
0,0.47,2.3,18,0.240823475462077,5.26042559332753,0.0555903916497422,4.70577530049007,342.671211575448,10.2626147609294
0,0.47,2.3,19,0.254202557432192,5.26042559332753,0.0555903916497422,4.70577530049007,342.671211575448,10.2759938428995
0,0.47,2.3,20,0.267581639402308,5.26042559332753,0.0555903916497422,4.70577530049007,342.671211575448,10.2893729248696
0,0.47,2.3,21,0.280960721372423,5.26042559332753,0.0555903916497422,4.70577530049007,342.671211575448,10.3027520068398
0,0.47,2.3,22,0.294339803342539,5.26042559332753,0.0555903916497422,4.70577530049007,342.671211575448,10.3161310888099
0,0.47,2.3,23,0.307718885312654,5.26042559332753,0.0555903916497422,4.70577530049007,342.671211575448,10.32951017078
0,0.47,2.3,24,0.321097967282769,5.26042559332753,0.0555903916497422,4.70577530049007,342.671211575448,10.3428892527501
0,0.47,2.4,1,0.0133864591513969,5.45004764148835,0.056413297413474,4.88348168145879,355.611663888353,10.403329079512
0,0.47,2.4,2,0.026769871077856,5.35544491375521,0.0564068765965592,4.80224491937857,349.69606063301,10.2408665808082
0,0.47,2.4,3,0.0401502368197411,5.31498756837229,0.0564004572410799,4.76750983556851,347.166676526606,10.1790480980016
0,0.47,2.4,4,0.053527557416942,5.28934740233923,0.0563940393465372,4.74576878561643,345.583508726982,10.1450377847191
0,0.47,2.4,5,0.0669018339088756,5.27065181018798,0.0563876229124324,4.72996371686653,344.432594858018,10.1239049838758
0,0.47,2.4,6,0.0802730673344857,5.2578557949711,0.0563812079382672,4.71932287369173,343.657736223669,10.1138329439356
0,0.47,2.4,7,0.0936412587322433,5.24745117027016,0.0563747944235432,4.71075684796706,343.033964320842,10.108224071393
0,0.47,2.4,8,0.107006409140147,5.23872704166788,0.0563683823677626,4.70349055438324,342.504837988404,10.105592387559
0,0.47,2.4,9,0.120368519595723,5.23290494077594,0.0563619717704274,4.69867778886396,342.154375825166,10.1083132210061
0,0.47,2.4,10,0.133727591136026,5.22795294779808,0.0563555626310403,4.69449348017287,341.849677441324,10.112529581738
0,0.47,2.4,11,0.147083624797639,5.22451842736564,0.0563491549491039,4.69153125124058,341.633970036619,10.119482458353
0,0.47,2.4,12,0.160444416614534,5.22379153461689,0.0563454862013961,4.69088978491615,341.587258914957,10.131471222349
0,0.47,2.4,13,0.173814784665745,5.22379153461689,0.0563454862013961,4.69088978491615,341.587258914957,10.1448415904002
0,0.47,2.4,14,0.187185152716956,5.22379153461689,0.0563454862013961,4.69088978491615,341.587258914957,10.1582119584514
0,0.47,2.4,15,0.200555520768167,5.22379153461689,0.0563454862013961,4.69088978491615,341.587258914957,10.1715823265026
0,0.47,2.4,16,0.213925888819378,5.22379153461689,0.0563454862013961,4.69088978491615,341.587258914957,10.1849526945538
0,0.47,2.4,17,0.22729625687059,5.22379153461689,0.0563454862013961,4.69088978491615,341.587258914957,10.198323062605
0,0.47,2.4,18,0.240666624921801,5.22379153461689,0.0563454862013961,4.69088978491615,341.587258914957,10.2116934306562
0,0.47,2.4,19,0.254036992973012,5.22379153461689,0.0563454862013961,4.69088978491615,341.587258914957,10.2250637987074
0,0.47,2.4,20,0.267407361024223,5.22379153461689,0.0563454862013961,4.69088978491615,341.587258914957,10.2384341667587
0,0.47,2.4,21,0.280777729075434,5.22379153461689,0.0563454862013961,4.69088978491615,341.587258914957,10.2518045348099
0,0.47,2.4,22,0.294148097126645,5.22379153461689,0.0563454862013961,4.69088978491615,341.587258914957,10.2651749028611
0,0.47,2.4,23,0.307518465177856,5.22379153461689,0.0563454862013961,4.69088978491615,341.587258914957,10.2785452709123
0,0.47,2.4,24,0.320888833229068,5.22379153461689,0.0563454862013961,4.69088978491615,341.587258914957,10.2919156389635
0,0.47,2.5,1,0.0133864591513969,5.58050173724445,0.057200834494056,5.01054290034133,364.864171506854,10.6616319312312
0,0.47,2.5,2,0.0267698710778561,5.44923498418246,0.0571943240416892,4.897621118929,356.641287671794,10.430820298231
0,0.47,2.5,3,0.040150236819741,5.38692506900646,0.0571878150711597,4.84390519825654,352.729732520445,10.3281683191539
0,0.47,2.5,4,0.053527557416942,5.34720075170748,0.0571813075819618,4.8098171415547,350.247464468025,10.2677267582611
0,0.47,2.5,5,0.0669018339088756,5.3179169802738,0.0571748015735898,4.78485009550184,348.429381926026,10.2268437112581
0,0.47,2.5,6,0.0802730673344856,5.29387029120255,0.0571682970455381,4.7644170729827,346.941463754061,10.1957287285653
0,0.47,2.5,7,0.0936412587322432,5.27429910440767,0.0571617939973018,4.74771391833858,345.725151908819,10.1728160754758
0,0.47,2.5,8,0.107006409140147,5.25954397120469,0.0571552924283758,4.7351601409148,344.810994762555,10.158865813688
0,0.47,2.5,9,0.120368519595723,5.24780926397242,0.0571487923382554,4.72510854546203,344.079044728369,10.1504351213684
0,0.47,2.5,10,0.133727591136026,5.23844796582936,0.0571422937264362,4.7170288854795,343.49068963308,10.1463467361713
0,0.47,2.5,11,0.147083624797639,5.2298077050779,0.0571357965924139,4.70953882850169,342.945269009386,10.1435659549696
0,0.47,2.5,12,0.160436621616673,5.22349204699637,0.0571293009356844,4.704070979577,342.547104138331,10.1451289491257
0,0.47,2.5,13,0.173786582628769,5.21807268733134,0.057122806755744,4.69938901437889,342.206166761481,10.1483710910947
0,0.47,2.5,14,0.187133508869095,5.21271241132736,0.0571163140520891,4.69477662114767,341.870295565795,10.1517388553962
0,0.47,2.5,15,0.200477401372351,5.2068424891879,0.0571098228242164,4.69025672308501,341.541159802521,10.1546864364695
0,0.47,2.5,16,0.213818261172766,5.20302212343312,0.0571033330716227,4.68712711355275,341.313263861534,10.1610708312303
0,0.47,2.5,17,0.227156089304098,5.19998217234259,0.0570968447938052,4.68449204902053,341.121380335828,10.168727155461
0,0.47,2.5,18,0.240511079425235,5.19886171617074,0.0570951515366598,4.68352805883884,341.051183256194,10.1799960059715
0,0.47,2.5,19,0.253872806059971,5.19795889723313,0.0570951515366598,4.68276388154093,340.995536408691,10.1916907363707
0,0.47,2.5,20,0.267234532694706,5.19785665428225,0.0570951515366598,4.68267738870387,340.989238061792,10.2048637272175
0,0.47,2.5,21,0.280596259329441,5.19785665428225,0.0570951515366598,4.68267738870387,340.989238061792,10.2182254538522
0,0.47,2.5,22,0.293957985964176,5.19785665428225,0.0570951515366598,4.68267738870387,340.989238061792,10.231587180487
0,0.47,2.5,23,0.307319712598912,5.19785665428225,0.0570951515366598,4.68267738870387,340.989238061792,10.2449489071217
0,0.47,2.5,24,0.320681439233647,5.19785665428225,0.0570951515366598,4.68267738870387,340.989238061792,10.2583106337564
0,0.48,2.1,1,0.0133875801394145,5.31503572207964,0.0543849829120195,4.62605180797802,336.865803534124,10.0088600931091
0,0.48,2.1,2,0.026775160278829,5.31503572207964,0.0543849829120195,4.62605180797802,336.865803534124,10.0222476732485
0,0.48,2.1,3,0.0401627404182435,5.31503572207964,0.0543849829120195,4.62605180797802,336.865803534124,10.0356352533879
0,0.48,2.1,4,0.053550320557658,5.31503572207964,0.0543849829120195,4.62605180797802,336.865803534124,10.0490228335273
0,0.48,2.1,5,0.0669379006970725,5.31503572207964,0.0543849829120195,4.62605180797802,336.865803534124,10.0624104136667
0,0.48,2.1,6,0.080325480836487,5.31503572207964,0.0543849829120195,4.62605180797802,336.865803534124,10.0757979938062
0,0.48,2.1,7,0.0937130609759015,5.31503572207964,0.0543849829120195,4.62605180797802,336.865803534124,10.0891855739456
0,0.48,2.1,8,0.107100641115316,5.31503572207964,0.0543849829120195,4.62605180797802,336.865803534124,10.102573154085
0,0.48,2.1,9,0.120488221254731,5.31503572207964,0.0543849829120195,4.62605180797802,336.865803534124,10.1159607342244
0,0.48,2.1,10,0.133875801394145,5.31503572207964,0.0543849829120195,4.62605180797802,336.865803534124,10.1293483143638
0,0.48,2.1,11,0.14726338153356,5.31503572207964,0.0543849829120195,4.62605180797802,336.865803534124,10.1427358945032
0,0.48,2.1,12,0.160650961672974,5.31503572207964,0.0543849829120195,4.62605180797802,336.865803534124,10.1561234746426
0,0.48,2.1,13,0.174038541812389,5.31503572207964,0.0543849829120195,4.62605180797802,336.865803534124,10.1695110547821
0,0.48,2.1,14,0.187426121951803,5.31503572207964,0.0543849829120195,4.62605180797802,336.865803534124,10.1828986349215
0,0.48,2.1,15,0.200813702091218,5.31503572207964,0.0543849829120195,4.62605180797802,336.865803534124,10.1962862150609
0,0.48,2.1,16,0.214201282230632,5.31503572207964,0.0543849829120195,4.62605180797802,336.865803534124,10.2096737952003
0,0.48,2.1,17,0.227588862370047,5.31503572207964,0.0543849829120195,4.62605180797802,336.865803534124,10.2230613753397
0,0.48,2.1,18,0.240976442509461,5.31503572207964,0.0543849829120195,4.62605180797802,336.865803534124,10.2364489554791
0,0.48,2.1,19,0.254364022648876,5.31503572207964,0.0543849829120195,4.62605180797802,336.865803534124,10.2498365356186
0,0.48,2.1,20,0.26775160278829,5.31503572207964,0.0543849829120195,4.62605180797802,336.865803534124,10.263224115758
0,0.48,2.1,21,0.281139182927705,5.31503572207964,0.0543849829120195,4.62605180797802,336.865803534124,10.2766116958974
0,0.48,2.1,22,0.294526763067119,5.31503572207964,0.0543849829120195,4.62605180797802,336.865803534124,10.2899992760368
0,0.48,2.1,23,0.307914343206534,5.31503572207964,0.0543849829120195,4.62605180797802,336.865803534124,10.3033868561762
0,0.48,2.1,24,0.321301923345948,5.31503572207964,0.0543849829120195,4.62605180797802,336.865803534124,10.3167744363156
0,0.48,2.2,1,0.0133864591513968,5.33040026995771,0.0551976054598504,4.65679418675742,339.104441699009,10.0557785213264
0,0.48,2.2,2,0.0267703727833294,5.30080302803246,0.0551923573738,4.63218145611137,337.312160153015,10.014947214301
0,0.48,2.2,3,0.0401527073130813,5.28697543558905,0.055188437593199,4.62073337342396,336.478518911304,10.0030499539193
0,0.48,2.2,4,0.0535308506584253,5.28110670945567,0.0551821572298605,4.6157887706731,336.118456454599,10.0056084880171
0,0.48,2.2,5,0.0669120993837709,5.27891908890826,0.0551809499510601,4.61400254776473,335.988384972416,10.0150146860078
0,0.48,2.2,6,0.0802945192605251,5.27891908890826,0.0551809499510601,4.61400254776473,335.988384972416,10.0283971058846
0,0.48,2.2,7,0.0936769391372793,5.27891908890826,0.0551809499510601,4.61400254776473,335.988384972416,10.0417795257613
0,0.48,2.2,8,0.107059359014033,5.27891908890826,0.0551809499510601,4.61400254776473,335.988384972416,10.0551619456381
0,0.48,2.2,9,0.120441778890788,5.27891908890826,0.0551809499510601,4.61400254776473,335.988384972416,10.0685443655148
0,0.48,2.2,10,0.133824198767542,5.27891908890826,0.0551809499510601,4.61400254776473,335.988384972416,10.0819267853916
0,0.48,2.2,11,0.147206618644296,5.27891908890826,0.0551809499510601,4.61400254776473,335.988384972416,10.0953092052684
0,0.48,2.2,12,0.16058903852105,5.27891908890826,0.0551809499510601,4.61400254776473,335.988384972416,10.1086916251451
0,0.48,2.2,13,0.173971458397804,5.27891908890826,0.0551809499510601,4.61400254776473,335.988384972416,10.1220740450219
0,0.48,2.2,14,0.187353878274559,5.27891908890826,0.0551809499510601,4.61400254776473,335.988384972416,10.1354564648986
0,0.48,2.2,15,0.200736298151313,5.27891908890826,0.0551809499510601,4.61400254776473,335.988384972416,10.1488388847754
0,0.48,2.2,16,0.214118718028067,5.27891908890826,0.0551809499510601,4.61400254776473,335.988384972416,10.1622213046521
0,0.48,2.2,17,0.227501137904821,5.27891908890826,0.0551809499510601,4.61400254776473,335.988384972416,10.1756037245289
0,0.48,2.2,18,0.240883557781575,5.27891908890826,0.0551809499510601,4.61400254776473,335.988384972416,10.1889861444056
0,0.48,2.2,19,0.254265977658329,5.27891908890826,0.0551809499510601,4.61400254776473,335.988384972416,10.2023685642824
0,0.48,2.2,20,0.267648397535084,5.27891908890826,0.0551809499510601,4.61400254776473,335.988384972416,10.2157509841591
0,0.48,2.2,21,0.281030817411838,5.27891908890826,0.0551809499510601,4.61400254776473,335.988384972416,10.2291334040359
0,0.48,2.2,22,0.294413237288592,5.27891908890826,0.0551809499510601,4.61400254776473,335.988384972416,10.2425158239127
0,0.48,2.2,23,0.307795657165346,5.27891908890826,0.0551809499510601,4.61400254776473,335.988384972416,10.2558982437894
0,0.48,2.2,24,0.3211780770421,5.27891908890826,0.0551809499510601,4.61400254776473,335.988384972416,10.2692806636662
0,0.48,2.3,1,0.0133864591513968,5.42590478210958,0.0560093505561373,4.75349766355759,346.146320123425,10.2487982553747
0,0.48,2.3,2,0.0267698710778559,5.34622086194822,0.0560029757154183,4.68652544679197,341.269450915799,10.1155191555335
0,0.48,2.3,3,0.0401502368197407,5.31391644630753,0.0559966023256702,4.65952057925701,339.302975662363,10.0695838647099
0,0.48,2.3,4,0.0535275574169415,5.29368221494334,0.0559902303863978,4.64279538328926,338.085058783606,10.0459953860359
0,0.48,2.3,5,0.0669018339088749,5.27970832207403,0.0559838598971058,4.63137958850381,337.25376872396,10.0339736043838
0,0.48,2.3,6,0.0802730673344848,5.26952729509176,0.0559774908572995,4.62313551596272,336.653441223053,10.0289133692463
0,0.48,2.3,7,0.0936412587322422,5.26144466679143,0.0559711232664842,4.61663597691547,336.180149410805,10.0276930257056
0,0.48,2.3,8,0.107006409140146,5.25664740916033,0.0559647571241654,4.61260349268816,335.886506776469,10.0322220681128
0,0.48,2.3,9,0.120368519595722,5.25317816180634,0.055958392429849,4.60969121678862,335.674436916092,10.0391962906205
0,0.48,2.3,10,0.133737717568748,5.25223718605164,0.0559562661131645,4.60890023476804,335.616838167742,10.0508314045016
0,0.48,2.3,11,0.147111489325622,5.25223718605164,0.0559562661131645,4.60890023476804,335.616838167742,10.0642051762585
0,0.48,2.3,12,0.160485261082497,5.25223718605164,0.0559562661131645,4.60890023476804,335.616838167742,10.0775789480153
0,0.48,2.3,13,0.173859032839372,5.25223718605164,0.0559562661131645,4.60890023476804,335.616838167742,10.0909527197722
0,0.48,2.3,14,0.187232804596247,5.25223718605164,0.0559562661131645,4.60890023476804,335.616838167742,10.1043264915291
0,0.48,2.3,15,0.200606576353121,5.25223718605164,0.0559562661131645,4.60890023476804,335.616838167742,10.117700263286
0,0.48,2.3,16,0.213980348109996,5.25223718605164,0.0559562661131645,4.60890023476804,335.616838167742,10.1310740350428
0,0.48,2.3,17,0.227354119866871,5.25223718605164,0.0559562661131645,4.60890023476804,335.616838167742,10.1444478067997
0,0.48,2.3,18,0.240727891623746,5.25223718605164,0.0559562661131645,4.60890023476804,335.616838167742,10.1578215785566
0,0.48,2.3,19,0.25410166338062,5.25223718605164,0.0559562661131645,4.60890023476804,335.616838167742,10.1711953503135
0,0.48,2.3,20,0.267475435137495,5.25223718605164,0.0559562661131645,4.60890023476804,335.616838167742,10.1845691220703
0,0.48,2.3,21,0.28084920689437,5.25223718605164,0.0559562661131645,4.60890023476804,335.616838167742,10.1979428938272
0,0.48,2.3,22,0.294222978651245,5.25223718605164,0.0559562661131645,4.60890023476804,335.616838167742,10.2113166655841
0,0.48,2.3,23,0.307596750408119,5.25223718605164,0.0559562661131645,4.60890023476804,335.616838167742,10.224690437341
0,0.48,2.3,24,0.320970522164994,5.25223718605164,0.0559562661131645,4.60890023476804,335.616838167742,10.2380642090978
0,0.48,2.4,1,0.0133864591513969,5.54629382347051,0.0568160149753529,4.8701673174075,354.642121364652,10.4866636150048
0,0.48,2.4,2,0.0267698710778559,5.42582276199723,0.0568095483221573,4.76880304158068,347.260846868942,10.2782052229779
0,0.48,2.4,3,0.0401502368197408,5.37055954914188,0.05680308314083,4.72215361085065,343.863868490927,10.1896664799531
0,0.48,2.4,4,0.0535275574169416,5.33626988666649,0.0567966194308686,4.69348327981096,341.776115369222,10.1400773433253
0,0.48,2.4,5,0.0669018339088751,5.31039935144784,0.0567901571917706,4.67191607658537,340.205606964616,10.1060074191339
0,0.48,2.4,6,0.080273067334485,5.29021695328113,0.0567836964230343,4.65520687696641,338.988854928605,10.0824805940051
0,0.48,2.4,7,0.0936412587322424,5.27466763707628,0.0567772371241578,4.64238130353935,338.054905790628,10.067467436472
0,0.48,2.4,8,0.107006409140146,5.26343336963884,0.0567707792946396,4.63315931676023,337.383367270205,10.0603698748339
0,0.48,2.4,9,0.120368519595722,5.253816552663,0.0567643229339783,4.62520161495402,336.803893082604,10.0561510101467
0,0.48,2.4,10,0.133727591136025,5.24507526674978,0.0567578680416728,4.61786191065441,336.269421034036,10.0534226365819
0,0.48,2.4,11,0.147083624797638,5.23940162276398,0.0567514146172224,4.61312156999139,335.924232797336,10.0563582321702
0,0.48,2.4,12,0.160436621616671,5.23388277093915,0.0567449626601263,4.60849187384758,335.587101615859,10.0595562290635
0,0.48,2.4,13,0.173786582628767,5.22892250823208,0.0567385121698841,4.60430297563931,335.282069026639,10.06375057867
0,0.48,2.4,14,0.187133508869093,5.2252798948118,0.0567320631459957,4.60122249496424,335.057750614102,10.0703679617911
0,0.48,2.4,15,0.200477401372349,5.22279327261418,0.0567256155879612,4.59910763381772,334.903747929079,10.0791039233922
0,0.48,2.4,16,0.213841091428395,5.22225276915831,0.0567252256344134,4.59866102419464,334.871226133866,10.0914801104158
0,0.48,2.4,17,0.22720615964267,5.22225276915831,0.0567252256344134,4.59866102419464,334.871226133866,10.10484517863
0,0.48,2.4,18,0.240571227856944,5.22225276915831,0.0567252256344134,4.59866102419464,334.871226133866,10.1182102468443
0,0.48,2.4,19,0.253936296071219,5.22225276915831,0.0567252256344134,4.59866102419464,334.871226133866,10.1315753150586
0,0.48,2.4,20,0.267301364285494,5.22225276915831,0.0567252256344134,4.59866102419464,334.871226133866,10.1449403832729
0,0.48,2.4,21,0.280666432499768,5.22225276915831,0.0567252256344134,4.59866102419464,334.871226133866,10.1583054514871
0,0.48,2.4,22,0.294031500714043,5.22225276915831,0.0567252256344134,4.59866102419464,334.871226133866,10.1716705197014
0,0.48,2.4,23,0.307396568928318,5.22225276915831,0.0567252256344134,4.59866102419464,334.871226133866,10.1850355879157
0,0.48,2.4,24,0.320761637142593,5.22225276915831,0.0567252256344134,4.59866102419464,334.871226133866,10.19840065613
0,0.48,2.5,1,0.0133864591513969,5.69075461932495,0.0576179131588028,5.00643218942092,364.564832460345,10.7681911810561
0,0.48,2.5,2,0.0267698710778562,5.54902722470585,0.0576113552356115,4.88686961429916,355.858370748969,10.5202780653185
0,0.48,2.5,3,0.0401502368197412,5.47783915711487,0.0576047988050624,4.82672652018771,351.478793397514,10.4023207129274
0,0.48,2.5,4,0.0535275574169423,5.43402904607064,0.0575982438666458,4.7898114049602,348.790660953293,10.3349662523144
0,0.48,2.5,5,0.066901833908876,5.40063362677899,0.0575916904198525,4.76185817486534,346.755126612532,10.2869853259731
0,0.48,2.5,6,0.0802730673344862,5.37381274604545,0.0575851384641734,4.73947297825453,345.125052511207,10.2511439300986
0,0.48,2.5,7,0.093641258732244,5.35167466523516,0.0575785879990995,4.7208385160581,343.768104223166,10.2237330280246
0,0.48,2.5,8,0.107006409140148,5.33308500090118,0.0575720390241224,4.7051979409693,342.629168665649,10.2028613900348
0,0.48,2.5,9,0.120368519595724,5.31933625451133,0.0575654915387336,4.69356442494623,341.782024300278,10.190834690592
0,0.48,2.5,10,0.133727591136027,5.30776958242773,0.0575589455424249,4.68375275117256,341.06754519218,10.1828088702787
0,0.48,2.5,11,0.14708362479764,5.29849679196919,0.0575524010346884,4.67586956576834,340.49349723599,10.1790023835699
0,0.48,2.5,12,0.160436621616675,5.28981891771488,0.0575458580150165,4.66851791176628,339.958155018585,10.1763193091128
0,0.48,2.5,13,0.17378658262877,5.28344603826584,0.0575393164829016,4.66312230278954,339.565250609177,10.1778942401671
0,0.48,2.5,14,0.187133508869097,5.27773153046495,0.0575327764378364,4.65830932574907,339.214773043117,10.180707141521
0,0.48,2.5,15,0.200477401372354,5.27175527365309,0.0575262378793141,4.65377717961402,338.884745383918,10.1835360925188
0,0.48,2.5,16,0.213818261172768,5.26599993631963,0.0575197008068279,4.64925384370711,338.555359279269,10.1865917420063
0,0.48,2.5,17,0.2271560893041,5.26131535404234,0.0575131652198711,4.6453417695825,338.270484822999,10.1913263781488
0,0.48,2.5,18,0.240490886799637,5.25779644895128,0.0575066311179374,4.64233615704806,338.051618255232,10.1981301239169
0,0.48,2.5,19,0.253822654692199,5.25498315843969,0.0575000985005209,4.63991567822851,337.875360708553,10.2062215898609
0,0.48,2.5,20,0.267181450840609,5.25407824220215,0.0575000358872744,4.63915847705273,337.820221857302,10.2179182059828
0,0.48,2.5,21,0.280540523382639,5.25319219321462,0.0575000358872744,4.63840870893814,337.765624276284,10.2296414614227
0,0.48,2.5,22,0.29389959592467,5.25275065369901,0.0575000358872744,4.63803481553882,337.738397624783,10.2421851010498
0,0.48,2.5,23,0.3072586684667,5.25275065369901,0.0575000358872744,4.63803481553882,337.738397624783,10.2555441735918
0,0.48,2.5,24,0.320617741008731,5.25275065369901,0.0575000358872744,4.63803481553882,337.738397624783,10.2689032461338
0,0.49,2.1,1,0.01338703087682,5.36559282512784,0.0547409740147072,4.58072677392432,333.565266780433,10.0144476039437
0,0.49,2.1,2,0.02677406175364,5.35850238972802,0.0547409740147072,4.574998157463,333.148113002766,10.0150155829594
0,0.49,2.1,3,0.04016109263046,5.35837880994058,0.0547409740147072,4.5748969659649,333.140744309821,10.0281778425506
0,0.49,2.1,4,0.05354812350728,5.35837880994058,0.0547409740147072,4.5748969659649,333.140744309821,10.0415648734275
0,0.49,2.1,5,0.0669351543841,5.35837880994058,0.0547409740147072,4.5748969659649,333.140744309821,10.0549519043043
0,0.49,2.1,6,0.08032218526092,5.35837880994058,0.0547409740147072,4.5748969659649,333.140744309821,10.0683389351811
0,0.49,2.1,7,0.09370921613774,5.35837880994058,0.0547409740147072,4.5748969659649,333.140744309821,10.0817259660579
0,0.49,2.1,8,0.10709624701456,5.35837880994058,0.0547409740147072,4.5748969659649,333.140744309821,10.0951129969347
0,0.49,2.1,9,0.12048327789138,5.35837880994058,0.0547409740147072,4.5748969659649,333.140744309821,10.1085000278116
0,0.49,2.1,10,0.1338703087682,5.35837880994058,0.0547409740147072,4.5748969659649,333.140744309821,10.1218870586884
0,0.49,2.1,11,0.14725733964502,5.35837880994058,0.0547409740147072,4.5748969659649,333.140744309821,10.1352740895652
0,0.49,2.1,12,0.16064437052184,5.35837880994058,0.0547409740147072,4.5748969659649,333.140744309821,10.148661120442
0,0.49,2.1,13,0.17403140139866,5.35837880994058,0.0547409740147072,4.5748969659649,333.140744309821,10.1620481513188
0,0.49,2.1,14,0.18741843227548,5.35837880994058,0.0547409740147072,4.5748969659649,333.140744309821,10.1754351821957
0,0.49,2.1,15,0.2008054631523,5.35837880994058,0.0547409740147072,4.5748969659649,333.140744309821,10.1888222130725
0,0.49,2.1,16,0.21419249402912,5.35837880994058,0.0547409740147072,4.5748969659649,333.140744309821,10.2022092439493
0,0.49,2.1,17,0.22757952490594,5.35837880994058,0.0547409740147072,4.5748969659649,333.140744309821,10.2155962748261
0,0.49,2.1,18,0.24096655578276,5.35837880994058,0.0547409740147072,4.5748969659649,333.140744309821,10.2289833057029
0,0.49,2.1,19,0.25435358665958,5.35837880994058,0.0547409740147072,4.5748969659649,333.140744309821,10.2423703365798
0,0.49,2.1,20,0.2677406175364,5.35837880994058,0.0547409740147072,4.5748969659649,333.140744309821,10.2557573674566
0,0.49,2.1,21,0.28112764841322,5.35837880994058,0.0547409740147072,4.5748969659649,333.140744309821,10.2691443983334
0,0.49,2.1,22,0.29451467929004,5.35837880994058,0.0547409740147072,4.5748969659649,333.140744309821,10.2825314292102
0,0.49,2.1,23,0.30790171016686,5.35837880994058,0.0547409740147072,4.5748969659649,333.140744309821,10.295918460087
0,0.49,2.1,24,0.32128874104368,5.35837880994058,0.0547409740147072,4.5748969659649,333.140744309821,10.3093054909639
0,0.49,2.2,1,0.0133864591513969,5.41170860771051,0.0555703074281664,4.63587949532585,337.581448739307,10.1165448696159
0,0.49,2.2,2,0.026769871077856,5.36576978934112,0.0555639825582109,4.59821980705986,334.839097015816,10.046323450037
0,0.49,2.2,3,0.040150236819741,5.34581842977092,0.0555576591278526,4.58212989163679,333.667440814638,10.0236562173553
0,0.49,2.2,4,0.053527557416942,5.33485129592403,0.0555513371366,4.57322941741876,333.019314610318,10.0171596078963
0,0.49,2.2,5,0.0669018339088756,5.32832570834808,0.0555450165839619,4.56795393432963,332.635157682636,10.0187264931705
0,0.49,2.2,6,0.0802787581586273,5.32590049301651,0.0555426347920244,4.56599101580984,332.49221935166,10.027712901777
0,0.49,2.2,7,0.0936585511850652,5.32521102430507,0.0555426347920244,4.56543636547591,332.4518301087,10.0398485757581
0,0.49,2.2,8,0.107038344211503,5.32521102430507,0.0555426347920244,4.56543636547591,332.4518301087,10.0532283687845
0,0.49,2.2,9,0.120418137237941,5.32521102430507,0.0555426347920244,4.56543636547591,332.4518301087,10.0666081618109
0,0.49,2.2,10,0.133797930264379,5.32521102430507,0.0555426347920244,4.56543636547591,332.4518301087,10.0799879548374
0,0.49,2.2,11,0.147177723290817,5.32521102430507,0.0555426347920244,4.56543636547591,332.4518301087,10.0933677478638
0,0.49,2.2,12,0.160557516317255,5.32521102430507,0.0555426347920244,4.56543636547591,332.4518301087,10.1067475408903
0,0.49,2.2,13,0.173937309343693,5.32521102430507,0.0555426347920244,4.56543636547591,332.4518301087,10.1201273339167
0,0.49,2.2,14,0.18731710237013,5.32521102430507,0.0555426347920244,4.56543636547591,332.4518301087,10.1335071269431
0,0.49,2.2,15,0.200696895396568,5.32521102430507,0.0555426347920244,4.56543636547591,332.4518301087,10.1468869199696
0,0.49,2.2,16,0.214076688423006,5.32521102430507,0.0555426347920244,4.56543636547591,332.4518301087,10.160266712996
0,0.49,2.2,17,0.227456481449444,5.32521102430507,0.0555426347920244,4.56543636547591,332.4518301087,10.1736465060225
0,0.49,2.2,18,0.240836274475882,5.32521102430507,0.0555426347920244,4.56543636547591,332.4518301087,10.1870262990489
0,0.49,2.2,19,0.25421606750232,5.32521102430507,0.0555426347920244,4.56543636547591,332.4518301087,10.2004060920753
0,0.49,2.2,20,0.267595860528758,5.32521102430507,0.0555426347920244,4.56543636547591,332.4518301087,10.2137858851018
0,0.49,2.2,21,0.280975653555196,5.32521102430507,0.0555426347920244,4.56543636547591,332.4518301087,10.2271656781282
0,0.49,2.2,22,0.294355446581633,5.32521102430507,0.0555426347920244,4.56543636547591,332.4518301087,10.2405454711546
0,0.49,2.2,23,0.307735239608071,5.32521102430507,0.0555426347920244,4.56543636547591,332.4518301087,10.2539252641811
0,0.49,2.2,24,0.321115032634509,5.32521102430507,0.0555426347920244,4.56543636547591,332.4518301087,10.2673050572075
0,0.49,2.3,1,0.0133864591513969,5.52386953217743,0.056396491109787,4.74428372825843,345.475367906048,10.337936210697
0,0.49,2.3,2,0.026769871077856,5.4276984951683,0.0563900722057226,4.66498436324606,339.700844527696,10.1758428016979
0,0.49,2.3,3,0.040150236819741,5.38753649067618,0.0563836547626583,4.6319366676682,337.294334832628,10.1160070499268
0,0.49,2.3,4,0.053527557416942,5.36288054033693,0.0563772387800954,4.61187295642416,335.833309645135,10.0846582929581
0,0.49,2.3,5,0.0669018339088756,5.34490319957259,0.0563708242575354,4.59736562939613,334.776896405663,10.0655414871351
0,0.49,2.3,6,0.0802730673344856,5.33231392988161,0.0563644111944799,4.5872744237902,334.042061988287,10.0562258322008
0,0.49,2.3,7,0.0936412587322432,5.32212100786087,0.0563579995904309,4.57925681487809,333.458225407827,10.0513770810616
0,0.49,2.3,8,0.107006409140147,5.3139119333905,0.0563515894448906,4.57277449734356,332.986187653891,10.0500444293191
0,0.49,2.3,9,0.120368519595723,5.30860234236695,0.0563451807573613,4.56849808161884,332.674782101348,10.0538141243389
0,0.49,2.3,10,0.133727591136026,5.30419148365684,0.0563387735273457,4.56487736180166,332.411123858593,10.0591352101219
0,0.49,2.3,11,0.147083624797639,5.30159850933751,0.0563323677543466,4.56271631284875,332.253757810348,10.0677308147382
0,0.49,2.3,12,0.160453874416338,5.30154891275534,0.0563320205372584,4.56267357079464,332.250645364357,10.0810083785036
0,0.49,2.3,13,0.1738250306177,5.30154891275534,0.0563320205372584,4.56267357079464,332.250645364357,10.0943795347049
0,0.49,2.3,14,0.187196186819061,5.30154891275534,0.0563320205372584,4.56267357079464,332.250645364357,10.1077506909063
0,0.49,2.3,15,0.200567343020423,5.30154891275534,0.0563320205372584,4.56267357079464,332.250645364357,10.1211218471077
0,0.49,2.3,16,0.213938499221785,5.30154891275534,0.0563320205372584,4.56267357079464,332.250645364357,10.134493003309
0,0.49,2.3,17,0.227309655423146,5.30154891275534,0.0563320205372584,4.56267357079464,332.250645364357,10.1478641595104
0,0.49,2.3,18,0.240680811624508,5.30154891275534,0.0563320205372584,4.56267357079464,332.250645364357,10.1612353157117
0,0.49,2.3,19,0.254051967825869,5.30154891275534,0.0563320205372584,4.56267357079464,332.250645364357,10.1746064719131
0,0.49,2.3,20,0.267423124027231,5.30154891275534,0.0563320205372584,4.56267357079464,332.250645364357,10.1879776281145
0,0.49,2.3,21,0.280794280228592,5.30154891275534,0.0563320205372584,4.56267357079464,332.250645364357,10.2013487843158
0,0.49,2.3,22,0.294165436429954,5.30154891275534,0.0563320205372584,4.56267357079464,332.250645364357,10.2147199405172
0,0.49,2.3,23,0.307536592631315,5.30154891275534,0.0563320205372584,4.56267357079464,332.250645364357,10.2280910967186
0,0.49,2.3,24,0.320907748832677,5.30154891275534,0.0563320205372584,4.56267357079464,332.250645364357,10.2414622529199
0,0.49,2.4,1,0.0133864591513969,5.65264541766665,0.0572175414634269,4.86560589845475,354.309962079681,10.5888553167362
0,0.49,2.4,2,0.0267698710778561,5.51899071204734,0.0572110291095156,4.75530424931753,346.277874413981,10.3582758615522
0,0.49,2.4,3,0.040150236819741,5.45634328674995,0.0572045182378746,4.70345666798319,342.502370404845,10.2571547097908
0,0.49,2.4,4,0.053527557416942,5.41707687918888,0.0571980088479977,4.67114843927632,340.149708161562,10.1989508847301
0,0.49,2.4,5,0.0669018339088756,5.38817428876229,0.0571915009393792,4.6474897884955,338.426902033003,10.159757412106
0,0.49,2.4,6,0.0802730673344856,5.36450047560099,0.0571849945115135,4.62820572519935,337.022650254746,10.1301642626463
0,0.49,2.4,7,0.0936412587322432,5.34550353386305,0.0571784895638953,4.61275073181214,335.89722862479,10.1090740139713
0,0.49,2.4,8,0.107006409140147,5.33104670974007,0.0571719860960195,4.60096558803738,335.039042834349,10.0961906930136
0,0.49,2.4,9,0.120368519595723,5.32010794472217,0.0571654841073813,4.59208393426027,334.392287121156,10.0897258826855
0,0.49,2.4,10,0.133727591136026,5.31073300589208,0.057158983597476,4.58432923061735,333.827595115472,10.0859488112429
0,0.49,2.4,11,0.147083624797639,5.30212366118022,0.0571524845657991,4.57716467598484,333.305877341132,10.0835244465285
0,0.49,2.4,12,0.160436621616673,5.29622488683022,0.0571459870118467,4.57227999985185,332.950178698131,10.0860874953106
0,0.49,2.4,13,0.173786582628769,5.29073168500252,0.0571394909351146,4.5677318770347,332.618987628302,10.0893896356011
0,0.49,2.4,14,0.187133508869095,5.28524651454311,0.0571329963350993,4.56319279341265,332.288454786233,10.09270581316
0,0.49,2.4,15,0.200477401372352,5.28112065550336,0.0571265032112971,4.55978932120425,332.040616359886,10.0985138812913
0,0.49,2.4,16,0.213818261172766,5.27744922713189,0.0571200115632049,4.55677277727843,331.82095377597,10.1051602771463
0,0.49,2.4,17,0.227161778572259,5.27559475164237,0.0571149518346446,4.55522727724912,331.708411562687,10.1150987592984
0,0.49,2.4,18,0.240524236135333,5.27477667255417,0.0571149518346446,4.55455728457307,331.659623172382,10.1269731450972
0,0.49,2.4,19,0.253886693698407,5.27477667255417,0.0571149518346446,4.55455728457307,331.659623172382,10.1403356026603
0,0.49,2.4,20,0.267249151261481,5.27477667255417,0.0571149518346446,4.55455728457307,331.659623172382,10.1536980602234
0,0.49,2.4,21,0.280611608824555,5.27477667255417,0.0571149518346446,4.55455728457307,331.659623172382,10.1670605177864
0,0.49,2.4,22,0.293974066387629,5.27477667255417,0.0571149518346446,4.55455728457307,331.659623172382,10.1804229753495
0,0.49,2.4,23,0.307336523950704,5.27477667255417,0.0571149518346446,4.55455728457307,331.659623172382,10.1937854329126
0,0.49,2.4,24,0.320698981513778,5.27477667255417,0.0571149518346446,4.55455728457307,331.659623172382,10.2071478904757
0,0.49,2.5,1,0.0133864591513969,5.79884000095137,0.0580337761889373,5.00069787063911,364.147263443754,10.8709581069308
0,0.49,2.5,2,0.0267698710778561,5.6408942172987,0.0580271709332817,4.87004128189504,354.632943548245,10.5957325412049
0,0.49,2.5,3,0.0401502368197411,5.55429443281889,0.0580205671810416,4.79825650773276,349.405627332722,10.4507217445524
0,0.49,2.5,4,0.053527557416942,5.50147619866625,0.0580139649317038,4.75455847243054,346.223567471318,10.3675761934454
0,0.49,2.5,5,0.0669018339088756,5.46041443042708,0.0580073641847551,4.72079500537509,343.764935806165,10.3061186338958
0,0.49,2.5,6,0.0802730673344856,5.42856733261784,0.0580007649396829,4.69465799706876,341.861657444712,10.2614991619608
0,0.49,2.5,7,0.0936412587322432,5.40219585192134,0.0579941671959745,4.67286170206588,340.274466739767,10.2266929799154
0,0.49,2.5,8,0.107006409140147,5.37982677014992,0.0579875709531179,4.65449946819221,338.937341924635,10.1993202184354
0,0.49,2.5,9,0.120368519595723,5.35962428336636,0.0579809762106007,4.63780705865169,337.721812530197,10.1757808378244
0,0.49,2.5,10,0.133727591136026,5.34393142302781,0.0579743829679113,4.62474242708629,336.770455348558,10.160375824218
0,0.49,2.5,11,0.147083624797639,5.33082906080792,0.057967791224538,4.6137821010194,335.972332197159,10.1496625778495
0,0.49,2.5,12,0.160436621616673,5.31955387340555,0.0579612009799695,4.60437807802135,335.287537928701,10.1423297740235
0,0.49,2.5,13,0.173786582628769,5.31050330758478,0.0579546122336947,4.59687764779531,334.741361932447,10.1391221502426
0,0.49,2.5,14,0.187133508869095,5.30192170083136,0.0579480249852025,4.58979272999278,334.225443255443,10.1367959646784
0,0.49,2.5,15,0.200477401372351,5.29495326153313,0.0579414392339825,4.58450534203476,333.840419423673,10.1378774441742
0,0.49,2.5,16,0.213818261172766,5.2884766532327,0.0579348549795241,4.57946179709647,333.473152067227,10.1396915664815
0,0.49,2.5,17,0.227156089304098,5.28310512251917,0.0579282722213171,4.57508170451398,333.154196839616,10.1432711885586
0,0.49,2.5,18,0.240490886799635,5.27772613953028,0.0579216909588516,4.57070998273113,332.835851167683,10.1468487000199
0,0.49,2.5,19,0.253822654692196,5.27245151048987,0.0579151111916178,4.56634660777466,332.518113305713,10.1505358841483
0,0.49,2.5,20,0.267151394014133,5.26776483925699,0.0579085329191063,4.5624348788141,332.233263984044,10.1552596450043
0,0.49,2.5,21,0.280477105797325,5.26420100872475,0.0579019561408077,4.55942638645715,332.014187709649,10.16200645712
0,0.49,2.5,22,0.293799791073185,5.26085315966243,0.057895380856213,4.55660883300219,331.809015470339,10.169157164594
0,0.49,2.5,23,0.307138391226737,5.25873281922752,0.0578923771236291,4.55484673367886,331.680700650467,10.1786103212567
0,0.49,2.5,24,0.320492234323551,5.2578508801183,0.0578923771236291,4.55412396826623,331.628069387005,10.1903594598317
0,0.5,2,1,0.0133875801394145,5.37204972348363,0.0542482204489013,4.48289139391606,326.440963969187,9.92257691798801
0,0.5,2,2,0.026775160278829,5.37204972348363,0.0542482204489013,4.48289139391606,326.440963969187,9.93596449812743
0,0.5,2,3,0.0401627404182435,5.37204972348363,0.0542482204489013,4.48289139391606,326.440963969187,9.94935207826684
0,0.5,2,4,0.053550320557658,5.37204972348363,0.0542482204489013,4.48289139391606,326.440963969187,9.96273965840626
0,0.5,2,5,0.0669379006970725,5.37204972348363,0.0542482204489013,4.48289139391606,326.440963969187,9.97612723854567
0,0.5,2,6,0.080325480836487,5.37204972348363,0.0542482204489013,4.48289139391606,326.440963969187,9.98951481868509
0,0.5,2,7,0.0937130609759016,5.37204972348363,0.0542482204489013,4.48289139391606,326.440963969187,10.0029023988245
0,0.5,2,8,0.107100641115316,5.37204972348363,0.0542482204489013,4.48289139391606,326.440963969187,10.0162899789639
0,0.5,2,9,0.120488221254731,5.37204972348363,0.0542482204489013,4.48289139391606,326.440963969187,10.0296775591033
0,0.5,2,10,0.133875801394145,5.37204972348363,0.0542482204489013,4.48289139391606,326.440963969187,10.0430651392427
0,0.5,2,11,0.14726338153356,5.37204972348363,0.0542482204489013,4.48289139391606,326.440963969187,10.0564527193822
0,0.5,2,12,0.160650961672974,5.37204972348363,0.0542482204489013,4.48289139391606,326.440963969187,10.0698402995216
0,0.5,2,13,0.174038541812389,5.37204972348363,0.0542482204489013,4.48289139391606,326.440963969187,10.083227879661
0,0.5,2,14,0.187426121951803,5.37204972348363,0.0542482204489013,4.48289139391606,326.440963969187,10.0966154598004
0,0.5,2,15,0.200813702091218,5.37204972348363,0.0542482204489013,4.48289139391606,326.440963969187,10.1100030399398
0,0.5,2,16,0.214201282230632,5.37204972348363,0.0542482204489013,4.48289139391606,326.440963969187,10.1233906200792
0,0.5,2,17,0.227588862370047,5.37204972348363,0.0542482204489013,4.48289139391606,326.440963969187,10.1367782002186
0,0.5,2,18,0.240976442509461,5.37204972348363,0.0542482204489013,4.48289139391606,326.440963969187,10.1501657803581
0,0.5,2,19,0.254364022648876,5.37204972348363,0.0542482204489013,4.48289139391606,326.440963969187,10.1635533604975
0,0.5,2,20,0.26775160278829,5.37204972348363,0.0542482204489013,4.48289139391606,326.440963969187,10.1769409406369
0,0.5,2,21,0.281139182927705,5.37204972348363,0.0542482204489013,4.48289139391606,326.440963969187,10.1903285207763
0,0.5,2,22,0.294526763067119,5.37204972348363,0.0542482204489013,4.48289139391606,326.440963969187,10.2037161009157
0,0.5,2,23,0.307914343206534,5.37204972348363,0.0542482204489013,4.48289139391606,326.440963969187,10.2171036810551
0,0.5,2,24,0.321301923345948,5.37204972348363,0.0542482204489013,4.48289139391606,326.440963969187,10.2304912611945
0,0.5,2.1,1,0.0133864591513968,5.39034920204593,0.055095763058453,4.51627315786647,328.871800285621,9.97510458212224
0,0.5,2.1,2,0.026771031323153,5.36221913260238,0.0550918798589451,4.49384018861007,327.238247414211,9.93792223239455
0,0.5,2.1,3,0.0401546894568412,5.34885312653494,0.0550893314649487,4.48322519531396,326.465271149649,9.92732234277069
0,0.5,2.1,4,0.0535334929152844,5.34366192518969,0.0550830620703033,4.47901136083359,326.158422718825,9.93128984100887
0,0.5,2.1,5,0.0669164214172538,5.34191284148697,0.0550826959904465,4.47764601040927,326.05899887169,9.94155796930394
0,0.5,2.1,6,0.0802997057007045,5.34191284148697,0.0550826959904465,4.47764601040927,326.05899887169,9.95494125358739
0,0.5,2.1,7,0.0936829899841553,5.34191284148697,0.0550826959904465,4.47764601040927,326.05899887169,9.96832453787084
0,0.5,2.1,8,0.107066274267606,5.34191284148697,0.0550826959904465,4.47764601040927,326.05899887169,9.98170782215429
0,0.5,2.1,9,0.120449558551057,5.34191284148697,0.0550826959904465,4.47764601040927,326.05899887169,9.99509110643774
0,0.5,2.1,10,0.133832842834508,5.34191284148697,0.0550826959904465,4.47764601040927,326.05899887169,10.0084743907212
0,0.5,2.1,11,0.147216127117958,5.34191284148697,0.0550826959904465,4.47764601040927,326.05899887169,10.0218576750046
0,0.5,2.1,12,0.160599411401409,5.34191284148697,0.0550826959904465,4.47764601040927,326.05899887169,10.0352409592881
0,0.5,2.1,13,0.17398269568486,5.34191284148697,0.0550826959904465,4.47764601040927,326.05899887169,10.0486242435715
0,0.5,2.1,14,0.187365979968311,5.34191284148697,0.0550826959904465,4.47764601040927,326.05899887169,10.062007527855
0,0.5,2.1,15,0.200749264251761,5.34191284148697,0.0550826959904465,4.47764601040927,326.05899887169,10.0753908121384
0,0.5,2.1,16,0.214132548535212,5.34191284148697,0.0550826959904465,4.47764601040927,326.05899887169,10.0887740964219
0,0.5,2.1,17,0.227515832818663,5.34191284148697,0.0550826959904465,4.47764601040927,326.05899887169,10.1021573807053
0,0.5,2.1,18,0.240899117102114,5.34191284148697,0.0550826959904465,4.47764601040927,326.05899887169,10.1155406649888
0,0.5,2.1,19,0.254282401385564,5.34191284148697,0.0550826959904465,4.47764601040927,326.05899887169,10.1289239492723
0,0.5,2.1,20,0.267665685669015,5.34191284148697,0.0550826959904465,4.47764601040927,326.05899887169,10.1423072335557
0,0.5,2.1,21,0.281048969952466,5.34191284148697,0.0550826959904465,4.47764601040927,326.05899887169,10.1556905178392
0,0.5,2.1,22,0.294432254235917,5.34191284148697,0.0550826959904465,4.47764601040927,326.05899887169,10.1690738021226
0,0.5,2.1,23,0.307815538519367,5.34191284148697,0.0550826959904465,4.47764601040927,326.05899887169,10.1824570864061
0,0.5,2.1,24,0.321198822802818,5.34191284148697,0.0550826959904465,4.47764601040927,326.05899887169,10.1958403706895
0,0.5,2.2,1,0.0133864591513968,5.48320416638858,0.0559419037666489,4.60793598649891,335.546622294364,10.1604685158055
0,0.5,2.2,2,0.0267698710778559,5.40410347352473,0.0559355366025506,4.54414702530955,330.901555494506,10.0309559065147
0,0.5,2.2,3,0.0401502368197407,5.37168204527883,0.055929170887676,4.51824022735235,329.015040886996,9.9860016803386
0,0.5,2.2,4,0.0535275574169415,5.35212709791895,0.0559228066215303,4.50268649473851,327.882429136761,9.96426395669593
0,0.5,2.2,5,0.0669018339088749,5.33851679592791,0.055916443803619,4.49202447783586,327.106028646604,9.95335955147627
0,0.5,2.2,6,0.0802730673344848,5.32877621854121,0.0559100824334479,4.48446208274412,326.555340412886,9.94942145105326
0,0.5,2.2,7,0.0936412587322422,5.32191363264511,0.0559037225105229,4.47898588888951,326.156567869967,9.95044450277739
0,0.5,2.2,8,0.107006409140146,5.31733965892798,0.0558973640343502,4.47527841300318,325.88659211194,9.95552184510565
0,0.5,2.2,9,0.12037112876918,5.31459104311256,0.0558922185282839,4.47306224547781,325.725212368438,9.96391663588784
0,0.5,2.2,10,0.133745698632422,5.31436831752678,0.0558922185282839,4.47288899203806,325.712596176138,9.97689522672554
0,0.5,2.2,11,0.147120268495664,5.31436831752678,0.0558922185282839,4.47288899203806,325.712596176138,9.99026979658878
0,0.5,2.2,12,0.160494838358906,5.31436831752678,0.0558922185282839,4.47288899203806,325.712596176138,10.003644366452
0,0.5,2.2,13,0.173869408222148,5.31436831752678,0.0558922185282839,4.47288899203806,325.712596176138,10.0170189363153
0,0.5,2.2,14,0.187243978085391,5.31436831752678,0.0558922185282839,4.47288899203806,325.712596176138,10.0303935061785
0,0.5,2.2,15,0.200618547948633,5.31436831752678,0.0558922185282839,4.47288899203806,325.712596176138,10.0437680760418
0,0.5,2.2,16,0.213993117811875,5.31436831752678,0.0558922185282839,4.47288899203806,325.712596176138,10.057142645905
0,0.5,2.2,17,0.227367687675117,5.31436831752678,0.0558922185282839,4.47288899203806,325.712596176138,10.0705172157682
0,0.5,2.2,18,0.240742257538359,5.31436831752678,0.0558922185282839,4.47288899203806,325.712596176138,10.0838917856315
0,0.5,2.2,19,0.254116827401602,5.31436831752678,0.0558922185282839,4.47288899203806,325.712596176138,10.0972663554947
0,0.5,2.2,20,0.267491397264844,5.31436831752678,0.0558922185282839,4.47288899203806,325.712596176138,10.110640925358
0,0.5,2.2,21,0.280865967128086,5.31436831752678,0.0558922185282839,4.47288899203806,325.712596176138,10.1240154952212
0,0.5,2.2,22,0.294240536991328,5.31436831752678,0.0558922185282839,4.47288899203806,325.712596176138,10.1373900650844
0,0.5,2.2,23,0.30761510685457,5.31436831752678,0.0558922185282839,4.47288899203806,325.712596176138,10.1507646349477
0,0.5,2.2,24,0.320989676717813,5.31436831752678,0.0558922185282839,4.47288899203806,325.712596176138,10.1641392048109
0,0.5,2.3,1,0.0133864591513968,5.6157227254213,0.0567825011848867,4.73056619654363,344.476466999742,10.4164578823012
0,0.5,2.3,2,0.0267698710778559,5.49382667880899,0.0567760383461448,4.63204333499351,337.302102271416,10.2094159232265
0,0.5,2.3,3,0.0401502368197408,5.43845102755988,0.056769576978403,4.58712849609474,334.031435637258,10.1224993374528
0,0.5,2.3,4,0.0535275574169416,5.40432790818679,0.0567631170811592,4.5597346151717,332.036632705492,10.0743531978566
0,0.5,2.3,5,0.0669018339088751,5.37937824061466,0.0567566586539113,4.53982508591059,330.586834940373,10.042861819088
0,0.5,2.3,6,0.080273067334485,5.35960743834929,0.0567502016961577,4.52407316517352,329.439791271915,10.0207038725534
0,0.5,2.3,7,0.0936412587322424,5.3455499116201,0.0567437462073968,4.51303118465375,328.635722101314,10.0089661012135
0,0.5,2.3,8,0.107006409140146,5.33418539776475,0.0567372921871276,4.50411848218662,327.986705444588,10.0020475812786
0,0.5,2.3,9,0.120368519595722,5.32448159096443,0.0567308396348488,4.49644821803779,327.428162262829,9.99802916823279
0,0.5,2.3,10,0.133727591136025,5.31635421862837,0.0567243885500597,4.49002487302936,326.960418846313,9.99683107134382
0,0.5,2.3,11,0.147083624797638,5.31061490585491,0.0567179389322598,4.48544833817693,326.627158832276,9.99986480776174
0,0.5,2.3,12,0.160436621616671,5.30539572446676,0.0567114907809487,4.48125032084135,326.321462194689,10.0037941577057
0,0.5,2.3,13,0.173786582628767,5.30114917165786,0.0567050440956263,4.47780260031331,326.070401637166,10.0094433986956
0,0.5,2.3,14,0.187133508869093,5.2976855565038,0.0566985988757927,4.47498619633057,325.865313101606,10.0165038605793
0,0.5,2.3,15,0.200489096668654,5.29696801176126,0.0566954623842497,4.47438950990656,325.821862820454,10.0285420807207
0,0.5,2.3,16,0.213855036446565,5.29696801176126,0.0566954623842497,4.47438950990656,325.821862820454,10.0419080204986
0,0.5,2.3,17,0.227220976224475,5.29696801176126,0.0566954623842497,4.47438950990656,325.821862820454,10.0552739602765
0,0.5,2.3,18,0.240586916002385,5.29696801176126,0.0566954623842497,4.47438950990656,325.821862820454,10.0686399000545
0,0.5,2.3,19,0.253952855780296,5.29696801176126,0.0566954623842497,4.47438950990656,325.821862820454,10.0820058398324
0,0.5,2.3,20,0.267318795558206,5.29696801176126,0.0566954623842497,4.47438950990656,325.821862820454,10.0953717796103
0,0.5,2.3,21,0.280684735336116,5.29696801176126,0.0566954623842497,4.47438950990656,325.821862820454,10.1087377193882
0,0.5,2.3,22,0.294050675114026,5.29696801176126,0.0566954623842497,4.47438950990656,325.821862820454,10.1221036591661
0,0.5,2.3,23,0.307416614891937,5.29696801176126,0.0566954623842497,4.47438950990656,325.821862820454,10.135469598944
0,0.5,2.3,24,0.320782554669847,5.29696801176126,0.0566954623842497,4.47438950990656,325.821862820454,10.1488355387219
0,0.5,2.4,1,0.0133864591513969,5.75938336672774,0.0576179131588028,4.86152089954878,354.012495363782,10.6919086385867
0,0.5,2.4,2,0.0267698710778562,5.61472964242274,0.0576113552356115,4.74437539590837,345.482043079141,10.4434862646446
0,0.5,2.4,3,0.0401502368197413,5.54351080005419,0.0576047988050624,4.68657146980083,341.272802278581,10.3278373054798
0,0.5,2.4,4,0.0535275574169423,5.49903792582683,0.0575982438666458,4.65060154189738,338.653497703271,10.2607652690078
0,0.5,2.4,5,0.0669018339088761,5.4670109981487,0.0575916904198525,4.6248507415956,336.778342734114,10.216355264073
0,0.5,2.4,6,0.0802730673344863,5.44056428378089,0.0575851384641734,4.6036845270966,335.237034043476,10.1821070166761
0,0.5,2.4,7,0.093641258732244,5.41859396397819,0.0575785879990996,4.58606429334895,333.953941149958,10.1558781040585
0,0.5,2.4,8,0.107006409140148,5.40093302023036,0.0575720390241225,4.571819923419,332.916676259406,10.1373313918136
0,0.5,2.4,9,0.120368519595724,5.38743511802529,0.0575654915387336,4.56089819182322,332.121363529952,10.126267320983
0,0.5,2.4,10,0.133727591136028,5.37684326254062,0.0575589455424249,4.55228720461383,331.494317563777,10.1204170038329
0,0.5,2.4,11,0.147083624797641,5.36760210481667,0.0575524010346885,4.54473397421722,330.944296696643,10.1169721048662
0,0.5,2.4,12,0.160436621616675,5.35901452145904,0.0575458580150165,4.53773786468637,330.43484497484,10.1147348657771
0,0.5,2.4,13,0.173786582628771,5.35285058356414,0.0575393164829016,4.53273396357476,330.070464453666,10.1169104462506
0,0.5,2.4,14,0.187133508869097,5.34734598804054,0.0575327764378365,4.52826413626958,329.74497480735,10.1202764096171
0,0.5,2.4,15,0.200477401372354,5.341499777608,0.0575262378793142,4.5238031158671,329.420126473427,10.1233065327268
0,0.5,2.4,16,0.213818261172769,5.33567919484491,0.0575197008068279,4.51968844557123,329.120499108012,10.1267056023957
0,0.5,2.4,17,0.2271560893041,5.33202466238139,0.0575131652198711,4.51672470883303,328.904681905953,10.1334186257384
0,0.5,2.4,18,0.240490886799638,5.32864448104355,0.0575066311179375,4.51393319776746,328.701406054923,10.1405751967286
0,0.5,2.4,19,0.253837192470118,5.32713972664172,0.0575033918380021,4.51270764350008,328.612162064541,10.1511879544499
0,0.5,2.4,20,0.267197044705387,5.3262147530483,0.0575033918380021,4.51196863270478,328.558347823864,10.1628838222965
0,0.5,2.4,21,0.280556896940656,5.32597669862492,0.0575033918380021,4.51177787514244,328.544456993803,10.175814862546
0,0.5,2.4,22,0.293916749175926,5.32597669862492,0.0575033918380021,4.51177787514244,328.544456993803,10.1891747147813
0,0.5,2.4,23,0.307276601411195,5.32597669862492,0.0575033918380021,4.51177787514244,328.544456993803,10.2025345670166
0,0.5,2.4,24,0.320636453646464,5.32597669862492,0.0575033918380021,4.51177787514244,328.544456993803,10.2158944192518
0,0.5,2.5,1,0.0133864591513969,5.91093363929925,0.05844846061371,4.99839635015526,363.979668358501,10.9811649092196
0,0.5,2.5,2,0.0267698710778561,5.74451597589927,0.0584418081597362,4.86332784003289,354.144075485101,10.6930554951698
0,0.5,2.5,3,0.0401502368197412,5.65013085459784,0.0584351572199206,4.78657230516656,348.55479200932,10.5352885538041
0,0.5,2.5,4,0.0535275574169422,5.59136227489893,0.0584285077937463,4.7387972605253,345.0758472266,10.4421156006349
0,0.5,2.5,5,0.066901833908876,5.54757043012,0.0584218598806967,4.70344443642441,342.501479711431,10.376338560334
0,0.5,2.5,6,0.0802730673344861,5.51163744055289,0.0584152134802552,4.6744817191612,340.392435232816,10.3248074405288
0,0.5,2.5,7,0.0936412587322438,5.48286678096118,0.0584085685919057,4.65113479351354,338.692328706818,10.2860514017989
0,0.5,2.5,8,0.107006409140148,5.45886845020284,0.0584019252151323,4.6318119838867,337.285255448309,10.2560887684448
0,0.5,2.5,9,0.120368519595724,5.43783149119428,0.0583952833494193,4.61473711243673,336.041875449556,10.2313324065762
0,0.5,2.5,10,0.133727591136027,5.41820535320723,0.0583886429942511,4.5987475351175,334.877525797759,10.209069122455
0,0.5,2.5,11,0.14708362479764,5.40361293005353,0.0583820041491125,4.58674426041666,334.003455868372,10.1958228194169
0,0.5,2.5,12,0.160436621616674,5.39079352636871,0.0583753668134884,4.57626977210188,333.240711076651,10.1858752869007
0,0.5,2.5,13,0.17378658262877,5.37911951969038,0.0583687309868642,4.5669086328487,332.559039572005,10.1781834661547
0,0.5,2.5,14,0.187133508869097,5.37008834301874,0.0583620966687252,4.55959515459502,332.026477285455,10.1751791031516
0,0.5,2.5,15,0.200477401372353,5.36050798389069,0.0583554638585572,4.55236276369595,331.499819722414,10.1717036128175
0,0.5,2.5,16,0.213818261172768,5.35350528943526,0.058348832555846,4.54698592230382,331.108281955173,10.1726583054677
0,0.5,2.5,17,0.2271560893041,5.34725443046548,0.0583422027600778,4.54194879845683,330.741482178031,10.1747015209865
0,0.5,2.5,18,0.240490886799637,5.34163022145073,0.058335574470739,4.53743602328402,330.412865098529,10.1778927060051
0,0.5,2.5,19,0.253822654692199,5.3363318330695,0.0583289476873162,4.53313591639722,330.099734372409,10.1816193518462
0,0.5,2.5,20,0.267151394014136,5.33111216992572,0.0583223224092963,4.52884395217601,329.787196589407,10.1854298385252
0,0.5,2.5,21,0.280477105797328,5.32634430423998,0.0583156986361664,4.5248866281028,329.499027064053,10.1900237367763
0,0.5,2.5,22,0.293799791073188,5.32199155684435,0.0583090763674137,4.52132242921061,329.239484634869,10.1954228534956
0,0.5,2.5,23,0.30711945087266,5.31838660917967,0.0583024556025258,4.51837701337367,329.025001547814,10.2021855290285
0,0.5,2.5,24,0.32043608622622,5.31503595064368,0.0582958363409906,4.51565352253188,328.826678881117,10.2094213957428
0,0.51,2,1,0.01338703087682,5.41878779795514,0.054587584345257,4.4391239829255,323.253852219483,9.92588639610272
0,0.51,2,2,0.02677406175364,5.41238516146624,0.054587584345257,4.43418561778661,322.894243981247,9.92793242535175
0,0.51,2,3,0.04016109263046,5.41231682966927,0.054587584345257,4.43413185057053,322.8903286908,9.94119735721551
0,0.51,2,4,0.05354812350728,5.41231682966927,0.054587584345257,4.43413185057053,322.8903286908,9.95458438809234
0,0.51,2,5,0.0669351543841,5.41231682966927,0.054587584345257,4.43413185057053,322.8903286908,9.96797141896915
0,0.51,2,6,0.08032218526092,5.41231682966927,0.054587584345257,4.43413185057053,322.8903286908,9.98135844984597
0,0.51,2,7,0.0937092161377401,5.41231682966927,0.054587584345257,4.43413185057053,322.8903286908,9.99474548072279
0,0.51,2,8,0.10709624701456,5.41231682966927,0.054587584345257,4.43413185057053,322.8903286908,10.0081325115996
0,0.51,2,9,0.12048327789138,5.41231682966927,0.054587584345257,4.43413185057053,322.8903286908,10.0215195424764
0,0.51,2,10,0.1338703087682,5.41231682966927,0.054587584345257,4.43413185057053,322.8903286908,10.0349065733533
0,0.51,2,11,0.14725733964502,5.41231682966927,0.054587584345257,4.43413185057053,322.8903286908,10.0482936042301
0,0.51,2,12,0.16064437052184,5.41231682966927,0.054587584345257,4.43413185057053,322.8903286908,10.0616806351069
0,0.51,2,13,0.17403140139866,5.41231682966927,0.054587584345257,4.43413185057053,322.8903286908,10.0750676659837
0,0.51,2,14,0.18741843227548,5.41231682966927,0.054587584345257,4.43413185057053,322.8903286908,10.0884546968605
0,0.51,2,15,0.2008054631523,5.41231682966927,0.054587584345257,4.43413185057053,322.8903286908,10.1018417277374
0,0.51,2,16,0.21419249402912,5.41231682966927,0.054587584345257,4.43413185057053,322.8903286908,10.1152287586142
0,0.51,2,17,0.22757952490594,5.41231682966927,0.054587584345257,4.43413185057053,322.8903286908,10.128615789491
0,0.51,2,18,0.24096655578276,5.41231682966927,0.054587584345257,4.43413185057053,322.8903286908,10.1420028203678
0,0.51,2,19,0.25435358665958,5.41231682966927,0.054587584345257,4.43413185057053,322.8903286908,10.1553898512446
0,0.51,2,20,0.2677406175364,5.41231682966927,0.054587584345257,4.43413185057053,322.8903286908,10.1687768821215
0,0.51,2,21,0.28112764841322,5.41231682966927,0.054587584345257,4.43413185057053,322.8903286908,10.1821639129983
0,0.51,2,22,0.29451467929004,5.41231682966927,0.054587584345257,4.43413185057053,322.8903286908,10.1955509438751
0,0.51,2,23,0.30790171016686,5.41231682966927,0.054587584345257,4.43413185057053,322.8903286908,10.2089379747519
0,0.51,2,24,0.32128874104368,5.41231682966927,0.054587584345257,4.43413185057053,322.8903286908,10.2223250056287
0,0.51,2.1,1,0.0133864591513969,5.46788375718861,0.0554518419869082,4.49573241318711,327.37603786254,10.032454471514
0,0.51,2.1,2,0.026769871077856,5.42348226937858,0.0554455306003856,4.46079686807445,324.832056306608,9.96649453913126
0,0.51,2.1,3,0.0401519852677932,5.40460092395013,0.0554416348976046,4.44611548661811,323.76296854742,9.94631003073364
0,0.51,2.1,4,0.0535298881504739,5.39390798144742,0.0554353258342255,4.43767630008004,323.148432983979,9.94054949551217
0,0.51,2.1,5,0.0669047466628448,5.38826649291492,0.0554290182065816,4.4332858421435,322.828722958656,9.94388609992784
0,0.51,2.1,6,0.0802841068280944,5.38596658166728,0.0554279210499439,4.4315142253587,322.699715084006,9.95319283490402
0,0.51,2.1,7,0.0936647912994435,5.38561781345829,0.0554279210499439,4.43124635897211,322.680209244188,9.96595688477979
0,0.51,2.1,8,0.107045475770793,5.38561781345829,0.0554279210499439,4.43124635897211,322.680209244188,9.97933756925114
0,0.51,2.1,9,0.120426160242142,5.38561781345829,0.0554279210499439,4.43124635897211,322.680209244188,9.99271825372248
0,0.51,2.1,10,0.133806844713491,5.38561781345829,0.0554279210499439,4.43124635897211,322.680209244188,10.0060989381938
0,0.51,2.1,11,0.14718752918484,5.38561781345829,0.0554279210499439,4.43124635897211,322.680209244188,10.0194796226652
0,0.51,2.1,12,0.160568213656189,5.38561781345829,0.0554279210499439,4.43124635897211,322.680209244188,10.0328603071365
0,0.51,2.1,13,0.173948898127538,5.38561781345829,0.0554279210499439,4.43124635897211,322.680209244188,10.0462409916079
0,0.51,2.1,14,0.187329582598887,5.38561781345829,0.0554279210499439,4.43124635897211,322.680209244188,10.0596216760792
0,0.51,2.1,15,0.200710267070236,5.38561781345829,0.0554279210499439,4.43124635897211,322.680209244188,10.0730023605506
0,0.51,2.1,16,0.214090951541585,5.38561781345829,0.0554279210499439,4.43124635897211,322.680209244188,10.0863830450219
0,0.51,2.1,17,0.227471636012934,5.38561781345829,0.0554279210499439,4.43124635897211,322.680209244188,10.0997637294933
0,0.51,2.1,18,0.240852320484283,5.38561781345829,0.0554279210499439,4.43124635897211,322.680209244188,10.1131444139646
0,0.51,2.1,19,0.254233004955632,5.38561781345829,0.0554279210499439,4.43124635897211,322.680209244188,10.126525098436
0,0.51,2.1,20,0.267613689426981,5.38561781345829,0.0554279210499439,4.43124635897211,322.680209244188,10.1399057829073
0,0.51,2.1,21,0.280994373898331,5.38561781345829,0.0554279210499439,4.43124635897211,322.680209244188,10.1532864673787
0,0.51,2.1,22,0.29437505836968,5.38561781345829,0.0554279210499439,4.43124635897211,322.680209244188,10.16666715185
0,0.51,2.1,23,0.307755742841029,5.38561781345829,0.0554279210499439,4.43124635897211,322.680209244188,10.1800478363214
0,0.51,2.1,24,0.321136427312378,5.38561781345829,0.0554279210499439,4.43124635897211,322.680209244188,10.1934285207927
0,0.51,2.2,1,0.0133864591513969,5.57754748832485,0.0563124274833228,4.59888561967008,334.8875810167,10.2461319946296
0,0.51,2.2,2,0.026769871077856,5.48162255281253,0.0563060181471648,4.52293715406963,329.357067751034,10.0876355961072
0,0.51,2.2,3,0.040150236819741,5.44127275831952,0.0562996102698292,4.49108558009292,327.037658780519,10.028808185502
0,0.51,2.2,4,0.053527557416942,5.41773845433804,0.0562932038508181,4.47261527664106,325.69266441554,10.0001744922469
0,0.51,2.2,5,0.0669018339088756,5.4003714275975,0.0562867988896336,4.45919509260766,324.715416155979,9.98275515300367
0,0.51,2.2,6,0.0802730673344856,5.38785565141883,0.0562803953857781,4.44952953476002,324.011577105726,9.97393864889911
0,0.51,2.2,7,0.0936412587322432,5.37843236182052,0.0562739933387544,4.44245427514165,323.496361730825,9.97080188903317
0,0.51,2.2,8,0.107006409140147,5.37095952831816,0.0562675927480652,4.43669735170633,323.077146659438,9.9709308819127
0,0.51,2.2,9,0.120368519595723,5.36601991419398,0.0562611936132139,4.43280381393076,322.793622006926,9.97545344133368
0,0.51,2.2,10,0.133727591136026,5.36223608985878,0.0562547959337036,4.42981418707547,322.575919504949,9.98203266400398
0,0.51,2.2,11,0.147091683296104,5.36074736496633,0.0562514814772724,4.42863273500176,322.489887004954,9.99272326474147
0,0.51,2.2,12,0.16046365450484,5.36074736496633,0.0562514814772724,4.42863273500176,322.489887004954,10.0060952359502
0,0.51,2.2,13,0.173835625713577,5.36074736496633,0.0562514814772724,4.42863273500176,322.489887004954,10.0194672071589
0,0.51,2.2,14,0.187207596922314,5.36074736496633,0.0562514814772724,4.42863273500176,322.489887004954,10.0328391783677
0,0.51,2.2,15,0.200579568131051,5.36074736496633,0.0562514814772724,4.42863273500176,322.489887004954,10.0462111495764
0,0.51,2.2,16,0.213951539339787,5.36074736496633,0.0562514814772724,4.42863273500176,322.489887004954,10.0595831207852
0,0.51,2.2,17,0.227323510548524,5.36074736496633,0.0562514814772724,4.42863273500176,322.489887004954,10.0729550919939
0,0.51,2.2,18,0.240695481757261,5.36074736496633,0.0562514814772724,4.42863273500176,322.489887004954,10.0863270632026
0,0.51,2.2,19,0.254067452965997,5.36074736496633,0.0562514814772724,4.42863273500176,322.489887004954,10.0996990344114
0,0.51,2.2,20,0.267439424174734,5.36074736496633,0.0562514814772724,4.42863273500176,322.489887004954,10.1130710056201
0,0.51,2.2,21,0.280811395383471,5.36074736496633,0.0562514814772724,4.42863273500176,322.489887004954,10.1264429768288
0,0.51,2.2,22,0.294183366592208,5.36074736496633,0.0562514814772724,4.42863273500176,322.489887004954,10.1398149480376
0,0.51,2.2,23,0.307555337800944,5.36074736496633,0.0562514814772724,4.42863273500176,322.489887004954,10.1531869192463
0,0.51,2.2,24,0.320927309009681,5.36074736496633,0.0562514814772724,4.42863273500176,322.489887004954,10.1665588904551
0,0.51,2.3,1,0.0133864591513969,5.71846542056331,0.0571674145313066,4.72586559307833,344.134172397527,10.5148848873243
0,0.51,2.3,2,0.026769871077856,5.5834330446297,0.0571609078827143,4.61873821967733,336.333233234029,10.2861020432676
0,0.51,2.3,3,0.0401502368197411,5.52016246889433,0.0571544027150936,4.56838616480698,332.666632398681,10.1858532732361
0,0.51,2.3,4,0.053527557416942,5.48131440371673,0.0571478990279389,4.53767905219736,330.430562291206,10.129668912359
0,0.51,2.3,5,0.0669018339088756,5.45271456671342,0.057141396820745,4.51521806151937,328.794968919799,10.0919758589624
0,0.51,2.3,6,0.0802730673344857,5.43030301888671,0.0571348960930065,4.49766070293091,327.516454550669,10.0653716852451
0,0.51,2.3,7,0.0936412587322433,5.4118146622564,0.0571283968442188,4.48326107364126,326.467883783933,10.0458453914741
0,0.51,2.3,8,0.107006409140147,5.39887025680968,0.0571218990738771,4.47321705231289,325.736485292101,10.0362156173366
0,0.51,2.3,9,0.120368519595723,5.38795222497139,0.057115402781477,4.46472678632756,325.118230159628,10.0301629336761
0,0.51,2.3,10,0.133727591136026,5.37837453919813,0.0571089079665144,4.45718998700119,324.569405791346,10.0264010253019
0,0.51,2.3,11,0.147083624797639,5.37023498787356,0.0571024146284852,4.4507334898713,324.099248260917,10.025154517171
0,0.51,2.3,12,0.160436621616673,5.36453451719809,0.0570959227668858,4.44623557618019,323.771713383947,10.0283026377618
0,0.51,2.3,13,0.173786582628769,5.35887738282219,0.0570894323812126,4.44174782741441,323.444918709612,10.0315012252466
0,0.51,2.3,14,0.187133508869095,5.35415265618385,0.0570829434709624,4.43798362625461,323.170812257503,10.0363527347785
0,0.51,2.3,15,0.200477401372352,5.35039728064309,0.0570764560356321,4.43499246040103,322.952997686764,10.0429435984521
0,0.51,2.3,16,0.213818261172766,5.34737203387023,0.057069970074719,4.43259180754269,322.778183852484,10.0508520726604
0,0.51,2.3,17,0.227176932194104,5.34672359866636,0.0570687214938196,4.43208119760231,322.741001599669,10.0630504499566
0,0.51,2.3,18,0.240540281146698,5.34672359866636,0.0570687214938196,4.43208119760231,322.741001599669,10.0764137989092
0,0.51,2.3,19,0.253903630099292,5.34672359866636,0.0570687214938196,4.43208119760231,322.741001599669,10.0897771478618
0,0.51,2.3,20,0.267266979051887,5.34672359866636,0.0570687214938196,4.43208119760231,322.741001599669,10.1031404968144
0,0.51,2.3,21,0.280630328004481,5.34672359866636,0.0570687214938196,4.43208119760231,322.741001599669,10.116503845767
0,0.51,2.3,22,0.293993676957075,5.34672359866636,0.0570687214938196,4.43208119760231,322.741001599669,10.1298671947196
0,0.51,2.3,23,0.30735702590967,5.34672359866636,0.0570687214938196,4.43208119760231,322.741001599669,10.1432305436722
0,0.51,2.3,24,0.320720374862264,5.34672359866636,0.0570687214938196,4.43208119760231,322.741001599669,10.1565938926248
0,0.51,2.4,1,0.0133864591513969,5.86357867838323,0.0580171645372368,4.85557700255015,353.579665010453,10.790559304622
0,0.51,2.4,2,0.0267698710778561,5.702975907429,0.0580105611722769,4.72792472455393,344.284116887538,10.5156810642331
0,0.51,2.4,3,0.0401502368197411,5.61528825576596,0.0580039593103021,4.6580860296212,339.198512777849,10.3715284815172
0,0.51,2.4,4,0.053527557416942,5.56270837777561,0.0579973589507993,4.61630113986992,336.155766815217,10.2905344340133
0,0.51,2.4,5,0.0669018339088756,5.52212088432831,0.0579907600932556,4.58420576629551,333.818604531339,10.231219244626
0,0.51,2.4,6,0.0802730673344857,5.49133038230446,0.0579841627371586,4.5599481647059,332.052183230738,10.189535777082
0,0.51,2.4,7,0.0936412587322433,5.46540770368676,0.0579775668819956,4.53944567401685,330.559206436033,10.1564722033179
0,0.51,2.4,8,0.107006409140147,5.44295772724575,0.0579709725272547,4.52163044928516,329.261914437696,10.1295655581983
0,0.51,2.4,9,0.120368519595723,5.42339103535654,0.0579643796724239,4.50603660263733,328.126381612026,10.107760537262
0,0.51,2.4,10,0.133727591136026,5.40875046783637,0.0579577883169915,4.49429427545643,327.271313695508,10.0947301227458
0,0.51,2.4,11,0.147083624797639,5.39612152085105,0.0579511984604461,4.48415190202186,326.53275327323,10.085308246131
0,0.51,2.4,12,0.160436621616673,5.38599940629261,0.0579446101022764,4.47603718665618,325.941845469863,10.0804178246677
0,0.51,2.4,13,0.173786582628769,5.37688630926293,0.0579380232419715,4.46877729883161,325.413185600259,10.0773882139653
0,0.51,2.4,14,0.187133508869095,5.36849044389831,0.0579314378790206,4.46210703297976,324.927461583486,10.0756624236262
0,0.51,2.4,15,0.200477401372352,5.3616777126523,0.0579248540129132,4.45695796599623,324.552510186732,10.0770379340338
0,0.51,2.4,16,0.213818261172766,5.35548525267238,0.057918271643139,4.452564095016,324.232551625993,10.0797858805043
0,0.51,2.4,17,0.227156089304098,5.34997633850329,0.057911690769188,4.44825090870124,323.918468465228,10.0832950272778
0,0.51,2.4,18,0.240490886799635,5.34443652580595,0.0579051113905503,4.44394607064246,323.604993218528,10.0867785946386
0,0.51,2.4,19,0.253822654692197,5.33923475172659,0.0578985335067163,4.43983970713473,323.305970747519,10.0907956470602
0,0.51,2.4,20,0.267151394014133,5.33571079572618,0.0578919571171767,4.43697973211841,323.097709400273,10.0977338789759
0,0.51,2.4,21,0.280477105797325,5.33219114210765,0.0578853822214223,4.4341234393033,322.889716188301,10.1046770694297
0,0.51,2.4,22,0.293802481394071,5.32945514016033,0.0578793388144478,4.43190828662463,322.728410345213,10.1130452469935
0,0.51,2.4,23,0.307157139639256,5.32834626339674,0.0578793388144478,4.43104429278674,322.665494928238,10.1244270346372
0,0.51,2.4,24,0.320511797884441,5.32743766440311,0.0578793388144478,4.43033178460635,322.613610589136,10.1361605857083
0,0.51,2.5,1,0.0133864591513969,6.02165074258639,0.058862001619792,4.99508361122515,363.738437064968,11.0889828145827
0,0.51,2.5,2,0.0267698710778561,5.8417186090228,0.0588553020976408,4.85180312451255,353.304853894983,10.7791469067108
0,0.51,2.5,3,0.0401502368197411,5.73374555387292,0.058848604100361,4.76563960832231,347.030487908269,10.5983840031153
0,0.51,2.5,4,0.053527557416942,5.66517564191907,0.0588419076274319,4.71084054980231,343.040059428973,10.4883856567658
0,0.51,2.5,5,0.0669018339088756,5.61614336348559,0.0588352126783333,4.67192713049371,340.206411902363,10.4138075405665
0,0.51,2.5,6,0.0802730673344856,5.57449603845426,0.0588285192525451,4.63890989311153,337.802120151448,10.3525075181528
0,0.51,2.5,7,0.0936412587322432,5.54059759626848,0.0588218273495474,4.61187561059912,335.833502920269,10.3049362929494
0,0.51,2.5,8,0.107006409140147,5.51290093272317,0.0588151369688207,4.58994940903134,334.236852511632,10.2686718878635
0,0.51,2.5,9,0.120368519595723,5.48930219090984,0.0588084481098455,4.57116418367943,332.868925757802,10.2396433422948
0,0.51,2.5,10,0.133727591136026,5.46815217687372,0.0588017607721027,4.55424912456553,331.637183179734,10.2149306533474
0,0.51,2.5,11,0.147083624797639,5.44836438673449,0.0587950749550735,4.53836814445755,330.480741499648,10.1926112309448
0,0.51,2.5,12,0.160436621616673,5.43151266859,0.0587883906582391,4.52481047001633,329.493481286345,10.1755481508812
0,0.51,2.5,13,0.173786582628769,5.41729081788431,0.0587817078810811,4.51353582474802,328.67246963418,10.1633949331422
0,0.51,2.5,14,0.187133508869095,5.40495920465721,0.0587750266230815,4.5038746357252,327.968948718643,10.1547423758746
0,0.51,2.5,15,0.200477401372351,5.39292433665016,0.0587683468837221,4.49480462730214,327.308477154052,10.1469747122084
0,0.51,2.5,16,0.213818261172766,5.38360832934582,0.0587616686624853,4.4876679515837,326.788789502411,10.1438562107648
0,0.51,2.5,17,0.227156089304098,5.37480241685154,0.0587549919588536,4.48066176624164,326.2786040672,10.1413752643561
0,0.51,2.5,18,0.240490886799635,5.36747637688317,0.0587483167723098,4.47483504465887,325.854306344342,10.141550625114
0,0.51,2.5,19,0.253822654692196,5.36113668461468,0.0587416431023368,4.46976877214757,325.485383982189,10.1434697545568
0,0.51,2.5,20,0.267151394014133,5.35508018321444,0.0587349709484178,4.46490118546749,325.130929781,10.1458677336445
0,0.51,2.5,21,0.280477105797325,5.35016756425808,0.0587283003100364,4.46098600019464,324.845828773128,10.1503589705601
0,0.51,2.5,22,0.293799791073185,5.34578942307048,0.0587216311866762,4.45752171946672,324.593562313624,10.1558325647971
0,0.51,2.5,23,0.307119450872657,5.34143011471626,0.0587149635778211,4.45406281509656,324.34168735667,10.1613273442633
0,0.51,2.5,24,0.320436086226216,5.33744987047886,0.0587082974829553,4.45088904310567,324.110575536845,10.1674832972937
0,0.52,2,1,0.0133864816592937,5.47501602526442,0.0549259276260666,4.40411802167533,320.704743010484,9.94744645622511
0,0.52,2,2,0.0267729633185874,5.45799516557349,0.0549259276260667,4.39118829291396,319.763209355119,9.93088234943211
0,0.52,2,3,0.040159444977881,5.45310480577328,0.0549259276260667,4.38741607019983,319.488518779126,9.93560624857706
0,0.52,2,4,0.0535459266371747,5.45247978829931,0.0549259276260667,4.38693521414166,319.453503182859,9.94788685670422
0,0.52,2,5,0.0669324082964684,5.45247978829931,0.0549259276260667,4.38693521414166,319.453503182859,9.96127333836351
0,0.52,2,6,0.0803188899557621,5.45247978829931,0.0549259276260667,4.38693521414166,319.453503182859,9.9746598200228
0,0.52,2,7,0.0937053716150558,5.45247978829931,0.0549259276260667,4.38693521414166,319.453503182859,9.9880463016821
0,0.52,2,8,0.107091853274349,5.45247978829931,0.0549259276260667,4.38693521414166,319.453503182859,10.0014327833414
0,0.52,2,9,0.120478334933643,5.45247978829931,0.0549259276260667,4.38693521414166,319.453503182859,10.0148192650007
0,0.52,2,10,0.133864816592937,5.45247978829931,0.0549259276260667,4.38693521414166,319.453503182859,10.02820574666
0,0.52,2,11,0.147251298252231,5.45247978829931,0.0549259276260667,4.38693521414166,319.453503182859,10.0415922283193
0,0.52,2,12,0.160637779911524,5.45247978829931,0.0549259276260667,4.38693521414166,319.453503182859,10.0549787099786
0,0.52,2,13,0.174024261570818,5.45247978829931,0.0549259276260667,4.38693521414166,319.453503182859,10.0683651916379
0,0.52,2,14,0.187410743230112,5.45247978829931,0.0549259276260667,4.38693521414166,319.453503182859,10.0817516732972
0,0.52,2,15,0.200797224889405,5.45247978829931,0.0549259276260667,4.38693521414166,319.453503182859,10.0951381549564
0,0.52,2,16,0.214183706548699,5.45247978829931,0.0549259276260667,4.38693521414166,319.453503182859,10.1085246366157
0,0.52,2,17,0.227570188207993,5.45247978829931,0.0549259276260667,4.38693521414166,319.453503182859,10.121911118275
0,0.52,2,18,0.240956669867286,5.45247978829931,0.0549259276260667,4.38693521414166,319.453503182859,10.1352975999343
0,0.52,2,19,0.25434315152658,5.45247978829931,0.0549259276260667,4.38693521414166,319.453503182859,10.1486840815936
0,0.52,2,20,0.267729633185874,5.45247978829931,0.0549259276260667,4.38693521414166,319.453503182859,10.1620705632529
0,0.52,2,21,0.281116114845167,5.45247978829931,0.0549259276260667,4.38693521414166,319.453503182859,10.1754570449122
0,0.52,2,22,0.294502596504461,5.45247978829931,0.0549259276260667,4.38693521414166,319.453503182859,10.1888435265715
0,0.52,2,23,0.307889078163755,5.45247978829931,0.0549259276260667,4.38693521414166,319.453503182859,10.2022300082308
0,0.52,2,24,0.321275559823048,5.45247978829931,0.0549259276260667,4.38693521414166,319.453503182859,10.2156164898901
0,0.52,2.1,1,0.013386459151397,5.55017808788067,0.0558069036305438,4.47959895741117,326.201211083822,10.0989704080738
0,0.52,2.1,2,0.0267698710778562,5.48892889035991,0.0558005518318151,4.4321607427689,322.746794022143,10.0036600560385
0,0.52,2.1,3,0.0401502368197414,5.46435001130808,0.0557942014788128,4.41335403955293,321.377303265522,9.97364848915957
0,0.52,2.1,4,0.0535275574169425,5.44841662845646,0.0557878525710433,4.40123173131792,320.49456539881,9.95896376976237
0,0.52,2.1,5,0.0669018339088763,5.43887050100289,0.0557815051080133,4.39398727971741,319.967029584066,9.95554111973719
0,0.52,2.1,6,0.0802730673344865,5.43253660419214,0.0557751590892297,4.38911220179893,319.612029876222,9.95769703241478
0,0.52,2.1,7,0.0936466870584108,5.42994743950205,0.0557720473980716,4.38712304659086,319.46718100826,9.96648922054939
0,0.52,2.1,8,0.107024785209612,5.42882053663161,0.0557720473980716,4.38626508816426,319.404705085644,9.97788245740356
0,0.52,2.1,9,0.120402883360814,5.42882053663161,0.0557720473980716,4.38626508816426,319.404705085644,9.99126055555476
0,0.52,2.1,10,0.133780981512015,5.42882053663161,0.0557720473980716,4.38626508816426,319.404705085644,10.004638653706
0,0.52,2.1,11,0.147159079663217,5.42882053663161,0.0557720473980716,4.38626508816426,319.404705085644,10.0180167518572
0,0.52,2.1,12,0.160537177814418,5.42882053663161,0.0557720473980716,4.38626508816426,319.404705085644,10.0313948500084
0,0.52,2.1,13,0.17391527596562,5.42882053663161,0.0557720473980716,4.38626508816426,319.404705085644,10.0447729481596
0,0.52,2.1,14,0.187293374116822,5.42882053663161,0.0557720473980716,4.38626508816426,319.404705085644,10.0581510463108
0,0.52,2.1,15,0.200671472268023,5.42882053663161,0.0557720473980716,4.38626508816426,319.404705085644,10.071529144462
0,0.52,2.1,16,0.214049570419225,5.42882053663161,0.0557720473980716,4.38626508816426,319.404705085644,10.0849072426132
0,0.52,2.1,17,0.227427668570426,5.42882053663161,0.0557720473980716,4.38626508816426,319.404705085644,10.0982853407644
0,0.52,2.1,18,0.240805766721628,5.42882053663161,0.0557720473980716,4.38626508816426,319.404705085644,10.1116634389156
0,0.52,2.1,19,0.254183864872829,5.42882053663161,0.0557720473980716,4.38626508816426,319.404705085644,10.1250415370668
0,0.52,2.1,20,0.267561963024031,5.42882053663161,0.0557720473980716,4.38626508816426,319.404705085644,10.138419635218
0,0.52,2.1,21,0.280940061175232,5.42882053663161,0.0557720473980716,4.38626508816426,319.404705085644,10.1517977333692
0,0.52,2.1,22,0.294318159326434,5.42882053663161,0.0557720473980716,4.38626508816426,319.404705085644,10.1651758315204
0,0.52,2.1,23,0.307696257477635,5.42882053663161,0.0557720473980716,4.38626508816426,319.404705085644,10.1785539296716
0,0.52,2.1,24,0.321074355628837,5.42882053663161,0.0557720473980716,4.38626508816426,319.404705085644,10.1919320278228
0,0.52,2.2,1,0.0133864591513969,5.67337742210626,0.0566819099757883,4.59127992038294,334.333739402263,10.3347257116164
0,0.52,2.2,2,0.0267698710778562,5.56198015096148,0.0566754585860802,4.50472352216602,328.030764025705,10.1501490027914
0,0.52,2.2,3,0.0401502368197413,5.51325499165999,0.0566690086647662,4.4667828951443,325.26795454177,10.0768571322888
0,0.52,2.2,4,0.0535275574169423,5.48555165522283,0.0566625602113451,4.44540607301806,323.711309553458,10.0411478458692
0,0.52,2.2,5,0.0669018339088761,5.46450029992043,0.0566561132253159,4.42934080816067,322.541448388945,10.0173990552153
0,0.52,2.2,6,0.0802730673344863,5.44923591478005,0.0566496677061777,4.41768993461047,321.693040060791,10.0038485844312
0,0.52,2.2,7,0.0936412587322441,5.43737179675511,0.0566432236534299,4.4088379800074,321.048447020335,9.99649425914819
0,0.52,2.2,8,0.107006409140148,5.42781897931373,0.0566367810665721,4.40173693455985,320.531353939688,9.9931991040803
0,0.52,2.2,9,0.120368519595724,5.419887673667,0.0566303399451043,4.39577930151658,320.097523337354,9.99266583472441
0,0.52,2.2,10,0.133727591136028,5.41483314486215,0.0566239002885265,4.39189795344651,319.81488633053,9.99708258973321
0,0.52,2.2,11,0.147083624797641,5.41025477939291,0.0566174620963391,4.38835700460922,319.557036953813,10.0023128708961
0,0.52,2.2,12,0.160436621616675,5.40708927940815,0.0566110253680426,4.38587718875329,319.376458526334,10.0100141151462
0,0.52,2.2,13,0.173802047321478,5.40682951808853,0.0566096271582344,4.38566887607198,319.361289344991,10.0229100686402
0,0.52,2.2,14,0.187171435576976,5.40682951808853,0.0566096271582344,4.38566887607198,319.361289344991,10.0362794568957
0,0.52,2.2,15,0.200540823832474,5.40682951808853,0.0566096271582344,4.38566887607198,319.361289344991,10.0496488451512
0,0.52,2.2,16,0.213910212087973,5.40682951808853,0.0566096271582344,4.38566887607198,319.361289344991,10.0630182334067
0,0.52,2.2,17,0.227279600343471,5.40682951808853,0.0566096271582344,4.38566887607198,319.361289344991,10.0763876216622
0,0.52,2.2,18,0.240648988598969,5.40682951808853,0.0566096271582344,4.38566887607198,319.361289344991,10.0897570099177
0,0.52,2.2,19,0.254018376854467,5.40682951808853,0.0566096271582344,4.38566887607198,319.361289344991,10.1031263981732
0,0.52,2.2,20,0.267387765109966,5.40682951808853,0.0566096271582344,4.38566887607198,319.361289344991,10.1164957864287
0,0.52,2.2,21,0.280757153365464,5.40682951808853,0.0566096271582344,4.38566887607198,319.361289344991,10.1298651746842
0,0.52,2.2,22,0.294126541620962,5.40682951808853,0.0566096271582344,4.38566887607198,319.361289344991,10.1432345629397
0,0.52,2.2,23,0.307495929876461,5.40682951808853,0.0566096271582344,4.38566887607198,319.361289344991,10.1566039511952
0,0.52,2.2,24,0.320865318131959,5.40682951808853,0.0566096271582344,4.38566887607198,319.361289344991,10.1699733394507
0,0.52,2.3,1,0.0133864591513969,5.82153536734448,0.0575512632522995,4.72158249280952,343.822280081237,10.6140555825577
0,0.52,2.3,2,0.0267698710778562,5.67482793663113,0.0575447129150298,4.6072854640562,335.499251712608,10.3664279846802
0,0.52,2.3,3,0.0401502368197413,5.60361204209899,0.0575381640686755,4.55167055741564,331.449413753241,10.2529710004031
0,0.52,2.3,4,0.0535275574169423,5.55967410796717,0.0575316167127279,4.51749640059723,328.960875951549,10.1882296826941
0,0.52,2.3,5,0.066901833908876,5.52776036739329,0.057525070846678,4.49285706571556,327.166657104033,10.1450443378644
0,0.52,2.3,6,0.0802730673344862,5.50204078526379,0.0575185264700174,4.47303734974825,325.723399479112,10.1128697288165
0,0.52,2.3,7,0.093641258732244,5.48089615093522,0.0575119835822379,4.45681435034362,324.542052197019,10.0888637435933
0,0.52,2.3,8,0.107006409140148,5.46424803068748,0.0575054421828314,4.4439611178551,323.606088945853,10.0727209998656
0,0.52,2.3,9,0.120368519595724,5.45194263101899,0.0574989022712901,4.43453491224932,322.919679355673,10.0643449651353
0,0.52,2.3,10,0.133727591136027,5.44149775701329,0.0574923638471064,4.42645219842532,322.331101881819,10.0591699104217
0,0.52,2.3,11,0.147083624797641,5.43207309736309,0.0574858269097731,4.41904395885575,321.791639143621,10.0556865079263
0,0.52,2.3,12,0.160436621616675,5.42383471199957,0.0574792914587829,4.41259527221096,321.322050367164,10.054345897286
0,0.52,2.3,13,0.173786582628771,5.41813744683615,0.057472757493629,4.40815533389722,320.998737215953,10.0575521208558
0,0.52,2.3,14,0.187133508869097,5.41249306877049,0.0574662250138048,4.40374408938342,320.677513526853,10.0608368920368
0,0.52,2.3,15,0.200477401372354,5.40724477494772,0.0574596940188037,4.3996572741512,320.379914547368,10.0648391444901
0,0.52,2.3,16,0.213818261172768,5.40301073709585,0.0574531645081198,4.39636908031839,320.140470610369,10.0706512430951
0,0.52,2.3,17,0.2271560893041,5.39924541588934,0.0574466364812469,4.39344297436496,319.927393655301,10.0772911160396
0,0.52,2.3,18,0.240493847920933,5.39685172151978,0.0574408171874843,4.39155875083684,319.790185837667,10.086345137465
0,0.52,2.3,19,0.253854617249874,5.39606514016453,0.0574408171874843,4.39095416742949,319.746160503803,10.0983147420314
0,0.52,2.3,20,0.267215386578815,5.39606514016453,0.0574408171874843,4.39095416742949,319.746160503803,10.1116755113603
0,0.52,2.3,21,0.280576155907755,5.39606514016453,0.0574408171874843,4.39095416742949,319.746160503803,10.1250362806893
0,0.52,2.3,22,0.293936925236696,5.39606514016453,0.0574408171874843,4.39095416742949,319.746160503803,10.1383970500182
0,0.52,2.3,23,0.307297694565637,5.39606514016453,0.0574408171874843,4.39095416742949,319.746160503803,10.1517578193471
0,0.52,2.3,24,0.320658463894577,5.39606514016453,0.0574408171874843,4.39095416742949,319.746160503803,10.1651185886761
0,0.52,2.4,1,0.0133864591513969,5.97211895243087,0.0584153283924541,4.85318737325202,353.40565390399,10.8971081132267
0,0.52,2.4,2,0.0267698710778562,5.80304200731664,0.0584086797095048,4.72124073733514,343.797393690581,10.6094612954391
0,0.52,2.4,3,0.0401502368197412,5.70670711053139,0.0584020325398554,4.6459153652975,338.312253655139,10.4511747451885
0,0.52,2.4,4,0.0535275574169423,5.64895254001536,0.0583953868829892,4.60080581660111,335.027408391957,10.3616813009164
0,0.52,2.4,5,0.066901833908876,5.6052503623932,0.05838874273839,4.56684700910534,332.554552174827,10.2973879481458
0,0.52,2.4,6,0.0802730673344862,5.57089341624873,0.0583821001055415,4.54024111618607,330.617129969236,10.2497896998748
0,0.52,2.4,7,0.0936412587322439,5.54238627120088,0.0583754589839279,4.51807903798893,329.003303192158,10.212482026906
0,0.52,2.4,8,0.107006409140148,5.51848519513094,0.0583688193730335,4.49952828539373,327.65245057776,10.1833887090379
0,0.52,2.4,9,0.120368519595724,5.49701401716557,0.0583621812723428,4.48280820037488,326.434905874669,10.1585529184085
0,0.52,2.4,10,0.133727591136027,5.47872306613163,0.0583555446813408,4.4684540651749,325.389647955196,10.1392602671239
0,0.52,2.4,11,0.14708362479764,5.46472254603137,0.0583489095995123,4.45737913025826,324.583179068845,10.1275342106868
0,0.52,2.4,12,0.160436621616675,5.45240888891217,0.0583422760263428,4.44767718030999,323.876689971698,10.1188649668652
0,0.52,2.4,13,0.17378658262877,5.44221930406624,0.0583356439613176,4.43970095680805,323.295867047382,10.1140424874644
0,0.52,2.4,14,0.187133508869097,5.43306105483665,0.0583290134039226,4.43255836726379,322.77574875515,10.1110819443735
0,0.52,2.4,15,0.200477401372354,5.42399052293191,0.0583223843536438,4.42575266857955,322.280162615816,10.1085429772375
0,0.52,2.4,16,0.213818261172768,5.41681798934992,0.0583157568099672,4.42066726753014,321.909847327118,10.1096192748628
0,0.52,2.4,17,0.2271560893041,5.41095549596394,0.0583091307723794,4.41615135286138,321.581001631754,10.1125720689018
0,0.52,2.4,18,0.240490886799637,5.40540502467405,0.0583025062403671,4.41190839031661,321.27203211599,10.1161068080307
0,0.52,2.4,19,0.253822654692199,5.39995297592182,0.0582958832134172,4.40767357307737,320.963655735584,10.1197450869048
0,0.52,2.4,20,0.267151394014136,5.3945758821602,0.0582892616910168,4.4034468777111,320.655870784192,10.1234634155764
0,0.52,2.4,21,0.280477105797328,5.39029641184644,0.0582826416726532,4.40005485975122,320.408866448079,10.1291110190676
0,0.52,2.4,22,0.293799791073189,5.38675527131265,0.0582760231578142,4.39724589462828,320.204319605,10.1360769801719
0,0.52,2.4,23,0.307119450872661,5.38332615650942,0.0582694061459875,4.3945207386726,320.005875685893,10.1432357522007
0,0.52,2.4,24,0.320449967409046,5.3809895379496,0.0582653145610365,4.39268616716264,319.872283492918,10.1523909870823
0,0.52,2.5,1,0.0133864591513969,6.13451813491686,0.0592744326771388,4.99355932567104,363.627439674684,11.2007383524164
0,0.52,2.5,2,0.0267698710778561,5.94704456723007,0.0592676862131419,4.84699289821038,352.954576635729,10.8800750227315
0,0.52,2.5,3,0.0401502368197412,5.83202867447788,0.0592609412847007,4.75685618317201,346.39088513384,10.6882960357543
0,0.52,2.5,4,0.0535275574169422,5.75857237313252,0.0592541978912909,4.69921331155321,342.19337220664,10.570567439994
0,0.52,2.5,5,0.0669018339088759,5.70525162052901,0.0592474560323888,4.65763383646821,339.165584393957,10.4890347469385
0,0.52,2.5,6,0.0802730673344861,5.6611731041082,0.0592407157074704,4.62327057011346,336.663275770287,10.4239574572636
0,0.52,2.5,7,0.0936412587322438,5.62373417822477,0.0592339769160124,4.59392849366548,334.526606625561,10.3705379075385
0,0.52,2.5,8,0.107006409140148,5.59423755375547,0.0592272396574915,4.5709874802237,332.856058337791,10.3314586827768
0,0.52,2.5,9,0.120368519595724,5.56855811552381,0.0592205039313847,4.55090932932779,331.393981665117,10.2990564683787
0,0.52,2.5,10,0.133727591136027,5.54617931403108,0.0592137697371691,4.53334459926576,330.114930510522,10.27246527417
0,0.52,2.5,11,0.14708362479764,5.52567384513255,0.0592070370743224,4.51718170871503,328.937960312434,10.2491462157195
0,0.52,2.5,12,0.160436621616674,5.50603048140898,0.0592003059423222,4.50171664996959,327.811805730247,10.2273840589376
0,0.52,2.5,13,0.17378658262877,5.4901849524831,0.0591935763406463,4.48934562841025,326.910956736092,10.2125107398628
0,0.52,2.5,14,0.187133508869097,5.47647645228143,0.0591868482687731,4.47872179342748,326.137336626194,10.2015186028468
0,0.52,2.5,15,0.200477401372353,5.46399161088137,0.0591801217261809,4.46943999630427,325.46144275904,10.1930891302842
0,0.52,2.5,16,0.213818261172768,5.45230627481439,0.0591733967123484,4.46054252778799,324.813535427784,10.1858404604875
0,0.52,2.5,17,0.2271560893041,5.4432561962267,0.0591666732267545,4.45345555872149,324.297467379197,10.183034517479
0,0.52,2.5,18,0.240490886799637,5.43442021881335,0.0591599512688783,4.44655570941431,323.795025258441,10.1806267662962
0,0.52,2.5,19,0.253822654692199,5.42701369100621,0.0591532308381991,4.44080257506296,323.376086105454,10.1807921515996
0,0.52,2.5,20,0.267151394014135,5.42018686909909,0.0591465119341965,4.43545143029715,322.986419548271,10.1819362053446
0,0.52,2.5,21,0.280477105797328,5.41443667817003,0.0591397945563505,4.43097136758417,322.660184566837,10.1850249461079
0,0.52,2.5,22,0.293799791073188,5.40963634876241,0.0591330787041411,4.4272207425302,322.387066717101,10.1897899610699
0,0.52,2.5,23,0.30711945087266,5.40576630078173,0.0591263643770485,4.42417561354714,322.165322589641,10.1961877295786
0,0.52,2.5,24,0.320436086226219,5.40228883090933,0.0591196515745534,4.42144930036457,321.966794402095,10.2032938690747
0,0.53,1.9,1,0.0133875801394145,5.50709405525416,0.0543678964857841,4.33264672975833,315.500254349177,9.90749626163769
0,0.53,1.9,2,0.026775160278829,5.50709405525416,0.0543678964857841,4.33264672975833,315.500254349177,9.9208838417771
0,0.53,1.9,3,0.0401627404182435,5.50709405525416,0.0543678964857841,4.33264672975833,315.500254349177,9.93427142191652
0,0.53,1.9,4,0.053550320557658,5.50709405525416,0.0543678964857841,4.33264672975833,315.500254349177,9.94765900205594
0,0.53,1.9,5,0.0669379006970725,5.50709405525416,0.0543678964857841,4.33264672975833,315.500254349177,9.96104658219535
0,0.53,1.9,6,0.080325480836487,5.50709405525416,0.0543678964857841,4.33264672975833,315.500254349177,9.97443416233476
0,0.53,1.9,7,0.0937130609759016,5.50709405525416,0.0543678964857841,4.33264672975833,315.500254349177,9.98782174247418
0,0.53,1.9,8,0.107100641115316,5.50709405525416,0.0543678964857841,4.33264672975833,315.500254349177,10.0012093226136
0,0.53,1.9,9,0.120488221254731,5.50709405525416,0.0543678964857841,4.33264672975833,315.500254349177,10.014596902753
0,0.53,1.9,10,0.133875801394145,5.50709405525416,0.0543678964857841,4.33264672975833,315.500254349177,10.0279844828924
0,0.53,1.9,11,0.14726338153356,5.50709405525416,0.0543678964857841,4.33264672975833,315.500254349177,10.0413720630318
0,0.53,1.9,12,0.160650961672974,5.50709405525416,0.0543678964857841,4.33264672975833,315.500254349177,10.0547596431713
0,0.53,1.9,13,0.174038541812389,5.50709405525416,0.0543678964857841,4.33264672975833,315.500254349177,10.0681472233107
0,0.53,1.9,14,0.187426121951803,5.50709405525416,0.0543678964857841,4.33264672975833,315.500254349177,10.0815348034501
0,0.53,1.9,15,0.200813702091218,5.50709405525416,0.0543678964857841,4.33264672975833,315.500254349177,10.0949223835895
0,0.53,1.9,16,0.214201282230632,5.50709405525416,0.0543678964857841,4.33264672975833,315.500254349177,10.1083099637289
0,0.53,1.9,17,0.227588862370047,5.50709405525416,0.0543678964857841,4.33264672975833,315.500254349177,10.1216975438683
0,0.53,1.9,18,0.240976442509461,5.50709405525416,0.0543678964857841,4.33264672975833,315.500254349177,10.1350851240077
0,0.53,1.9,19,0.254364022648876,5.50709405525416,0.0543678964857841,4.33264672975833,315.500254349177,10.1484727041472
0,0.53,1.9,20,0.26775160278829,5.50709405525416,0.0543678964857841,4.33264672975833,315.500254349177,10.1618602842866
0,0.53,1.9,21,0.281139182927705,5.50709405525416,0.0543678964857841,4.33264672975833,315.500254349177,10.175247864426
0,0.53,1.9,22,0.294526763067119,5.50709405525416,0.0543678964857841,4.33264672975833,315.500254349177,10.1886354445654
0,0.53,1.9,23,0.307914343206534,5.50709405525416,0.0543678964857841,4.33264672975833,315.500254349177,10.2020230247048
0,0.53,1.9,24,0.321301923345948,5.50709405525416,0.0543678964857841,4.33264672975833,315.500254349177,10.2154106048442
0,0.53,2,1,0.0133864591513968,5.53888756065122,0.0552654532329427,4.37589576529855,318.649618367151,9.9834352383341
0,0.53,2,2,0.0267716158694652,5.51251160327687,0.0552627647113784,4.35607286899056,317.206129152083,9.95061885284827
0,0.53,2,3,0.0401568763396636,5.49901239581527,0.0552620113163425,4.34594834008786,316.468868155928,9.94037962355913
0,0.53,2,4,0.0535369228435319,5.49428138850317,0.0552562532067366,4.34233864618563,316.20601281246,9.94541321073907
0,0.53,2,5,0.0669211535544149,5.49281730832008,0.0552562532067366,4.34125517863303,316.127115475625,9.95624989371426
0,0.53,2,6,0.0803053842652978,5.49281730832008,0.0552562532067366,4.34125517863303,316.127115475625,9.96963412442515
0,0.53,2,7,0.0936896149761808,5.49281730832008,0.0552562532067366,4.34125517863303,316.127115475625,9.98301835513603
0,0.53,2,8,0.107073845687064,5.49281730832008,0.0552562532067366,4.34125517863303,316.127115475625,9.99640258584692
0,0.53,2,9,0.120458076397947,5.49281730832008,0.0552562532067366,4.34125517863303,316.127115475625,10.0097868165578
0,0.53,2,10,0.13384230710883,5.49281730832008,0.0552562532067366,4.34125517863303,316.127115475625,10.0231710472687
0,0.53,2,11,0.147226537819713,5.49281730832008,0.0552562532067366,4.34125517863303,316.127115475625,10.0365552779796
0,0.53,2,12,0.160610768530596,5.49281730832008,0.0552562532067366,4.34125517863303,316.127115475625,10.0499395086904
0,0.53,2,13,0.173994999241479,5.49281730832008,0.0552562532067366,4.34125517863303,316.127115475625,10.0633237394013
0,0.53,2,14,0.187379229952362,5.49281730832008,0.0552562532067366,4.34125517863303,316.127115475625,10.0767079701122
0,0.53,2,15,0.200763460663245,5.49281730832008,0.0552562532067366,4.34125517863303,316.127115475625,10.0900922008231
0,0.53,2,16,0.214147691374128,5.49281730832008,0.0552562532067366,4.34125517863303,316.127115475625,10.103476431534
0,0.53,2,17,0.22753192208501,5.49281730832008,0.0552562532067366,4.34125517863303,316.127115475625,10.1168606622449
0,0.53,2,18,0.240916152795893,5.49281730832008,0.0552562532067366,4.34125517863303,316.127115475625,10.1302448929557
0,0.53,2,19,0.254300383506776,5.49281730832008,0.0552562532067366,4.34125517863303,316.127115475625,10.1436291236666
0,0.53,2,20,0.267684614217659,5.49281730832008,0.0552562532067366,4.34125517863303,316.127115475625,10.1570133543775
0,0.53,2,21,0.281068844928542,5.49281730832008,0.0552562532067366,4.34125517863303,316.127115475625,10.1703975850884
0,0.53,2,22,0.294453075639425,5.49281730832008,0.0552562532067366,4.34125517863303,316.127115475625,10.1837818157993
0,0.53,2,23,0.307837306350308,5.49281730832008,0.0552562532067366,4.34125517863303,316.127115475625,10.1971660465102
0,0.53,2,24,0.321221537061191,5.49281730832008,0.0552562532067366,4.34125517863303,316.127115475625,10.210550277221
0,0.53,2.1,1,0.0133864591513968,5.63718293042199,0.0561609771971008,4.46757554626358,325.325674832701,10.1743059130341
0,0.53,2.1,2,0.0267698710778559,5.55844413717781,0.0561545850986261,4.40762797923878,320.960335624675,10.0489965725931
0,0.53,2.1,3,0.0401502368197407,5.52685601468118,0.0561481944550504,4.38377224306062,319.22317787761,10.0069266890166
0,0.53,2.1,4,0.0535275574169415,5.50671973121845,0.0561418052658771,4.36872229082602,318.127251056402,9.98511138472729
0,0.53,2.1,5,0.066901833908875,5.49297322691716,0.0561354175306095,4.35854569299833,317.38619843815,9.97455617135497
0,0.53,2.1,6,0.0802730673344848,5.4842568700995,0.0561290312487516,4.35202727638592,316.911531975029,9.97268624506866
0,0.53,2.1,7,0.0936412587322423,5.47763718507707,0.0561226464198073,4.34698196589274,316.544136052132,9.97438305612186
0,0.53,2.1,8,0.107006409140146,5.47405573921888,0.056116263043281,4.34424037464705,316.344495326892,9.98141878604935
0,0.53,2.1,9,0.120379615476007,5.47201551241052,0.0561150534720948,4.34270047800858,316.232361148545,9.9912106593672
0,0.53,2.1,10,0.133755128306675,5.4719703092727,0.0561150534720948,4.34266715826714,316.229934828663,10.0045076493186
0,0.53,2.1,11,0.147130641137342,5.4719703092727,0.0561150534720948,4.34266715826714,316.229934828663,10.0178831621493
0,0.53,2.1,12,0.16050615396801,5.4719703092727,0.0561150534720948,4.34266715826714,316.229934828663,10.0312586749799
0,0.53,2.1,13,0.173881666798677,5.4719703092727,0.0561150534720948,4.34266715826714,316.229934828663,10.0446341878106
0,0.53,2.1,14,0.187257179629345,5.4719703092727,0.0561150534720948,4.34266715826714,316.229934828663,10.0580097006413
0,0.53,2.1,15,0.200632692460012,5.4719703092727,0.0561150534720948,4.34266715826714,316.229934828663,10.0713852134719
0,0.53,2.1,16,0.21400820529068,5.4719703092727,0.0561150534720948,4.34266715826714,316.229934828663,10.0847607263026
0,0.53,2.1,17,0.227383718121347,5.4719703092727,0.0561150534720948,4.34266715826714,316.229934828663,10.0981362391333
0,0.53,2.1,18,0.240759230952015,5.4719703092727,0.0561150534720948,4.34266715826714,316.229934828663,10.1115117519639
0,0.53,2.1,19,0.254134743782682,5.4719703092727,0.0561150534720948,4.34266715826714,316.229934828663,10.1248872647946
0,0.53,2.1,20,0.26751025661335,5.4719703092727,0.0561150534720948,4.34266715826714,316.229934828663,10.1382627776253
0,0.53,2.1,21,0.280885769444017,5.4719703092727,0.0561150534720948,4.34266715826714,316.229934828663,10.1516382904559
0,0.53,2.1,22,0.294261282274685,5.4719703092727,0.0561150534720948,4.34266715826714,316.229934828663,10.1650138032866
0,0.53,2.1,23,0.307636795105352,5.4719703092727,0.0561150534720948,4.34266715826714,316.229934828663,10.1783893161173
0,0.53,2.1,24,0.32101230793602,5.4719703092727,0.0561150534720948,4.34266715826714,316.229934828663,10.1917648289479
0,0.53,2.2,1,0.0133864591513968,5.77082365821784,0.0570503811391217,4.58517860752094,333.889446137685,10.4264391060293
0,0.53,2.2,2,0.0267698710778559,5.64540217792777,0.05704388781097,4.48948723831686,326.921268668807,10.2187031751335
0,0.53,2.2,3,0.0401502368197408,5.58897927338694,0.0570373959607582,4.44626353806753,323.773749548702,10.132430444235
0,0.53,2.2,4,0.0535275574169416,5.5557404551013,0.0570309055879815,4.42099900260195,321.934004039183,10.0872979207082
0,0.53,2.2,5,0.0669018339088751,5.53071368088001,0.0570244166921357,4.40218467964986,320.563958418796,10.0568246111309
0,0.53,2.2,6,0.080273067334485,5.51188399655629,0.0570179292727168,4.38798943196741,319.530270575381,10.0371644251309
0,0.53,2.2,7,0.0936412587322424,5.49821057025992,0.0570114433292208,4.37789705708648,318.79535101223,10.0267603294079
0,0.53,2.2,8,0.107006409140146,5.48679698733456,0.0570049588611442,4.36948985779644,318.183144737448,10.0202982131323
0,0.53,2.2,9,0.120368519595722,5.47719532033199,0.0569984758679836,4.36237259538548,317.664870749055,10.0169349111812
0,0.53,2.2,10,0.133727591136025,5.46937826288691,0.0569919943492358,4.35656997178112,317.242327823851,10.0166678201533
0,0.53,2.2,11,0.147083624797638,5.4637833691655,0.0569855143043979,4.35237086349296,316.936551743873,10.0202233717605
0,0.53,2.2,12,0.160436621616671,5.45885840069935,0.0569790357329672,4.34862386242963,316.66369779056,10.0248979204786
0,0.53,2.2,13,0.173786582628767,5.45483920281336,0.0569725586344412,4.34554409347935,316.439431205316,10.0311424375559
0,0.53,2.2,14,0.187135288198911,5.4528110571035,0.056966624661444,4.34396716782557,316.324600600402,10.0408801377894
0,0.53,2.2,15,0.200502094498833,5.4528110571035,0.056966624661444,4.34396716782557,316.324600600402,10.0542469440893
0,0.53,2.2,16,0.213868900798756,5.4528110571035,0.056966624661444,4.34396716782557,316.324600600402,10.0676137503893
0,0.53,2.2,17,0.227235707098678,5.4528110571035,0.056966624661444,4.34396716782557,316.324600600402,10.0809805566892
0,0.53,2.2,18,0.2406025133986,5.4528110571035,0.056966624661444,4.34396716782557,316.324600600402,10.0943473629891
0,0.53,2.2,19,0.253969319698522,5.4528110571035,0.056966624661444,4.34396716782557,316.324600600402,10.107714169289
0,0.53,2.2,20,0.267336125998445,5.4528110571035,0.056966624661444,4.34396716782557,316.324600600402,10.121080975589
0,0.53,2.2,21,0.280702932298367,5.4528110571035,0.056966624661444,4.34396716782557,316.324600600402,10.1344477818889
0,0.53,2.2,22,0.294069738598289,5.4528110571035,0.056966624661444,4.34396716782557,316.324600600402,10.1478145881888
0,0.53,2.2,23,0.307436544898211,5.4528110571035,0.056966624661444,4.34396716782557,316.324600600402,10.1611813944887
0,0.53,2.2,24,0.320803351198133,5.4528110571035,0.056966624661444,4.34396716782557,316.324600600402,10.1745482007886
0,0.53,2.3,1,0.0133864591513969,5.92158396515914,0.0579340779148254,4.71517442307379,343.355648999219,10.7080789252992
0,0.53,2.3,2,0.026769871077856,5.75888006122524,0.0579274840065719,4.5906923687832,334.290954312518,10.4342697850929
0,0.53,2.3,3,0.0401502368197411,5.67078074630465,0.0579208915991511,4.52315528066482,329.372951574607,10.2920071553884
0,0.53,2.3,4,0.053527557416942,5.61806823065187,0.0579143006920505,4.48282805130784,326.436351405493,10.2123381400687
0,0.53,2.3,5,0.0669018339088756,5.57913900374031,0.0579077112847582,4.45323730284547,324.281574141485,10.1571858517794
0,0.53,2.3,6,0.0802730673344856,5.5485963818837,0.0579011233767622,4.43007281204319,322.594752391216,10.1168433846381
0,0.53,2.3,7,0.0936412587322432,5.52304817241646,0.0578945369675509,4.4107178414913,321.185337197011,10.0853018096076
0,0.53,2.3,8,0.107006409140147,5.50113858844341,0.0578879520566128,4.39398097381247,319.966570392552,10.0600139234526
0,0.53,2.3,9,0.120368519595723,5.48303760306192,0.0578813686434368,4.38010785074815,318.956339434799,10.0413953420492
0,0.53,2.3,10,0.133727591136026,5.46900578872717,0.0578747867275119,4.36931642901672,318.170515777016,10.0299245956074
0,0.53,2.3,11,0.147083624797639,5.45771174774314,0.0578682063083274,4.36059324722416,317.535299881064,10.0232568260733
0,0.53,2.3,12,0.160436621616673,5.44786228909751,0.0578616273853729,4.35300226193867,316.982529729765,10.0191628000382
0,0.53,2.3,13,0.173786582628769,5.43849538221861,0.057855049958138,4.34583763951899,316.460807019211,10.0159746543245
0,0.53,2.3,14,0.187133508869095,5.4302729716505,0.0578484740261127,4.33953145376359,316.001595056201,10.0147864083093
0,0.53,2.3,15,0.200477401372352,5.42450680045153,0.0578418995887873,4.33515029931046,315.682562503925,10.0179764007231
0,0.53,2.3,16,0.213818261172766,5.41785055368466,0.0578353266456522,4.33088388657101,315.371885361657,10.0203880280741
0,0.53,2.3,17,0.227156089304098,5.41227851524199,0.0578287551961981,4.32662586310545,315.06181912035,10.0238892228477
0,0.53,2.3,18,0.240490886799635,5.40707856040881,0.0578221852399159,4.3226834721682,314.77473701534,10.0280751046166
0,0.53,2.3,19,0.253822654692197,5.4030134758918,0.0578156167762967,4.3195460464572,314.546271905774,10.0341977938175
0,0.53,2.3,20,0.267151394014133,5.39938108439858,0.0578090498048318,4.31672127689402,314.340574194594,10.0410628051116
0,0.53,2.3,21,0.280477105797325,5.39629164155179,0.057802484325013,4.31431598805827,314.165422771736,10.0488872197324
0,0.53,2.3,22,0.293823497323193,5.39480472408319,0.0578005837996106,4.3131660626887,314.081686023921,10.0595948678947
0,0.53,2.3,23,0.307179110837884,5.39389515382277,0.0578005837996106,4.31246160917587,314.030388219983,10.0713364576361
0,0.53,2.3,24,0.320534724352575,5.39343797475595,0.0578005837996106,4.31211224574656,314.004947823458,10.0838855286547
0,0.53,2.4,1,0.0133864591513969,6.0790344781356,0.0588124359488434,4.84963224147788,353.146771735895,11.0008656147137
0,0.53,2.4,2,0.0267698710778561,5.89647787062313,0.0588057420681298,4.70974601355292,342.960356077508,10.691799497322
0,0.53,2.4,3,0.0401502368197411,5.78658877296003,0.0587990497110036,4.62536949582872,336.816118048536,10.5109075553195
0,0.53,2.4,4,0.053527557416942,5.71896691894473,0.0587923588769445,4.57343295863231,333.034136336771,10.4047197938709
0,0.53,2.4,5,0.0669018339088756,5.66985429853766,0.0587856695654327,4.53588894505055,330.300207961541,10.3314307470625
0,0.53,2.4,6,0.0802730673344857,5.62869333748573,0.0587789817759486,4.50453198436844,328.016816379469,10.2722773709646
0,0.53,2.4,7,0.0936412587322432,5.59635076379995,0.0587722955079727,4.4797989764141,326.215776325402,10.2285632944543
0,0.53,2.4,8,0.107006409140147,5.56903012195924,0.0587656107609859,4.45894506980686,324.697209673391,10.1937472116672
0,0.53,2.4,9,0.120368519595723,5.5455627408928,0.0587589275344692,4.44101986065663,323.391908687895,10.1657100486796
0,0.53,2.4,10,0.133727591136026,5.52427513357753,0.058752245827904,4.42461646747261,322.197425259047,10.1413714380141
0,0.53,2.4,11,0.147083624797639,5.50419424538572,0.0587455656407718,4.40910926844743,321.068202051652,10.1191327042716
0,0.53,2.4,12,0.160436621616673,5.48909131534563,0.0587388869725543,4.3973664505114,320.213098398694,10.1056332744463
0,0.53,2.4,13,0.173786582628769,5.4755808589279,0.0587322098227336,4.38708535750115,319.464436515544,10.0951850088805
0,0.53,2.4,14,0.187133508869095,5.46355601979635,0.058725534190792,4.37802693647117,318.804808736678,10.0874419993274
0,0.53,2.4,15,0.200477401372352,5.45314126651816,0.0587188600762118,4.37035591939693,318.246210727426,10.0826934473637
0,0.53,2.4,16,0.213818261172766,5.44340401287113,0.0587121874784759,4.3634345379549,317.74220065192,10.0793689994773
0,0.53,2.4,17,0.227156089304098,5.43458253444769,0.0587055163970671,4.35671196069353,317.252667355499,10.0771561008424
0,0.53,2.4,18,0.240490886799635,5.42734690886723,0.0586988468314687,4.35120037864803,316.85131786968,10.0777370211464
0,0.53,2.4,19,0.253822654692197,5.42110002007248,0.0586921787811641,4.34639548392508,316.501428852236,10.0800103374709
0,0.53,2.4,20,0.267151394014133,5.41570595503247,0.0586855122456369,4.34223110276753,316.198181577217,10.0837739640598
0,0.53,2.4,21,0.280477105797325,5.41070604381341,0.0586788472243711,4.33829969364034,315.911899159807,10.0881616904754
0,0.53,2.4,22,0.293799791073185,5.40628166113937,0.0586721837168507,4.33488686224083,315.663379203818,10.0936404981702
0,0.53,2.4,23,0.307119450872657,5.40181790783029,0.0586655217225602,4.33147939619801,315.415249949288,10.0990822766235
0,0.53,2.4,24,0.320436086226216,5.39734052823044,0.0586588612409841,4.32807728286939,315.167510475601,10.104512758567
0,0.53,2.5,1,0.0133864591513969,6.24612892415299,0.0596857856540089,4.99113157337725,363.450652478782,11.3103327423356
0,0.53,2.5,2,0.0267698710778561,6.04802785624441,0.0596789923708704,4.83905262983945,352.376371938489,10.9735293495326
0,0.53,2.5,3,0.0401502368197411,5.92191209465971,0.0596722006339441,4.74195081617852,345.305486907089,10.7636853482919
0,0.53,2.5,4,0.053527557416942,5.8393038611236,0.0596654104427022,4.67828844692896,340.669638442281,10.6307852759122
0,0.53,2.5,5,0.0669018339088756,5.77800870975799,0.059658621796617,4.63127715163654,337.246309344118,10.5358463171
0,0.53,2.5,6,0.0802730673344857,5.73074788455148,0.0596518346951611,4.5950180420498,334.605946764238,10.4656908286309
0,0.53,2.5,7,0.0936412587322432,5.68906522558064,0.0596450491378075,4.56289178910841,332.266535866812,10.4052433225591
0,0.53,2.5,8,0.107006409140147,5.65445980383635,0.0596382651240293,4.53644218908024,330.340494798427,10.3575466671808
0,0.53,2.5,9,0.120368519595723,5.62585648574872,0.0596314826532999,4.51444112145601,328.738392696789,10.3202976094538
0,0.53,2.5,10,0.133727591136026,5.60029267037993,0.0596247017250928,4.49477265318439,327.306148821531,10.2884176164254
0,0.53,2.5,11,0.147083624797639,5.57744082715579,0.0596179223388818,4.47712246652033,326.020874777937,10.2612648408126
0,0.53,2.5,12,0.160436621616673,5.55686713402797,0.0596111444941412,4.46121764061148,324.862696663585,10.2381325407503
0,0.53,2.5,13,0.173786582628769,5.53705845452696,0.0596043681903451,4.44601336963442,323.755532461272,10.2164627749805
0,0.53,2.5,14,0.187133508869095,5.51981322023244,0.0595975934269681,4.43281618282579,322.794522701068,10.1993605053543
0,0.53,2.5,15,0.200477401372351,5.50515765762926,0.0595908202034851,4.42189481782399,321.999236666728,10.1871206970291
0,0.53,2.5,16,0.213818261172766,5.4924379811779,0.0595840485193711,4.41232643738844,321.302474006529,10.1781667282585
0,0.53,2.5,17,0.227156089304098,5.48072365599717,0.0595772783741013,4.40337771655934,320.650834518295,10.1708347402347
0,0.53,2.5,18,0.240490886799635,5.46962643700914,0.0595705097671513,4.39486272787415,320.030779096396,10.1645505614501
0,0.53,2.5,19,0.253822654692196,5.46056384532543,0.0595637426979968,4.38789730007098,319.523561596188,10.1618475427866
0,0.53,2.5,20,0.267151394014133,5.45196524941774,0.0595569771661138,4.38119894486651,319.035792132729,10.1598725654645
0,0.53,2.5,21,0.280477105797325,5.44576043060238,0.0595502131709785,4.37641991507017,318.68778658085,10.1622076646408
0,0.53,2.5,22,0.293799791073185,5.44057257695895,0.0595434507120674,4.37241944709182,318.396475347,10.166335265836
0,0.53,2.5,23,0.307119450872657,5.43553524724849,0.0595366897888572,4.36852472656987,318.112864567737,10.1707161144799
0,0.53,2.5,24,0.320436086226216,5.43122926409153,0.0595299304008249,4.36520250996915,317.870943116969,10.1763977906877
0,0.54,1.9,1,0.01338703087682,5.54964471245589,0.054689866297355,4.29071691713034,312.446955205704,9.90843852676041
0,0.54,1.9,2,0.02677406175364,5.54356480560561,0.054689866297355,4.28628259825398,312.124051257928,9.91131133191059
0,0.54,1.9,3,0.04016109263046,5.54354371903902,0.054689866297355,4.28626692447067,312.122909904171,9.9246616024375
0,0.54,1.9,4,0.05354812350728,5.54354371903902,0.054689866297355,4.28626692447067,312.122909904171,9.93804863331432
0,0.54,1.9,5,0.0669351543841,5.54354371903902,0.054689866297355,4.28626692447067,312.122909904171,9.95143566419114
0,0.54,1.9,6,0.08032218526092,5.54354371903902,0.054689866297355,4.28626692447067,312.122909904171,9.96482269506796
0,0.54,1.9,7,0.09370921613774,5.54354371903902,0.054689866297355,4.28626692447067,312.122909904171,9.97820972594478
0,0.54,1.9,8,0.10709624701456,5.54354371903902,0.054689866297355,4.28626692447067,312.122909904171,9.9915967568216
0,0.54,1.9,9,0.12048327789138,5.54354371903902,0.054689866297355,4.28626692447067,312.122909904171,10.0049837876984
0,0.54,1.9,10,0.1338703087682,5.54354371903902,0.054689866297355,4.28626692447067,312.122909904171,10.0183708185752
0,0.54,1.9,11,0.14725733964502,5.54354371903902,0.054689866297355,4.28626692447067,312.122909904171,10.0317578494521
0,0.54,1.9,12,0.16064437052184,5.54354371903902,0.054689866297355,4.28626692447067,312.122909904171,10.0451448803289
0,0.54,1.9,13,0.17403140139866,5.54354371903902,0.054689866297355,4.28626692447067,312.122909904171,10.0585319112057
0,0.54,1.9,14,0.18741843227548,5.54354371903902,0.054689866297355,4.28626692447067,312.122909904171,10.0719189420825
0,0.54,1.9,15,0.2008054631523,5.54354371903902,0.054689866297355,4.28626692447067,312.122909904171,10.0853059729593
0,0.54,1.9,16,0.21419249402912,5.54354371903902,0.054689866297355,4.28626692447067,312.122909904171,10.0986930038362
0,0.54,1.9,17,0.22757952490594,5.54354371903902,0.054689866297355,4.28626692447067,312.122909904171,10.112080034713
0,0.54,1.9,18,0.24096655578276,5.54354371903902,0.054689866297355,4.28626692447067,312.122909904171,10.1254670655898
0,0.54,1.9,19,0.25435358665958,5.54354371903902,0.054689866297355,4.28626692447067,312.122909904171,10.1388540964666
0,0.54,1.9,20,0.2677406175364,5.54354371903902,0.054689866297355,4.28626692447067,312.122909904171,10.1522411273434
0,0.54,1.9,21,0.28112764841322,5.54354371903902,0.054689866297355,4.28626692447067,312.122909904171,10.1656281582203
0,0.54,1.9,22,0.29451467929004,5.54354371903902,0.054689866297355,4.28626692447067,312.122909904171,10.1790151890971
0,0.54,1.9,23,0.30790171016686,5.54354371903902,0.054689866297355,4.28626692447067,312.122909904171,10.1924022199739
0,0.54,1.9,24,0.32128874104368,5.54354371903902,0.054689866297355,4.28626692447067,312.122909904171,10.2057892508507
0,0.54,2,1,0.0133864591513969,5.61253977689599,0.0556041340926516,4.3559552225916,317.197562224957,10.0374855927316
0,0.54,2,2,0.0267700481869308,5.56929989826318,0.0555981732068975,4.32383095664186,314.85829601885,9.97549907629887
0,0.54,2,3,0.0401542093394834,5.55095676210507,0.0555969783905115,4.31033164324626,313.875285615394,9.95703959308132
0,0.54,2,4,0.0535328529045031,5.54017133890435,0.0555906512991817,4.30229617086272,313.290148229646,9.95159101397076
0,0.54,2,5,0.0669084517620554,5.53532807952454,0.0555843256477694,4.29868894801542,313.027472826641,9.95650980494979
0,0.54,2,6,0.0802899380065908,5.53308360063715,0.0555841843452591,4.29706193623781,312.908994985801,9.96601965922681
0,0.54,2,7,0.0936715943410226,5.53301142126763,0.0555841843452591,4.2970094480908,312.905172836254,9.97927664804471
0,0.54,2,8,0.107053250675454,5.53301142126763,0.0555841843452591,4.2970094480908,312.905172836254,9.99265830437914
0,0.54,2,9,0.120434907009886,5.53301142126763,0.0555841843452591,4.2970094480908,312.905172836254,10.0060399607136
0,0.54,2,10,0.133816563344318,5.53301142126763,0.0555841843452591,4.2970094480908,312.905172836254,10.019421617048
0,0.54,2,11,0.14719821967875,5.53301142126763,0.0555841843452591,4.2970094480908,312.905172836254,10.0328032733824
0,0.54,2,12,0.160579876013182,5.53301142126763,0.0555841843452591,4.2970094480908,312.905172836254,10.0461849297169
0,0.54,2,13,0.173961532347613,5.53301142126763,0.0555841843452591,4.2970094480908,312.905172836254,10.0595665860513
0,0.54,2,14,0.187343188682045,5.53301142126763,0.0555841843452591,4.2970094480908,312.905172836254,10.0729482423857
0,0.54,2,15,0.200724845016477,5.53301142126763,0.0555841843452591,4.2970094480908,312.905172836254,10.0863298987202
0,0.54,2,16,0.214106501350909,5.53301142126763,0.0555841843452591,4.2970094480908,312.905172836254,10.0997115550546
0,0.54,2,17,0.227488157685341,5.53301142126763,0.0555841843452591,4.2970094480908,312.905172836254,10.113093211389
0,0.54,2,18,0.240869814019772,5.53301142126763,0.0555841843452591,4.2970094480908,312.905172836254,10.1264748677235
0,0.54,2,19,0.254251470354204,5.53301142126763,0.0555841843452591,4.2970094480908,312.905172836254,10.1398565240579
0,0.54,2,20,0.267633126688636,5.53301142126763,0.0555841843452591,4.2970094480908,312.905172836254,10.1532381803923
0,0.54,2,21,0.281014783023068,5.53301142126763,0.0555841843452591,4.2970094480908,312.905172836254,10.1666198367268
0,0.54,2,22,0.294396439357499,5.53301142126763,0.0555841843452591,4.2970094480908,312.905172836254,10.1800014930612
0,0.54,2,23,0.307778095691931,5.53301142126763,0.0555841843452591,4.2970094480908,312.905172836254,10.1933831493956
0,0.54,2,24,0.321159752026363,5.53301142126763,0.0555841843452591,4.2970094480908,312.905172836254,10.20676480573
0,0.54,2.1,1,0.0133864591513969,5.71820811134588,0.0565140905228503,4.45156565986448,324.159846288147,10.2396743208846
0,0.54,2.1,2,0.0267698710778562,5.60750012741948,0.0565076582339222,4.36878017082818,318.131465837007,10.0595578275594
0,0.54,2.1,3,0.0401502368197413,5.55904203213471,0.0565012274090407,4.33246074112196,315.486710788914,9.98815423748545
0,0.54,2.1,4,0.0535275574169424,5.53188451772612,0.0564947980477061,4.31232754669437,314.020625885398,9.95423441988514
0,0.54,2.1,5,0.0669018339088761,5.51193131577228,0.0564883701494187,4.29769285576046,312.954938096856,9.93301437559103
0,0.54,2.1,6,0.0802730673344864,5.49733092222515,0.0564819437136793,4.28702181193235,312.177880272405,9.92110774520566
0,0.54,2.1,7,0.0936412587322441,5.48601455428013,0.0564755187399888,4.27886467253188,311.583883180989,9.91499600428424
0,0.54,2.1,8,0.107006409140148,5.47643482767428,0.0564690952278483,4.27205186167663,311.087779138418,9.91196219371891
0,0.54,2.1,9,0.120368519595724,5.47008119552609,0.056462673176759,4.26731379954874,310.742756823028,9.91422618784731
0,0.54,2.1,10,0.133727591136028,5.46501544071207,0.0564562525862227,4.26354038582385,310.467979518479,9.91873967025817
0,0.54,2.1,11,0.147083624797641,5.46126674924616,0.056449833455741,4.26073766214717,310.263887173079,9.92553786964671
0,0.54,2.1,12,0.16044476540163,5.45934198345123,0.056446280860356,4.25929271061764,310.158666830059,9.93552574033085
0,0.54,2.1,13,0.173815162518433,5.45934198345123,0.056446280860356,4.25929271061764,310.158666830059,9.94889613744765
0,0.54,2.1,14,0.187185559635235,5.45934198345123,0.056446280860356,4.25929271061764,310.158666830059,9.96226653456445
0,0.54,2.1,15,0.200555956752038,5.45934198345123,0.056446280860356,4.25929271061764,310.158666830059,9.97563693168126
0,0.54,2.1,16,0.21392635386884,5.45934198345123,0.056446280860356,4.25929271061764,310.158666830059,9.98900732879806
0,0.54,2.1,17,0.227296750985643,5.45934198345123,0.056446280860356,4.25929271061764,310.158666830059,10.0023777259149
0,0.54,2.1,18,0.240667148102445,5.45934198345123,0.056446280860356,4.25929271061764,310.158666830059,10.0157481230317
0,0.54,2.1,19,0.254037545219248,5.45934198345123,0.056446280860356,4.25929271061764,310.158666830059,10.0291185201485
0,0.54,2.1,20,0.26740794233605,5.45934198345123,0.056446280860356,4.25929271061764,310.158666830059,10.0424889172653
0,0.54,2.1,21,0.280778339452853,5.45934198345123,0.056446280860356,4.25929271061764,310.158666830059,10.0558593143821
0,0.54,2.1,22,0.294148736569656,5.45934198345123,0.056446280860356,4.25929271061764,310.158666830059,10.0692297114989
0,0.54,2.1,23,0.307519133686458,5.45934198345123,0.056446280860356,4.25929271061764,310.158666830059,10.0826001086157
0,0.54,2.1,24,0.32088953080326,5.45934198345123,0.056446280860356,4.25929271061764,310.158666830059,10.0959705057325
0,0.54,2.2,1,0.0133864591513969,5.86424932779271,0.0574178694646543,4.57632461002109,333.244704334938,10.5113782664299
0,0.54,2.2,2,0.0267698710778561,5.71571782992833,0.0574113343099236,4.46499710892351,325.137914858865,10.2648961442396
0,0.54,2.2,3,0.0401502368197412,5.64394678871709,0.0574048006426526,4.41096953594246,321.20366540799,10.1524713621219
0,0.54,2.2,4,0.0535275574169423,5.601093179024,0.0573982684623338,4.37883699823775,318.863796858567,10.090856003141
0,0.54,2.2,5,0.066901833908876,5.56942222610988,0.0573917377684594,4.35532295885887,317.151521229479,10.0490387566461
0,0.54,2.2,6,0.0802730673344862,5.54529208684395,0.0573852085605221,4.33741125284558,315.847203532814,10.0203616155845
0,0.54,2.2,7,0.093641258732244,5.52471453125614,0.057378680838015,4.32224694246458,314.742949232694,9.99798141329098
0,0.54,2.2,8,0.107006409140148,5.5096872447625,0.0573721546004311,4.31115747601747,313.935422170627,9.98522328452054
0,0.54,2.2,9,0.120368519595724,5.49770738213457,0.0573656298472638,4.30238322195269,313.296487228124,9.97782475353026
0,0.54,2.2,10,0.133727591136027,5.48738433807276,0.0573591065780066,4.29474027444235,312.739933224557,9.97321131022914
0,0.54,2.2,11,0.14708362479764,5.47792342842438,0.0573525847921536,4.28762015779997,312.221451393062,9.96997979581415
0,0.54,2.2,12,0.160436621616675,5.470551068902,0.0573460644891986,4.28212689427176,311.821435848648,9.97046064927964
0,0.54,2.2,13,0.17378658262877,5.46473805467261,0.057339545668636,4.27777513555345,311.504543872881,9.97363931852347
0,0.54,2.2,14,0.187133508869097,5.45938826886726,0.0573330283299603,4.27375510785763,311.211808314311,9.97760991392395
0,0.54,2.2,15,0.200477401372354,5.4545969512274,0.0573265124726663,4.27014219033861,310.94871822936,9.98254305541103
0,0.54,2.2,16,0.213818261172768,5.45069324517784,0.057319998096249,4.26722202538236,310.736073893483,9.98905352982922
0,0.54,2.2,17,0.2271560893041,5.44748490128083,0.0573134852002035,4.26481424799132,310.560741255797,9.99676872377645
0,0.54,2.2,18,0.240510306962815,5.44650716880622,0.0573116014470395,4.26407829445198,310.507149642326,10.0084073716681
0,0.54,2.2,19,0.253871990682971,5.44650716880622,0.0573116014470395,4.26407829445198,310.507149642326,10.0217690553882
0,0.54,2.2,20,0.267233674403127,5.44650716880622,0.0573116014470395,4.26407829445198,310.507149642326,10.0351307391084
0,0.54,2.2,21,0.280595358123284,5.44650716880622,0.0573116014470395,4.26407829445198,310.507149642326,10.0484924228285
0,0.54,2.2,22,0.29395704184344,5.44650716880622,0.0573116014470395,4.26407829445198,310.507149642326,10.0618541065487
0,0.54,2.2,23,0.307318725563596,5.44650716880622,0.0573116014470395,4.26407829445198,310.507149642326,10.0752157902688
0,0.54,2.2,24,0.320680409283753,5.44650716880622,0.0573116014470395,4.26407829445198,310.507149642326,10.088577473989
0,0.54,2.3,1,0.0133864591513969,6.02647814395774,0.0583158876505492,4.71256189783848,343.165406769089,10.8107423885982
0,0.54,2.3,2,0.0267698710778561,5.85536296236526,0.0583092502856903,4.58395012625278,333.799989005188,10.5243922099816
0,0.54,2.3,3,0.0401502368197412,5.75849680148386,0.0583026144315552,4.51100467162537,328.488152863438,10.3679543243605
0,0.54,2.3,4,0.0535275574169422,5.70067055072699,0.0582959800876281,4.46751049088977,325.320937546634,10.2800045791213
0,0.54,2.3,5,0.066901833908876,5.65765611917429,0.0582893472533936,4.43535160832107,322.979150582947,10.2181989086576
0,0.54,2.3,6,0.0802730673344861,5.62485452183976,0.0582827159283363,4.41089242825522,321.198050481028,10.1743027333578
0,0.54,2.3,7,0.0936412587322439,5.59721634832153,0.0582760861119414,4.39029728897295,319.698327081638,10.1394309821387
0,0.54,2.3,8,0.107006409140148,5.57312475781657,0.0582694578036939,4.37213847456532,318.376015127391,10.1105390993257
0,0.54,2.3,9,0.120368519595724,5.55206422574971,0.0582628310030794,4.35625457744832,317.219361032782,10.0869501537968
0,0.54,2.3,10,0.133727591136027,5.53563527551517,0.0582562057095835,4.34384205900565,316.315490265088,10.0714611313664
0,0.54,2.3,11,0.14708362479764,5.52220155564823,0.0582495819226921,4.33364279640086,315.572787213883,10.0611775587694
0,0.54,2.3,12,0.160436621616675,5.51112116717098,0.0582429596418915,4.32522588667584,314.959873832129,10.0550266351054
0,0.54,2.3,13,0.17378658262877,5.50127819392053,0.0582363388666679,4.31782180746769,314.420714048492,10.0511229228837
0,0.54,2.3,14,0.187133508869097,5.49190874312768,0.058229719596508,4.31077243058535,313.907383436027,10.0480444021786
0,0.54,2.3,15,0.200477401372353,5.4835967603001,0.0582231018308987,4.30454688627704,313.454043725858,10.0468441497804
0,0.54,2.3,16,0.213818261172768,5.47664227035218,0.058216485569327,4.30011144478965,313.131058030345,10.0487884618839
0,0.54,2.3,17,0.2271560893041,5.47103682484408,0.0582098708112803,4.29591368651495,312.825380257387,10.0523164714744
0,0.54,2.3,18,0.240490886799637,5.46534307170525,0.058203257556246,4.29172411593016,312.520298706188,10.0557613319913
0,0.54,2.3,19,0.253822654692199,5.45969113278022,0.0581966458037121,4.2875427091036,312.215811634058,10.0592531423797
0,0.54,2.3,20,0.267151394014136,5.4551598741345,0.0581900355531665,4.28410808643372,311.965704853254,10.0646093901355
0,0.54,2.3,21,0.280477105797328,5.45152575426409,0.0581834268040974,4.28132946118355,311.763367338139,10.0715157480491
0,0.54,2.3,22,0.293799791073188,5.44790384074151,0.0581768195559934,4.27855443796851,311.561292120662,10.0784348893392
0,0.54,2.3,23,0.307120733112667,5.44515403715813,0.058170456672073,4.27645865906881,311.408678991284,10.0869038860117
0,0.54,2.3,24,0.320473808465392,5.44392239554238,0.058170456672073,4.27554943509526,311.342469947989,10.0981160957751
0,0.54,2.4,1,0.0133864591513969,6.18862277141104,0.059208516964629,4.84820486426468,353.042831142095,11.1094226117917
0,0.54,2.4,2,0.0267698710778561,5.99854158347225,0.0592017780029895,4.70511238270735,342.622938373845,10.7896256152604
0,0.54,2.4,3,0.0401502368197412,5.88159111884164,0.0591950405751981,4.61686830675342,336.197067504418,10.59780470299
0,0.54,2.4,4,0.0535275574169422,5.80837377782582,0.0591883046807312,4.56160620062794,332.172920227718,10.4826958405514
0,0.54,2.4,5,0.066901833908876,5.75583974275345,0.0591815703190654,4.5221260145637,329.298001148932,10.4040491615451
0,0.54,2.4,6,0.0802730673344861,5.71195429491623,0.0591748374896776,4.4892239623027,326.902097096645,10.3406261620431
0,0.54,2.4,7,0.0936412587322438,5.67620439713465,0.0591681061920449,4.46232325659644,324.943206833517,10.2913370186554
0,0.54,2.4,8,0.107006409140148,5.64692756473213,0.0591613764256445,4.44034209183179,323.342554043964,10.2534374421297
0,0.54,2.4,9,0.120368519595724,5.62209217180663,0.0591546481899541,4.42170731442738,321.985582802701,10.2233226540197
0,0.54,2.4,10,0.133727591136027,5.59961624310929,0.0591479214844515,4.40470236745622,320.747294654779,10.197194123186
0,0.54,2.4,11,0.14708362479764,5.57866820806775,0.0591411963086148,4.38880867804349,319.589927492157,10.1737017072175
0,0.54,2.4,12,0.160436621616674,5.559631490208,0.0591344726619221,4.37432819244795,318.535468826715,10.1535307769345
0,0.54,2.4,13,0.17378658262877,5.54485758877203,0.0591277505438521,4.36321009572843,317.725856928566,10.1409820176731
0,0.54,2.4,14,0.187133508869097,5.53159155048603,0.0591210299538835,4.35337373109774,317.009579849815,10.1312198204068
0,0.54,2.4,15,0.200477401372353,5.51930253327993,0.0591143108914953,4.3444667851016,316.360982375214,10.1233610306454
0,0.54,2.4,16,0.213818261172768,5.50867580425681,0.0591075933561668,4.33695217364829,315.813773712073,10.118553832434
0,0.54,2.4,17,0.2271560893041,5.49958702773961,0.0591008773473773,4.33013610912703,315.317432739856,10.1159801035181
0,0.54,2.4,18,0.240490886799637,5.49079338090018,0.0590941628646067,4.32354205589415,314.83725847181,10.1139204864586
0,0.54,2.4,19,0.253822654692199,5.48345250210469,0.0590874499073348,4.31798630671814,314.432692766951,10.1143489134224
0,0.54,2.4,20,0.267151394014136,5.4768949409151,0.0590807384750418,4.31301722846058,314.07084802125,10.1161443018649
0,0.54,2.4,21,0.280477105797328,5.47144233707434,0.0590740285672082,4.30885677054267,313.767886433753,10.1198502419815
0,0.54,2.4,22,0.293799791073188,5.4669542195435,0.0590673201833146,4.3054900879901,313.522727003987,10.1253114187901
0,0.54,2.4,23,0.30711945087266,5.46244634016576,0.0590606133228418,4.3021286623782,313.277950380901,10.1307550667395
0,0.54,2.4,24,0.32043608622622,5.45796908934333,0.0590539079852711,4.2987724814038,313.033555668591,10.1362315649586
0,0.54,2.5,1,0.0133864591513969,6.35966303810824,0.0600960909222624,4.99022546258985,363.384670135489,11.4233710507717
0,0.54,2.5,2,0.0267698710778561,6.15493352809264,0.06008925093923,4.83580673147374,352.140007927331,11.0775993815835
0,0.54,2.5,3,0.0401502368197412,6.02277795554067,0.0600824125130391,4.7358212267549,344.8591345634,10.8588318316284
0,0.54,2.5,4,0.0535275574169422,5.93443583359435,0.0600755756431583,4.66893675793843,339.988655099042,10.7169757245929
0,0.54,2.5,5,0.0669018339088759,5.86916283908476,0.0600687403290562,4.61971376682979,336.404271884057,10.6158471801525
0,0.54,2.5,6,0.080273067334486,5.8195837863401,0.060061906570202,4.58231585486199,333.680982524477,10.5422346151068
0,0.54,2.5,7,0.0936412587322437,5.77676026490872,0.0600550743660648,4.54988326134989,331.3192641245,10.4803398593569
0,0.54,2.5,8,0.107006409140147,5.73853475959133,0.0600482437161141,4.52118251047439,329.22929585198,10.426771922922
0,0.54,2.5,9,0.120368519595724,5.7074730440731,0.0600414146198198,4.4976872400972,327.518386968251,10.3855702183858
0,0.54,2.5,10,0.133727591136027,5.68060441401913,0.0600345870766518,4.47736502377228,326.038537624566,10.3517316160041
0,0.54,2.5,11,0.14708362479764,5.65601341489404,0.0600277610860803,4.45876360395172,324.683995458842,10.3218884047295
0,0.54,2.5,12,0.160436621616674,5.6346721121215,0.0600209366475757,4.44256232230259,323.504229648264,10.2976919926883
0,0.54,2.5,13,0.17378658262877,5.61425106419648,0.0600141137606089,4.4271743485136,322.383688337799,10.2752261090995
0,0.54,2.5,14,0.187133508869097,5.59508791058845,0.0600072924246506,4.41273003362147,321.331863597262,10.2549587455037
0,0.54,2.5,15,0.200477401372353,5.57811277342915,0.0600004726391722,4.40023787063948,320.422193170841,10.2388285180802
0,0.54,2.5,16,0.213818261172768,5.56376040848459,0.059993654403645,4.38962698062589,319.649515704394,10.2271993046869
0,0.54,2.5,17,0.227156089304099,5.5517592570829,0.0599868377175408,4.3806057691509,318.992597498867,10.2195079532554
0,0.54,2.5,18,0.240490886799637,5.54031231931875,0.0599800225803313,4.37193076793539,318.360890078279,10.2127139966341
0,0.54,2.5,19,0.253822654692199,5.52942380384812,0.0599732089914889,4.36359681441879,317.754017508641,10.2068164819506
0,0.54,2.5,20,0.267151394014135,5.52056778424324,0.0599663969504858,4.35679954632896,317.259045279197,10.2044851215368
0,0.54,2.5,21,0.280477105797328,5.51310163131618,0.0599595864567946,4.35115713851068,316.848169153622,10.204695462081
0,0.54,2.5,22,0.293799791073188,5.50759164812747,0.0599527775098884,4.34697708423573,316.543780573339,10.2083213009463
0,0.54,2.5,23,0.30711945087266,5.50241459245338,0.05994597010924,4.34303023806993,316.256374041753,10.2125102515052
0,0.54,2.5,24,0.320436086226219,5.49728030729855,0.059939164254323,4.33909055249573,315.969488939356,10.2167461102748
0,0.55,1.9,1,0.0133864816592937,5.60166501915349,0.0550109215751345,4.25702393012256,309.993455847511,9.92708635251048
0,0.55,1.9,2,0.0267729633185873,5.58444469525171,0.0550109215751346,4.2446738425663,309.094131252576,9.91090242271173
0,0.55,1.9,3,0.040159444977881,5.58021129155289,0.0550109215751346,4.24159649860401,308.870041253234,9.91697815670992
0,0.55,1.9,4,0.0535459266371747,5.57985372345532,0.0550109215751346,4.24133684644712,308.851133567782,9.92974741811475
0,0.55,1.9,5,0.0669324082964684,5.57985372345532,0.0550109215751346,4.24133684644712,308.851133567782,9.94313389977405
0,0.55,1.9,6,0.0803188899557621,5.57985372345532,0.0550109215751346,4.24133684644712,308.851133567782,9.95652038143334
0,0.55,1.9,7,0.0937053716150558,5.57985372345532,0.0550109215751346,4.24133684644712,308.851133567782,9.96990686309264
0,0.55,1.9,8,0.107091853274349,5.57985372345532,0.0550109215751346,4.24133684644712,308.851133567782,9.98329334475193
0,0.55,1.9,9,0.120478334933643,5.57985372345532,0.0550109215751346,4.24133684644712,308.851133567782,9.99667982641122
0,0.55,1.9,10,0.133864816592937,5.57985372345532,0.0550109215751346,4.24133684644712,308.851133567782,10.0100663080705
0,0.55,1.9,11,0.14725129825223,5.57985372345532,0.0550109215751346,4.24133684644712,308.851133567782,10.0234527897298
0,0.55,1.9,12,0.160637779911524,5.57985372345532,0.0550109215751346,4.24133684644712,308.851133567782,10.0368392713891
0,0.55,1.9,13,0.174024261570818,5.57985372345532,0.0550109215751346,4.24133684644712,308.851133567782,10.0502257530484
0,0.55,1.9,14,0.187410743230112,5.57985372345532,0.0550109215751346,4.24133684644712,308.851133567782,10.0636122347077
0,0.55,1.9,15,0.200797224889405,5.57985372345532,0.0550109215751346,4.24133684644712,308.851133567782,10.076998716367
0,0.55,1.9,16,0.214183706548699,5.57985372345532,0.0550109215751346,4.24133684644712,308.851133567782,10.0903851980263
0,0.55,1.9,17,0.227570188207993,5.57985372345532,0.0550109215751346,4.24133684644712,308.851133567782,10.1037716796856
0,0.55,1.9,18,0.240956669867286,5.57985372345532,0.0550109215751346,4.24133684644712,308.851133567782,10.1171581613449
0,0.55,1.9,19,0.25434315152658,5.57985372345532,0.0550109215751346,4.24133684644712,308.851133567782,10.1305446430042
0,0.55,1.9,20,0.267729633185874,5.57985372345532,0.0550109215751346,4.24133684644712,308.851133567782,10.1439311246635
0,0.55,1.9,21,0.281116114845167,5.57985372345532,0.0550109215751346,4.24133684644712,308.851133567782,10.1573176063227
0,0.55,1.9,22,0.294502596504461,5.57985372345532,0.0550109215751346,4.24133684644712,308.851133567782,10.170704087982
0,0.55,1.9,23,0.307889078163755,5.57985372345532,0.0550109215751346,4.24133684644712,308.851133567782,10.1840905696413
0,0.55,1.9,24,0.321275559823048,5.57985372345532,0.0550109215751346,4.24133684644712,308.851133567782,10.1974770513006
0,0.55,2,1,0.0133864591513968,5.67451034018071,0.0559419037666489,4.32823657757611,315.179110202886,10.0720752806749
0,0.55,2,2,0.0267698710778559,5.59737820590433,0.0559355366025506,4.27172336848488,311.063858497754,9.95180698206961
0,0.55,2,3,0.0401502368197407,5.56711040825466,0.055929170887676,4.24968563023112,309.459086066947,9.91287544619319
0,0.55,2,4,0.0535275574169415,5.54786652213441,0.0559228066215303,4.23583166358743,308.450250066124,9.89314854976031
0,0.55,2,5,0.066901833908875,5.53445346334237,0.0559164438036191,4.22626119345286,307.753335235529,9.88353293450773
0,0.55,2,6,0.0802730673344849,5.52560833350224,0.055910082433448,4.21991330615669,307.291086595969,9.88170478942686
0,0.55,2,7,0.0936412587322423,5.51971816028443,0.055903722510523,4.21558717868919,306.976061069662,9.88485032021638
0,0.55,2,8,0.107012707166458,5.51708313272574,0.0559006539594331,4.2136665322905,306.83620096449,9.89366302614213
0,0.55,2,9,0.120389295562265,5.51545986107829,0.0559006539594331,4.21248915453477,306.750465153433,9.90423896513476
0,0.55,2,10,0.133765883958072,5.51545986107829,0.0559006539594331,4.21248915453477,306.750465153433,9.91761555353057
0,0.55,2,11,0.147142472353879,5.51545986107829,0.0559006539594331,4.21248915453477,306.750465153433,9.93099214192638
0,0.55,2,12,0.160519060749687,5.51545986107829,0.0559006539594331,4.21248915453477,306.750465153433,9.94436873032219
0,0.55,2,13,0.173895649145494,5.51545986107829,0.0559006539594331,4.21248915453477,306.750465153433,9.95774531871799
0,0.55,2,14,0.187272237541301,5.51545986107829,0.0559006539594331,4.21248915453477,306.750465153433,9.9711219071138
0,0.55,2,15,0.200648825937108,5.51545986107829,0.0559006539594331,4.21248915453477,306.750465153433,9.98449849550961
0,0.55,2,16,0.214025414332916,5.51545986107829,0.0559006539594331,4.21248915453477,306.750465153433,9.99787508390541
0,0.55,2,17,0.227402002728723,5.51545986107829,0.0559006539594331,4.21248915453477,306.750465153433,10.0112516723012
0,0.55,2,18,0.24077859112453,5.51545986107829,0.0559006539594331,4.21248915453477,306.750465153433,10.024628260697
0,0.55,2,19,0.254155179520337,5.51545986107829,0.0559006539594331,4.21248915453477,306.750465153433,10.0380048490928
0,0.55,2,20,0.267531767916144,5.51545986107829,0.0559006539594331,4.21248915453477,306.750465153433,10.0513814374886
0,0.55,2,21,0.280908356311952,5.51545986107829,0.0559006539594331,4.21248915453477,306.750465153433,10.0647580258845
0,0.55,2,22,0.294284944707759,5.51545986107829,0.0559006539594331,4.21248915453477,306.750465153433,10.0781346142803
0,0.55,2,23,0.307661533103566,5.51545986107829,0.0559006539594331,4.21248915453477,306.750465153433,10.0915112026761
0,0.55,2,24,0.321038121499373,5.51545986107829,0.0559006539594331,4.21248915453477,306.750465153433,10.1048877910719
0,0.55,2.1,1,0.0133864591513969,5.81196322416092,0.0568662701610872,4.44531469145073,323.704655212696,10.3275306449241
0,0.55,2.1,2,0.0267698710778559,5.68636636084988,0.0568597977879752,4.35304442169423,316.98559977319,10.1230404514099
0,0.55,2.1,3,0.0401502368197408,5.62964914432567,0.0568533268880334,4.31115017825534,313.934890752777,10.0378028862888
0,0.55,2.1,4,0.0535275574169416,5.59796265363205,0.0568468574607589,4.28798424100187,312.247963672961,9.99632130951162
0,0.55,2.1,5,0.0669018339088751,5.57413027789364,0.0568403895056489,4.27073371942185,310.991792956625,9.96860622073001
0,0.55,2.1,6,0.080273067334485,5.55653150048986,0.0568339230222011,4.25801237783082,310.06543390684,9.95165086867737
0,0.55,2.1,7,0.0936412587322424,5.54325945219227,0.0568274580099133,4.24855764400095,309.376946911664,9.94228581293537
0,0.55,2.1,8,0.107006409140146,5.5324748253482,0.0568209944682834,4.24097283087085,308.824626212332,9.93727505982747
0,0.55,2.1,9,0.120368519595722,5.52302624572965,0.0568145323968096,4.23426895600372,308.336454810963,9.93447825372591
0,0.55,2.1,10,0.133727591136025,5.5162351465693,0.0568080717949906,4.22935758084112,307.97881196361,9.93612839034143
0,0.55,2.1,11,0.147083624797638,5.51112917817719,0.0568016126623248,4.22565096574189,307.708898887488,9.94066538137904
0,0.55,2.1,12,0.160436621616672,5.50649623522391,0.0567951549983114,4.22223654900764,307.46026348855,9.94596456084652
0,0.55,2.1,13,0.173786582628767,5.5033057008283,0.0567886988024493,4.21988051072346,307.288698455839,9.95376149298298
0,0.55,2.1,14,0.187150137024144,5.50264915183555,0.0567872895840683,4.21939487769391,307.253335003913,9.96598145613768
0,0.55,2.1,15,0.20051800395444,5.50264915183555,0.0567872895840683,4.21939487769391,307.253335003913,9.97934932306797
0,0.55,2.1,16,0.213885870884736,5.50264915183555,0.0567872895840683,4.21939487769391,307.253335003913,9.99271718999827
0,0.55,2.1,17,0.227253737815032,5.50264915183555,0.0567872895840683,4.21939487769391,307.253335003913,10.0060850569286
0,0.55,2.1,18,0.240621604745328,5.50264915183555,0.0567872895840683,4.21939487769391,307.253335003913,10.0194529238589
0,0.55,2.1,19,0.253989471675623,5.50264915183555,0.0567872895840683,4.21939487769391,307.253335003913,10.0328207907892
0,0.55,2.1,20,0.26735733860592,5.50264915183555,0.0567872895840683,4.21939487769391,307.253335003913,10.0461886577195
0,0.55,2.1,21,0.280725205536215,5.50264915183555,0.0567872895840683,4.21939487769391,307.253335003913,10.0595565246498
0,0.55,2.1,22,0.294093072466511,5.50264915183555,0.0567872895840683,4.21939487769391,307.253335003913,10.07292439158
0,0.55,2.1,23,0.307460939396807,5.50264915183555,0.0567872895840683,4.21939487769391,307.253335003913,10.0862922585103
0,0.55,2.1,24,0.320828806327103,5.50264915183555,0.0567872895840683,4.21939487769391,307.253335003913,10.0996601254406
0,0.55,2.2,1,0.0133864591513968,5.96489684845582,0.0577844021305505,4.57301874191045,333.003973369593,10.6090864516482
0,0.55,2.2,2,0.0267698710778559,5.8057910530591,0.0577778252580111,4.45578496013148,324.467092733668,10.3461237095264
0,0.55,2.2,3,0.0401502368197409,5.72511078887121,0.0577712498824268,4.39611847587478,320.122221772965,10.2191507514482
0,0.55,2.2,4,0.0535275574169417,5.67723332174146,0.0577646760032867,4.36080992299229,317.551078056443,10.149335478154
0,0.55,2.2,5,0.0669018339088752,5.64207041597906,0.0577581036200801,4.33512065453814,315.680403792682,10.1018510080462
0,0.55,2.2,6,0.0802730673344851,5.61479759107233,0.0577515327322962,4.31518032128346,314.228362902653,10.0680025124226
0,0.55,2.2,7,0.0936412587322425,5.592000489349,0.0577449633394247,4.29863164080158,313.023299756074,10.0420183522222
0,0.55,2.2,8,0.107006409140146,5.57310159393383,0.0577383954409557,4.28485122118927,312.019819397784,10.0226976197042
0,0.55,2.2,9,0.120368519595722,5.55928298892955,0.0577318290363792,4.27477619483991,311.286163142368,10.0121595324016
0,0.55,2.2,10,0.133727591136025,5.54768315823003,0.0577252641251856,4.26633807626672,310.67170534737,10.005474089758
0,0.55,2.2,11,0.147083624797638,5.53768612333619,0.0577187007068655,4.25891442693399,310.131120481175,10.0014028757747
0,0.55,2.2,12,0.160436621616672,5.52814009787092,0.0577121387809097,4.25182429369898,309.614822020087,9.99811315196748
0,0.55,2.2,13,0.173786582628767,5.52088894138621,0.0577055783468093,4.24649337436034,309.226628264131,9.99887447672213
0,0.55,2.2,14,0.187133508869093,5.51509890503187,0.0576990194040556,4.2422137040212,308.91498571288,10.0021451373262
0,0.55,2.2,15,0.20047740137235,5.50931623618988,0.0576924619521402,4.23794265121022,308.603970683903,10.0054287507246
0,0.55,2.2,16,0.213818261172764,5.50446465291003,0.0576859059905547,4.2343763275025,308.344273527163,10.0103451475759
0,0.55,2.2,17,0.227156089304095,5.5001215131572,0.0576793515187912,4.23117959782958,308.111489945256,10.0161365518097
0,0.55,2.2,18,0.240490886799632,5.49629872833984,0.0576727985363419,4.22836189928785,307.906307140831,10.0228243129637
0,0.55,2.2,19,0.25382397977141,5.49356993507533,0.0576665480888982,4.22632799284555,307.75819951981,10.0313884557812
0,0.55,2.2,20,0.267183136601484,5.49276976969061,0.0576665480888982,4.22574783642118,307.715952941478,10.0433672908022
0,0.55,2.2,21,0.280542293431558,5.49276976969061,0.0576665480888982,4.22574783642118,307.715952941478,10.0567264476322
0,0.55,2.2,22,0.293901450261632,5.49276976969061,0.0576665480888982,4.22574783642118,307.715952941478,10.0700856044623
0,0.55,2.2,23,0.307260607091706,5.49276976969061,0.0576665480888982,4.22574783642118,307.715952941478,10.0834447612924
0,0.55,2.2,24,0.320619763921781,5.49276976969061,0.0576665480888982,4.22574783642118,307.715952941478,10.0968039181225
0,0.55,2.3,1,0.0133864591513969,6.1321518468315,0.0586967202484578,4.71060496889466,343.022904594776,10.914839995126
0,0.55,2.3,2,0.026769871077856,5.95267612532011,0.0586900395382085,4.57804373348724,333.369889683446,10.6161797694234
0,0.55,2.3,3,0.0401502368197409,5.84707219591519,0.058683360348549,4.49991264284314,327.680439213948,10.4458184359266
0,0.55,2.3,4,0.0535275574169417,5.78406684089814,0.0586766826789599,4.45329905588344,324.286070953803,10.3495701368775
0,0.55,2.3,5,0.0669018339088752,5.73772645823244,0.0586700065289224,4.41920143605383,321.803106521219,10.2824997347241
0,0.55,2.3,6,0.0802730673344852,5.7012989692096,0.0586633318979179,4.39248626313965,319.857726624096,10.2327216315817
0,0.55,2.3,7,0.0936412587322426,5.67109321049495,0.0586566587854281,4.3703501340884,318.245789445372,10.193741262101
0,0.55,2.3,8,0.107006409140146,5.64611418775767,0.0586499871909347,4.35187802679985,316.900663726288,10.1636486108886
0,0.55,2.3,9,0.120368519595722,5.62331638600427,0.0586433171139199,4.33512433981444,315.680672151882,10.1374525625284
0,0.55,2.3,10,0.133727591136025,5.60324760878104,0.0586366485538659,4.32023209050451,314.596229145522,10.1158439389754
0,0.55,2.3,11,0.147083624797638,5.58816252014582,0.0586299815102555,4.30896124372414,313.775494096548,10.1028373701779
0,0.55,2.3,12,0.160436621616672,5.5749816617336,0.0586233159825713,4.29911494568791,313.058493674267,10.0931565450208
0,0.55,2.3,13,0.173786582628767,5.56404565786454,0.0586166519702963,4.29101213602744,312.468452835889,10.087461028491
0,0.55,2.3,14,0.187133508869094,5.55429724803588,0.0586099894729139,4.28381266394663,311.94419239779,10.0838534103245
0,0.55,2.3,15,0.20047740137235,5.54487025132095,0.0586033284899075,4.27687380874857,311.438909895793,10.0808247899318
0,0.55,2.3,16,0.213818261172764,5.53509101295467,0.0585966690207609,4.27042010852796,310.968956034309,10.0779260516762
0,0.55,2.3,17,0.227156089304096,5.52892021295794,0.0585900110649581,4.26588120164078,310.638436061947,10.0805475149678
0,0.55,2.3,18,0.240490886799632,5.5232048371745,0.0585833546219832,4.2617499762245,310.337603164435,10.0840290548206
0,0.55,2.3,19,0.253822654692194,5.51754653617267,0.0585766996913207,4.25762674470694,310.037352376944,10.0875726352631
0,0.55,2.3,20,0.26715139401413,5.51198829843324,0.0585700462724552,4.2535114839083,309.737682011537,10.0912212226281
0,0.55,2.3,21,0.280477105797322,5.50693793111047,0.0585633943648718,4.24974054935042,309.463085238167,10.0957189806231
0,0.55,2.3,22,0.293799791073182,5.50301898177226,0.0585567439680554,4.24676433660745,309.246359542311,10.1021398534209
0,0.55,2.3,23,0.307119450872654,5.49937749233785,0.0585500950814915,4.24403392628142,309.047533003692,10.1090809645734
0,0.55,2.3,24,0.320436086226213,5.4960178397566,0.0585434477046657,4.24151212019265,308.863896877312,10.1165094938801
0,0.55,2.4,1,0.0133864591513969,6.29829111627193,0.0596035998264785,4.84689137392373,352.947183709359,11.2181725491735
0,0.55,2.4,2,0.026769871077856,6.10099379628328,0.0595968158975202,4.70092383212459,342.317931098468,10.8882843153832
0,0.55,2.4,3,0.0401502368197409,5.97735628459232,0.059590033512645,4.60922735800271,335.640659049106,10.6863239129274
0,0.55,2.4,4,0.0535275574169418,5.89873678951152,0.0595832526713258,4.55088269024172,331.392041825809,10.5627302898415
0,0.55,2.4,5,0.0669018339088753,5.84195331213448,0.0595764733730357,4.50891393634156,328.335907006584,10.4773455557579
0,0.55,2.4,6,0.0802730673344853,5.79558083542798,0.059569695617248,4.47468925679865,325.843690176016,10.4101128551784
0,0.55,2.4,7,0.0936412587322427,5.75637115752343,0.0595629194034365,4.44565975189862,323.729782269174,10.3552350875577
0,0.55,2.4,8,0.107006409140146,5.72545867871614,0.0595561447310748,4.42283047629594,322.067370651401,10.3148517088833
0,0.55,2.4,9,0.120368519595722,5.69830330752136,0.0595493715996372,4.40280230422503,320.608933401228,10.2810235029417
0,0.55,2.4,10,0.133727591136025,5.6747016625438,0.0595426000085978,4.38525845387191,319.331402692192,10.2532303075603
0,0.55,2.4,11,0.147083624797638,5.65309062100432,0.0595358299574314,4.36914486623769,318.158022697428,10.2288549419971
0,0.55,2.4,12,0.160436621616672,5.63250503882132,0.0595290614456126,4.35378099656953,317.039236631905,10.2062517184531
0,0.55,2.4,13,0.173786582628767,5.61478991230047,0.0595222944726166,4.34068165266561,316.085351722455,10.1887804420675
0,0.55,2.4,14,0.187133508869094,5.60021476940596,0.0595155290379186,4.32996114956906,315.304692309242,10.176824956882
0,0.55,2.4,15,0.20047740137235,5.58769158538619,0.0595087651409942,4.32103234483045,314.654503096556,10.16871009673
0,0.55,2.4,16,0.213818261172764,5.57521849305027,0.0595020027813191,4.31226019974553,314.015721728468,10.1607989567499
0,0.55,2.4,17,0.227156089304096,5.56529593359807,0.0594952419583693,4.3049192095067,313.48115603872,10.1568664743672
0,0.55,2.4,18,0.240490886799633,5.55620355019055,0.059488482671621,4.29820338283015,312.992114315086,10.154386302492
0,0.55,2.4,19,0.253822654692194,5.54748073645256,0.0594817249205507,4.29174081658985,312.521514836352,10.1525259326552
0,0.55,2.4,20,0.267151394014131,5.5400783456073,0.0594749687046351,4.28625804867963,312.122263575378,10.1529627570057
0,0.55,2.4,21,0.280477105797323,5.53320465507651,0.0594682140233512,4.28117709377853,311.752272052039,10.1543270686757
0,0.55,2.4,22,0.293799791073182,5.52802991559741,0.0594614608761762,4.27737026559098,311.475061530077,10.1586614331378
0,0.55,2.4,23,0.307119450872654,5.52354450131624,0.0594547092625874,4.27405258765936,311.233470581965,10.1641712491108
0,0.55,2.4,24,0.320436086226213,5.51922164002756,0.0594479591820626,4.270814155898,310.997650283628,10.1699198413338
0,0.55,2.5,1,0.0133864591513969,6.47227472609676,0.060505377453921,4.98867422842358,363.271710366428,11.5348407911257
0,0.55,2.5,2,0.0267698710778561,6.25855156653333,0.0604984908869447,4.83025666453433,351.735855998901,11.1760765930325
0,0.55,2.5,3,0.0401502368197411,6.11742772159118,0.0604916058874127,4.7253092259595,344.093658139511,10.9433787902578
0,0.55,2.5,4,0.053527557416942,6.01924220334855,0.0604847224547901,4.65220776242667,338.770461540191,10.785462245647
0,0.55,2.5,5,0.0669018339088756,5.94817261936731,0.0604778405885419,4.59948772419264,334.931425839936,10.6750400180574
0,0.55,2.5,6,0.0802730673344857,5.89267217488708,0.0604709602881337,4.55831697600602,331.933401229389,10.5917331785157
0,0.55,2.5,7,0.0936412587322432,5.84812796135135,0.0604640815530309,4.52515187001892,329.518341791798,10.5273851716555
0,0.55,2.5,8,0.107006409140147,5.80680749589816,0.0604572043826996,4.49470139206359,327.300959637381,10.4689725014846
0,0.55,2.5,9,0.120368519595723,5.77037518118842,0.0604503287766057,4.46763639398861,325.330105720775,10.4188304235494
0,0.55,2.5,10,0.133727591136026,5.73978919672588,0.0604434547342159,4.4448881424644,323.673594218788,10.3788483850605
0,0.55,2.5,11,0.147083624797639,5.71389498728329,0.0604365822549965,4.42561638908232,322.270238839722,10.3470315834183
0,0.55,2.5,12,0.160436621616673,5.69009849618098,0.0604297113384145,4.40794372991682,320.983328364551,10.3189085590529
0,0.55,2.5,13,0.173786582628769,5.66723546728576,0.060422841983937,4.39103432858042,319.751997781819,10.2924792204789
0,0.55,2.5,14,0.187133508869095,5.6476100080076,0.0604159741910314,4.37645402535681,318.690270467671,10.2716135164245
0,0.55,2.5,15,0.200477401372351,5.62827518727546,0.0604091079591651,4.36248409416544,317.672990010936,10.2516457907724
0,0.55,2.5,16,0.213818261172766,5.61025205719965,0.0604022432878061,4.34937374669889,316.718303829879,10.2338463083591
0,0.55,2.5,17,0.227156089304098,5.59462754579821,0.0603953801764224,4.33789284754582,315.882272916472,10.2200718628245
0,0.55,2.5,18,0.240490886799635,5.58139015955348,0.0603885186244824,4.32816316912635,315.173764651768,10.2104327341039
0,0.55,2.5,19,0.253822654692196,5.57017198710103,0.0603816586314545,4.31969443011574,314.557077098288,10.2040707305404
0,0.55,2.5,20,0.267151394014133,5.55938167609919,0.0603748001968076,4.31152882046987,313.962463209625,10.19843669078
0,0.55,2.5,21,0.280477105797325,5.55009885931644,0.0603679433200107,4.30452688563826,313.452587293562,10.195470794072
0,0.55,2.5,22,0.293799791073185,5.54287634557259,0.060361088000533,4.29913066745377,313.059638522079,10.1961678921001
0,0.55,2.5,23,0.307119450872657,5.53608846560064,0.0603542342378442,4.29404318338316,312.689171549259,10.1976053340943
0,0.55,2.5,24,0.320436086226216,5.53106407768439,0.0603473820314139,4.29023027699516,312.41151841706,10.2020778229372
0,0.56,1.8,1,0.0133875801394145,5.6319525010015,0.0543849829120196,4.18919921377834,305.054508226698,9.88892427783128
0,0.56,1.8,2,0.026775160278829,5.6319525010015,0.0543849829120196,4.18919921377834,305.054508226698,9.90231185797069
0,0.56,1.8,3,0.0401627404182435,5.6319525010015,0.0543849829120196,4.18919921377834,305.054508226698,9.9156994381101
0,0.56,1.8,4,0.0535503205576581,5.6319525010015,0.0543849829120196,4.18919921377834,305.054508226698,9.92908701824952
0,0.56,1.8,5,0.0669379006970726,5.6319525010015,0.0543849829120196,4.18919921377834,305.054508226698,9.94247459838893
0,0.56,1.8,6,0.0803254808364871,5.6319525010015,0.0543849829120196,4.18919921377834,305.054508226698,9.95586217852835
0,0.56,1.8,7,0.0937130609759016,5.6319525010015,0.0543849829120196,4.18919921377834,305.054508226698,9.96924975866776
0,0.56,1.8,8,0.107100641115316,5.6319525010015,0.0543849829120196,4.18919921377834,305.054508226698,9.98263733880718
0,0.56,1.8,9,0.120488221254731,5.6319525010015,0.0543849829120196,4.18919921377834,305.054508226698,9.99602491894659
0,0.56,1.8,10,0.133875801394145,5.6319525010015,0.0543849829120196,4.18919921377834,305.054508226698,10.009412499086
0,0.56,1.8,11,0.14726338153356,5.6319525010015,0.0543849829120196,4.18919921377834,305.054508226698,10.0228000792254
0,0.56,1.8,12,0.160650961672974,5.6319525010015,0.0543849829120196,4.18919921377834,305.054508226698,10.0361876593648
0,0.56,1.8,13,0.174038541812389,5.6319525010015,0.0543849829120196,4.18919921377834,305.054508226698,10.0495752395043
0,0.56,1.8,14,0.187426121951803,5.6319525010015,0.0543849829120196,4.18919921377834,305.054508226698,10.0629628196437
0,0.56,1.8,15,0.200813702091218,5.6319525010015,0.0543849829120196,4.18919921377834,305.054508226698,10.0763503997831
0,0.56,1.8,16,0.214201282230632,5.6319525010015,0.0543849829120196,4.18919921377834,305.054508226698,10.0897379799225
0,0.56,1.8,17,0.227588862370047,5.6319525010015,0.0543849829120196,4.18919921377834,305.054508226698,10.1031255600619
0,0.56,1.8,18,0.240976442509461,5.6319525010015,0.0543849829120196,4.18919921377834,305.054508226698,10.1165131402013
0,0.56,1.8,19,0.254364022648876,5.6319525010015,0.0543849829120196,4.18919921377834,305.054508226698,10.1299007203407
0,0.56,1.8,20,0.26775160278829,5.6319525010015,0.0543849829120196,4.18919921377834,305.054508226698,10.1432883004802
0,0.56,1.8,21,0.281139182927705,5.6319525010015,0.0543849829120196,4.18919921377834,305.054508226698,10.1566758806196
0,0.56,1.8,22,0.294526763067119,5.6319525010015,0.0543849829120196,4.18919921377834,305.054508226698,10.170063460759
0,0.56,1.8,23,0.307914343206534,5.6319525010015,0.0543849829120196,4.18919921377834,305.054508226698,10.1834510408984
0,0.56,1.8,24,0.321301923345948,5.6319525010015,0.0543849829120196,4.18919921377834,305.054508226698,10.1968386210378
0,0.56,1.9,1,0.0133864591513968,5.66014162272792,0.0553332635260756,4.22917251978331,307.965335948959,9.9580338651887
0,0.56,1.9,2,0.0267718649736592,5.63488801251159,0.055331086544922,4.21123741354936,306.659314264863,9.92822837757953
0,0.56,1.9,3,0.0401577974604887,5.62135355816952,0.0553310865449219,4.20162369699561,305.959250260772,9.91846613917054
0,0.56,1.9,4,0.0535409084647448,5.61733302523385,0.0553281708777352,4.19872679613574,305.748299999853,9.92492890071208
0,0.56,1.9,5,0.066926135580931,5.6161418758833,0.0553281708777352,4.19788343755121,305.686887227355,9.93627961989318
0,0.56,1.9,6,0.0803113626971172,5.6161418758833,0.0553281708777352,4.19788343755121,305.686887227355,9.94966484700937
0,0.56,1.9,7,0.0936965898133034,5.6161418758833,0.0553281708777352,4.19788343755121,305.686887227355,9.96305007412556
0,0.56,1.9,8,0.10708181692949,5.6161418758833,0.0553281708777352,4.19788343755121,305.686887227355,9.97643530124174
0,0.56,1.9,9,0.120467044045676,5.6161418758833,0.0553281708777352,4.19788343755121,305.686887227355,9.98982052835793
0,0.56,1.9,10,0.133852271161862,5.6161418758833,0.0553281708777352,4.19788343755121,305.686887227355,10.0032057554741
0,0.56,1.9,11,0.147237498278048,5.6161418758833,0.0553281708777352,4.19788343755121,305.686887227355,10.0165909825903
0,0.56,1.9,12,0.160622725394234,5.6161418758833,0.0553281708777352,4.19788343755121,305.686887227355,10.0299762097065
0,0.56,1.9,13,0.174007952510421,5.6161418758833,0.0553281708777352,4.19788343755121,305.686887227355,10.0433614368227
0,0.56,1.9,14,0.187393179626607,5.6161418758833,0.0553281708777352,4.19788343755121,305.686887227355,10.0567466639389
0,0.56,1.9,15,0.200778406742793,5.6161418758833,0.0553281708777352,4.19788343755121,305.686887227355,10.070131891055
0,0.56,1.9,16,0.214163633858979,5.6161418758833,0.0553281708777352,4.19788343755121,305.686887227355,10.0835171181712
0,0.56,1.9,17,0.227548860975165,5.6161418758833,0.0553281708777352,4.19788343755121,305.686887227355,10.0969023452874
0,0.56,1.9,18,0.240934088091352,5.6161418758833,0.0553281708777352,4.19788343755121,305.686887227355,10.1102875724036
0,0.56,1.9,19,0.254319315207538,5.6161418758833,0.0553281708777352,4.19788343755121,305.686887227355,10.1236727995198
0,0.56,1.9,20,0.267704542323724,5.6161418758833,0.0553281708777352,4.19788343755121,305.686887227355,10.137058026636
0,0.56,1.9,21,0.28108976943991,5.6161418758833,0.0553281708777352,4.19788343755121,305.686887227355,10.1504432537522
0,0.56,1.9,22,0.294474996556096,5.6161418758833,0.0553281708777352,4.19788343755121,305.686887227355,10.1638284808684
0,0.56,1.9,23,0.307860223672283,5.6161418758833,0.0553281708777352,4.19788343755121,305.686887227355,10.1772137079845
0,0.56,1.9,24,0.321245450788469,5.6161418758833,0.0553281708777352,4.19788343755121,305.686887227355,10.1905989351007
0,0.56,2,1,0.0133864591513969,5.76162208418654,0.0562787869955778,4.31941125977684,314.536456835544,10.1506985901104
0,0.56,2,2,0.0267698710778561,5.66663021621675,0.056272381488294,4.25098284310668,309.553548186227,10.0006553118896
0,0.56,2,3,0.0401502368197411,5.6286353129763,0.0562659774389611,4.2236528222594,307.563395499773,9.94870434949441
0,0.56,2,4,0.053527557416942,5.60572348803497,0.0562595748470813,4.20739310675482,306.379374577387,9.92290372705381
0,0.56,2,5,0.0669018339088756,5.58866266097336,0.0562531737121573,4.19548115094035,305.511954424378,9.90729881953474
0,0.56,2,6,0.0802730673344857,5.57683373302572,0.0562467740336918,4.1871347993837,304.904179038279,9.9004883737776
0,0.56,2,7,0.0936412587322433,5.56825908188445,0.0562403758111876,4.18103494475261,304.459991961039,9.89917566118048
0,0.56,2,8,0.107006409140147,5.56214057002006,0.0562339790441481,4.17660188676441,304.137179830243,9.90198284496876
0,0.56,2,9,0.120368519595723,5.55853040697665,0.0562275837320767,4.17398132584181,303.946352447078,9.90910783614625
0,0.56,2,10,0.133740558657306,5.55626312876618,0.0562266416250835,4.17236924606879,303.828961944196,9.91859957511737
0,0.56,2,11,0.147114614523037,5.55596498957678,0.0562266416250835,4.17216164506652,303.813844586815,9.93146789079143
0,0.56,2,12,0.160488670388767,5.55596498957678,0.0562266416250835,4.17216164506652,303.813844586815,9.94484194665716
0,0.56,2,13,0.173862726254498,5.55596498957678,0.0562266416250835,4.17216164506652,303.813844586815,9.95821600252289
0,0.56,2,14,0.187236782120229,5.55596498957678,0.0562266416250835,4.17216164506652,303.813844586815,9.97159005838862
0,0.56,2,15,0.200610837985959,5.55596498957678,0.0562266416250835,4.17216164506652,303.813844586815,9.98496411425435
0,0.56,2,16,0.21398489385169,5.55596498957678,0.0562266416250835,4.17216164506652,303.813844586815,9.99833817012008
0,0.56,2,17,0.227358949717421,5.55596498957678,0.0562266416250835,4.17216164506652,303.813844586815,10.0117122259858
0,0.56,2,18,0.240733005583151,5.55596498957678,0.0562266416250835,4.17216164506652,303.813844586815,10.0250862818515
0,0.56,2,19,0.254107061448882,5.55596498957678,0.0562266416250835,4.17216164506652,303.813844586815,10.0384603377173
0,0.56,2,20,0.267481117314612,5.55596498957678,0.0562266416250835,4.17216164506652,303.813844586815,10.051834393583
0,0.56,2,21,0.280855173180343,5.55596498957678,0.0562266416250835,4.17216164506652,303.813844586815,10.0652084494487
0,0.56,2,22,0.294229229046074,5.55596498957678,0.0562266416250835,4.17216164506652,303.813844586815,10.0785825053145
0,0.56,2,23,0.307603284911804,5.55596498957678,0.0562266416250835,4.17216164506652,303.813844586815,10.0919565611802
0,0.56,2,24,0.320977340777535,5.55596498957678,0.0562266416250835,4.17216164506652,303.813844586815,10.1053306170459
0,0.56,2.1,1,0.0133864591513969,5.907625939417,0.0572175414634269,4.44066012307323,323.365712852845,10.4188900631051
0,0.56,2.1,2,0.0267698710778561,5.7679466309195,0.0572110291095156,4.33977699239491,316.019475004756,10.1917045235018
0,0.56,2.1,3,0.040150236819741,5.70329374493009,0.0572045182378746,4.29284695068037,312.602062734362,10.0934954506681
0,0.56,2.1,4,0.053527557416942,5.66527877256464,0.0571980088479977,4.26541479179653,310.604472428707,10.0414191306261
0,0.56,2.1,5,0.0669018339088756,5.63883336148728,0.0571915009393792,4.24657220837881,309.232368901304,10.0094989047143
0,0.56,2.1,6,0.0802730673344857,5.6177460844448,0.0571849945115135,4.23151062812967,308.135595336346,9.98671477442047
0,0.56,2.1,7,0.0936412587322432,5.60193211598864,0.0571784895638953,4.22036045071951,307.323647345114,9.97311231500428
0,0.56,2.1,8,0.107006409140147,5.58901442052037,0.0571719860960195,4.21135448797879,306.667839541574,9.96454730373533
0,0.56,2.1,9,0.120368519595723,5.57880650143903,0.0571654841073813,4.2042063443828,306.147316807245,9.96054684952493
0,0.56,2.1,10,0.133727591136026,5.5694444573174,0.057158983597476,4.19761811188561,305.667566401033,9.95794914393651
0,0.56,2.1,11,0.147083624797639,5.56221742671287,0.0571524845657991,4.19254009723354,305.297788984537,9.95899363330985
0,0.56,2.1,12,0.160436621616673,5.55717551813634,0.0571459870118467,4.1888977072469,305.032552735449,9.96365583401176
0,0.56,2.1,13,0.173786582628769,5.55213846792867,0.0571394909351146,4.1852616406291,304.767776949585,9.96832618212166
0,0.56,2.1,14,0.187133508869095,5.54831030036025,0.0571329963350993,4.18247283849196,304.564698360796,9.9750496440564
0,0.56,2.1,15,0.200480065518349,5.54588772439853,0.0571272623659142,4.18069882165651,304.435515716165,9.98419387393931
0,0.56,2.1,16,0.213845403219572,5.54588772439853,0.0571272623659142,4.18069882165651,304.435515716165,9.99755921164053
0,0.56,2.1,17,0.227210740920795,5.54588772439853,0.0571272623659142,4.18069882165651,304.435515716165,10.0109245493418
0,0.56,2.1,18,0.240576078622019,5.54588772439853,0.0571272623659142,4.18069882165651,304.435515716165,10.024289887043
0,0.56,2.1,19,0.253941416323242,5.54588772439853,0.0571272623659142,4.18069882165651,304.435515716165,10.0376552247442
0,0.56,2.1,20,0.267306754024465,5.54588772439853,0.0571272623659142,4.18069882165651,304.435515716165,10.0510205624454
0,0.56,2.1,21,0.280672091725688,5.54588772439853,0.0571272623659142,4.18069882165651,304.435515716165,10.0643859001466
0,0.56,2.1,22,0.294037429426912,5.54588772439853,0.0571272623659142,4.18069882165651,304.435515716165,10.0777512378479
0,0.56,2.1,23,0.307402767128135,5.54588772439853,0.0571272623659142,4.18069882165651,304.435515716165,10.0911165755491
0,0.56,2.1,24,0.320768104829358,5.54588772439853,0.0571272623659142,4.18069882165651,304.435515716165,10.1044819132503
0,0.56,2.2,1,0.0133864591513969,6.06578552715308,0.0581500050850154,4.56999326545607,332.7836603253,10.7073152568456
0,0.56,2.2,2,0.026769871077856,5.89748404779019,0.0581433866004848,4.44805361705671,323.904101827948,10.4304509225252
0,0.56,2.2,3,0.040150236819741,5.80760841629255,0.0581367696223807,4.3827250089568,319.146919034753,10.2886204316915
0,0.56,2.2,4,0.0535275574169419,5.75506663085477,0.0581301541501888,4.34462238664045,316.372313168641,10.2113467290624
0,0.56,2.2,5,0.0669018339088756,5.71588480291213,0.058123540183395,4.31643440923734,314.319684695798,10.1573445862417
0,0.56,2.2,6,0.0802730673344856,5.68598330293445,0.0581169277214856,4.29492404636832,312.753315365544,10.1192973443587
0,0.56,2.2,7,0.0936412587322432,5.6601266838724,0.0581103167639471,4.27640249172353,311.404588925136,10.0882807510921
0,0.56,2.2,8,0.107006409140147,5.63878132044707,0.058103707310266,4.26106557992916,310.287765912814,10.0649570168266
0,0.56,2.2,9,0.120368519595723,5.62186289585587,0.0580970993599293,4.24881986726601,309.396041823385,10.0491483820775
0,0.56,2.2,10,0.133727591136026,5.60886309301346,0.0580904929124242,4.23942854747427,308.712172593379,10.0401097245362
0,0.56,2.2,11,0.147083624797639,5.59774577873493,0.058083887967238,4.23131499590855,308.121349537099,10.0342282874084
0,0.56,2.2,12,0.160436621616673,5.58788912717836,0.0580772845238584,4.22411285523872,307.596894774243,10.0305158885576
0,0.56,2.2,13,0.173786582628769,5.57814751230644,0.0580706825817732,4.21705973417262,307.08329151298,10.0270645116896
0,0.56,2.2,14,0.187133508869095,5.57102637988706,0.0580640821404704,4.21188855137476,306.70672965835,10.0281125222714
0,0.56,2.2,15,0.200477401372351,5.56521670566786,0.0580574831994384,4.20767831262556,306.400143066113,10.0314299028652
0,0.56,2.2,16,0.213818261172766,5.55929151898358,0.0580508857581657,4.20347648265007,306.094168794799,10.0346371485646
0,0.56,2.2,17,0.227156089304098,5.55302358482536,0.0580442898161412,4.19964747632017,305.815343276279,10.0378714402658
0,0.56,2.2,18,0.240490886799635,5.54825977757793,0.0580376953728537,4.19619208938111,305.563724456157,10.0429804491315
0,0.56,2.2,19,0.253822654692196,5.54448007859832,0.0580311024277926,4.19340520946713,305.360785842293,10.0497390451854
0,0.56,2.2,20,0.267151394014133,5.54112093329281,0.0580245109804473,4.19090859412741,305.178984088347,10.0572054324148
0,0.56,2.2,21,0.280489248806667,5.53899003962596,0.0580204328651151,4.18934063902783,305.064806712812,10.0668403603256
0,0.56,2.2,22,0.293845879702223,5.53802281121474,0.0580204328651151,4.1886458460993,305.014212385755,10.0785349698814
0,0.56,2.2,23,0.307202510597778,5.53787369760458,0.0580204328651151,4.18853849445199,305.006395115124,10.0916351355195
0,0.56,2.2,24,0.320559141493334,5.53787369760458,0.0580204328651151,4.18853849445199,305.006395115124,10.104991766415
0,0.56,2.3,1,0.0133864591513969,6.23602144758567,0.0590766022399342,4.70740399867002,342.789812218908,11.015888507647
0,0.56,2.3,2,0.0267698710778561,6.04375562431018,0.0590698782924906,4.567861550288,332.62843034241,10.6974569239685
0,0.56,2.3,3,0.0401502368197412,5.92472200614137,0.0590631558754777,4.4812629971047,326.322385271173,10.5051983959413
0,0.56,2.3,4,0.0535275574169422,5.85207911445415,0.0590564349883731,4.42844016801907,322.475864414189,10.3931032748785
0,0.56,2.3,5,0.0669018339088759,5.79971934628061,0.0590497156306546,4.39048755657975,319.712182233485,10.3161584523999
0,0.56,2.3,6,0.0802730673344861,5.75690474268996,0.0590429978018001,4.35957995194156,317.461512439039,10.2558007597678
0,0.56,2.3,7,0.0936412587322438,5.72281139315664,0.059036281501288,4.33494245297596,315.667427281625,10.2104313863661
0,0.56,2.3,8,0.107006409140148,5.69406883668314,0.0590295667285968,4.31410622749015,314.150148156305,10.174211040042
0,0.56,2.3,9,0.120368519595724,5.66965623154129,0.0590228534832052,4.29647215910833,312.866047834563,10.1455197637285
0,0.56,2.3,10,0.133727591136027,5.64708162829852,0.0590161417645922,4.28000501232795,311.666921914158,10.1198303735271
0,0.56,2.3,11,0.14708362479764,5.62623484511577,0.0590094315722369,4.26476104281641,310.55686689279,10.0970889443021
0,0.56,2.3,12,0.160436621616674,5.60927452654442,0.0590027229056189,4.25229006632271,309.648739251382,10.0810039373894
0,0.56,2.3,13,0.17378658262877,5.59547852379534,0.0589960157642178,4.2422775045663,308.919631623212,10.0705386267546
0,0.56,2.3,14,0.187133508869097,5.58282699912352,0.0589893101475135,4.23320853022953,308.25923536005,10.0621583483697
0,0.56,2.3,15,0.200477401372353,5.57207615099896,0.0589826060549863,4.22543840176846,307.693420130076,10.0569745601948
0,0.56,2.3,16,0.213818261172768,5.56163667426511,0.0589759034861164,4.21864835210788,307.198973541517,10.0530791910319
0,0.56,2.3,17,0.2271560893041,5.55228630820463,0.0589692024403846,4.21191882980272,306.708934511946,10.0503304297518
0,0.56,2.3,18,0.240490886799637,5.54352356877076,0.0589625029172716,4.20562366758034,306.250525274773,10.048600626068
0,0.56,2.3,19,0.253822654692199,5.53624261057081,0.0589558049162586,4.20032480951608,305.864666198021,10.0493458796953
0,0.56,2.3,20,0.267151394014136,5.5307124794918,0.058949108436827,4.19627939198062,305.570081769381,10.0530923739234
0,0.56,2.3,21,0.280477105797328,5.52529980347666,0.0589424134784582,4.19228854279,305.279470968814,10.0570078655424
0,0.56,2.3,22,0.293799791073188,5.52082510333159,0.0589357200406342,4.18896303005052,305.037309495564,10.0625236444959
0,0.56,2.3,23,0.30711945087266,5.51629705613851,0.0589290281228369,4.18564278902327,304.795531904652,10.0679883241573
0,0.56,2.3,24,0.320436086226219,5.5117037482709,0.0589223377245487,4.18232780718285,304.554137283984,10.0733899794045
0,0.56,2.4,1,0.0133864591513969,6.40686947483464,0.0599977116364078,4.8448332285213,352.797311024496,11.3250868741438
0,0.56,2.4,2,0.0267698710778561,6.19935591555637,0.0599908828506535,4.69392829889767,341.808521342708,10.9800449683826
0,0.56,2.4,3,0.0401502368197412,6.06534040277025,0.0599840556191922,4.59619575194174,334.691706761218,10.7616704471509
0,0.56,2.4,4,0.0535275574169422,5.97715324199793,0.0599772299414932,4.53185246940126,330.006274674694,10.6225104987576
0,0.56,2.4,5,0.0669018339088759,5.91253874985107,0.0599704058170261,4.48484848049828,326.583477622615,10.5242594700752
0,0.56,2.4,6,0.0802730673344861,5.86276554703356,0.0599635832452608,4.4486841337642,323.95001560629,10.4516863313775
0,0.56,2.4,7,0.0936412587322437,5.81965674290512,0.0599567622256675,4.41728044586776,321.663221381694,10.3905352097308
0,0.56,2.4,8,0.107006409140148,5.78341861582881,0.0599499427577164,4.39094477913413,319.745476854809,10.3413197468608
0,0.56,2.4,9,0.120368519595724,5.75339516830254,0.0599431248408783,4.36914809706541,318.158257964006,10.3028549098046
0,0.56,2.4,10,0.133727591136027,5.7269710300069,0.059936308474624,4.34985904447142,316.753642868628,10.270493974089
0,0.56,2.4,11,0.14708362479764,5.70269494483662,0.0599294936584245,4.33210618528315,315.460892284822,10.2418142485758
0,0.56,2.4,12,0.160436621616674,5.68110748819026,0.0599226803917512,4.31628185231127,314.308575608909,10.2177486425099
0,0.56,2.4,13,0.17378658262877,5.66035254828198,0.0599158686740757,4.30117379085269,313.208417315327,10.1952287904375
0,0.56,2.4,14,0.187133508869097,5.64112275816626,0.0599090585048697,4.28722809448178,312.192901620988,10.175393420022
0,0.56,2.4,15,0.200477401372353,5.62617383395879,0.0599022498836054,4.27658737615177,311.418052077748,10.1631408613665
0,0.56,2.4,16,0.213818261172768,5.61256078963047,0.059895442809755,4.26707586829106,310.725430838013,10.153350361904
0,0.56,2.4,17,0.2271560893041,5.60075627504357,0.059888637282791,4.25849373660845,310.100486110781,10.1462947382389
0,0.56,2.4,18,0.240490886799637,5.58908049935122,0.0598818333021863,4.25003272499712,309.484361261023,10.1394859444502
0,0.56,2.4,19,0.253822654692199,5.57953459033873,0.0598750308674138,4.2431152460889,308.980635365254,10.1363475219872
0,0.56,2.4,20,0.267151394014135,5.57063392545918,0.0598682299779469,4.23659072182415,308.505524147231,10.1342442712754
0,0.56,2.4,21,0.280477105797328,5.56239005195539,0.0598614306332589,4.23055880564562,308.066284299803,10.1332873940316
0,0.56,2.4,22,0.293799791073188,5.55621979021563,0.0598546328328236,4.22602532906259,307.736159758328,10.1358995431842
0,0.56,2.4,23,0.30711945087266,5.55090070537176,0.059847836576115,4.22213968106416,307.453209633779,10.1400076738847
0,0.56,2.4,24,0.320436086226219,5.54570632469742,0.0598410418626072,4.21832642559823,307.175531081975,10.1443098783845
0,0.56,2.5,1,0.0133864591513969,6.58605730731496,0.0609136729098635,4.98802023960898,363.224087365935,11.6483776789852
0,0.56,2.5,2,0.0267698710778561,6.36647774955562,0.0609067398717448,4.82800592068545,351.571958432105,11.2821602811907
0,0.56,2.5,3,0.0401502368197412,6.2195858351283,0.0608998084116479,4.72060516659036,343.751111880836,11.04124104695
0,0.56,2.5,4,0.0535275574169422,6.11616937324332,0.060892878529034,4.64489125201713,338.237678454207,10.8754810612064
0,0.56,2.5,5,0.0669018339088759,6.04174554732235,0.0608859502233645,4.59059098494089,334.283571613205,10.7601243163955
0,0.56,2.5,6,0.080273067334486,5.98277862989586,0.0608790234941013,4.54756909120247,331.15074789974,10.6714998119269
0,0.56,2.5,7,0.0936412587322437,5.93644724794451,0.0608720983407065,4.5136719238,328.682380270378,10.6046325288175
0,0.56,2.5,8,0.107006409140147,5.89397332440855,0.0608651747626422,4.48285174439189,326.438076719027,10.5446966527032
0,0.56,2.5,9,0.120368519595724,5.85504802192839,0.0608582527593712,4.45444761174127,324.369707974747,10.4907224060248
0,0.56,2.5,10,0.133727591136027,5.82195464676149,0.060851332330356,4.43025090383675,322.607720909,10.4467844740646
0,0.56,2.5,11,0.14708362479764,5.79404446932063,0.0608444134750598,4.40983921338506,321.121356123019,10.4118117209784
0,0.56,2.5,12,0.160436621616674,5.76975158453558,0.0608374961929458,4.39209281350578,319.829075901501,10.383118515851
0,0.56,2.5,13,0.17378658262877,5.74594386106673,0.0608305804834775,4.37477044738113,318.567673516506,10.3553314715601
0,0.56,2.5,14,0.187133508869096,5.72531752980099,0.0608236663461186,4.35972148177683,317.471818541015,10.332996186793
0,0.56,2.5,15,0.200477401372353,5.7055535631631,0.0608167537803331,4.34571032636712,316.451536166012,10.3125580446829
0,0.56,2.5,16,0.213818261172768,5.68656754333092,0.0608098427855854,4.33214069588538,315.463405322338,10.2933363431746
0,0.56,2.5,17,0.227156089304099,5.669721699199,0.0608029333613398,4.3200013448382,314.579426410162,10.2776820667026
0,0.56,2.5,18,0.240490886799636,5.65450135532878,0.0607960255070611,4.30897515314795,313.7765069709,10.2647634207834
0,0.56,2.5,19,0.253822654692198,5.64119952628331,0.0607891192222142,4.29925414577005,313.068630125277,10.2550654459678
0,0.56,2.5,20,0.267151394014135,5.6304245181797,0.0607822145062644,4.29125365309758,312.486039937218,10.2496117797977
0,0.56,2.5,21,0.280477105797327,5.62046018318427,0.0607753113586771,4.28386050263456,311.947675977031,10.2455731029748
0,0.56,2.5,22,0.293799791073188,5.61172546220108,0.060768409778918,4.2774140376395,311.478248979527,10.2437077006927
0,0.56,2.5,23,0.30711945087266,5.60452728544681,0.060761509766453,4.27210474477246,311.091630047857,10.2445129908584
0,0.56,2.5,24,0.320436086226219,5.59840427350507,0.0607546113207484,4.26752924923914,310.758445716298,10.2471242202912
0,0.57,1.8,1,0.01338703087682,5.67046368437148,0.054689866297355,4.14895591785686,302.124020030679,9.88749649940251
0,0.57,1.8,2,0.02677406175364,5.66500668059824,0.054689866297355,4.14517944534801,301.849019987656,9.89165005399724
0,0.57,1.8,3,0.04016109263046,5.66500668059824,0.054689866297355,4.14517944534801,301.849019987656,9.90503708487406
0,0.57,1.8,4,0.05354812350728,5.66500668059824,0.054689866297355,4.14517944534801,301.849019987656,9.91842411575088
0,0.57,1.8,5,0.0669351543841,5.66500668059824,0.054689866297355,4.14517944534801,301.849019987656,9.9318111466277
0,0.57,1.8,6,0.08032218526092,5.66500668059824,0.054689866297355,4.14517944534801,301.849019987656,9.94519817750452
0,0.57,1.8,7,0.0937092161377401,5.66500668059824,0.054689866297355,4.14517944534801,301.849019987656,9.95858520838134
0,0.57,1.8,8,0.10709624701456,5.66500668059824,0.054689866297355,4.14517944534801,301.849019987656,9.97197223925816
0,0.57,1.8,9,0.12048327789138,5.66500668059824,0.054689866297355,4.14517944534801,301.849019987656,9.98535927013498
0,0.57,1.8,10,0.1338703087682,5.66500668059824,0.054689866297355,4.14517944534801,301.849019987656,9.9987463010118
0,0.57,1.8,11,0.14725733964502,5.66500668059824,0.054689866297355,4.14517944534801,301.849019987656,10.0121333318886
0,0.57,1.8,12,0.16064437052184,5.66500668059824,0.054689866297355,4.14517944534801,301.849019987656,10.0255203627654
0,0.57,1.8,13,0.17403140139866,5.66500668059824,0.054689866297355,4.14517944534801,301.849019987656,10.0389073936423
0,0.57,1.8,14,0.18741843227548,5.66500668059824,0.054689866297355,4.14517944534801,301.849019987656,10.0522944245191
0,0.57,1.8,15,0.2008054631523,5.66500668059824,0.054689866297355,4.14517944534801,301.849019987656,10.0656814553959
0,0.57,1.8,16,0.21419249402912,5.66500668059824,0.054689866297355,4.14517944534801,301.849019987656,10.0790684862727
0,0.57,1.8,17,0.22757952490594,5.66500668059824,0.054689866297355,4.14517944534801,301.849019987656,10.0924555171495
0,0.57,1.8,18,0.24096655578276,5.66500668059824,0.054689866297355,4.14517944534801,301.849019987656,10.1058425480264
0,0.57,1.8,19,0.25435358665958,5.66500668059824,0.054689866297355,4.14517944534801,301.849019987656,10.1192295789032
0,0.57,1.8,20,0.2677406175364,5.66500668059824,0.054689866297355,4.14517944534801,301.849019987656,10.13261660978
0,0.57,1.8,21,0.28112764841322,5.66500668059824,0.054689866297355,4.14517944534801,301.849019987656,10.1460036406568
0,0.57,1.8,22,0.29451467929004,5.66500668059824,0.054689866297355,4.14517944534801,301.849019987656,10.1593906715336
0,0.57,1.8,23,0.30790171016686,5.66500668059824,0.054689866297355,4.14517944534801,301.849019987656,10.1727777024105
0,0.57,1.8,24,0.32128874104368,5.66500668059824,0.054689866297355,4.14517944534801,301.849019987656,10.1861647332873
0,0.57,1.9,1,0.013386459151397,5.70729826107697,0.0556548570143552,4.19412152642064,305.412947533546,9.97046110366336
0,0.57,1.9,2,0.0267698710778562,5.64792126336149,0.0556485225211827,4.15222644284303,302.362177334829,9.88256609980356
0,0.57,1.9,3,0.0401535326932648,5.62653965869117,0.0556467570547881,4.13730563234989,301.275654523414,9.85964558078911
0,0.57,1.9,4,0.0535320158045014,5.6107909077292,0.0556404918506553,4.12631567065571,300.475373326707,9.84627908604007
0,0.57,1.9,5,0.0669074056251717,5.60144593829272,0.055634160626887,4.1196975818897,299.993448808227,9.84368508643448
0,0.57,1.9,6,0.0802809388382433,5.59745922383395,0.0556286533215963,4.11689746541736,299.789546317594,9.85026628141115
0,0.57,1.9,7,0.0936610953112838,5.59520031296988,0.0556286533215963,4.11534396512558,299.676421530885,9.85983402672834
0,0.57,1.9,8,0.107041251784324,5.59463443981937,0.0556286533215963,4.11495472387734,299.648077259939,9.87225906880262
0,0.57,1.9,9,0.120421408257365,5.59463443981937,0.0556286533215963,4.11495472387734,299.648077259939,9.88563922527566
0,0.57,1.9,10,0.133801564730405,5.59463443981937,0.0556286533215963,4.11495472387734,299.648077259939,9.8990193817487
0,0.57,1.9,11,0.147181721203446,5.59463443981937,0.0556286533215963,4.11495472387734,299.648077259939,9.91239953822175
0,0.57,1.9,12,0.160561877676487,5.59463443981937,0.0556286533215963,4.11495472387734,299.648077259939,9.92577969469479
0,0.57,1.9,13,0.173942034149527,5.59463443981937,0.0556286533215963,4.11495472387734,299.648077259939,9.93915985116783
0,0.57,1.9,14,0.187322190622568,5.59463443981937,0.0556286533215963,4.11495472387734,299.648077259939,9.95254000764087
0,0.57,1.9,15,0.200702347095608,5.59463443981937,0.0556286533215963,4.11495472387734,299.648077259939,9.96592016411391
0,0.57,1.9,16,0.214082503568649,5.59463443981937,0.0556286533215963,4.11495472387734,299.648077259939,9.97930032058695
0,0.57,1.9,17,0.227462660041689,5.59463443981937,0.0556286533215963,4.11495472387734,299.648077259939,9.99268047705999
0,0.57,1.9,18,0.24084281651473,5.59463443981937,0.0556286533215963,4.11495472387734,299.648077259939,10.006060633533
0,0.57,1.9,19,0.25422297298777,5.59463443981937,0.0556286533215963,4.11495472387734,299.648077259939,10.0194407900061
0,0.57,1.9,20,0.267603129460811,5.59463443981937,0.0556286533215963,4.11495472387734,299.648077259939,10.0328209464791
0,0.57,1.9,21,0.280983285933851,5.59463443981937,0.0556286533215963,4.11495472387734,299.648077259939,10.0462011029521
0,0.57,1.9,22,0.294363442406892,5.59463443981937,0.0556286533215963,4.11495472387734,299.648077259939,10.0595812594252
0,0.57,1.9,23,0.307743598879933,5.59463443981937,0.0556286533215963,4.11495472387734,299.648077259939,10.0729614158982
0,0.57,1.9,24,0.321123755352973,5.59463443981937,0.0556286533215963,4.11495472387734,299.648077259939,10.0863415723713
0,0.57,2,1,0.0133864591513969,5.85066771187793,0.0566148074203397,4.31224408770441,314.014548461089,10.2329130661541
0,0.57,2,2,0.0267698710778562,5.73953424069095,0.0566083636680725,4.23352439352646,308.282236300753,10.0564368689633
0,0.57,2,3,0.0401502368197413,5.69165494317385,0.056601921382461,4.19952273878896,305.806259977944,9.98792984016501
0,0.57,2,4,0.0535275574169424,5.66478458591346,0.0565954805630047,4.1807057578916,304.436020807872,9.95561338178501
0,0.57,2,5,0.0669018339088762,5.64509033212316,0.0565890412092031,4.16709995712188,303.445256069546,9.93568116436312
0,0.57,2,6,0.0802730673344864,5.63049311553164,0.0565826033205559,4.15701005599744,302.710516643584,9.92435884218412
0,0.57,2,7,0.0936412587322441,5.61921466321085,0.0565761668965631,4.14922975606528,302.143960734317,9.91866184490493
0,0.57,2,8,0.107006409140148,5.61057618239791,0.056569731936725,4.14326212142422,301.709401822743,9.917414444899
0,0.57,2,9,0.120368519595724,5.60454755106947,0.0565632984405421,4.13897351309338,301.397108413292,9.92045288219912
0,0.57,2,10,0.133727591136028,5.60006675760034,0.056556866407515,4.13580573397048,301.166432989853,9.92615694911436
0,0.57,2,11,0.147086767238596,5.59711055282889,0.0565516440369416,4.13371181595725,301.013955368906,9.93446078006167
0,0.57,2,12,0.160458291533014,5.59605949367053,0.0565516440369416,4.13298211220727,300.960818860652,9.94605154144776
0,0.57,2,13,0.173829815827432,5.59605949367053,0.0565516440369416,4.13298211220727,300.960818860652,9.95942306574218
0,0.57,2,14,0.18720134012185,5.59605949367053,0.0565516440369416,4.13298211220727,300.960818860652,9.97279459003659
0,0.57,2,15,0.200572864416268,5.59605949367053,0.0565516440369416,4.13298211220727,300.960818860652,9.98616611433101
0,0.57,2,16,0.213944388710685,5.59605949367053,0.0565516440369416,4.13298211220727,300.960818860652,9.99953763862543
0,0.57,2,17,0.227315913005103,5.59605949367053,0.0565516440369416,4.13298211220727,300.960818860652,10.0129091629198
0,0.57,2,18,0.240687437299521,5.59605949367053,0.0565516440369416,4.13298211220727,300.960818860652,10.0262806872143
0,0.57,2,19,0.254058961593939,5.59605949367053,0.0565516440369416,4.13298211220727,300.960818860652,10.0396522115087
0,0.57,2,20,0.267430485888357,5.59605949367053,0.0565516440369416,4.13298211220727,300.960818860652,10.0530237358031
0,0.57,2,21,0.280802010182775,5.59605949367053,0.0565516440369416,4.13298211220727,300.960818860652,10.0663952600975
0,0.57,2,22,0.294173534477192,5.59605949367053,0.0565516440369416,4.13298211220727,300.960818860652,10.0797667843919
0,0.57,2,23,0.30754505877161,5.59605949367053,0.0565516440369416,4.13298211220727,300.960818860652,10.0931383086864
0,0.57,2,24,0.320916583066028,5.59605949367053,0.0565516440369416,4.13298211220727,300.960818860652,10.1065098329808
0,0.57,2.1,1,0.0133864591513969,6.00396889718989,0.0575679286545844,4.4366308321268,323.072302750952,10.5115541171227
0,0.57,2.1,2,0.0267698710778562,5.85115693906514,0.0575613764205013,4.32808010330114,315.167715857435,10.2635682898646
0,0.57,2.1,3,0.0401502368197413,5.77834031921557,0.0575548256777655,4.27612484812241,311.384371115507,10.1521702298355
0,0.57,2.1,4,0.0535275574169423,5.73456251583612,0.0575482764258677,4.24497044797612,309.115729847633,10.0906087976551
0,0.57,2.1,5,0.066901833908876,5.70502391738577,0.0575417286642992,4.22421914073731,307.604634408682,10.0536866206963
0,0.57,2.1,6,0.0802730673344862,5.68050437305373,0.0575351823925513,4.20697103978375,306.348639960644,10.0252836625645
0,0.57,2.1,7,0.093641258732244,5.66162404512519,0.0575286376101156,4.19378797823805,305.388658792042,10.0065819197056
0,0.57,2.1,8,0.107006409140148,5.64752338389876,0.0575220943164839,4.18403716649849,304.678611613994,9.99608905385387
0,0.57,2.1,9,0.120368519595724,5.63525060875638,0.0575155525111483,4.17552540634048,304.05879129115,9.98866008720374
0,0.57,2.1,10,0.133727591136027,5.62533179298858,0.057509012193601,4.16862164727145,303.556064464316,9.98519004358965
0,0.57,2.1,11,0.147083624797641,5.61610231318583,0.0575024733633345,4.16217437167312,303.086578439259,9.98286278301993
0,0.57,2.1,12,0.160436621616675,5.60897295335737,0.0574959360198416,4.15716683162534,302.72193293334,9.98407234261923
0,0.57,2.1,13,0.17378658262877,5.60355477041567,0.0574894001626153,4.15332577868342,302.442230189098,9.98815653189048
0,0.57,2.1,14,0.187133508869097,5.59854855332109,0.0574828657911488,4.14975117813196,302.181930318482,9.9929161061133
0,0.57,2.1,15,0.200477401372354,5.59406607361453,0.0574763329049355,4.14655372723461,301.949094217525,9.99857353512643
0,0.57,2.1,16,0.213818261172768,5.59071487743339,0.057469801503469,4.14415554039733,301.774459957144,10.006158480507
0,0.57,2.1,17,0.22716776029369,5.58917507857285,0.0574662239757062,4.143055494097,301.694355367687,10.0168645569392
0,0.57,2.1,18,0.240530569722731,5.58917507857285,0.0574662239757062,4.143055494097,301.694355367687,10.0302273663683
0,0.57,2.1,19,0.253893379151772,5.58917507857285,0.0574662239757062,4.143055494097,301.694355367687,10.0435901757973
0,0.57,2.1,20,0.267256188580812,5.58917507857285,0.0574662239757062,4.143055494097,301.694355367687,10.0569529852264
0,0.57,2.1,21,0.280618998009853,5.58917507857285,0.0574662239757062,4.143055494097,301.694355367687,10.0703157946554
0,0.57,2.1,22,0.293981807438893,5.58917507857285,0.0574662239757062,4.143055494097,301.694355367687,10.0836786040845
0,0.57,2.1,23,0.307344616867934,5.58917507857285,0.0574662239757062,4.143055494097,301.694355367687,10.0970414135135
0,0.57,2.1,24,0.320707426296975,5.58917507857285,0.0574662239757062,4.143055494097,301.694355367687,10.1104042229425
0,0.57,2.2,1,0.0133864591513969,6.16404914565123,0.0585147031228354,4.565206308102,332.435077494302,10.8011566160275
0,0.57,2.2,2,0.026769871077856,5.98171819513932,0.0585080431293089,4.43532201015161,322.976995265291,10.5023181194981
0,0.57,2.2,3,0.0401502368197409,5.87597062654588,0.0585013846516567,4.35979134436874,317.476905885285,10.334413592386
0,0.57,2.2,4,0.0535275574169417,5.81359436906781,0.0584947276893612,4.31527329039674,314.235132847381,10.2408899445709
0,0.57,2.2,5,0.0669018339088752,5.76814460810429,0.0584880722419054,4.28306059364322,311.889427173017,10.1765951078983
0,0.57,2.2,6,0.0802730673344852,5.7329532803589,0.058481418308772,4.258137387033,310.074536988061,10.1298451530352
0,0.57,2.2,7,0.0936412587322426,5.70375629036097,0.0584747658894444,4.23752544139318,308.573589761662,10.0933977563758
0,0.57,2.2,8,0.107006409140146,5.67824326573828,0.0584681149834059,4.21935251348191,307.250250072116,10.0630703033437
0,0.57,2.2,9,0.120368519595722,5.6562791938486,0.0584614655901404,4.20363213832886,306.105503530657,10.0387413173633
0,0.57,2.2,10,0.133727591136025,5.638232958441,0.0584548177091317,4.19072889899063,305.16589881625,10.0211442662768
0,0.57,2.2,11,0.147083624797638,5.62387843519549,0.0584481713398641,4.18038979671488,304.413012739632,10.0098000280479
0,0.57,2.2,12,0.160436621616672,5.61194031124429,0.0584415264818218,4.17179524519225,303.787163608481,10.002613704535
0,0.57,2.2,13,0.173786582628767,5.60141950414598,0.0584348831344895,4.16430227163217,303.241530601339,9.9979432415414
0,0.57,2.2,14,0.187133508869094,5.59182642850034,0.0584282412973521,4.15744730930058,302.742357118231,9.99483548796736
0,0.57,2.2,15,0.20047740137235,5.58222749498693,0.0584216009698947,4.15061487813046,302.244824338282,9.99174137545964
0,0.57,2.2,16,0.213818261172764,5.57442600472097,0.0584149621516027,4.1453789787893,301.863549870983,9.99203820683464
0,0.57,2.2,17,0.227156089304096,5.56804905514413,0.0584083248419616,4.14130059286968,301.566564708049,9.99491406215987
0,0.57,2.2,18,0.240490886799632,5.56225225516692,0.0584016890404571,4.13723022401362,301.270163341983,9.99837505502063
0,0.57,2.2,19,0.253822654692194,5.55641330816329,0.0583950547465754,4.13316784860508,300.974344053082,10.0017988662071
0,0.57,2.2,20,0.26715139401413,5.55129540325668,0.0583884219598027,4.12952141818328,300.708813582378,10.0063566374139
0,0.57,2.2,21,0.280477105797323,5.54678292830511,0.0583817906796256,4.12627750437281,300.472594085122,10.0119193291549
0,0.57,2.2,22,0.293799791073182,5.54305363492546,0.0583751609055307,4.123582687833,300.276359460708,10.0188112747372
0,0.57,2.2,23,0.307119450872654,5.53958539668023,0.058368532637005,4.12106731133888,300.093191532839,10.0261406915288
0,0.57,2.2,24,0.320437965384961,5.53683436914603,0.0583622481298879,4.11908566942571,299.94888977767,10.0347202520866
0,0.57,2.3,1,0.0133864591513969,6.34246468054631,0.0594555589770209,4.70613405373853,342.697335731927,11.1214407524133
0,0.57,2.3,2,0.026769871077856,6.14268492816542,0.0594487918976927,4.56355623388191,332.314920262799,10.7924598250229
0,0.57,2.3,3,0.040150236819741,6.01726784877027,0.0594420263586124,4.47381949701823,325.780354887205,10.5906796089669
0,0.57,2.3,4,0.0535275574169418,5.93867851828401,0.0594352623592543,4.41761405394101,321.687514484392,10.4692553920012
0,0.57,2.3,5,0.0669018339088753,5.88250134197502,0.0594284998990928,4.37753375082345,318.768895308467,10.3863654266064
0,0.57,2.3,6,0.0802730673344852,5.83701342602164,0.0594217389776025,4.34519955059821,316.414341837681,10.3219077829319
0,0.57,2.3,7,0.0936412587322427,5.8000170126771,0.0594149795942584,4.31887619585391,314.497493861107,10.2719494468575
0,0.57,2.3,8,0.107006409140146,5.76929223922175,0.0594082217485356,4.29695359993802,312.901106013477,10.2326604700484
0,0.57,2.3,9,0.120368519595722,5.74339951038484,0.0594014654399096,4.27856431152078,311.562011105718,10.2017338069413
0,0.57,2.3,10,0.133727591136025,5.71958919843739,0.0593947106678559,4.26149009607648,310.318678876831,10.1742015963178
0,0.57,2.3,11,0.147083624797638,5.69767510116482,0.0593879574318504,4.24572950289628,309.17100368723,10.1498761862906
0,0.57,2.3,12,0.160436621616672,5.67779895935578,0.0593812057313693,4.23139957247936,308.127508342851,10.1290163591832
0,0.57,2.3,13,0.173786582628767,5.66190813423343,0.0593744555658888,4.22002349532417,307.299110492801,10.1150926677523
0,0.57,2.3,14,0.187133508869094,5.64820757865465,0.0593677069348856,4.21036966478406,306.596125416744,10.1050784592427
0,0.57,2.3,15,0.20047740137235,5.63599695377331,0.0593609598378365,4.20177271657877,305.970101760865,10.0976080315623
0,0.57,2.3,16,0.213818261172764,5.62434071396303,0.0593542142742186,4.19419272810665,305.418132389697,10.0917059175167
0,0.57,2.3,17,0.227156089304096,5.6149649474695,0.0593474702435091,4.18754094060388,304.933753953166,10.089009447621
0,0.57,2.3,18,0.240490886799633,5.60559549779742,0.0593407277451856,4.18091021852108,304.45090948554,10.0863373308633
0,0.57,2.3,19,0.253822654692194,5.59700255153091,0.0593339867787258,4.17475566975722,304.002739620439,10.084914862759
0,0.57,2.3,20,0.267151394014131,5.58957278813138,0.0593272473436078,4.16940599614469,303.613180191593,10.0854574256338
0,0.57,2.3,21,0.280477105797323,5.58357502783197,0.0593205094393098,4.16505352548791,303.296236372973,10.0884261685565
0,0.57,2.3,22,0.293799791073183,5.57903667267918,0.0593137730653104,4.16177106357642,303.057209830409,10.0939213003941
0,0.57,2.3,23,0.307119450872654,5.57442903814691,0.0593070382210881,4.15849377138073,302.818559742873,10.0993492986214
0,0.57,2.3,24,0.320436086226213,5.56978319496162,0.059300304906122,4.15522163669737,302.580285221719,10.1047412227913
0,0.57,2.4,1,0.0133864591513969,6.51705547856949,0.0603908782917267,4.84398211625664,352.735333634524,11.4348149322692
0,0.57,2.4,2,0.026769871077856,6.30310204279316,0.0603840047567515,4.69098007068522,341.593833460468,11.081235989313
0,0.57,2.4,3,0.040150236819741,6.16343642639499,0.0603771327862545,4.59080227903414,334.298957898846,10.8547660750351
0,0.57,2.4,4,0.0535275574169418,6.069417373642,0.0603702623797016,4.52333551706993,329.386076261479,10.7066507105086
0,0.57,2.4,5,0.0669018339088753,6.00061049175696,0.060363393536559,4.47408661207154,325.799806015468,10.6019623312739
0,0.57,2.4,6,0.0802730673344853,5.94847629036716,0.0603565262562932,4.4368130092176,323.085568757176,10.5259188931755
0,0.57,2.4,7,0.0936412587322428,5.90381080774765,0.0603496605383707,4.40480278985393,320.75460734238,10.4626045168722
0,0.57,2.4,8,0.107006409140146,5.86461456894853,0.0603427963822584,4.3767978681262,318.715308853666,10.4087616425971
0,0.57,2.4,9,0.120368519595722,5.83245497078243,0.0603359337874236,4.35381301034889,317.041567852555,10.3669724345145
0,0.57,2.4,10,0.133727591136025,5.8042888421623,0.0603290727533336,4.33358789053109,315.568789007484,10.3319333965828
0,0.57,2.4,11,0.147083624797638,5.77879201681333,0.060322213279456,4.31529172101894,314.236474952186,10.3014895759094
0,0.57,2.4,12,0.160436621616672,5.75610116496592,0.0603153553652587,4.29895516993314,313.046858917405,10.275808311881
0,0.57,2.4,13,0.173786582628768,5.73463073352319,0.0603084990102097,4.28358263764,311.92744204569,10.2523084528022
0,0.57,2.4,14,0.187133508869094,5.71472635059817,0.0603016442137775,4.26938748648157,310.893761231085,10.2315489901626
0,0.57,2.4,15,0.20047740137235,5.69648646496166,0.0602947909754307,4.25654800614534,309.958799401871,10.2138066634548
0,0.57,2.4,16,0.213818261172764,5.68108458301126,0.060287939294638,4.24585386314054,309.180059511798,10.2010446466192
0,0.57,2.4,17,0.227156089304096,5.66825262380206,0.0602810891708686,4.23671442968035,308.514532465363,10.1924042319574
0,0.57,2.4,18,0.240490886799633,5.6564014357419,0.0602742406035917,4.22826199261661,307.899032008065,10.1854285557617
0,0.57,2.4,19,0.253822654692194,5.64492537966853,0.060267393592277,4.2199813455682,307.29604117754,10.1789967735212
0,0.57,2.4,20,0.267151394014131,5.63569629541725,0.0602605481363941,4.21325326876746,306.806107408573,10.1763615063352
0,0.57,2.4,21,0.280477105797323,5.6272435423998,0.0602537042354133,4.20718293131933,306.364069751609,10.1751572837519
0,0.57,2.4,22,0.293799791073183,5.62059264422856,0.0602468618888046,4.20240272846204,306.015978778266,10.1770420256526
0,0.57,2.4,23,0.307119450872654,5.61503019487715,0.0602400210960388,4.19840068138734,305.724552555742,10.1807903482332
0,0.57,2.4,24,0.320436086226213,5.60973147144529,0.0602331818565865,4.1945656436507,305.445287834471,10.1849663831788
0,0.57,2.5,1,0.0133864591513969,6.69903711512595,0.0613210037214215,4.9868162344905,363.136412569255,11.7605608124893
0,0.57,2.5,2,0.0267698710778561,6.47207928985455,0.061314024321954,4.82417637677186,351.293093767123,11.3843395620262
0,0.57,2.5,3,0.0401502368197411,6.31633971251303,0.0613070465110603,4.71220046771746,343.139087684653,11.1299974635613
0,0.57,2.5,4,0.053527557416942,6.2051642220787,0.0613000702881983,4.63212864973186,337.308314830004,10.9521204995157
0,0.57,2.5,5,0.0669018339088756,6.12483433572047,0.0612930956528259,4.57447080221979,333.109711368905,10.827500067502
0,0.57,2.5,6,0.0802730673344857,6.06036119183999,0.0612861226044012,4.52818292478273,329.739061044619,10.7301033065616
0,0.57,2.5,7,0.0936412587322433,6.00902452815866,0.0612791511423827,4.49126656800553,327.050838191633,10.6552115060388
0,0.57,2.5,8,0.107006409140147,5.96548366051365,0.0612721812662291,4.46014574851252,324.784642243055,10.5939079994325
0,0.57,2.5,9,0.120368519595723,5.92436438066938,0.0612652129753993,4.43062899100249,322.635252947589,10.536627104243
0,0.57,2.5,10,0.133727591136026,5.88715424702202,0.0612582462693525,4.40390360770271,320.689129537446,10.4860436921301
0,0.57,2.5,11,0.147083624797639,5.85570823198807,0.0612512811475481,4.38128835145663,319.042302657054,10.4453314893899
0,0.57,2.5,12,0.160436621616673,5.82844058003614,0.0612443176094459,4.36169146520615,317.61527133368,10.4118129844684
0,0.57,2.5,13,0.173786582628769,5.80521731146807,0.0612373556545056,4.34514213379772,316.410160787093,10.3853833835491
0,0.57,2.5,14,0.187133508869095,5.78317322150545,0.0612303952821875,4.32941090018962,315.264623540658,10.3609480258464
0,0.57,2.5,15,0.200477401372351,5.76148364004944,0.061223436491952,4.31430074026184,314.164312438041,10.3374852181756
0,0.57,2.5,16,0.213818261172766,5.74163456781268,0.0612164792832597,4.30039903897085,313.152000434141,10.3170683472396
0,0.57,2.5,17,0.227156089304098,5.72325498904746,0.0612095236555716,4.28736853839659,312.203128647009,10.2989891404037
0,0.57,2.5,18,0.240490886799635,5.70635921430595,0.0612025696083487,4.27531756909798,311.325585630923,10.2833702398119
0,0.57,2.5,19,0.253822654692196,5.69127904264799,0.0611956171410525,4.2644686160534,310.535572583823,10.2707659305346
0,0.57,2.5,20,0.267151394014133,5.67748874940404,0.0611886662531446,4.25459267766307,309.816413772031,10.2604214873344
0,0.57,2.5,21,0.280477105797325,5.66534214312379,0.0611817169440869,4.24587815860758,309.181828690433,10.2528791244728
0,0.57,2.5,22,0.293799791073185,5.65530886208715,0.0611747692133415,4.23860076813745,308.651894290623,10.2488841905111
0,0.57,2.5,23,0.307119450872657,5.64607055180504,0.0611678230603708,4.23186353191863,308.161293539343,10.2462213576567
0,0.57,2.5,24,0.320436086226216,5.63865297939534,0.0611608784846373,4.22637531060941,307.761645165731,10.2466252547156
0,0.58,1.8,1,0.0133864934503451,5.7182729329979,0.0549939760249506,4.11636385688208,299.750689323451,9.90301725935527
0,0.58,1.8,2,0.0267729869006903,5.70145626790253,0.0549939760249507,4.10494142927887,298.918916266731,9.88816466010704
0,0.58,1.8,3,0.0401594803510354,5.6980141686275,0.0549939760249507,4.10257480130621,298.746580100434,9.8957424263097
0,0.58,1.8,4,0.0535459738013806,5.69785718009481,0.0549939760249507,4.10246632828812,298.738681172382,9.90886345820926
0,0.58,1.8,5,0.0669324672517257,5.69785718009481,0.0549939760249507,4.10246632828812,298.738681172382,9.92224995165961
0,0.58,1.8,6,0.0803189607020709,5.69785718009481,0.0549939760249507,4.10246632828812,298.738681172382,9.93563644510995
0,0.58,1.8,7,0.093705454152416,5.69785718009481,0.0549939760249507,4.10246632828812,298.738681172382,9.9490229385603
0,0.58,1.8,8,0.107091947602761,5.69785718009481,0.0549939760249507,4.10246632828812,298.738681172382,9.96240943201064
0,0.58,1.8,9,0.120478441053106,5.69785718009481,0.0549939760249507,4.10246632828812,298.738681172382,9.97579592546099
0,0.58,1.8,10,0.133864934503451,5.69785718009481,0.0549939760249507,4.10246632828812,298.738681172382,9.98918241891133
0,0.58,1.8,11,0.147251427953797,5.69785718009481,0.0549939760249507,4.10246632828812,298.738681172382,10.0025689123617
0,0.58,1.8,12,0.160637921404142,5.69785718009481,0.0549939760249507,4.10246632828812,298.738681172382,10.015955405812
0,0.58,1.8,13,0.174024414854487,5.69785718009481,0.0549939760249507,4.10246632828812,298.738681172382,10.0293418992624
0,0.58,1.8,14,0.187410908304832,5.69785718009481,0.0549939760249507,4.10246632828812,298.738681172382,10.0427283927127
0,0.58,1.8,15,0.200797401755177,5.69785718009481,0.0549939760249507,4.10246632828812,298.738681172382,10.0561148861631
0,0.58,1.8,16,0.214183895205522,5.69785718009481,0.0549939760249507,4.10246632828812,298.738681172382,10.0695013796134
0,0.58,1.8,17,0.227570388655867,5.69785718009481,0.0549939760249507,4.10246632828812,298.738681172382,10.0828878730638
0,0.58,1.8,18,0.240956882106213,5.69785718009481,0.0549939760249507,4.10246632828812,298.738681172382,10.0962743665141
0,0.58,1.8,19,0.254343375556558,5.69785718009481,0.0549939760249507,4.10246632828812,298.738681172382,10.1096608599644
0,0.58,1.8,20,0.267729869006903,5.69785718009481,0.0549939760249507,4.10246632828812,298.738681172382,10.1230473534148
0,0.58,1.8,21,0.281116362457248,5.69785718009481,0.0549939760249507,4.10246632828812,298.738681172382,10.1364338468651
0,0.58,1.8,22,0.294502855907593,5.69785718009481,0.0549939760249507,4.10246632828812,298.738681172382,10.1498203403155
0,0.58,1.8,23,0.307889349357938,5.69785718009481,0.0549939760249507,4.10246632828812,298.738681172382,10.1632068337658
0,0.58,1.8,24,0.321275842808283,5.69785718009481,0.0549939760249507,4.10246632828812,298.738681172382,10.1765933272162
0,0.58,1.9,1,0.0133864591513968,5.78717241180171,0.0559756315811059,4.18272384696354,304.58297661923,10.0392583494978
0,0.58,1.9,2,0.0267698710778559,5.70938737768148,0.0559692605781942,4.12867539485702,300.647206765282,9.92080190419454
0,0.58,1.9,3,0.0401509412385446,5.68096884158113,0.0559638728704667,4.10909805539318,299.221598825014,9.88618171108332
0,0.58,1.9,4,0.0535285613095224,5.66217898987155,0.0559575723692365,4.09619948706957,298.282334250571,9.86786461061988
0,0.58,1.9,5,0.066903088489061,5.64873309363502,0.0559512054763344,4.08696234203894,297.609691917051,9.85854972963936
0,0.58,1.9,6,0.0802745724881769,5.63979741101172,0.0559448400321267,4.08087592894799,297.166483643207,9.85689275248002
0,0.58,1.9,7,0.0936435541329716,5.63519794114409,0.0559387984829603,4.07767445160443,296.9333543393,9.86245474536446
0,0.58,1.9,8,0.107021204723396,5.6329641038417,0.0559387984829603,4.07615040622204,296.82237443815,9.87207451327009
0,0.58,1.9,9,0.120398855313821,5.63159998617587,0.0559387984829603,4.07521353359255,296.754152039387,9.8831511735652
0,0.58,1.9,10,0.133776505904245,5.63159998617587,0.0559387984829603,4.07521353359255,296.754152039387,9.89652882415563
0,0.58,1.9,11,0.14715415649467,5.63159998617587,0.0559387984829603,4.07521353359255,296.754152039387,9.90990647474605
0,0.58,1.9,12,0.160531807085094,5.63159998617587,0.0559387984829603,4.07521353359255,296.754152039387,9.92328412533648
0,0.58,1.9,13,0.173909457675519,5.63159998617587,0.0559387984829603,4.07521353359255,296.754152039387,9.9366617759269
0,0.58,1.9,14,0.187287108265943,5.63159998617587,0.0559387984829603,4.07521353359255,296.754152039387,9.95003942651733
0,0.58,1.9,15,0.200664758856368,5.63159998617587,0.0559387984829603,4.07521353359255,296.754152039387,9.96341707710775
0,0.58,1.9,16,0.214042409446792,5.63159998617587,0.0559387984829603,4.07521353359255,296.754152039387,9.97679472769818
0,0.58,1.9,17,0.227420060037217,5.63159998617587,0.0559387984829603,4.07521353359255,296.754152039387,9.9901723782886
0,0.58,1.9,18,0.240797710627641,5.63159998617587,0.0559387984829603,4.07521353359255,296.754152039387,10.003550028879
0,0.58,1.9,19,0.254175361218066,5.63159998617587,0.0559387984829603,4.07521353359255,296.754152039387,10.0169276794695
0,0.58,1.9,20,0.26755301180849,5.63159998617587,0.0559387984829603,4.07521353359255,296.754152039387,10.0303053300599
0,0.58,1.9,21,0.280930662398915,5.63159998617587,0.0559387984829603,4.07521353359255,296.754152039387,10.0436829806503
0,0.58,1.9,22,0.294308312989339,5.63159998617587,0.0559387984829603,4.07521353359255,296.754152039387,10.0570606312407
0,0.58,1.9,23,0.307685963579764,5.63159998617587,0.0559387984829603,4.07521353359255,296.754152039387,10.0704382818311
0,0.58,1.9,24,0.321063614170188,5.63159998617587,0.0559387984829603,4.07521353359255,296.754152039387,10.0838159324216
0,0.58,2,1,0.0133864591513969,5.94083800746915,0.0569499876493414,4.30606707200682,313.564742569849,10.3172415262767
0,0.58,2,2,0.0267698710778559,5.81425431136683,0.0569435057477195,4.21787905443554,307.142953831988,10.1158467426279
0,0.58,2,3,0.0401502368197408,5.75695736321507,0.0569370253214365,4.17771062196535,304.217917139264,10.0317552473216
0,0.58,2,4,0.0535275574169416,5.72621952071776,0.0569305463699888,4.15643366997307,302.6685446231,9.99311129447776
0,0.58,2,5,0.0669018339088751,5.70297413554995,0.056924068892873,4.1405563326496,301.512368207992,9.9673563710013
0,0.58,2,6,0.080273067334485,5.68607458039179,0.056917592889586,4.12900627461683,300.671301194136,9.95227151523269
0,0.58,2,7,0.0936412587322425,5.67247405219492,0.0569111183596247,4.1197512095605,299.997353937086,9.94277763884729
0,0.58,2,8,0.107006409140146,5.66165411842929,0.0569046453024864,4.1125517517973,299.473094541584,9.93811692466922
0,0.58,2,9,0.120368519595722,5.65285294806183,0.0568981737176686,4.10656356583157,299.037039097159,9.93668320720679
0,0.58,2,10,0.133727591136025,5.64683821423197,0.0568917036046691,4.10236700159185,298.73144827298,9.93982451056451
0,0.58,2,11,0.147083624797638,5.6415275164398,0.0568852349629858,4.09870532512656,298.46480759623,9.94420170132698
0,0.58,2,12,0.160436621616672,5.63824096521846,0.0568787677921168,4.09640152745163,298.297046687541,9.95195788207888
0,0.58,2,13,0.173797174049033,5.63606803317576,0.0568757681730258,4.09487830913479,298.186127012718,9.96161928453261
0,0.58,2,14,0.18716618743742,5.63597513395444,0.0568757681730258,4.09481369673005,298.181421983344,9.97483078629493
0,0.58,2,15,0.200535200825807,5.63597513395444,0.0568757681730258,4.09481369673005,298.181421983344,9.98819979968331
0,0.58,2,16,0.213904214214194,5.63597513395444,0.0568757681730258,4.09481369673005,298.181421983344,10.0015688130717
0,0.58,2,17,0.227273227602581,5.63597513395444,0.0568757681730258,4.09481369673005,298.181421983344,10.0149378264601
0,0.58,2,18,0.240642240990969,5.63597513395444,0.0568757681730258,4.09481369673005,298.181421983344,10.0283068398485
0,0.58,2,19,0.254011254379356,5.63597513395444,0.0568757681730258,4.09481369673005,298.181421983344,10.0416758532369
0,0.58,2,20,0.267380267767743,5.63597513395444,0.0568757681730258,4.09481369673005,298.181421983344,10.0550448666253
0,0.58,2,21,0.28074928115613,5.63597513395444,0.0568757681730258,4.09481369673005,298.181421983344,10.0684138800136
0,0.58,2,22,0.294118294544517,5.63597513395444,0.0568757681730258,4.09481369673005,298.181421983344,10.081782893402
0,0.58,2,23,0.307487307932904,5.63597513395444,0.0568757681730258,4.09481369673005,298.181421983344,10.0951519067904
0,0.58,2,24,0.320856321321291,5.63597513395444,0.0568757681730258,4.09481369673005,298.181421983344,10.1085209201788
0,0.58,2.1,1,0.0133864591513969,6.10135855934302,0.0579174549012834,4.43344968553224,322.840653917731,10.6061121589279
0,0.58,2.1,2,0.026769871077856,5.93726219414566,0.0579108628850187,4.31878333783167,314.490732005949,10.3407262659402
0,0.58,2.1,3,0.0401502368197409,5.85480664304842,0.0579042723691559,4.26093163145411,310.278011880099,10.2137927836914
0,0.58,2.1,4,0.0535275574169417,5.80682576470704,0.0578976833531831,4.22729861558108,307.828879577298,10.1455496210582
0,0.58,2.1,5,0.0669018339088752,5.77192207890013,0.057891095836588,4.20309837382796,306.066635179208,10.0998133824736
0,0.58,2.1,6,0.0802730673344851,5.74591287327589,0.0578845098188591,4.18509188665872,304.755415586156,10.0691623370879
0,0.58,2.1,7,0.0936412587322425,5.72390335309816,0.0578779252994849,4.1699243438435,303.650925902475,10.0453468809734
0,0.58,2.1,8,0.107006409140146,5.70670376559728,0.057871342277954,4.15810716486025,302.790407330929,10.0296886818756
0,0.58,2.1,9,0.120368519595722,5.69363557510144,0.0578647607537554,4.14913356471268,302.136956148413,10.0210024201636
0,0.58,2.1,10,0.133727591136025,5.68191822064815,0.0578581807263783,4.14107054725457,301.549812949919,10.0145745397651
0,0.58,2.1,11,0.147083624797638,5.6720583268309,0.0578516021953122,4.13422573546491,301.051378622057,10.0112192892888
0,0.58,2.1,12,0.160436621616672,5.66303201947362,0.0578450251600467,4.12792395799602,300.592487667336,10.0092376242464
0,0.58,2.1,13,0.173786582628767,5.65602196025404,0.0578384496200717,4.12304119719498,300.236928497447,10.0106881896979
0,0.58,2.1,14,0.187133508869093,5.65015992472643,0.0578318755748773,4.11894000640389,299.938282699987,10.0140653155743
0,0.58,2.1,15,0.20047740137235,5.64515352680642,0.0578253030239539,4.11542432469035,299.682273257256,10.0188805558931
0,0.58,2.1,16,0.213818261172764,5.64023886440752,0.0578187319667921,4.11198179005671,299.431590332877,10.0238576476038
0,0.58,2.1,17,0.227156089304096,5.63629066280497,0.0578121624028826,4.10922904320682,299.231137264471,10.0304879577188
0,0.58,2.1,18,0.240490886799633,5.63330811367225,0.0578055943317167,4.10712884931706,299.078202638657,10.0387334441207
0,0.58,2.1,19,0.253845489979,5.63224647423221,0.0578042276723017,4.10638437854873,299.023990806625,10.0502805704322
0,0.58,2.1,20,0.267205778925263,5.63224647423221,0.0578042276723017,4.10638437854873,299.023990806625,10.0636408593785
0,0.58,2.1,21,0.280566067871526,5.63224647423221,0.0578042276723017,4.10638437854873,299.023990806625,10.0770011483248
0,0.58,2.1,22,0.293926356817789,5.63224647423221,0.0578042276723017,4.10638437854873,299.023990806625,10.090361437271
0,0.58,2.1,23,0.307286645764052,5.63224647423221,0.0578042276723017,4.10638437854873,299.023990806625,10.1037217262173
0,0.58,2.1,24,0.320646934710315,5.63224647423221,0.0578042276723017,4.10638437854873,299.023990806625,10.1170820151636
0,0.58,2.2,1,0.0133864591513969,6.2663251317047,0.0588785199559088,4.56334109152529,332.299253749356,10.9019312023373
0,0.58,2.2,2,0.026769871077856,6.07608113044174,0.058871818553683,4.43003854673601,322.592257215909,10.5917613668093
0,0.58,2.2,3,0.0401502368197411,5.96213019279298,0.0588651186767564,4.34997417078416,316.762026284867,10.4111197190736
0,0.58,2.2,4,0.0535275574169419,5.89394884181924,0.0588584203246083,4.30211132505249,313.27668788917,10.3084461446133
0,0.58,2.2,5,0.0669018339088756,5.84562801982305,0.0588517234967184,4.26838076797498,310.820452705212,10.2397623452036
0,0.58,2.2,6,0.0802730673344856,5.80681118422079,0.0588450281925663,4.24131947468809,308.849868568641,10.1872487544359
0,0.58,2.2,7,0.0936412587322432,5.77514942831214,0.0588383344116321,4.21931328374647,307.247393390673,10.1469423052025
0,0.58,2.2,8,0.107006409140147,5.74885053963519,0.058831642153396,4.20087180129492,305.904497750446,10.1155603922237
0,0.58,2.2,9,0.120368519595723,5.72479333954021,0.0588249514173385,4.18407840037417,304.681614235504,10.0880652109274
0,0.58,2.2,10,0.133727591136026,5.70370767147521,0.0588182622029404,4.16926419690385,303.602854471694,10.065517721718
0,0.58,2.2,11,0.147083624797639,5.68718526782811,0.0588115745096825,4.15758666818141,302.752505132849,10.0506671353168
0,0.58,2.2,12,0.160436621616673,5.6735927156544,0.0588048883370461,4.14792224238122,302.048748517486,10.0407564679893
0,0.58,2.2,13,0.173786582628769,5.66183778798794,0.0587982036845126,4.13966470213353,301.44744030776,10.0340872764348
0,0.58,2.2,14,0.187133508869095,5.65145308990483,0.0587915205515637,4.1323825250477,300.917157349998,10.0297606443732
0,0.58,2.2,15,0.200477401372352,5.64182121645868,0.0587848389376813,4.12563216257808,300.425600754468,10.0267156193468
0,0.58,2.2,16,0.213818261172766,5.63159933762007,0.0587781588423474,4.1189038179536,299.935647482767,10.0230995755888
0,0.58,2.2,17,0.227156089304098,5.62308883312233,0.0587714802650446,4.11328275316653,299.526325541549,10.022299155858
0,0.58,2.2,18,0.240490886799635,5.61726421486414,0.0587648032052553,4.10926648463331,299.233863722527,10.0257863895023
0,0.58,2.2,19,0.253822654692197,5.61142206239088,0.0587581276624625,4.1052588126224,298.942027896147,10.0292616573679
0,0.58,2.2,20,0.267151394014133,5.60567407803837,0.0587514536361492,4.10125895017357,298.650760756526,10.0328358758622
0,0.58,2.2,21,0.280477105797325,5.60013762673312,0.0587447811257987,4.0973635684104,298.367101826148,10.0367230820666
0,0.58,2.2,22,0.293799791073185,5.59552865920354,0.0587381101308945,4.09404261381578,298.125272273766,10.0421091742234
0,0.58,2.2,23,0.307119450872657,5.59161122867791,0.0587314406509205,4.09123555762256,297.920864437594,10.048697677824
0,0.58,2.2,24,0.320436086226216,5.58788368245723,0.0587247726853607,4.088586302889,297.727947591516,10.0556308442578
0,0.58,2.3,1,0.0133864591513969,6.44909363096867,0.0598336147045344,4.70503336560439,342.617184404589,11.227347070429
0,0.58,2.3,2,0.0267698710778561,6.2421999148751,0.0598268045958723,4.55979597361746,332.041100783886,10.8885925641663
0,0.58,2.3,3,0.0401502368197411,6.11024997076817,0.059819996037252,4.46691923743087,325.277882890138,10.677139441056
0,0.58,2.3,4,0.053527557416942,6.02624380336034,0.0598131890281445,4.40781139778994,320.973692033159,10.5473959475954
0,0.58,2.3,5,0.0669018339088756,5.96616953631911,0.0598063835680206,4.36562302076101,317.901564413849,10.458500774557
0,0.58,2.3,6,0.0802730673344856,5.91779588875097,0.0597995796563519,4.33175937449946,315.435637770135,10.3896279102413
0,0.58,2.3,7,0.0936412587322433,5.87757647238006,0.0597927772926098,4.30355485514257,313.38180472398,10.3345653635475
0,0.58,2.3,8,0.107006409140147,5.84536491479519,0.0597859764762663,4.2809302294296,311.734295565671,10.2930875298412
0,0.58,2.3,9,0.120368519595723,5.81705882870683,0.0597791772067932,4.26115281625815,310.294118400266,10.2583593417675
0,0.58,2.3,10,0.133727591136026,5.79253097681403,0.059772379483663,4.24384908683258,309.034073126448,10.2298800342663
0,0.58,2.3,11,0.147083624797639,5.76965072395245,0.0597655833063482,4.22767210495989,307.856076808313,10.2041720370163
0,0.58,2.3,12,0.160436621616673,5.74808457962958,0.0597587886743216,4.21238310442802,306.742742660061,10.1806630943486
0,0.58,2.3,13,0.173786582628769,5.72928015390604,0.0597519955870561,4.19915321346043,305.779351406254,10.1619719455823
0,0.58,2.3,14,0.187133508869095,5.7139349133619,0.0597452040440251,4.18843459540569,304.998829260445,10.1492482216807
0,0.58,2.3,15,0.200477401372352,5.70134219105634,0.059738414044702,4.179726630779,304.364721467692,10.1412846372524
0,0.58,2.3,16,0.213818261172766,5.68851278622548,0.0597316255885605,4.17143208844784,303.760718792557,10.1334947614347
0,0.58,2.3,17,0.227156089304098,5.67802582544938,0.0597248386750747,4.16407978475914,303.225329265434,10.1289865381877
0,0.58,2.3,18,0.240490886799635,5.6686124045131,0.0597180533037188,4.15752309506657,302.747875783827,10.126344439683
0,0.58,2.3,19,0.253822654692197,5.65934686422603,0.0597112694739671,4.15098702101862,302.271923518804,10.1238678094108
0,0.58,2.3,20,0.267151394014133,5.65082504479567,0.0597044871852945,4.14496783483869,301.833610660823,10.1226487608338
0,0.58,2.3,21,0.280477105797325,5.64341277250476,0.0596977064371758,4.13970118320191,301.450096833221,10.1232887679412
0,0.58,2.3,22,0.293799791073185,5.63745545930518,0.0596909272290861,4.13555126974985,301.147903086231,10.1264974473573
0,0.58,2.3,23,0.307119450872657,5.63280724065048,0.059684149560501,4.13231512630045,300.912249421144,10.1319259673841
0,0.58,2.3,24,0.320436086226216,5.6281639899589,0.0596773734308961,4.12908404357216,300.67696427417,10.1373614931882
0,0.58,2.4,1,0.0133864591513969,6.62630315852944,0.0607831245587057,4.84250495433327,352.627767753526,11.5429776965728
0,0.58,2.4,2,0.0267698710778561,6.40381013922434,0.0607762063792658,4.68601524082271,341.232298079873,11.1773714575042
0,0.58,2.4,3,0.0401502368197412,6.25549104168389,0.0607692897744656,4.5813551049756,333.611021400843,10.9377656732537
0,0.58,2.4,4,0.0535275574169422,6.15232039275896,0.0607623747437676,4.50848481015868,328.304658343055,10.7750951350784
0,0.58,2.4,5,0.0669018339088759,6.07712708970675,0.0607554612866343,4.45551095579944,324.447139933026,10.6602953407017
0,0.58,2.4,6,0.080273067334486,6.01933482670267,0.0607485494025289,4.4148207501775,321.484108090372,10.5751771936172
0,0.58,2.4,7,0.0936412587322437,5.97257387418182,0.0607416390909145,4.38183255208762,319.081930960076,10.5087893240926
0,0.58,2.4,8,0.107006409140147,5.93032602390867,0.0607347303512545,4.35213331965472,316.919253970466,10.4502004830548
0,0.58,2.4,9,0.120368519595724,5.8931732134664,0.0607278231830126,4.32600446960254,315.016569687279,10.4002740258477
0,0.58,2.4,10,0.133727591136027,5.86157664674087,0.0607209175856527,4.303684258979,313.391227819342,10.3597094144415
0,0.58,2.4,11,0.14708362479764,5.83421688935594,0.060714013558639,4.28435694570973,311.983826608794,10.326371473422
0,0.58,2.4,12,0.160436621616674,5.809795460634,0.0607071111014359,4.26710493063191,310.72754713701,10.298044123984
0,0.58,2.4,13,0.17378658262877,5.78568525912227,0.060700210213508,4.25018644102784,309.495554753087,10.2703584929924
0,0.58,2.4,14,0.187133508869097,5.76482691808555,0.0606933108943203,4.23552168541489,308.427677675994,10.2481754232639
0,0.58,2.4,15,0.200477401372353,5.74507256872588,0.0606864131433379,4.22181730358421,307.429734334899,10.2280536868258
0,0.58,2.4,16,0.213818261172768,5.7262285199793,0.0606795169600262,4.20891855832876,306.490456876405,10.2096448564409
0,0.58,2.4,17,0.227156089304099,5.70954393455507,0.0606726223438508,4.19723905289787,305.639963595057,10.1946116991009
0,0.58,2.4,18,0.240490886799637,5.6954488850887,0.0606657292942775,4.18737734450536,304.921841001588,10.183982845688
0,0.58,2.4,19,0.253822654692199,5.68370279920936,0.0606588378107726,4.17902373636872,304.313537196494,10.1772080280811
0,0.58,2.4,20,0.267151394014135,5.6723117769856,0.0606519478928022,4.17079969973959,303.71466869645,10.1709148186321
0,0.58,2.4,21,0.280477105797328,5.6623007667073,0.0606450595398331,4.16363097186099,303.192647029296,10.1670539039055
0,0.58,2.4,22,0.293799791073188,5.65491588791237,0.0606381727513321,4.15838440724869,302.810595924536,10.1677382589856
0,0.58,2.4,23,0.30711945087266,5.64782178335846,0.0606312875267663,4.15336950234016,302.445414114694,10.168942024098
0,0.58,2.4,24,0.320436086226219,5.64143793461956,0.060624403865603,4.1488022217043,302.112827986128,10.1713006464157
0,0.58,2.5,1,0.0133864591513969,6.81293017457383,0.0617273951655632,4.98628808288061,363.097952944539,11.8743321117714
0,0.58,2.5,2,0.0267698710778561,6.58058963324928,0.0617203695116632,4.8224994446776,351.170980764318,11.4915793185164
0,0.58,2.5,3,0.0401502368197412,6.41972935710925,0.061713345456865,4.70872610839355,342.886087308955,11.2303190477794
0,0.58,2.5,4,0.0535275574169422,6.30414492632284,0.0617063230006227,4.62683780006164,336.923038918812,11.046216606802
0,0.58,2.5,5,0.0669018339088758,6.21932002152319,0.0616993021423908,4.56693704387789,332.56110844295,10.9148582014523
0,0.58,2.5,6,0.080273067334486,6.15218933207545,0.0616922828816237,4.51952797396905,329.108813680037,10.8136826562606
0,0.58,2.5,7,0.0936412587322436,6.09803864731046,0.0616852652177764,4.48121672444671,326.319015729119,10.7345818957072
0,0.58,2.5,8,0.107006409140147,6.05286493258325,0.061678249150304,4.44944108213011,324.005136048106,10.6709906730038
0,0.58,2.5,9,0.120368519595724,6.01074226626463,0.0616712346786618,4.41969456623613,321.839015910478,10.6124765867751
0,0.58,2.5,10,0.133727591136027,5.97151113405145,0.0616642218023053,4.39198522085035,319.82124108083,10.5588881678401
0,0.58,2.5,11,0.14708362479764,5.93859089925265,0.0616572105206905,4.36868019519025,318.124185682135,10.5160119297612
0,0.58,2.5,12,0.160436621616674,5.90932909793759,0.0616502008332734,4.34800050624089,316.618305436102,10.4794164266284
0,0.58,2.5,13,0.17378658262877,5.8845864113486,0.0616431927395104,4.33071202769879,315.359370720774,10.4507282144157
0,0.58,2.5,14,0.187133508869096,5.86228609364895,0.0616361862388581,4.31508491875365,314.221415758263,10.4261407075106
0,0.58,2.5,15,0.200477401372353,5.83985820040391,0.0616291813307732,4.29970955594476,313.101792770403,10.4016743390518
0,0.58,2.5,16,0.213818261172767,5.81936417743988,0.0616221780147129,4.28558292785435,312.073101756892,10.3803875444817
0,0.58,2.5,17,0.227156089304099,5.80064023687634,0.0616151762901345,4.27252691070235,311.122371870712,10.3619384131729
0,0.58,2.5,18,0.240490886799636,5.7831258240719,0.0616081761564955,4.26023642983423,310.227387792427,10.3454613168623
0,0.58,2.5,19,0.253822654692198,5.76682407987669,0.0616011776132539,4.24868663847964,309.386340197888,10.3309345506618
0,0.58,2.5,20,0.267151394014135,5.75311697496291,0.0615941806598675,4.23903924424818,308.68382380925,10.3209017938851
0,0.58,2.5,21,0.280477105797327,5.74016255976418,0.0615871852957949,4.22995363522515,308.02221622006,10.3121804860824
0,0.58,2.5,22,0.293799791073187,5.72834743695776,0.0615801915204944,4.2216347876819,307.416443656662,10.3053622072333
0,0.58,2.5,23,0.307119450872659,5.7182941748733,0.061573199333425,4.21441831848563,306.890945500699,10.301405143565
0,0.58,2.5,24,0.320436086226218,5.7099547302605,0.0615662087340456,4.20841272431398,306.453622403097,10.3003697495347
0,0.59,1.7,1,0.0133876233756465,5.72607997940111,0.0542997008071526,4.03764748856646,294.018619350045,9.83141479215037
0,0.59,1.7,2,0.0267752467512929,5.72607997940111,0.0542997008071526,4.03764748856646,294.018619350045,9.84480241552601
0,0.59,1.7,3,0.0401628701269394,5.72607997940111,0.0542997008071526,4.03764748856646,294.018619350045,9.85819003890166
0,0.59,1.7,4,0.0535504935025859,5.72607997940111,0.0542997008071526,4.03764748856646,294.018619350045,9.87157766227731
0,0.59,1.7,5,0.0669381168782323,5.72607997940111,0.0542997008071526,4.03764748856646,294.018619350045,9.88496528565295
0,0.59,1.7,6,0.0803257402538788,5.72607997940111,0.0542997008071526,4.03764748856646,294.018619350045,9.8983529090286
0,0.59,1.7,7,0.0937133636295253,5.72607997940111,0.0542997008071526,4.03764748856646,294.018619350045,9.91174053240425
0,0.59,1.7,8,0.107100987005172,5.72607997940111,0.0542997008071526,4.03764748856646,294.018619350045,9.92512815577989
0,0.59,1.7,9,0.120488610380818,5.72607997940111,0.0542997008071526,4.03764748856646,294.018619350045,9.93851577915554
0,0.59,1.7,10,0.133876233756465,5.72607997940111,0.0542997008071526,4.03764748856646,294.018619350045,9.95190340253118
0,0.59,1.7,11,0.147263857132111,5.72607997940111,0.0542997008071526,4.03764748856646,294.018619350045,9.96529102590683
0,0.59,1.7,12,0.160651480507758,5.72607997940111,0.0542997008071526,4.03764748856646,294.018619350045,9.97867864928248
0,0.59,1.7,13,0.174039103883404,5.72607997940111,0.0542997008071526,4.03764748856646,294.018619350045,9.99206627265812
0,0.59,1.7,14,0.187426727259051,5.72607997940111,0.0542997008071526,4.03764748856646,294.018619350045,10.0054538960338
0,0.59,1.7,15,0.200814350634697,5.72607997940111,0.0542997008071526,4.03764748856646,294.018619350045,10.0188415194094
0,0.59,1.7,16,0.214201974010343,5.72607997940111,0.0542997008071526,4.03764748856646,294.018619350045,10.0322291427851
0,0.59,1.7,17,0.22758959738599,5.72607997940111,0.0542997008071526,4.03764748856646,294.018619350045,10.0456167661607
0,0.59,1.7,18,0.240977220761636,5.72607997940111,0.0542997008071526,4.03764748856646,294.018619350045,10.0590043895364
0,0.59,1.7,19,0.254364844137283,5.72607997940111,0.0542997008071526,4.03764748856646,294.018619350045,10.072392012912
0,0.59,1.7,20,0.267752467512929,5.72607997940111,0.0542997008071526,4.03764748856646,294.018619350045,10.0857796362877
0,0.59,1.7,21,0.281140090888576,5.72607997940111,0.0542997008071526,4.03764748856646,294.018619350045,10.0991672596633
0,0.59,1.7,22,0.294527714264222,5.72607997940111,0.0542997008071526,4.03764748856646,294.018619350045,10.1125548830389
0,0.59,1.7,23,0.307915337639869,5.72607997940111,0.0542997008071526,4.03764748856646,294.018619350045,10.1259425064146
0,0.59,1.7,24,0.321302961015515,5.72607997940111,0.0542997008071526,4.03764748856646,294.018619350045,10.1393301297902
0,0.59,1.8,1,0.0133864591513968,5.77257952687071,0.0552993630512603,4.08927163381168,297.777852902035,9.93053698288505
0,0.59,1.8,2,0.0267719408540154,5.74773710419563,0.0552973441344489,4.0725438333403,296.559746365175,9.90235022252439
0,0.59,1.8,3,0.040157911281023,5.73490932515453,0.0552973441344488,4.06389209292573,295.929732779574,9.89425667349574
0,0.59,1.8,4,0.0535438817080306,5.73152562467144,0.0552973441344488,4.06159034953542,295.762121462431,9.90195720004933
0,0.59,1.8,5,0.0669298521350383,5.73066693095739,0.0552973441344488,4.06101221916907,295.720022420204,9.91390634639595
0,0.59,1.8,6,0.0803158225620459,5.73066693095739,0.0552973441344488,4.06101221916907,295.720022420204,9.92729231682295
0,0.59,1.8,7,0.0937017929890536,5.73066693095739,0.0552973441344488,4.06101221916907,295.720022420204,9.94067828724996
0,0.59,1.8,8,0.107087763416061,5.73066693095739,0.0552973441344488,4.06101221916907,295.720022420204,9.95406425767697
0,0.59,1.8,9,0.120473733843069,5.73066693095739,0.0552973441344488,4.06101221916907,295.720022420204,9.96745022810398
0,0.59,1.8,10,0.133859704270077,5.73066693095739,0.0552973441344488,4.06101221916907,295.720022420204,9.98083619853099
0,0.59,1.8,11,0.147245674697084,5.73066693095739,0.0552973441344488,4.06101221916907,295.720022420204,9.99422216895799
0,0.59,1.8,12,0.160631645124092,5.73066693095739,0.0552973441344488,4.06101221916907,295.720022420204,10.007608139385
0,0.59,1.8,13,0.1740176155511,5.73066693095739,0.0552973441344488,4.06101221916907,295.720022420204,10.020994109812
0,0.59,1.8,14,0.187403585978107,5.73066693095739,0.0552973441344488,4.06101221916907,295.720022420204,10.034380080239
0,0.59,1.8,15,0.200789556405115,5.73066693095739,0.0552973441344488,4.06101221916907,295.720022420204,10.047766050666
0,0.59,1.8,16,0.214175526832123,5.73066693095739,0.0552973441344488,4.06101221916907,295.720022420204,10.061152021093
0,0.59,1.8,17,0.22756149725913,5.73066693095739,0.0552973441344488,4.06101221916907,295.720022420204,10.07453799152
0,0.59,1.8,18,0.240947467686138,5.73066693095739,0.0552973441344488,4.06101221916907,295.720022420204,10.087923961947
0,0.59,1.8,19,0.254333438113146,5.73066693095739,0.0552973441344488,4.06101221916907,295.720022420204,10.1013099323741
0,0.59,1.8,20,0.267719408540153,5.73066693095739,0.0552973441344488,4.06101221916907,295.720022420204,10.1146959028011
0,0.59,1.8,21,0.281105378967161,5.73066693095739,0.0552973441344488,4.06101221916907,295.720022420204,10.1280818732281
0,0.59,1.8,22,0.294491349394168,5.73066693095739,0.0552973441344488,4.06101221916907,295.720022420204,10.1414678436551
0,0.59,1.8,23,0.307877319821176,5.73066693095739,0.0552973441344488,4.06101221916907,295.720022420204,10.1548538140821
0,0.59,1.8,24,0.321263290248184,5.73066693095739,0.0552973441344488,4.06101221916907,295.720022420204,10.1682397845091
0,0.59,1.9,1,0.0133864591513969,5.87059597319836,0.0562956083164056,4.17410383020681,303.955273127837,10.114381870873
0,0.59,1.9,2,0.026769871077856,5.77464083764747,0.0562892008945621,4.10849361337603,299.177583787084,9.96619352299592
0,0.59,1.9,3,0.040150236819741,5.73776531747184,0.0562827949311053,4.08336361646367,297.347635279353,9.91756196568635
0,0.59,1.9,4,0.053527557416942,5.71620941392493,0.0562763904255374,4.06879203289107,296.286542923992,9.89480539465849
0,0.59,1.9,5,0.0669018339088756,5.69930081894258,0.0562699873773606,4.05748351464689,295.463064665808,9.87995615487571
0,0.59,1.9,6,0.0802730673344856,5.68713396786675,0.0562635857860776,4.04942493616389,294.876244710325,9.8730955571512
0,0.59,1.9,7,0.0936412587322432,5.67857680101055,0.0562571856511913,4.04364979768599,294.455703232488,9.87212504307998
0,0.59,1.9,8,0.107006409140147,5.67314004523435,0.0562507869722045,4.03990751077651,294.183192560505,9.8763047521232
0,0.59,1.9,9,0.120376557354267,5.67049794902301,0.056248145538139,4.03810287779205,294.051780469671,9.88522552970746
0,0.59,1.9,10,0.133751730393629,5.66845772775493,0.056248145538139,4.0367228156319,293.951285324393,9.89518041931859
0,0.59,1.9,11,0.147126903432992,5.66833111019528,0.056248145538139,4.03663885969301,293.945171712616,9.90834501885942
0,0.59,1.9,12,0.160502076472355,5.66833111019528,0.056248145538139,4.03663885969301,293.945171712616,9.92172019189879
0,0.59,1.9,13,0.173877249511718,5.66833111019528,0.056248145538139,4.03663885969301,293.945171712616,9.93509536493815
0,0.59,1.9,14,0.187252422551081,5.66833111019528,0.056248145538139,4.03663885969301,293.945171712616,9.94847053797751
0,0.59,1.9,15,0.200627595590444,5.66833111019528,0.056248145538139,4.03663885969301,293.945171712616,9.96184571101687
0,0.59,1.9,16,0.214002768629807,5.66833111019528,0.056248145538139,4.03663885969301,293.945171712616,9.97522088405624
0,0.59,1.9,17,0.22737794166917,5.66833111019528,0.056248145538139,4.03663885969301,293.945171712616,9.9885960570956
0,0.59,1.9,18,0.240753114708533,5.66833111019528,0.056248145538139,4.03663885969301,293.945171712616,10.001971230135
0,0.59,1.9,19,0.254128287747896,5.66833111019528,0.056248145538139,4.03663885969301,293.945171712616,10.0153464031743
0,0.59,1.9,20,0.267503460787259,5.66833111019528,0.056248145538139,4.03663885969301,293.945171712616,10.0287215762137
0,0.59,1.9,21,0.280878633826622,5.66833111019528,0.056248145538139,4.03663885969301,293.945171712616,10.0420967492531
0,0.59,1.9,22,0.294253806865985,5.66833111019528,0.056248145538139,4.03663885969301,293.945171712616,10.0554719222924
0,0.59,1.9,23,0.307628979905348,5.66833111019528,0.056248145538139,4.03663885969301,293.945171712616,10.0688470953318
0,0.59,1.9,24,0.321004152944711,5.66833111019528,0.056248145538139,4.03663885969301,293.945171712616,10.0822222683711
0,0.59,2,1,0.0133864591513969,6.03296267406965,0.0572843493205456,4.30141556157111,313.226022887144,10.4050490441127
0,0.59,2,2,0.0267698710778561,5.89151881349844,0.0572778293627354,4.20446385390333,306.16606846744,10.1800303678424
0,0.59,2,3,0.0401502368197411,5.82581439675319,0.057271310888926,4.15903910775745,302.858270750092,10.0822750522193
0,0.59,2,4,0.053527557416942,5.78895333239574,0.0572647938986109,4.13387914889078,301.026140434151,10.0336248326021
0,0.59,2,5,0.0669018339088756,5.76254914509821,0.0572582783912837,4.11603821651819,299.726976423683,10.0027474739166
0,0.59,2,6,0.0802730673344857,5.74294693429796,0.0572517643664383,4.10280982968913,298.763694700173,9.98328159568801
0,0.59,2,7,0.0936412587322433,5.7277519100332,0.0572452518235687,4.09260862037851,298.020849891234,9.97124704096752
0,0.59,2,8,0.107006409140147,5.71462192606566,0.0572387407621693,4.08393006853424,297.388883916385,9.96279714450221
0,0.59,2,9,0.120368519595723,5.70451536454673,0.0572322311817346,4.07726718615606,296.903697558915,9.95938330148025
0,0.59,2,10,0.133727591136026,5.69540024511453,0.0572257230817594,4.07115573230595,296.458665834793,9.95750929163827
0,0.59,2,11,0.147083624797639,5.68933780346481,0.0572192164617387,4.06704215233443,296.159117866023,9.96068279705862
0,0.59,2,12,0.160436621616673,5.68408815661189,0.0572127113211678,4.06344323696947,295.897047407975,9.9651807265192
0,0.59,2,13,0.173786582628769,5.67979268731597,0.0572062076595421,4.06049113936942,295.682077759681,9.9712766169737
0,0.59,2,14,0.187133508869095,5.67667542249999,0.0571997054763574,4.05833797694518,295.525286002846,9.97934661379063
0,0.59,2,15,0.200497987299767,5.67571664853744,0.0571990776283693,4.05768035921052,295.477398746975,9.9910940726761
0,0.59,2,16,0.213864519786418,5.67571664853744,0.0571990776283693,4.05768035921052,295.477398746975,10.0044606051627
0,0.59,2,17,0.22723105227307,5.67571664853744,0.0571990776283693,4.05768035921052,295.477398746975,10.0178271376494
0,0.59,2,18,0.240597584759721,5.67571664853744,0.0571990776283693,4.05768035921052,295.477398746975,10.0311936701361
0,0.59,2,19,0.253964117246372,5.67571664853744,0.0571990776283693,4.05768035921052,295.477398746975,10.0445602026227
0,0.59,2,20,0.267330649733023,5.67571664853744,0.0571990776283693,4.05768035921052,295.477398746975,10.0579267351094
0,0.59,2,21,0.280697182219674,5.67571664853744,0.0571990776283693,4.05768035921052,295.477398746975,10.071293267596
0,0.59,2,22,0.294063714706325,5.67571664853744,0.0571990776283693,4.05768035921052,295.477398746975,10.0846598000827
0,0.59,2,23,0.307430247192977,5.67571664853744,0.0571990776283693,4.05768035921052,295.477398746975,10.0980263325693
0,0.59,2,24,0.320796779679628,5.67571664853744,0.0571990776283693,4.05768035921052,295.477398746975,10.111392865056
0,0.59,2.1,1,0.0133864591513969,6.19530522095244,0.0582661423758374,4.4280353983644,322.446389375727,10.6949932208441
0,0.59,2.1,2,0.0267698710778561,6.01523497076406,0.0582595106728581,4.30423666266771,313.431453463196,10.4045010151825
0,0.59,2.1,3,0.0401502368197412,5.91509074703622,0.0582528804793139,4.23514621187803,308.400335960001,10.2486400762133
0,0.59,2.1,4,0.0535275574169422,5.8590888521361,0.0582462517946895,4.19651326754579,305.587112421751,10.1673759288935
0,0.59,2.1,5,0.066901833908876,5.81612398959833,0.0582396246184699,4.16712897127877,303.447368859821,10.1083944194044
0,0.59,2.1,6,0.0802730673344862,5.78448741194918,0.0582329989501402,4.14549108069032,301.87171305171,10.0684845589241
0,0.59,2.1,7,0.0936412587322439,5.75807993280154,0.0582263747891858,4.12754030572812,300.564550381964,10.0374878720511
0,0.59,2.1,8,0.107006409140148,5.73541694755033,0.0582197521350925,4.11212590431787,299.44208463091,10.0127690131434
0,0.59,2.1,9,0.120368519595724,5.71737087430581,0.0582131309873459,4.09973189544925,298.539561717237,9.99568442033813
0,0.59,2.1,10,0.133727591136027,5.70347549377667,0.0582065113454325,4.09023023607328,297.847657637158,9.9856398323314
0,0.59,2.1,11,0.14708362479764,5.69141202515883,0.0581998932088383,4.08194760612395,297.244522413198,9.97864314928927
0,0.59,2.1,12,0.160436621616675,5.68094073877314,0.0581932765770502,4.07468066135806,296.715348662144,9.97425129832492
0,0.59,2.1,13,0.17378658262877,5.67115928531115,0.0581866614495548,4.06794185411554,296.224633510035,9.97107438350501
0,0.59,2.1,14,0.187133508869097,5.66252476663401,0.0581800478258392,4.06199759626182,295.791776879495,9.96983591959076
0,0.59,2.1,15,0.200477401372353,5.65576158500345,0.0581734357053908,4.05732943797261,295.451844911935,9.9717418600538
0,0.59,2.1,16,0.213818261172768,5.64978860284181,0.058166825087697,4.05323652105773,295.153801612258,9.97501021016001
0,0.59,2.1,17,0.2271560893041,5.64375208306159,0.0581602159722456,4.04933293383797,294.869545166365,9.9784013221759
0,0.59,2.1,18,0.240490886799637,5.6388154451785,0.0581536083585246,4.0459350239829,294.622111786633,9.98339496431956
0,0.59,2.1,19,0.253822654692199,5.63413512498407,0.0581470022460222,4.04271009176221,294.387274515249,9.98881487368449
0,0.59,2.1,20,0.267151394014136,5.63028551188506,0.0581403976342269,4.04000105925867,294.190004694463,9.99557836279209
0,0.59,2.1,21,0.280477105797328,5.62739098300874,0.0581337945226274,4.03797101554376,294.042178354504,10.0039728988724
0,0.59,2.1,22,0.293817259326944,5.62522552867562,0.0581306489395685,4.03646172688957,293.932273027811,10.0136351638317
0,0.59,2.1,23,0.30717258929635,5.62429252688786,0.0581306489395685,4.03582515846378,293.885918567645,10.0254209235876
0,0.59,2.1,24,0.320527919265757,5.62429252688786,0.0581306489395685,4.03582515846378,293.885918567645,10.038776253557
0,0.59,2.2,1,0.0133864591513969,6.36890801129922,0.0592414782783209,4.56173985287178,332.182652689088,11.0032758016007
0,0.59,2.2,2,0.0267698710778561,6.17109847359235,0.0592347355651091,4.42537051248023,322.252334280376,10.6824735927155
0,0.59,2.2,3,0.0401502368197412,6.0493239297634,0.0592279943865994,4.34117428995036,316.121225219265,10.4898764509201
0,0.59,2.2,4,0.0535275574169422,5.97582365602811,0.0592212547422677,4.2904162935825,312.425064012693,10.3789887617698
0,0.59,2.2,5,0.0669018339088759,5.92372775172282,0.0592145166315905,4.25459684149246,309.816716979127,10.3044409437557
0,0.59,2.2,6,0.0802730673344861,5.88133311248549,0.0592077800540443,4.22549734010177,307.697711977602,10.2463112999758
0,0.59,2.2,7,0.0936412587322438,5.84762516545923,0.0592010450091058,4.20241765619502,306.017065805168,10.2028851253956
0,0.59,2.2,8,0.107006409140148,5.81932687548797,0.0591943114962522,4.18288235794856,304.594519276458,10.1684099540729
0,0.59,2.2,9,0.120368519595724,5.79428928318255,0.0591875795149608,4.16571249558407,303.344222106847,10.1395578778773
0,0.59,2.2,10,0.133727591136027,5.77115390082409,0.0591808490647089,4.14981548283994,302.186612941596,10.1138778238648
0,0.59,2.2,11,0.14708362479764,5.75151397810563,0.0591741201449744,4.13618788715691,301.194261113178,10.0939596102052
0,0.59,2.2,12,0.160436621616674,5.73595949433443,0.0591673927552354,4.12528807670846,300.400544666087,10.0808515854148
0,0.59,2.2,13,0.17378658262877,5.72285756476359,0.0591606668949699,4.11623226480862,299.741106882223,10.0720370790959
0,0.59,2.2,14,0.187133508869097,5.71135460705705,0.0591539425636566,4.10830137506545,299.163585129988,10.0659434335552
0,0.59,2.2,15,0.200477401372353,5.70109147188997,0.059147219760774,4.10122568399322,298.648338336925,10.0619417770163
0,0.59,2.2,16,0.213818261172768,5.69065666451799,0.0591404984858012,4.09457664703903,298.164160193386,10.0581920712156
0,0.59,2.2,17,0.2271560893041,5.68065828832092,0.0591337787382173,4.08794913444739,297.681549438624,10.0548972908106
0,0.59,2.2,18,0.240490886799637,5.6721412329745,0.0591270605175018,4.08213298332364,297.258021449076,10.0538921636153
0,0.59,2.2,19,0.253822654692199,5.66606606764668,0.0591203438231343,4.07801909016234,296.958450674048,10.0570281563243
0,0.59,2.2,20,0.267151394014136,5.6603231859764,0.0591136286545946,4.07407210685919,296.671034156219,10.0606603155043
0,0.59,2.2,21,0.280477105797328,5.65463941334627,0.059106915011363,4.07013275648436,296.384173462801,10.0643561906393
0,0.59,2.2,22,0.293799791073188,5.64936724272399,0.0591002028929197,4.06639821036616,296.112226469736,10.0686654470563
0,0.59,2.2,23,0.30711945087266,5.6446835651035,0.0590934922987454,4.06312724153395,295.874036845034,10.0740237498089
0,0.59,2.2,24,0.320436086226219,5.63999988202139,0.059086783228321,4.0598615307395,295.636230106902,10.0793842822154
0,0.59,2.3,1,0.0133864591513969,6.55483446544876,0.0602107926266027,4.70334908355336,342.494536183158,11.3317808007801
0,0.59,2.3,2,0.026769871077856,6.33810718389762,0.0602039395885163,4.55368493415691,331.596099235318,10.9787659287209
0,0.59,2.3,3,0.040150236819741,6.19626644484274,0.0601970881102428,4.45545049055594,324.442736896985,10.7520642603287
0,0.59,2.3,4,0.0535275574169418,6.10251531124085,0.0601902381912498,4.39052138643496,319.714645699488,10.606754493284
0,0.59,2.3,5,0.0669018339088754,6.03494212001983,0.060183389831005,4.34378784805327,316.311542662079,10.505815191813
0,0.59,2.3,6,0.0802730673344853,5.98212899694589,0.0601765430289764,4.30736059352573,313.658935887162,10.4299392008351
0,0.59,2.3,7,0.0936412587322428,5.93797875196132,0.0601696977846322,4.27687204127321,311.438781189494,10.3686617497514
0,0.59,2.3,8,0.107006409140146,5.90110893766827,0.060162854097441,4.2513458368925,309.579981135622,10.3196240377984
0,0.59,2.3,9,0.120368519595722,5.8698379644609,0.0601560119668715,4.22985003493502,308.014672120593,10.2802125309585
0,0.59,2.3,10,0.133727591136025,5.84237117288657,0.0601491713923926,4.21079266804094,306.626928213154,10.2470406034559
0,0.59,2.3,11,0.147083624797638,5.81726758706089,0.0601423323734736,4.19335546813403,305.357163713782,10.217849012366
0,0.59,2.3,12,0.160436621616672,5.79447642100419,0.060135494909584,4.17748065597089,304.201171179054,10.1925291935013
0,0.59,2.3,13,0.173786582628768,5.77265838585026,0.0601286590001933,4.16237769425122,303.101384244833,10.1689513217304
0,0.59,2.3,14,0.187133508869094,5.75291353601016,0.0601218246447715,4.14875769086961,302.109585282407,10.1489265603936
0,0.59,2.3,15,0.20047740137235,5.73728741335628,0.0601149918427889,4.13803184410297,301.328536746937,10.1359116506744
0,0.59,2.3,16,0.213818261172765,5.72323295362232,0.0601081605937159,4.12898389406494,300.66967145826,10.1261432694537
0,0.59,2.3,17,0.227156089304096,5.71112605545226,0.060101330897023,4.12060708408835,300.059678111677,10.1189905597417
0,0.59,2.3,18,0.240490886799633,5.69963381161681,0.0600945027521813,4.11269004715788,299.483165111413,10.1129092483265
0,0.59,2.3,19,0.253822654692194,5.689619008039,0.0600876761586618,4.10578406641796,298.980276504085,10.1093134053078
0,0.59,2.3,20,0.267151394014131,5.68035166454919,0.0600808511159359,4.09940953406483,298.516087590422,10.1069934437441
0,0.59,2.3,21,0.280477105797323,5.67122208651021,0.0600740276234752,4.09306959696332,298.054417878386,10.1048428168943
0,0.59,2.3,22,0.293799791073183,5.66382431319405,0.0600672056807517,4.08794255311559,297.681070190722,10.1056338630636
0,0.59,2.3,23,0.307119450872654,5.65739465838744,0.0600603852872373,4.08345844437221,297.354540580231,10.1080329389195
0,0.59,2.3,24,0.320436086226213,5.651428195012,0.0600535664424045,4.07929410371127,297.051296254147,10.1112119513919
0,0.59,2.4,1,0.0133864591513969,6.73673005283839,0.061174474140543,4.84188582496699,352.582683193275,11.6531768110973
0,0.59,2.4,2,0.026769871077856,6.50850625620523,0.0611675114186967,4.68393676746227,341.080945127561,11.2803804061641
0,0.59,2.4,3,0.040150236819741,6.35462851815738,0.0611605502816284,4.57709132718743,333.300536133855,11.0330306324462
0,0.59,2.4,4,0.0535275574169419,6.24630667216634,0.061153590728797,4.50178574246729,327.816836996805,10.8627735627794
0,0.59,2.4,5,0.0669018339088754,6.1677801693382,0.0611466327596618,4.44733616120898,323.851857203228,10.7431647972157
0,0.59,2.4,6,0.0802730673344854,6.1060254577316,0.0611396763736823,4.40453338508079,320.734989478346,10.6519715865206
0,0.59,2.4,7,0.0936412587322429,6.0578186934011,0.0611327215703182,4.37106813638934,318.298073862427,10.583660810093
0,0.59,2.4,8,0.107006409140146,6.01423376873028,0.0611257683490294,4.34089237837176,316.10069661855,10.5232583245912
0,0.59,2.4,9,0.120368519595723,5.97460252540636,0.0611188167092763,4.31347401081993,314.104110587885,10.4695638725313
0,0.59,2.4,10,0.133727591136026,5.94103411500415,0.0611118666505193,4.29014858242069,312.405569476232,10.4260221552114
0,0.59,2.4,11,0.147083624797638,5.91159742215589,0.061104918172219,4.26967435890405,310.914651076924,10.3894603240298
0,0.59,2.4,12,0.160436621616672,5.88653242049987,0.0610979712738365,4.25224819535028,309.645690236941,10.3603152087407
0,0.59,2.4,13,0.173786582628768,5.8619216484854,0.061091025954833,4.23525328594958,308.408133017762,10.3320525430186
0,0.59,2.4,14,0.187133508869094,5.83915409197164,0.0610840822146699,4.2195009247318,307.261057273812,10.3068726077872
0,0.59,2.4,15,0.20047740137235,5.81865376690352,0.0610771400528089,4.20548905519094,306.240722896286,10.2856973635196
0,0.59,2.4,16,0.213818261172765,5.79914622530149,0.0610701994687119,4.19237532380598,305.285790300696,10.2664100097489
0,0.59,2.4,17,0.227156089304096,5.78105319855961,0.0610632604618413,4.17992735463398,304.379338036097,10.2491999029595
0,0.59,2.4,18,0.240490886799633,5.76534386775824,0.0610563230316592,4.16913960839442,303.59378202502,10.236030685984
0,0.59,2.4,19,0.253822654692195,5.75158384865597,0.0610493871776286,4.15962218916715,302.900730323776,10.2260780796929
0,0.59,2.4,20,0.267151394014131,5.73966747311532,0.0610424528992123,4.15116700996726,302.285030186072,10.2190283299959
0,0.59,2.4,21,0.280477105797323,5.72911277480261,0.0610355201958733,4.143733151894,301.74370192665,10.2143585526898
0,0.59,2.4,22,0.293799791073183,5.72019215645576,0.0610285890670752,4.13746511028366,301.287267593163,10.2124856468797
0,0.59,2.4,23,0.307119450872655,5.7127911780716,0.0610216595122816,4.13230834755143,300.91175579746,10.213240636008
0,0.59,2.4,24,0.320436086226214,5.70578246486295,0.0610147315309564,4.1273948093974,300.553955442609,10.2146280920175
0,0.59,2.5,1,0.0133864591513969,6.92687069731527,0.0621328714342647,4.98581054283749,363.06317881813,11.9882005707384
0,0.59,2.5,2,0.026769871077856,6.68923051096287,0.062125799630095,4.82096305662925,351.059102079009,11.5990892383001
0,0.59,2.5,3,0.040150236819741,6.52340157537793,0.0621187294355314,4.70555859469635,342.655431213627,11.3312291363296
0,0.59,2.5,4,0.0535275574169419,6.40351607258561,0.0621116608500243,4.62199060850851,336.570069876267,11.1411458993611
0,0.59,2.5,5,0.0669018339088754,6.31449240388574,0.0621045938730246,4.56011891400022,332.064617072949,11.0036177456679
0,0.59,2.5,6,0.0802730673344854,6.24476462675446,0.0620975285039833,4.51166081331794,328.535932634974,10.8987960359109
0,0.59,2.5,7,0.0936412587322429,6.18825455117871,0.0620904647423516,4.47233546808151,325.672288955178,10.8163217427348
0,0.59,2.5,8,0.107006409140147,6.14035577930328,0.062083402587581,4.43916138595127,323.256575881226,10.7486069769823
0,0.59,2.5,9,0.120368519595723,6.09739189245954,0.0620763420391234,4.40931026519138,321.082838491637,10.6891470192858
0,0.59,2.5,10,0.133727591136026,6.05669762789822,0.0620692830964307,4.38100313408667,319.021533330963,10.6334976362173
0,0.59,2.5,11,0.147083624797638,6.02167566326821,0.0620622257589553,4.35662859620755,317.246596812902,10.5874501100323
0,0.59,2.5,12,0.160436621616672,5.99108431769877,0.0620551700261496,4.33539630890088,315.700476747387,10.5489724182425
0,0.59,2.5,13,0.173786582628768,5.96386682684137,0.0620481158974663,4.31670116243429,314.339109473938,10.5164026878019
0,0.59,2.5,14,0.187133508869094,5.94105718474301,0.0620410633723586,4.30098932318545,313.194984510956,10.4912210801699
0,0.59,2.5,15,0.20047740137235,5.91825621716624,0.0620340124502797,4.28560197256585,312.074488579243,10.4663696035547
0,0.59,2.5,16,0.213818261172765,5.89724828343661,0.062026963130683,4.2713530974405,311.036895623565,10.4444466051806
0,0.59,2.5,17,0.227156089304096,5.87784131440197,0.0620199154130224,4.25803064048281,310.066763780173,10.4250479596019
0,0.59,2.5,18,0.240490886799633,5.85965497695919,0.0620128692967519,4.24547836332145,309.152715881951,10.407637096377
0,0.59,2.5,19,0.253822654692195,5.84266986256914,0.0620058247813257,4.23364408043185,308.290951816106,10.3921424224745
0,0.59,2.5,20,0.267151394014131,5.82840251280052,0.0619987818661983,4.22376587476383,307.571627902765,10.3813185634447
0,0.59,2.5,21,0.280477105797323,5.81534716648212,0.0619917405508245,4.21474554950922,306.914774231176,10.3725615623395
0,0.59,2.5,22,0.293799791073183,5.80277043315252,0.0619847008346593,4.20609791114084,306.285059353661,10.3646528362012
0,0.59,2.5,23,0.307119450872655,5.7913578592594,0.0619776627171579,4.19815557045372,305.706703751829,10.3586105433029
0,0.59,2.5,24,0.320436086226214,5.78186285778835,0.0619706261977759,4.19141137347942,305.215596123285,10.3556809436918
0,0.6,1.7,1,0.0133871002640128,5.76076447764545,0.0545878672817256,3.99919716325041,291.218693998712,9.82793660844159
0,0.6,1.7,2,0.0267742005280256,5.75562472975882,0.0545878672817255,3.99582346425635,290.973023636665,9.83281026182493
0,0.6,1.7,3,0.0401613007920385,5.75562472975882,0.0545878672817255,3.99582346425635,290.973023636665,9.84619736208894
0,0.6,1.7,4,0.0535484010560513,5.75562472975882,0.0545878672817255,3.99582346425635,290.973023636665,9.85958446235296
0,0.6,1.7,5,0.0669355013200641,5.75562472975882,0.0545878672817255,3.99582346425635,290.973023636665,9.87297156261697
0,0.6,1.7,6,0.0803226015840769,5.75562472975882,0.0545878672817255,3.99582346425635,290.973023636665,9.88635866288098
0,0.6,1.7,7,0.0937097018480898,5.75562472975882,0.0545878672817255,3.99582346425635,290.973023636665,9.89974576314499
0,0.6,1.7,8,0.107096802112103,5.75562472975882,0.0545878672817255,3.99582346425635,290.973023636665,9.91313286340901
0,0.6,1.7,9,0.120483902376115,5.75562472975882,0.0545878672817255,3.99582346425635,290.973023636665,9.92651996367302
0,0.6,1.7,10,0.133871002640128,5.75562472975882,0.0545878672817255,3.99582346425635,290.973023636665,9.93990706393703
0,0.6,1.7,11,0.147258102904141,5.75562472975882,0.0545878672817255,3.99582346425635,290.973023636665,9.95329416420104
0,0.6,1.7,12,0.160645203168154,5.75562472975882,0.0545878672817255,3.99582346425635,290.973023636665,9.96668126446506
0,0.6,1.7,13,0.174032303432167,5.75562472975882,0.0545878672817255,3.99582346425635,290.973023636665,9.98006836472907
0,0.6,1.7,14,0.18741940369618,5.75562472975882,0.0545878672817255,3.99582346425635,290.973023636665,9.99345546499308
0,0.6,1.7,15,0.200806503960192,5.75562472975882,0.0545878672817255,3.99582346425635,290.973023636665,10.0068425652571
0,0.6,1.7,16,0.214193604224205,5.75562472975882,0.0545878672817255,3.99582346425635,290.973023636665,10.0202296655211
0,0.6,1.7,17,0.227580704488218,5.75562472975882,0.0545878672817255,3.99582346425635,290.973023636665,10.0336167657851
0,0.6,1.7,18,0.240967804752231,5.75562472975882,0.0545878672817255,3.99582346425635,290.973023636665,10.0470038660491
0,0.6,1.7,19,0.254354905016244,5.75562472975882,0.0545878672817255,3.99582346425635,290.973023636665,10.0603909663131
0,0.6,1.7,20,0.267742005280256,5.75562472975882,0.0545878672817255,3.99582346425635,290.973023636665,10.0737780665772
0,0.6,1.7,21,0.281129105544269,5.75562472975882,0.0545878672817255,3.99582346425635,290.973023636665,10.0871651668412
0,0.6,1.7,22,0.294516205808282,5.75562472975882,0.0545878672817255,3.99582346425635,290.973023636665,10.1005522671052
0,0.6,1.7,23,0.307903306072295,5.75562472975882,0.0545878672817255,3.99582346425635,290.973023636665,10.1139393673692
0,0.6,1.7,24,0.321290406336308,5.75562472975882,0.0545878672817255,3.99582346425635,290.973023636665,10.1273264676332
0,0.6,1.8,1,0.0133864591513969,5.83665255371355,0.0556041340926516,4.06965035976953,296.349045677011,9.97529350672712
0,0.6,1.8,2,0.0267708948890781,5.79710786465443,0.0555999317055117,4.04322133467192,294.42450286044,9.92270002592094
0,0.6,1.8,3,0.0401563423336171,5.77884518862946,0.0555999317055117,4.0311697603844,293.546915789492,9.90577122305299
0,0.6,1.8,4,0.0535388343626432,5.76851577073054,0.0555968626840732,4.02426784131066,293.044322949807,9.90191930908792
0,0.6,1.8,5,0.0669197849549608,5.76512616790621,0.0555937407196847,4.02200115287615,292.879264309622,9.90964084645701
0,0.6,1.8,6,0.080303741945953,5.76339071057539,0.0555937407196847,4.02087585008408,292.797320560393,9.92016404332511
0,0.6,1.8,7,0.0936876989369451,5.76339071057539,0.0555937407196847,4.02087585008408,292.797320560393,9.9335480003161
0,0.6,1.8,8,0.107071655927937,5.76339071057539,0.0555937407196847,4.02087585008408,292.797320560393,9.94693195730709
0,0.6,1.8,9,0.120455612918929,5.76339071057539,0.0555937407196847,4.02087585008408,292.797320560393,9.96031591429808
0,0.6,1.8,10,0.133839569909922,5.76339071057539,0.0555937407196847,4.02087585008408,292.797320560393,9.97369987128908
0,0.6,1.8,11,0.147223526900914,5.76339071057539,0.0555937407196847,4.02087585008408,292.797320560393,9.98708382828007
0,0.6,1.8,12,0.160607483891906,5.76339071057539,0.0555937407196847,4.02087585008408,292.797320560393,10.0004677852711
0,0.6,1.8,13,0.173991440882898,5.76339071057539,0.0555937407196847,4.02087585008408,292.797320560393,10.0138517422621
0,0.6,1.8,14,0.18737539787389,5.76339071057539,0.0555937407196847,4.02087585008408,292.797320560393,10.027235699253
0,0.6,1.8,15,0.200759354864882,5.76339071057539,0.0555937407196847,4.02087585008408,292.797320560393,10.040619656244
0,0.6,1.8,16,0.214143311855875,5.76339071057539,0.0555937407196847,4.02087585008408,292.797320560393,10.054003613235
0,0.6,1.8,17,0.227527268846867,5.76339071057539,0.0555937407196847,4.02087585008408,292.797320560393,10.067387570226
0,0.6,1.8,18,0.240911225837859,5.76339071057539,0.0555937407196847,4.02087585008408,292.797320560393,10.080771527217
0,0.6,1.8,19,0.254295182828851,5.76339071057539,0.0555937407196847,4.02087585008408,292.797320560393,10.094155484208
0,0.6,1.8,20,0.267679139819843,5.76339071057539,0.0555937407196847,4.02087585008408,292.797320560393,10.107539441199
0,0.6,1.8,21,0.281063096810835,5.76339071057539,0.0555937407196847,4.02087585008408,292.797320560393,10.12092339819
0,0.6,1.8,22,0.294447053801828,5.76339071057539,0.0555937407196847,4.02087585008408,292.797320560393,10.134307355181
0,0.6,1.8,23,0.30783101079282,5.76339071057539,0.0555937407196847,4.02087585008408,292.797320560393,10.147691312172
0,0.6,1.8,24,0.321214967783812,5.76339071057539,0.0555937407196847,4.02087585008408,292.797320560393,10.161075269163
0,0.6,1.9,1,0.0133864591513969,5.9562913166283,0.0566148074203397,4.16728380806782,303.458643964711,10.1935763912679
0,0.6,1.9,2,0.0267698710778562,5.84395469298419,0.0566083636680725,4.09169959169586,297.954655068883,10.019032519426
0,0.6,1.9,3,0.0401502368197413,5.79659004432171,0.056601921382461,4.05977489782029,295.629921559321,9.95311710034421
0,0.6,1.9,4,0.0535275574169424,5.77082692800629,0.0565954805630047,4.04260490817478,294.379615121198,9.92355487416101
0,0.6,1.9,5,0.0669018339088761,5.75143456537707,0.0565890412092031,4.0298926252022,293.453915713568,9.90481806569735
0,0.6,1.9,6,0.0802730673344864,5.73641833111729,0.0565826033205559,4.02011912866853,292.742216644942,9.89339313044087
0,0.6,1.9,7,0.0936412587322441,5.72592601923579,0.0565761668965631,4.01313083000808,292.233333705169,9.88927427487268
0,0.6,1.9,8,0.107006409140148,5.71752812209278,0.056569731936725,4.00756650473971,291.828143495361,9.88867076790936
0,0.6,1.9,9,0.120368519595724,5.71154723124787,0.0565632984405421,4.00351080042053,291.532809990444,9.89198984970467
0,0.6,1.9,10,0.133727591136028,5.7080890244329,0.0565568664075149,4.00117164494014,291.362474351501,9.89954512691658
0,0.6,1.9,11,0.147100227916774,5.70586131071952,0.056556819373208,3.99969887536518,291.255228318192,9.90921723337469
0,0.6,1.9,12,0.160472975909208,5.70512744364522,0.056556819373208,3.99921544899947,291.220025553957,9.92137268792712
0,0.6,1.9,13,0.173845723901642,5.70512744364522,0.056556819373208,3.99921544899947,291.220025553957,9.93474543591955
0,0.6,1.9,14,0.187218471894076,5.70512744364522,0.056556819373208,3.99921544899947,291.220025553957,9.94811818391198
0,0.6,1.9,15,0.20059121988651,5.70512744364522,0.056556819373208,3.99921544899947,291.220025553957,9.96149093190442
0,0.6,1.9,16,0.213963967878944,5.70512744364522,0.056556819373208,3.99921544899947,291.220025553957,9.97486367989685
0,0.6,1.9,17,0.227336715871378,5.70512744364522,0.056556819373208,3.99921544899947,291.220025553957,9.98823642788929
0,0.6,1.9,18,0.240709463863812,5.70512744364522,0.056556819373208,3.99921544899947,291.220025553957,10.0016091758817
0,0.6,1.9,19,0.254082211856245,5.70512744364522,0.056556819373208,3.99921544899947,291.220025553957,10.0149819238742
0,0.6,1.9,20,0.26745495984868,5.70512744364522,0.056556819373208,3.99921544899947,291.220025553957,10.0283546718666
0,0.6,1.9,21,0.280827707841113,5.70512744364522,0.056556819373208,3.99921544899947,291.220025553957,10.041727419859
0,0.6,1.9,22,0.294200455833547,5.70512744364522,0.056556819373208,3.99921544899947,291.220025553957,10.0551001678515
0,0.6,1.9,23,0.307573203825981,5.70512744364522,0.056556819373208,3.99921544899947,291.220025553957,10.0684729158439
0,0.6,1.9,24,0.320945951818415,5.70512744364522,0.056556819373208,3.99921544899947,291.220025553957,10.0818456638363
0,0.6,2,1,0.0133864591513969,6.12595956916352,0.0576179131588028,4.29749771577341,312.940728141744,10.4944616572471
0,0.6,2,2,0.0267698710778562,5.9710063355442,0.0576113552356115,4.19294343041436,305.327159419995,10.248330992272
0,0.6,2,3,0.0401502368197413,5.89664732019471,0.0576047988050624,4.14240868465468,301.647255163979,10.1368110404742
0,0.6,2,4,0.0535275574169423,5.85228698652539,0.0575982438666458,4.11251661845888,299.47053615686,10.0759294062679
0,0.6,2,5,0.0669018339088761,5.82444122708526,0.0575916904198525,4.09395386097959,298.118809355338,10.0428886123936
0,0.6,2,6,0.0802730673344863,5.80088984760557,0.0575851384641734,4.07824471872031,296.974880785218,10.0169927721245
0,0.6,2,7,0.093641258732244,5.78320030730581,0.0575785879990996,4.06651458482054,296.120700774762,10.0009347388577
0,0.6,2,8,0.107006409140148,5.76914429575121,0.0575720390241224,4.05731901492802,295.451085913239,9.9910417588435
0,0.6,2,9,0.120368519595724,5.75692683701884,0.0575654915387336,4.04933214246192,294.869487538924,9.98419299061522
0,0.6,2,10,0.133727591136027,5.74715647808978,0.0575589455424249,4.04291488790494,294.402187624752,9.98135790267317
0,0.6,2,11,0.147083624797641,5.73786245514144,0.0575524010346884,4.03681953583255,293.958328420637,9.97931801680632
0,0.6,2,12,0.160436621616675,5.73170410163771,0.0575458580150165,4.03267969729357,293.656868321653,9.98236627856297
0,0.6,2,13,0.17378658262877,5.72645145485119,0.0575393164829016,4.02914131306286,293.399205697764,9.98691866702572
0,0.6,2,14,0.187133508869097,5.72138598506797,0.0575327764378364,4.02571544825673,293.149736658372,9.99176771863164
0,0.6,2,15,0.200477401372354,5.7180958109565,0.0575262378793141,4.02346550804388,292.985897611779,9.99956495825205
0,0.6,2,16,0.213825438355556,5.7154008276896,0.0575216315558869,4.02164046110619,292.852998991385,10.0083883587072
0,0.6,2,17,0.227189528252778,5.71535725562528,0.0575216315558869,4.02161173891571,292.850907461895,10.0216801543496
0,0.6,2,18,0.24055361815,5.71535725562528,0.0575216315558869,4.02161173891571,292.850907461895,10.0350442442469
0,0.6,2,19,0.253917708047222,5.71535725562528,0.0575216315558869,4.02161173891571,292.850907461895,10.0484083341441
0,0.6,2,20,0.267281797944445,5.71535725562528,0.0575216315558869,4.02161173891571,292.850907461895,10.0617724240413
0,0.6,2,21,0.280645887841667,5.71535725562528,0.0575216315558869,4.02161173891571,292.850907461895,10.0751365139385
0,0.6,2,22,0.294009977738889,5.71535725562528,0.0575216315558869,4.02161173891571,292.850907461895,10.0885006038358
0,0.6,2,23,0.307374067636111,5.71535725562528,0.0575216315558869,4.02161173891571,292.850907461895,10.101864693733
0,0.6,2,24,0.320738157533334,5.71535725562528,0.0575216315558869,4.02161173891571,292.850907461895,10.1152287836302
0,0.6,2.1,1,0.0133864591513969,6.29386482454743,0.0586140123148981,4.42586499031527,322.28834180475,10.791730286329
0,0.6,2.1,2,0.026769871077856,6.10527384366364,0.0586073410182539,4.29826758114302,312.996789190584,10.4889186369028
0,0.6,2.1,3,0.0401502368197409,5.99646770024254,0.0586006712400567,4.22438724090072,307.616875343062,10.3196058492031
0,0.6,2.1,4,0.0535275574169418,5.93468068450152,0.0585940029797881,4.18242310242807,304.561076615986,10.2292253473263
0,0.6,2.1,5,0.0669018339088753,5.88879036521115,0.0585873362369299,4.15151069573994,302.310057139677,10.1657902310969
0,0.6,2.1,6,0.0802730673344852,5.85400910898194,0.0585806710109644,4.12807445856854,300.603447012021,10.1209373058959
0,0.6,2.1,7,0.0936412587322427,5.82543869203943,0.0585740073013737,4.10892779853722,299.209200841816,10.0865817566103
0,0.6,2.1,8,0.107006409140146,5.79998915626591,0.0585673451076406,4.09183743622035,297.964692809149,10.057400346734
0,0.6,2.1,9,0.120368519595722,5.77940990485574,0.0585606844292478,4.07792172090162,296.951360313712,10.0362608297823
0,0.6,2.1,10,0.133727591136025,5.7627666547245,0.0585540252656783,4.06664099672364,296.129905999667,10.0216892678498
0,0.6,2.1,11,0.147083624797638,5.7496934078531,0.0585473676164156,4.05778328966535,295.484894069512,10.0131076899325
0,0.6,2.1,12,0.160436621616672,5.73800123253641,0.0585407114809431,4.04980965742191,294.904259838797,10.0067882230559
0,0.6,2.1,13,0.173786582628767,5.72761500407385,0.0585340568587445,4.04276440455252,294.391229534023,10.0027000481139
0,0.6,2.1,14,0.187133508869094,5.71774415178984,0.0585274037493038,4.03607258848869,293.903936246136,9.99947765289693
0,0.6,2.1,15,0.20047740137235,5.70926238700739,0.0585207521521053,4.0303197053632,293.485015387238,9.99858024589504
0,0.6,2.1,16,0.213818261172764,5.70249676439705,0.0585141020666335,4.02575529838273,293.152638516213,10.0005844260192
0,0.6,2.1,17,0.227156089304096,5.69546995247704,0.058507453492373,4.02172580413286,292.859213609908,10.0028592994064
0,0.6,2.1,18,0.240490886799633,5.68942664386195,0.0585008064288087,4.01770436829045,292.566375511105,10.0061227053808
0,0.6,2.1,19,0.253822654692194,5.68430358135298,0.0584941608754259,4.01424206148479,292.314252791217,10.0108624584054
0,0.6,2.1,20,0.267151394014131,5.67945830868862,0.0584875168317099,4.0109027636631,292.071087498082,10.0159999831976
0,0.6,2.1,21,0.280477105797323,5.67540199224776,0.0584808742971464,4.00811892913531,291.868370647075,10.0224789014775
0,0.6,2.1,22,0.293799791073183,5.67201818134301,0.0584742332712212,4.0057910454188,291.698855809964,10.0300832511062
0,0.6,2.1,23,0.307119450872654,5.6691160896207,0.0584675937534205,4.00379522775112,291.55352178643,10.0384983619979
0,0.6,2.1,24,0.320469956688798,5.66760934207983,0.0584671351334404,4.00277064116275,291.478912119546,10.0493170750648
0,0.6,2.2,1,0.0133864591513969,6.47182762605602,0.0596035998264785,4.56041394556805,332.08610106195,11.1052316306019
0,0.6,2.2,2,0.026769871077856,6.26670108351076,0.0595968158975201,4.42124489932477,321.951910063706,10.7743126698109
0,0.6,2.2,3,0.0401502368197409,6.13813680230424,0.059590033512645,4.33376060721328,315.58136611348,10.5716376798499
0,0.6,2.2,4,0.0535275574169418,6.05848774601424,0.0595832526713258,4.27962376031177,311.63915941341,10.4512223164143
0,0.6,2.2,5,0.0669018339088753,6.00235833746141,0.0595764733730357,4.24160137366605,308.870396251785,10.3704380184094
0,0.6,2.2,6,0.0802730673344853,5.95735828168409,0.059569695617248,4.21117651371317,306.654879582092,10.308377558349
0,0.6,2.2,7,0.0936412587322427,5.92102086820455,0.0595629194034365,4.18665504996049,304.869244026383,10.2608800963007
0,0.6,2.2,8,0.107006409140146,5.89031790788886,0.0595561447310748,4.16580526488711,303.350977501536,10.2226857266472
0,0.6,2.2,9,0.120368519595722,5.86450969982269,0.0595493715996371,4.14838274421982,302.082281933956,10.1928103352379
0,0.6,2.2,10,0.133727591136025,5.84019638758152,0.0595426000085978,4.13191461307637,300.883084332932,10.1653811918025
0,0.6,2.2,11,0.147083624797638,5.81824441802176,0.0595358299574314,4.11692485252157,299.791540627051,10.1417887252984
0,0.6,2.2,12,0.160436621616672,5.80010345068871,0.0595290614456126,4.10446497370601,298.884221110675,10.124534107457
0,0.6,2.2,13,0.173786582628767,5.78518376937874,0.0595222944726166,4.09429292811203,298.143499982846,10.1127855745922
0,0.6,2.2,14,0.187133508869094,5.77215213209974,0.0595155290379187,4.08549288339904,297.502686983678,10.1042940534058
0,0.6,2.2,15,0.20047740137235,5.76077523793882,0.0595087651409942,4.07777840316351,296.940924017922,10.0985398076157
0,0.6,2.2,16,0.213818261172764,5.74969602018439,0.0595020027813191,4.0709117232406,296.440897268146,10.0939280073791
0,0.6,2.2,17,0.227156089304096,5.73981524635228,0.0594952419583693,4.06436053642894,295.963844502414,10.0908271140437
0,0.6,2.2,18,0.240490886799633,5.73009206297971,0.059488482671621,4.05784239674428,295.489198204974,10.0879138291952
0,0.6,2.2,19,0.253822654692194,5.72145864025959,0.0594817249205507,4.05201382243331,295.064765567766,10.0867768423056
0,0.6,2.2,20,0.267151394014131,5.71501747774369,0.0594749687046351,4.04763472481604,294.745882792814,10.0892785652785
0,0.6,2.2,21,0.280477105797323,5.7093274798083,0.0594682140233512,4.04374631045643,294.46273122381,10.0930191100854
0,0.6,2.2,22,0.293799791073183,5.7041186325015,0.0594614608761762,4.04011546584637,294.198335700837,10.0974953502972
0,0.6,2.2,23,0.307119450872654,5.69942190785711,0.0594547092625874,4.0368866267187,293.963213931264,10.102882694711
0,0.6,2.2,24,0.320436086226213,5.69471866967172,0.0594479591820626,4.03366294441237,293.728467677755,10.1082656594924
0,0.6,2.3,1,0.0133864591513969,6.66186610972256,0.0605871149681532,4.70260634381507,342.440450403503,11.4384460276572
0,0.6,2.3,2,0.0267698710778561,6.43892609034614,0.0605802190980224,4.55107339416157,331.405928749663,11.0773495746836
0,0.6,2.3,3,0.0401502368197411,6.29173254384856,0.0605733247974536,4.45073198365899,324.099138579607,10.8431880891247
0,0.6,2.3,4,0.053527557416942,6.19210527736234,0.0605664320659108,4.38280119919889,319.15246715401,10.6890004660441
0,0.6,2.3,5,0.0669018339088756,6.12028732828979,0.0605595409028586,4.33388422586916,315.590367936108,10.5816329289707
0,0.6,2.3,6,0.0802730673344857,6.06494280027588,0.0605526513077616,4.29629501521991,312.853148342558,10.502063534138
0,0.6,2.3,7,0.0936412587322432,6.01903632457759,0.0605457632800846,4.2650764457636,310.579834311153,10.4382997923535
0,0.6,2.3,8,0.107006409140147,5.97936315456262,0.060538876819293,4.23803065601947,308.610379131541,10.3849390965415
0,0.6,2.3,9,0.120368519595723,5.94637343308662,0.060531991924852,4.21570854095601,306.984898583644,10.3429824855632
0,0.6,2.3,10,0.133727591136026,5.91714906809522,0.0605251085962274,4.1957465225924,305.531278599401,10.3071482904199
0,0.6,2.3,11,0.147083624797639,5.89090260261971,0.060518226832885,4.17782407337533,304.226178590275,10.2763285276256
0,0.6,2.3,12,0.160436621616673,5.86700937486546,0.060511346634291,4.16146462275133,303.034895027405,10.2494219658678
0,0.6,2.3,13,0.173786582628769,5.84474732207359,0.0605044679999117,4.14629430173985,301.930203037448,10.2253326744421
0,0.6,2.3,14,0.187133508869095,5.82382027089483,0.0604975909292139,4.13207741967472,300.894939793668,10.2035287903679
0,0.6,2.3,15,0.200477401372351,5.805114362114,0.0604907154216642,4.11943127389649,299.974056449507,10.1855137528045
0,0.6,2.3,16,0.213818261172766,5.78873744043815,0.0604838414767299,4.10889613945735,299.206895450129,10.171935682545
0,0.6,2.3,17,0.227156089304098,5.77605786936068,0.0604769690938784,4.10024854375427,298.577183679471,10.1639394715129
0,0.6,2.3,18,0.240490886799635,5.76380853462961,0.0604700982725771,4.09198780697175,297.975642700352,10.1567573266736
0,0.6,2.3,19,0.253822654692197,5.75247908581128,0.0604632290122939,4.08427387038401,297.413919322642,10.1510388398998
0,0.6,2.3,20,0.267151394014133,5.74267439084971,0.060456361312497,4.07758754824913,296.927026098755,10.1478696944255
0,0.6,2.3,21,0.280477105797325,5.73355823331935,0.0604494951726546,4.07131487738991,296.470254666655,10.1457997116792
0,0.6,2.3,22,0.293799791073185,5.725311888065,0.0604426305922352,4.06567278047658,296.059401180958,10.145227090207
0,0.6,2.3,23,0.307119450872657,5.71841460056895,0.0604357675707078,4.06093838562051,295.714645913693,10.1469082046328
0,0.6,2.3,24,0.320436086226216,5.71290048507173,0.0604289061075413,4.05716600035945,295.439943501149,10.1509314777649
0,0.6,2.4,1,0.0133864591513969,6.84723225376875,0.0615649497401762,4.84133603661108,352.542647996097,11.7635196992714
0,0.6,2.4,2,0.0267698710778561,6.61348030272723,0.0615579425753981,4.68210742796161,340.947733925783,11.3839155443421
0,0.6,2.4,3,0.0401502368197411,6.45412746707618,0.0615509370055135,4.57320313441478,333.017400700656,11.1290317753162
0,0.6,2.4,4,0.053527557416942,6.34095700205569,0.061543933029978,4.49574961309065,327.377290347286,10.9517781055933
0,0.6,2.4,5,0.0669018339088756,6.25897089841635,0.0615369306482474,4.43977938289078,323.301577978965,10.8271890458643
0,0.6,2.4,6,0.0802730673344857,6.19363223138655,0.0615299298597777,4.39519354561436,320.054869009027,10.7306287741952
0,0.6,2.4,7,0.0936412587322433,6.14296385278118,0.0615229306640253,4.36057402321812,317.533900002613,10.6587020653956
0,0.6,2.4,8,0.107006409140147,6.09834452941058,0.0615159330604465,4.33018016751719,315.320641040503,10.5970470391284
0,0.6,2.4,9,0.120368519595723,6.05688626557655,0.0615089370484983,4.30193964026151,313.264185924759,10.5407033624823
0,0.6,2.4,10,0.133727591136026,6.02104567162051,0.0615019426276377,4.27745536833199,311.481258651169,10.4937305737162
0,0.6,2.4,11,0.147083624797639,5.98979782648262,0.0614949497973219,4.25606067332584,309.923312172449,10.4544370744034
0,0.6,2.4,12,0.160436621616673,5.96295278470728,0.0614879585570084,4.23769927539743,308.586248230256,10.4225766402784
0,0.6,2.4,13,0.173786582628769,5.9381833308184,0.061480968906155,4.22082023122212,307.35712823441,10.3942711135754
0,0.6,2.4,14,0.187133508869095,5.91522609050657,0.0614739808442198,4.2052164553338,306.220872368508,10.3690500355537
0,0.6,2.4,15,0.200477401372352,5.8935620726954,0.0614669943706609,4.19066713011723,305.161400850808,10.3461735985556
0,0.6,2.4,16,0.213818261172766,5.87307251572925,0.061460009484937,4.17710952138723,304.174145422549,10.3254603077742
0,0.6,2.4,17,0.227156089304098,5.85433404563787,0.0614530261865067,4.16445564655808,303.252699254394,10.3073988076865
0,0.6,2.4,18,0.240490886799635,5.83762669477239,0.0614460444748291,4.15316692741126,302.430662752402,10.2927305534581
0,0.6,2.4,19,0.253822654692197,5.82221431957037,0.0614390643493633,4.14268848810174,301.667630252054,10.2801645267137
0,0.6,2.4,20,0.267151394014133,5.80869020057982,0.061432085809569,4.13336639796954,300.988802276633,10.2706400783731
0,0.6,2.4,21,0.280477105797325,5.797438461471,0.0614251088549058,4.12556820162678,300.42094316347,10.26490887775
0,0.6,2.4,22,0.293799791073185,5.78763809372828,0.0614181334848337,4.11878408985061,299.926928967433,10.2616401081369
0,0.6,2.4,23,0.307119450872657,5.77891392199281,0.0614111596988129,4.1127682976405,299.488863255922,10.2602128302048
0,0.6,2.4,24,0.320436086226216,5.77182852593018,0.061404187496304,4.1078611687858,299.131529621691,10.2615299684385
0,0.6,2.5,1,0.0133864591513969,7.04031426545229,0.0625374556986144,4.98501020769989,363.004898982449,12.1012483880022
0,0.6,2.5,2,0.0267698710778561,6.79640583978716,0.0625303378457009,4.81847886960226,350.87820534596,11.704184918313
0,0.6,2.5,3,0.0401502368197412,6.6239410187838,0.0625232216128744,4.70035953585259,342.276839445156,11.426974013069
0,0.6,2.5,4,0.0535275574169422,6.49703170634209,0.0625161069995822,4.61329975557347,335.937208144734,11.2263751263321
0,0.6,2.5,5,0.0669018339088758,6.40156013297094,0.0625089940052711,4.5479691779039,331.179881928877,11.078940138789
0,0.6,2.5,6,0.0802730673344859,6.32779243382021,0.0625018826293888,4.49752398368285,327.506498752233,10.9680913674669
0,0.6,2.5,7,0.0936412587322436,6.2670378585174,0.062494772871383,4.45590977771653,324.476181861465,10.8790836678376
0,0.6,2.5,8,0.107006409140147,6.21584690240737,0.0624876647307015,4.4209824690731,321.932800079367,10.8063234453513
0,0.6,2.5,9,0.120368519595724,6.17078491490647,0.0624805582067927,4.39013733731211,319.686679515421,10.7437713300211
0,0.6,2.5,10,0.133727591136027,6.12831886846084,0.0624734532991048,4.36108893264713,317.571395341133,10.6856088455431
0,0.6,2.5,11,0.14708362479764,6.09064134355825,0.0624663500070867,4.33533253710837,315.695832930797,10.6355238554713
0,0.6,2.5,12,0.160436621616674,6.05703789167353,0.0624592483301874,4.31245338191046,314.029789116365,10.5923871435309
0,0.6,2.5,13,0.17378658262877,6.0275553882442,0.0624521482678559,4.29253676133812,312.579474967004,10.5563308804789
0,0.6,2.5,14,0.187133508869096,6.00134034689254,0.0624450498195417,4.27471312341055,311.281570325725,10.5256320289917
0,0.6,2.5,15,0.200477401372353,5.97755136412915,0.0624379529846947,4.25888673777333,310.129104176183,10.4993534562595
0,0.6,2.5,16,0.213818261172767,5.95583768557413,0.0624308577627646,4.24440038633136,309.074218363975,10.476487190841
0,0.6,2.5,17,0.227156089304099,5.93557674630397,0.0624237641532018,4.23069641635151,308.076305013565,10.4558530161128
0,0.6,2.5,18,0.240490886799636,5.9163533090487,0.0624166721554566,4.21764013728636,307.125556055055,10.4369010052902
0,0.6,2.5,19,0.253822654692198,5.89834046701161,0.0624095817689798,4.20532963865199,306.229114297265,10.4199023421248
0,0.6,2.5,20,0.267151394014135,5.88303318316317,0.0624024929932223,4.19493478918901,305.472168750109,10.4075218593595
0,0.6,2.5,21,0.280477105797327,5.86930327959382,0.0623954058276353,4.18561410692985,304.793443295002,10.3977898981486
0,0.6,2.5,22,0.293799791073187,5.85670253285424,0.0623883202716703,4.17708547583896,304.17239444282,10.3899761200381
0,0.6,2.5,23,0.307119450872659,5.84509592353906,0.062381236324779,4.16914710611099,303.59432800341,10.3837437168475
0,0.6,2.5,24,0.320436086226218,5.83363338118111,0.0623741539864134,4.16128865132465,303.02208091323,10.3777322727184
0,0.61,1.7,1,0.013386577193258,5.80462391250769,0.054875293979865,3.96788059908344,288.93824406215,9.84076638276425
0,0.61,1.7,2,0.026773154386516,5.7882085077474,0.054875293979865,3.95726432712221,288.165174686103,9.82712128323599
0,0.61,1.7,3,0.0401597315797739,5.78544778945562,0.0548752939798651,3.95546466522596,288.034124586378,9.83594748024122
0,0.61,1.7,4,0.0535463087730319,5.78540154402523,0.0548752939798651,3.95543430430346,288.031913725588,9.84925745108159
0,0.61,1.7,5,0.0669328859662899,5.78540154402523,0.0548752939798651,3.95543430430346,288.031913725588,9.86264402827485
0,0.61,1.7,6,0.0803194631595479,5.78540154402523,0.0548752939798651,3.95543430430346,288.031913725588,9.87603060546811
0,0.61,1.7,7,0.0937060403528059,5.78540154402523,0.0548752939798651,3.95543430430346,288.031913725588,9.88941718266137
0,0.61,1.7,8,0.107092617546064,5.78540154402523,0.0548752939798651,3.95543430430346,288.031913725588,9.90280375985462
0,0.61,1.7,9,0.120479194739322,5.78540154402523,0.0548752939798651,3.95543430430346,288.031913725588,9.91619033704788
0,0.61,1.7,10,0.13386577193258,5.78540154402523,0.0548752939798651,3.95543430430346,288.031913725588,9.92957691424114
0,0.61,1.7,11,0.147252349125838,5.78540154402523,0.0548752939798651,3.95543430430346,288.031913725588,9.9429634914344
0,0.61,1.7,12,0.160638926319096,5.78540154402523,0.0548752939798651,3.95543430430346,288.031913725588,9.95635006862766
0,0.61,1.7,13,0.174025503512354,5.78540154402523,0.0548752939798651,3.95543430430346,288.031913725588,9.96973664582091
0,0.61,1.7,14,0.187412080705612,5.78540154402523,0.0548752939798651,3.95543430430346,288.031913725588,9.98312322301417
0,0.61,1.7,15,0.20079865789887,5.78540154402523,0.0548752939798651,3.95543430430346,288.031913725588,9.99650980020743
0,0.61,1.7,16,0.214185235092128,5.78540154402523,0.0548752939798651,3.95543430430346,288.031913725588,10.0098963774007
0,0.61,1.7,17,0.227571812285386,5.78540154402523,0.0548752939798651,3.95543430430346,288.031913725588,10.0232829545939
0,0.61,1.7,18,0.240958389478644,5.78540154402523,0.0548752939798651,3.95543430430346,288.031913725588,10.0366695317872
0,0.61,1.7,19,0.254344966671902,5.78540154402523,0.0548752939798651,3.95543430430346,288.031913725588,10.0500561089805
0,0.61,1.7,20,0.26773154386516,5.78540154402523,0.0548752939798651,3.95543430430346,288.031913725588,10.0634426861737
0,0.61,1.7,21,0.281118121058418,5.78540154402523,0.0548752939798651,3.95543430430346,288.031913725588,10.076829263367
0,0.61,1.7,22,0.294504698251676,5.78540154402523,0.0548752939798651,3.95543430430346,288.031913725588,10.0902158405602
0,0.61,1.7,23,0.307891275444934,5.78540154402523,0.0548752939798651,3.95543430430346,288.031913725588,10.1036024177535
0,0.61,1.7,24,0.321277852638192,5.78540154402523,0.0548752939798651,3.95543430430346,288.031913725588,10.1169889949468
0,0.61,1.8,1,0.013386459151397,5.90721795861797,0.0559081670886485,4.05471980956096,295.261813626445,10.031232394419
0,0.61,1.8,2,0.0267698710778562,5.84781221635444,0.0559018037643726,4.01550132034974,292.40595112643,9.94598521154641
0,0.61,1.8,3,0.0401547735088022,5.82680492813,0.0559017576728564,4.00182783514154,291.410257655416,9.92468929445319
0,0.61,1.8,4,0.0535354879842693,5.810997991829,0.05589736190777,3.99150390417335,290.658476342627,9.91193474589438
0,0.61,1.8,5,0.0669117448621741,5.8025834042926,0.0558910010427524,3.98588788954055,290.249522150053,9.91127403973808
0,0.61,1.8,6,0.0802893057754169,5.79919953703239,0.0558876681771764,3.983683730027,290.089016821434,9.91906024101198
0,0.61,1.8,7,0.0936708567379864,5.79681625906854,0.0558876681771764,3.98214834065385,289.977210858943,9.92852312463755
0,0.61,1.8,8,0.107052407700556,5.79665868441582,0.0558876681771764,3.98204674511717,289.969812744196,9.94164550541072
0,0.61,1.8,9,0.120433958663125,5.79665868441582,0.0558876681771764,3.98204674511717,289.969812744196,9.95502705637329
0,0.61,1.8,10,0.133815509625695,5.79665868441582,0.0558876681771764,3.98204674511717,289.969812744196,9.96840860733586
0,0.61,1.8,11,0.147197060588264,5.79665868441582,0.0558876681771764,3.98204674511717,289.969812744196,9.98179015829843
0,0.61,1.8,12,0.160578611550834,5.79665868441582,0.0558876681771764,3.98204674511717,289.969812744196,9.995171709261
0,0.61,1.8,13,0.173960162513403,5.79665868441582,0.0558876681771764,3.98204674511717,289.969812744196,10.0085532602236
0,0.61,1.8,14,0.187341713475973,5.79665868441582,0.0558876681771764,3.98204674511717,289.969812744196,10.0219348111861
0,0.61,1.8,15,0.200723264438542,5.79665868441582,0.0558876681771764,3.98204674511717,289.969812744196,10.0353163621487
0,0.61,1.8,16,0.214104815401112,5.79665868441582,0.0558876681771764,3.98204674511717,289.969812744196,10.0486979131113
0,0.61,1.8,17,0.227486366363681,5.79665868441582,0.0558876681771764,3.98204674511717,289.969812744196,10.0620794640738
0,0.61,1.8,18,0.240867917326251,5.79665868441582,0.0558876681771764,3.98204674511717,289.969812744196,10.0754610150364
0,0.61,1.8,19,0.25424946828882,5.79665868441582,0.0558876681771764,3.98204674511717,289.969812744196,10.088842565999
0,0.61,1.8,20,0.26763101925139,5.79665868441582,0.0558876681771764,3.98204674511717,289.969812744196,10.1022241169616
0,0.61,1.8,21,0.281012570213959,5.79665868441582,0.0558876681771764,3.98204674511717,289.969812744196,10.1156056679241
0,0.61,1.8,22,0.294394121176529,5.79665868441582,0.0558876681771764,3.98204674511717,289.969812744196,10.1289872188867
0,0.61,1.8,23,0.307775672139098,5.79665868441582,0.0558876681771764,3.98204674511717,289.969812744196,10.1423687698493
0,0.61,1.8,24,0.321157223101668,5.79665868441582,0.0558876681771764,3.98204674511717,289.969812744196,10.1557503208118
0,0.61,1.9,1,0.0133864591513969,6.04326671732177,0.0569332482547127,4.16151248137419,303.038380058295,10.2750989061021
0,0.61,1.9,2,0.0267698710778559,5.91506389153503,0.0569267682583257,4.07659630905199,296.85484476519,10.0753568399232
0,0.61,1.9,3,0.0401502368197408,5.85773322577852,0.0569202897368441,4.03845866723502,294.077688803942,9.99326241957013
0,0.61,1.9,4,0.0535275574169416,5.82796805310891,0.0569138126897643,4.01886344313033,292.650778516842,9.95727286634595
0,0.61,1.9,5,0.0669018339088751,5.80564242525994,0.056907337116583,4.00443136301095,291.599844703758,9.93388295929635
0,0.61,1.9,6,0.080273067334485,5.78849159545833,0.0569008630167972,3.99337474544054,290.794709673536,9.91904027125015
0,0.61,1.9,7,0.0936412587322424,5.77449561873494,0.0568943903899041,3.98430210757486,290.134046634803,9.90933337543195
0,0.61,1.9,8,0.107006409140146,5.76462815617908,0.0568879192354012,3.97791827384703,289.669180401648,9.90644075840166
0,0.61,1.9,9,0.120368519595722,5.7564065588377,0.0568814495527859,3.97255705156481,289.278780006885,9.90621357955101
0,0.61,1.9,10,0.133727591136025,5.75046374926459,0.0568749813415564,3.9686088729097,288.991276444376,9.90967519465188
0,0.61,1.9,11,0.147083624797638,5.74621465027759,0.0568685146012105,3.96579605450405,288.78644900799,9.91596284418049
0,0.61,1.9,12,0.160444168327325,5.74338885963463,0.0568647240412298,3.96393210010666,288.650717174044,9.92462985210985
0,0.61,1.9,13,0.173814515687936,5.74189923139365,0.0568647240412298,3.96295714940845,288.57972195739,9.93553562053127
0,0.61,1.9,14,0.187184863048546,5.74189923139365,0.0568647240412298,3.96295714940845,288.57972195739,9.94890596789188
0,0.61,1.9,15,0.200555210409157,5.74189923139365,0.0568647240412298,3.96295714940845,288.57972195739,9.96227631525249
0,0.61,1.9,16,0.213925557769767,5.74189923139365,0.0568647240412298,3.96295714940845,288.57972195739,9.9756466626131
0,0.61,1.9,17,0.227295905130378,5.74189923139365,0.0568647240412298,3.96295714940845,288.57972195739,9.98901700997371
0,0.61,1.9,18,0.240666252490988,5.74189923139365,0.0568647240412298,3.96295714940845,288.57972195739,10.0023873573343
0,0.61,1.9,19,0.254036599851599,5.74189923139365,0.0568647240412298,3.96295714940845,288.57972195739,10.0157577046949
0,0.61,1.9,20,0.267406947212209,5.74189923139365,0.0568647240412298,3.96295714940845,288.57972195739,10.0291280520555
0,0.61,1.9,21,0.28077729457282,5.74189923139365,0.0568647240412298,3.96295714940845,288.57972195739,10.0424983994162
0,0.61,1.9,22,0.29414764193343,5.74189923139365,0.0568647240412298,3.96295714940845,288.57972195739,10.0558687467768
0,0.61,1.9,23,0.307517989294041,5.74189923139365,0.0568647240412298,3.96295714940845,288.57972195739,10.0692390941374
0,0.61,1.9,24,0.320888336654651,5.74189923139365,0.0568647240412298,3.96295714940845,288.57972195739,10.082609441498
0,0.61,2,1,0.0133864591513969,6.21603717968552,0.0579506990289056,4.29177012346896,312.523648942452,10.5791444613348
0,0.61,2,2,0.0267698710778561,6.04130562580456,0.0579441032288795,4.17570449619855,304.071832487282,10.3017240963098
0,0.61,2,3,0.0401502368197411,5.94878496808391,0.0579375089301166,4.11386969866474,299.56906649541,10.1607424124985
0,0.61,2,4,0.053527557416942,5.89542516532565,0.0579309161321045,4.07839363270654,296.985724595817,10.0852772715812
0,0.61,2,5,0.0669018339088756,5.85732138134589,0.0579243248343309,4.05322352235634,295.152855056064,10.0353710624454
0,0.61,2,6,0.0802730673344857,5.829983716295,0.0579177350362838,4.03525191585984,293.844175448802,10.0034264345256
0,0.61,2,7,0.0936412587322433,5.80717179443648,0.0579111467374513,4.02025186814574,292.751882639294,9.97897606805191
0,0.61,2,8,0.107006409140147,5.78870109563248,0.0579045599373219,4.00819651882202,291.874020672895,9.96180858353197
0,0.61,2,9,0.120368519595723,5.77470231048297,0.0578979746353843,3.99905280913299,291.208182234517,9.95202161384707
0,0.61,2,10,0.133727591136026,5.76183154379871,0.0578913908311274,3.99064192372396,290.595707539171,9.94409244948982
0,0.61,2,11,0.147083624797639,5.75115083312205,0.0578848085240403,3.98367328796457,290.088256437872,9.9397925544083
0,0.61,2,12,0.160436621616673,5.74177588357371,0.0578782277136124,3.97746229478237,289.635976330361,9.93755302768636
0,0.61,2,13,0.173786582628769,5.73319984403772,0.0578716483993332,3.97176613676193,289.221186153281,9.93662421182775
0,0.61,2,14,0.187133508869095,5.72642944748921,0.0578650705806927,3.9672696832955,288.893757608833,9.9386977102345
0,0.61,2,15,0.200477401372352,5.7212533087389,0.0578584942571808,3.96381608558817,288.642269079293,9.94340528995659
0,0.61,2,16,0.213818261172766,5.71613762578479,0.057851919428288,3.96039746399041,288.393327485185,9.94820527037625
0,0.61,2,17,0.227156089304098,5.71136056639599,0.0578453460935046,3.95722665476392,288.162431411757,9.95358865655751
0,0.61,2,18,0.240490886799635,5.70811776498395,0.0578387742523215,3.95506307849746,288.004881326336,9.96151050453336
0,0.61,2,19,0.25382660627927,5.70520749376468,0.057833104253293,3.95311352171595,287.862915987642,9.9699807260132
0,0.61,2,20,0.2671859013466,5.70438330903883,0.057833104253293,3.95256853807567,287.82323066644,9.98197085271439
0,0.61,2,21,0.28054519641393,5.70438330903883,0.057833104253293,3.95256853807567,287.82323066644,9.99533014778172
0,0.61,2,22,0.29390449148126,5.70438330903883,0.057833104253293,3.95256853807567,287.82323066644,10.0086894428491
0,0.61,2,23,0.30726378654859,5.70438330903883,0.057833104253293,3.95256853807567,287.82323066644,10.0220487379164
0,0.61,2,24,0.32062308161592,5.70438330903883,0.057833104253293,3.95256853807567,287.82323066644,10.0354080329837
0,0.61,2.1,1,0.0133864591513969,6.39281437871212,0.0589610850738219,4.42401876530354,322.153901012062,10.8891806882409
0,0.61,2.1,2,0.0267698710778561,6.19602412817684,0.0589543742742459,4.29294680448612,312.609334017501,10.5746951780151
0,0.61,2.1,3,0.0401502368197411,6.07924103141989,0.0589476650021082,4.214864966805,306.923470113749,10.3932039000467
0,0.61,2.1,4,0.053527557416942,6.01160140883666,0.0589409572568871,4.16964998178141,303.630947052186,10.2937199052919
0,0.61,2.1,5,0.0669018339088756,5.96297817082287,0.0589342510380617,4.13737402527472,301.280634847573,10.2261882810445
0,0.61,2.1,6,0.0802730673344857,5.92459656560748,0.0589275463451108,4.1119019211886,299.425774338688,10.1756991004757
0,0.61,2.1,7,0.0936412587322433,5.89359385739089,0.0589208431775138,4.09142029520602,297.934316897072,10.1375762545067
0,0.61,2.1,8,0.107006409140147,5.86646267688023,0.0589141415347502,4.07343931932282,296.624955017732,10.1058225468779
0,0.61,2.1,9,0.120368519595723,5.84361086709452,0.0589074414162998,4.05818662069688,295.51426434846,10.0810734488034
0,0.61,2.1,10,0.133727591136026,5.82412739112157,0.0589007428216425,4.04513205590096,294.563640221816,10.0618877809802
0,0.61,2.1,11,0.147083624797639,5.80921802325797,0.0588940457502585,4.03511570851049,293.834256926465,10.0503114023164
0,0.61,2.1,12,0.160436621616673,5.79664862101789,0.0588873502016285,4.0266548042722,293.218139895536,10.0426273971084
0,0.61,2.1,13,0.173786582628769,5.78514148512916,0.0588806561752329,4.01897845832767,292.659153841737,10.0367871822608
0,0.61,2.1,14,0.187133508869095,5.77490617255686,0.0588739636705528,4.01214616391241,292.161631020179,10.0330598090089
0,0.61,2.1,15,0.200477401372352,5.76491940952115,0.0588672726870694,4.00548007991897,291.676211523363,10.0297441634995
0,0.61,2.1,16,0.213818261172766,5.75611110458662,0.0588605832242641,3.99962466821203,291.249824606061,10.0284146171957
0,0.61,2.1,17,0.227156089304098,5.74814312699797,0.0588538952816184,3.99509812390252,290.920204867816,10.0292512354862
0,0.61,2.1,18,0.240490886799635,5.74219581972889,0.0588472088586144,3.99112973702023,290.63122975657,10.0326636524074
0,0.61,2.1,19,0.253822654692197,5.73614352978993,0.058840523954734,3.98716922602318,290.342828161688,10.03597593446
0,0.61,2.1,20,0.267151394014133,5.73052750807827,0.0588338405694598,3.98347109597471,290.073532960929,10.0399838386366
0,0.61,2.1,21,0.280477105797325,5.72563605153368,0.0588271587022741,3.98018277540107,289.834079794753,10.0451230914344
0,0.61,2.1,22,0.293799791073185,5.72117376252272,0.05882047835266,3.97718081985941,289.615479526599,10.050974851808
0,0.61,2.1,23,0.307119450872657,5.71729462677704,0.0588137995201004,3.97456555805846,289.425038021705,10.0577934352283
0,0.61,2.1,24,0.320436086226216,5.71439857883232,0.0588071222040785,3.97260072662959,289.28196039405,10.0662425138922
0,0.61,2.2,1,0.0133864591513969,6.57400552962963,0.0599649054347528,4.55862791744347,331.956043763784,11.2059848116593
0,0.61,2.2,2,0.0267698710778561,6.35815133694773,0.0599580803829164,4.41449722772162,321.46054941516,10.8593765161301
0,0.61,2.2,3,0.0401502368197412,6.21891275565429,0.059951256884523,4.32124405101951,314.66991939072,10.6402583003781
0,0.61,2.2,4,0.0535275574169422,6.12882481260744,0.0599444349390422,4.26097058028983,310.280848106623,10.5032673852532
0,0.61,2.2,5,0.0669018339088759,6.06519977087402,0.0599376145459442,4.21846272789009,307.185456517957,10.4105019472189
0,0.61,2.2,6,0.080273067334486,6.01550553700903,0.059930795704699,4.1853317456566,304.772881947842,10.3410411457048
0,0.61,2.2,7,0.0936412587322437,5.97400397733104,0.0599239784147769,4.15769932559661,302.760708765725,10.2852685400747
0,0.61,2.2,8,0.107006409140148,5.94027503398037,0.0599171626756488,4.13516051271205,301.119448436567,10.2423591185082
0,0.61,2.2,9,0.120368519595724,5.91082660715434,0.0599103484867854,4.11558942036447,299.694295406863,10.2066948956013
0,0.61,2.2,10,0.133727591136027,5.88525346542286,0.059903535847658,4.09848395413436,298.448687517973,10.1773685465409
0,0.61,2.2,11,0.14708362479764,5.86120331127214,0.0598967247577379,4.08232427937643,297.271951491629,10.1505079402039
0,0.61,2.2,12,0.160436621616674,5.83913675628147,0.0598899152164967,4.06743373051073,296.187632310409,10.1268970236254
0,0.61,2.2,13,0.17378658262877,5.81977268880081,0.0598831072234062,4.05444038035167,295.241465790098,10.1078827590047
0,0.61,2.2,14,0.187133508869097,5.80356775885282,0.0598763007779387,4.04365980228736,294.456431760446,10.0942373707872
0,0.61,2.2,15,0.200477401372353,5.79047731393675,0.0598694958795664,4.03505303576433,293.82969314165,10.085877246953
0,0.61,2.2,16,0.213818261172768,5.77787185945201,0.0598626925277619,4.02733185032148,293.267441907465,10.078884663474
0,0.61,2.2,17,0.227156089304099,5.76693428289973,0.0598558907219981,4.02005762637082,292.737738091351,10.0740038892966
0,0.61,2.2,18,0.240490886799637,5.75714863921642,0.0598490904617479,4.01358666926578,292.266527595812,10.0710752857436
0,0.61,2.2,19,0.253822654692199,5.7475926239551,0.0598422917464847,4.00721854181362,291.802805082484,10.0684761122074
0,0.61,2.2,20,0.267151394014135,5.7383054395417,0.0598354945756821,4.00097506922719,291.348159847849,10.0662673973587
0,0.61,2.2,21,0.280477105797328,5.72999970203571,0.0598286989488138,3.99537741676724,290.940542775647,10.0656829235491
0,0.61,2.2,22,0.293799791073188,5.72349979748037,0.0598219048653538,3.99097376535205,290.619872010589,10.068095258771
0,0.61,2.2,23,0.30711945087266,5.71812383704437,0.0598151123247764,3.98740156616466,290.359747005597,10.0724599664065
0,0.61,2.2,24,0.320436086226219,5.71335880670769,0.059808321326556,3.98425640190677,290.130718380549,10.0778596161672
0,0.61,2.3,1,0.0133864591513969,6.76898237319758,0.0609626030318025,4.70194445611956,342.392252212118,11.5452758915003
0,0.61,2.3,2,0.0267698710778561,6.54019237470394,0.0609556644245829,4.54884171620515,331.243419547599,11.1767596264115
0,0.61,2.3,3,0.0401502368197412,6.38771297815716,0.0609487273966525,4.44650603226692,323.791407803888,10.9353179746405
0,0.61,2.3,4,0.0535275574169422,6.28301456704174,0.0609417919474721,4.37620404099034,318.672066783843,10.7736879573965
0,0.61,2.3,5,0.0669018339088759,6.20697535183925,0.060934858076503,4.32519667166406,314.957746415743,10.6600087154887
0,0.61,2.3,6,0.080273067334486,6.14876860755215,0.0609279257832065,4.28625497429524,312.122039700893,10.5762245749651
0,0.61,2.3,7,0.0936412587322437,6.10103198199059,0.0609209950670442,4.25428164541182,309.793764624639,10.5098758812017
0,0.61,2.3,8,0.107006409140147,6.05904306806607,0.0609140659274779,4.22607841948061,307.740025764822,10.4530419626143
0,0.61,2.3,9,0.120368519595724,6.02372381606958,0.0609071383639697,4.2025297616147,306.025229242122,10.407529235644
0,0.61,2.3,10,0.133727591136027,5.9925489355499,0.060900212375982,4.18157198434855,304.49909880258,10.3687487234105
0,0.61,2.3,11,0.14708362479764,5.96514579591591,0.0608932879629774,4.16316312064438,303.158578436345,10.3362858293209
0,0.61,2.3,12,0.160436621616674,5.94021064183701,0.0608863651244186,4.14639681618657,301.93766806657,10.3079304447647
0,0.61,2.3,13,0.17378658262877,5.9167243920091,0.0608794438597688,4.13063805434476,300.790126233729,10.2820284728424
0,0.61,2.3,14,0.187133508869096,5.89480497048184,0.0608725241684913,4.11598417901995,299.723041451482,10.2587951825394
0,0.61,2.3,15,0.200477401372353,5.87538729452946,0.0608656060500496,4.10306618704386,298.782362460475,10.2397964889957
0,0.61,2.3,16,0.213818261172768,5.85652423257695,0.0608586895039075,4.09096541538712,297.90119287208,10.2221665986407
0,0.61,2.3,17,0.227156089304099,5.84142584770258,0.0608517745295292,4.08083954420783,297.163834132298,10.210273255744
0,0.61,2.3,18,0.240490886799637,5.82840737643419,0.0608448611263788,4.07219838202867,296.534590846278,10.2019415063889
0,0.61,2.3,19,0.253822654692198,5.81631797861546,0.060837949293921,4.06405017119246,295.941243926563,10.195028753794
0,0.61,2.3,20,0.267151394014135,5.80526851618024,0.0608310390316205,4.05654299885919,295.394576974854,10.1897939480852
0,0.61,2.3,21,0.280477105797327,5.79575833041266,0.0608241303389423,4.05008457179637,294.924278908081,10.1871441383453
0,0.61,2.3,22,0.293799791073188,5.78792193154498,0.0608172232153517,4.04480654072554,294.539936438183,10.1873454865591
0,0.61,2.3,23,0.30711945087266,5.78060771207176,0.0608103176603142,4.03989013781685,294.181927473935,10.1884276184216
0,0.61,2.3,24,0.320436086226219,5.77421720464045,0.0608034136732955,4.03557443576292,293.867661118832,10.1910311403029
0,0.61,2.4,1,0.0133864591513969,6.95707900477074,0.0619545731183951,4.84036608713154,352.472016964631,11.8727861241721
0,0.61,2.4,2,0.026769871077856,6.71635605044999,0.0619475216076827,4.67893678638327,340.716850060375,11.4840102295188
0,0.61,2.4,3,0.040150236819741,6.54930922144155,0.0619404717019574,4.56654885716736,332.532840962689,11.2179487871306
0,0.61,2.4,4,0.0535275574169419,6.42941138224536,0.0619334234006713,4.48576057949361,326.649896022953,11.0306329425566
0,0.61,2.4,5,0.0669018339088754,6.34038687586966,0.0619263767032767,4.42590923101986,322.291563381403,10.8951243175017
0,0.61,2.4,6,0.0802730673344854,6.27025664392135,0.0619193316092262,4.37877012465047,318.858927171489,10.7912191675155
0,0.61,2.4,7,0.0936412587322429,6.2143143872553,0.0619122881179727,4.34113894296641,316.118651277025,10.7110068770719
0,0.61,2.4,8,0.107006409140146,6.16808802584814,0.0619052462289693,4.31014008449665,313.861336443446,10.6471397657139
0,0.61,2.4,9,0.120368519595723,6.12512329796504,0.0618982059416692,4.28131424594304,311.762259375143,10.5887042694455
0,0.61,2.4,10,0.133727591136026,6.08536089868206,0.0618911672555262,4.25457790285156,309.815337880762,10.5355575599252
0,0.61,2.4,11,0.147083624797638,6.0513778246923,0.061884130169994,4.2317060784363,308.14982788871,10.4920516580962
0,0.61,2.4,12,0.160436621616672,6.02122967178035,0.0618770946845267,4.21139637180946,306.670889492345,10.454939759891
0,0.61,2.4,13,0.173786582628768,5.99478733438132,0.0618700607985787,4.19368965220377,305.381498760136,10.4241336300124
0,0.61,2.4,14,0.187133508869094,5.97185616670535,0.0618630285116045,4.1783975398827,304.267938013607,10.3992502439687
0,0.61,2.4,15,0.20047740137235,5.94886144652079,0.0618559978230591,4.16324447699648,303.164502748061,10.3744393227127
0,0.61,2.4,16,0.213818261172765,5.92687726469861,0.0618489687323973,4.14895503401571,302.123955669995,10.3514995286195
0,0.61,2.4,17,0.227156089304096,5.90668010973663,0.0618419412390747,4.13556663947495,301.149022298685,10.3312447797548
0,0.61,2.4,18,0.240490886799633,5.88885512240891,0.0618349153425467,4.12368488315138,300.283801251131,10.3148658077025
0,0.61,2.4,19,0.253822654692195,5.87184182566774,0.0618278910422692,4.11224953595934,299.451087399139,10.2997419073615
0,0.61,2.4,20,0.267151394014131,5.85714076728485,0.0618208683376983,4.10236661388336,298.731420040324,10.28847964352
0,0.61,2.4,21,0.280477105797323,5.84371306866456,0.0618138472282903,4.09337669298851,298.076780392595,10.2793807146787
0,0.61,2.4,22,0.293799791073183,5.8320585775664,0.0618068277135017,4.08552277442371,297.504863626842,10.2731879707768
0,0.61,2.4,23,0.307119450872655,5.8213645725203,0.0617998097927893,4.07826586123369,296.97642036801,10.2685496944194
0,0.61,2.4,24,0.320436086226214,5.81183872575439,0.0617927934656103,4.07171486407267,296.499381412504,10.2657824695189
0,0.61,2.5,1,0.0133864591513969,7.15450587188679,0.0629411701681255,4.98473098677953,362.984566313554,12.2155644879858
0,0.61,2.5,2,0.026769871077856,6.90568009719548,0.0629340063654657,4.81747197996588,350.804884358538,11.8128559546047
0,0.61,2.5,3,0.040150236819741,6.72876815117374,0.0629268441933517,4.69819258244711,342.119043438872,11.5300378146339
0,0.61,2.5,4,0.0535275574169419,6.59737037786082,0.0629196836512267,4.60945212096837,335.657026128459,11.3232697398974
0,0.61,2.5,5,0.0669018339088755,6.49794540021594,0.0629125247385346,4.5424657870791,330.779128921925,11.1702255459425
0,0.61,2.5,6,0.0802730673344854,6.42157598515044,0.062905367454719,4.49104773090055,327.034902629241,11.0558021508402
0,0.61,2.5,7,0.093641258732243,6.35865714685703,0.0628982117992242,4.44863001853162,323.946074973529,10.9638266359201
0,0.61,2.5,8,0.107006409140147,6.30532919559348,0.0628910577714945,4.41279162970898,321.336348980559,10.8880182922141
0,0.61,2.5,9,0.120368519595723,6.25917060258993,0.0628839053709745,4.38168896211705,319.071474840512,10.8241119896737
0,0.61,2.5,10,0.133727591136026,6.21522401283018,0.0628767545971093,4.35209477030315,316.916446834093,10.7639231288665
0,0.61,2.5,11,0.147083624797638,6.17627054934984,0.0628696054493438,4.32588403430912,315.007799674842,10.7121078139059
0,0.61,2.5,12,0.160436621616672,6.14100261201709,0.0628624579271235,4.30226308760659,313.287739130457,10.6665647791675
0,0.61,2.5,13,0.173786582628768,6.11014663419381,0.0628553120298941,4.28171323747829,311.791313655058,10.6285017663308
0,0.61,2.5,14,0.187133508869094,6.08265240164224,0.0628481677571014,4.26330206939939,310.450625485892,10.5959361476678
0,0.61,2.5,15,0.20047740137235,6.05712146349588,0.0628410251081916,4.24655576508365,309.231171512242,10.5669956550601
0,0.61,2.5,16,0.213818261172765,6.0347054899245,0.0628338840826111,4.23183166667496,308.158973134955,10.5431893018548
0,0.61,2.5,17,0.227156089304096,6.01373958260567,0.0628267446798065,4.21786814361902,307.142159314087,10.5215905602086
0,0.61,2.5,18,0.240490886799633,5.99435790324624,0.0628196068992249,4.20489080129695,306.197158473084,10.502559198242
0,0.61,2.5,19,0.253822654692195,5.97582071374453,0.0628124707403132,4.19247909268829,305.293346676926,10.4849349318653
0,0.61,2.5,20,0.267151394014131,5.95947817127559,0.062805336202519,4.18153846664582,304.496658067299,10.4709733681381
0,0.61,2.5,21,0.280477105797323,5.94534055383824,0.0627982032852898,4.17209083192979,303.808688024546,10.4607066948506
0,0.61,2.5,22,0.293799791073183,5.93241769983121,0.0627910719880737,4.16347805915913,303.181512035068,10.4524866220516
0,0.61,2.5,23,0.307119450872655,5.92079409027162,0.0627839423103187,4.15564094100932,302.61081866359,10.4463384244639
0,0.61,2.5,24,0.320436086226214,5.90927249774629,0.0627768142514733,4.14783327180705,302.042269743533,10.440318670031
0,0.62,1.7,1,0.0133864591513968,5.85462697525609,0.0551636674517868,3.94152527414263,287.019068038596,9.8647023760019
0,0.62,1.7,2,0.0267721083267536,5.83012659086755,0.0551619985545672,3.92584634413338,285.877339503042,9.83790704188225
0,0.62,1.7,3,0.0401581624901303,5.81825979744043,0.0551619985545672,3.91827035042555,285.325661027769,9.83185030891067
0,0.62,1.7,4,0.0535442166535071,5.81557904690911,0.0551619985545672,3.91654380316502,285.199935083833,9.8408290652822
0,0.62,1.7,5,0.0669302708168839,5.81518713321258,0.0551619985545672,3.91629220686614,285.181614020233,9.85357160945017
0,0.62,1.7,6,0.0803163249802607,5.81518713321258,0.0551619985545672,3.91629220686614,285.181614020233,9.86695766361355
0,0.62,1.7,7,0.0937023791436375,5.81518713321258,0.0551619985545672,3.91629220686614,285.181614020233,9.88034371777693
0,0.62,1.7,8,0.107088433307014,5.81518713321258,0.0551619985545672,3.91629220686614,285.181614020233,9.8937297719403
0,0.62,1.7,9,0.120474487470391,5.81518713321258,0.0551619985545672,3.91629220686614,285.181614020233,9.90711582610368
0,0.62,1.7,10,0.133860541633768,5.81518713321258,0.0551619985545672,3.91629220686614,285.181614020233,9.92050188026706
0,0.62,1.7,11,0.147246595797145,5.81518713321258,0.0551619985545672,3.91629220686614,285.181614020233,9.93388793443043
0,0.62,1.7,12,0.160632649960521,5.81518713321258,0.0551619985545672,3.91629220686614,285.181614020233,9.94727398859381
0,0.62,1.7,13,0.174018704123898,5.81518713321258,0.0551619985545672,3.91629220686614,285.181614020233,9.96066004275719
0,0.62,1.7,14,0.187404758287275,5.81518713321258,0.0551619985545672,3.91629220686614,285.181614020233,9.97404609692056
0,0.62,1.7,15,0.200790812450652,5.81518713321258,0.0551619985545672,3.91629220686614,285.181614020233,9.98743215108394
0,0.62,1.7,16,0.214176866614029,5.81518713321258,0.0551619985545672,3.91629220686614,285.181614020233,10.0008182052473
0,0.62,1.7,17,0.227562920777405,5.81518713321258,0.0551619985545672,3.91629220686614,285.181614020233,10.0142042594107
0,0.62,1.7,18,0.240948974940782,5.81518713321258,0.0551619985545672,3.91629220686614,285.181614020233,10.0275903135741
0,0.62,1.7,19,0.254335029104159,5.81518713321258,0.0551619985545672,3.91629220686614,285.181614020233,10.0409763677374
0,0.62,1.7,20,0.267721083267536,5.81518713321258,0.0551619985545672,3.91629220686614,285.181614020233,10.0543624219008
0,0.62,1.7,21,0.281107137430912,5.81518713321258,0.0551619985545672,3.91629220686614,285.181614020233,10.0677484760642
0,0.62,1.7,22,0.294493191594289,5.81518713321258,0.0551619985545672,3.91629220686614,285.181614020233,10.0811345302276
0,0.62,1.7,23,0.307879245757666,5.81518713321258,0.0551619985545672,3.91629220686614,285.181614020233,10.094520584391
0,0.62,1.7,24,0.321265299921043,5.81518713321258,0.0551619985545672,3.91629220686614,285.181614020233,10.1079066385543
0,0.62,1.8,1,0.0133864591513969,5.97061349305232,0.0562114801153564,4.03547063415892,293.860102359832,10.075682066478
0,0.62,1.8,2,0.026769871077856,5.87380059708277,0.0562050822687691,3.97246240708726,289.271888063323,9.92923795751666
0,0.62,1.8,3,0.0401502368197411,5.83817361336943,0.0561986858783892,3.94943721679425,287.595210077096,9.88395975286181
0,0.62,1.8,4,0.0535287964823305,5.8174950953958,0.056193591692832,3.93610504350815,286.624370697578,9.86332252707912
0,0.62,1.8,5,0.0669033823881795,5.80110258334796,0.056187197917394,3.92556637626676,285.856952442052,9.8497595399203
0,0.62,1.8,6,0.0802749250868765,5.78897425981009,0.0561808055967737,3.91782071485989,285.292918885569,9.84325070535363
0,0.62,1.8,7,0.0936434256169648,5.78089043888266,0.0561744147304745,3.91263505911223,284.915303121026,9.84334333834233
0,0.62,1.8,8,0.107014177799292,5.77749564173709,0.0561708034532641,3.91044020830771,284.755475645979,9.85112083129735
0,0.62,1.8,9,0.120390950024203,5.7751979369362,0.0561708034532641,3.90896074838927,284.647742426615,9.86072043880294
0,0.62,1.8,10,0.133767722249115,5.77348788870723,0.0561708034532641,3.90785606900992,284.567300459637,9.87128248341952
0,0.62,1.8,11,0.147144494474026,5.77348788870723,0.0561708034532641,3.90785606900992,284.567300459637,9.88465925564443
0,0.62,1.8,12,0.160521266698938,5.77348788870723,0.0561708034532641,3.90785606900992,284.567300459637,9.89803602786935
0,0.62,1.8,13,0.173898038923849,5.77348788870723,0.0561708034532641,3.90785606900992,284.567300459637,9.91141280009426
0,0.62,1.8,14,0.187274811148761,5.77348788870723,0.0561708034532641,3.90785606900992,284.567300459637,9.92478957231917
0,0.62,1.8,15,0.200651583373672,5.77348788870723,0.0561708034532641,3.90785606900992,284.567300459637,9.93816634454408
0,0.62,1.8,16,0.214028355598584,5.77348788870723,0.0561708034532641,3.90785606900992,284.567300459637,9.95154311676899
0,0.62,1.8,17,0.227405127823495,5.77348788870723,0.0561708034532641,3.90785606900992,284.567300459637,9.9649198889939
0,0.62,1.8,18,0.240781900048407,5.77348788870723,0.0561708034532641,3.90785606900992,284.567300459637,9.97829666121881
0,0.62,1.8,19,0.254158672273318,5.77348788870723,0.0561708034532641,3.90785606900992,284.567300459637,9.99167343344373
0,0.62,1.8,20,0.26753544449823,5.77348788870723,0.0561708034532641,3.90785606900992,284.567300459637,10.0050502056686
0,0.62,1.8,21,0.280912216723141,5.77348788870723,0.0561708034532641,3.90785606900992,284.567300459637,10.0184269778935
0,0.62,1.8,22,0.294288988948052,5.77348788870723,0.0561708034532641,3.90785606900992,284.567300459637,10.0318037501185
0,0.62,1.8,23,0.307665761172964,5.77348788870723,0.0561708034532641,3.90785606900992,284.567300459637,10.0451805223434
0,0.62,1.8,24,0.321042533397875,5.77348788870723,0.0561708034532641,3.90785606900992,284.567300459637,10.0585572945683
0,0.62,1.9,1,0.0133864591513969,6.13204932015225,0.057250949390959,4.15706468734581,302.714494859529,10.3597514160404
0,0.62,1.9,2,0.0267698710778561,5.98899051971695,0.0572444332346431,4.06377484641731,295.921194972193,10.1367796704468
0,0.62,1.9,3,0.0401502368197411,5.92207959901269,0.0572379185614628,4.01984173841275,292.722017283741,10.0393094928066
0,0.62,1.9,4,0.053527557416942,5.88656139712676,0.0572314053709119,3.99666585013341,291.034365577295,9.99398621004803
0,0.62,1.9,5,0.0669018339088756,5.86037651294283,0.0572248936624842,3.97993859803296,289.816298972417,9.96444183854715
0,0.62,1.9,6,0.0802730673344857,5.84149346370149,0.0572183834356739,3.96788241989881,288.938376652631,9.94686733437045
0,0.62,1.9,7,0.0936412587322433,5.82652197782244,0.0572118746899754,3.95829897780174,288.240517212949,9.93567408904639
0,0.62,1.9,8,0.107006409140147,5.81310743441688,0.0572053674248832,3.9498308295419,287.623872677522,9.92715004052381
0,0.62,1.9,9,0.120368519595723,5.80325394574361,0.0571988616398924,3.94363066808657,287.172381328659,9.92445199506579
0,0.62,1.9,10,0.133727591136026,5.79533617150616,0.0571923573344978,3.93847309858483,286.796810784574,9.92472921856152
0,0.62,1.9,11,0.147083624797639,5.78941498169563,0.0571858545081948,3.93463213444268,286.517114506668,9.92831659544414
0,0.62,1.9,12,0.160436621616673,5.78436119138243,0.057179353160479,3.93137359384822,286.279829897402,9.9333507600078
0,0.62,1.9,13,0.173786582628769,5.78113411614096,0.0571728532908461,3.92924897870361,286.125116933173,9.94134253076419
0,0.62,1.9,14,0.187151385215594,5.7789935412886,0.0571718158425558,3.92785446770605,286.023569633828,9.9511712100528
0,0.62,1.9,15,0.200519341302422,5.77874964359331,0.0571718158425558,3.92769727422136,286.012122916037,9.96413807495964
0,0.62,1.9,16,0.21388729738925,5.77874964359331,0.0571718158425558,3.92769727422136,286.012122916037,9.97750603104647
0,0.62,1.9,17,0.227255253476078,5.77874964359331,0.0571718158425558,3.92769727422136,286.012122916037,9.9908739871333
0,0.62,1.9,18,0.240623209562906,5.77874964359331,0.0571718158425558,3.92769727422136,286.012122916037,10.0042419432201
0,0.62,1.9,19,0.253991165649734,5.77874964359331,0.0571718158425558,3.92769727422136,286.012122916037,10.017609899307
0,0.62,1.9,20,0.267359121736563,5.77874964359331,0.0571718158425558,3.92769727422136,286.012122916037,10.0309778553938
0,0.62,1.9,21,0.280727077823391,5.77874964359331,0.0571718158425558,3.92769727422136,286.012122916037,10.0443458114806
0,0.62,1.9,22,0.294095033910219,5.77874964359331,0.0571718158425558,3.92769727422136,286.012122916037,10.0577137675674
0,0.62,1.9,23,0.307462989997047,5.77874964359331,0.0571718158425558,3.92769727422136,286.012122916037,10.0710817236543
0,0.62,1.9,24,0.320830946083875,5.77874964359331,0.0571718158425558,3.92769727422136,286.012122916037,10.0844496797411
0,0.62,2,1,0.0133864591513969,6.31110395989258,0.0582827259847429,4.28944476736417,312.35431816423,10.6722179123929
0,0.62,2,2,0.0267698710778561,6.12697090418363,0.0582760923942598,4.16898367442933,303.582427024551,10.3810005420851
0,0.62,2,3,0.0401502368197412,6.02436383008837,0.0582694603136414,4.10149249550765,298.667767361703,10.2242760227294
0,0.62,2,4,0.0535275574169423,5.96691138819822,0.0582628297423722,4.06385649320328,295.927140433096,10.1425582685608
0,0.62,2,5,0.066901833908876,5.92419021344971,0.0582562006799371,4.03603408913215,293.901132750366,10.0853823371707
0,0.62,2,6,0.0802730673344862,5.8933065819189,0.0582495731258211,4.0159774432187,292.440622055223,10.0478066655979
0,0.62,2,7,0.0936412587322439,5.86816234799704,0.0582429470795095,3.99969544461158,291.254978493154,10.0197419984204
0,0.62,2,8,0.107006409140148,5.84756277368583,0.0582363225404877,3.98640000346566,290.286813921967,9.99920550883212
0,0.62,2,9,0.120368519595724,5.83109980766566,0.0582296995082416,3.97574437226812,289.510878434316,9.98544239903774
0,0.62,2,10,0.133727591136027,5.81752527617237,0.058223077982257,3.96698408652455,288.872960655032,9.97646003181521
0,0.62,2,11,0.14708362479764,5.80494962204276,0.0582164579620203,3.95886271672482,288.28156828051,9.96911242152724
0,0.62,2,12,0.160436621616675,5.79485515854378,0.0582098394470178,3.95223119698265,287.798665727896,9.96573281659012
0,0.62,2,13,0.17378658262877,5.78553671216798,0.0582032224367362,3.94611778514337,287.353491424395,9.96364430237686
0,0.62,2,14,0.187133508869097,5.77715715849469,0.0581966069306625,3.94062721766733,286.953672204583,9.96311449196178
0,0.62,2,15,0.200477401372353,5.77046884284784,0.0581899929282838,3.9362387836671,286.634109560863,9.96537502081558
0,0.62,2,16,0.213818261172768,5.7648715482107,0.0581833804290874,3.93255978356454,286.366207389163,9.96943297337709
0,0.62,2,17,0.2271560893041,5.75972202261369,0.058176769432561,3.92919484095722,286.121174660973,9.97424972230757
0,0.62,2,18,0.240490886799637,5.75459154136788,0.0581701599381923,3.92583565193491,285.876560904751,9.97908824004061
0,0.62,2,19,0.253822654692199,5.75086133275429,0.0581635519454696,3.92338725139895,285.698270118536,9.98623479079092
0,0.62,2,20,0.267151394014136,5.74782491040291,0.0581569454538811,3.92137700271238,285.551885238467,9.99451025258331
0,0.62,2,21,0.28049537227464,5.74535860556854,0.0581541275879704,3.91975248664672,285.433589133596,10.0037605920779
0,0.62,2,22,0.293852294763909,5.74487339755763,0.0581541275879704,3.91943558091872,285.410512283803,10.0163154008282
0,0.62,2,23,0.307209217253177,5.74487339755763,0.0581541275879704,3.91943558091872,285.410512283803,10.0296723233175
0,0.62,2,24,0.320566139742446,5.74487339755763,0.0581541275879704,3.91943558091872,285.410512283803,10.0430292458068
0,0.62,2.1,1,0.0133864591513969,6.49192452584467,0.0593073801770341,4.42233065544337,322.03097405229,10.9869490206165
0,0.62,2.1,2,0.0267698710778561,6.28764098612895,0.0593006299630371,4.28835042400513,312.274628858902,10.662061911175
0,0.62,2.1,3,0.0401502368197412,6.16316278901997,0.0592938812854495,4.2063781888984,306.305468980689,10.4689850960236
0,0.62,2.1,4,0.0535275574169422,6.0894423500495,0.0592871341437465,4.15786887506725,302.773055237627,10.3601259166774
0,0.62,2.1,5,0.0669018339088759,6.03778839168408,0.0592803885374041,4.12407704996127,300.312358559397,10.2880476640916
0,0.62,2.1,6,0.0802730673344861,5.99597479659947,0.0592736444658982,4.09672206847514,298.320388256969,10.232243576875
0,0.62,2.1,7,0.0936412587322438,5.96243210542492,0.0592669019287049,4.07488800420692,296.730447220977,10.1902282702928
0,0.62,2.1,8,0.107006409140148,5.93423439114801,0.0592601609253009,4.05646879490976,295.389173496016,10.1569697561232
0,0.62,2.1,9,0.120368519595724,5.90889356611044,0.0592534214551627,4.03978682344239,294.174404194643,10.1283023306037
0,0.62,2.1,10,0.133727591136027,5.88756073261546,0.0592466835177673,4.02572934177142,293.150748374233,10.1062643490407
0,0.62,2.1,11,0.14708362479764,5.86965077347246,0.0592399471125919,4.01390696291462,292.289851151592,10.0898813082973
0,0.62,2.1,12,0.160436621616674,5.85558216098594,0.0592332122391139,4.00452962019756,291.606999722226,10.0797816150393
0,0.62,2.1,13,0.17378658262877,5.84312969679657,0.059226478896811,3.99633156381481,291.010023085252,10.072474322137
0,0.62,2.1,14,0.187133508869097,5.83187073065126,0.059219747085161,3.98894321315796,290.472008643538,10.0671671997635
0,0.62,2.1,15,0.200477401372353,5.82178430175803,0.059213016803642,3.98231718654871,289.989506096957,10.0637919064827
0,0.62,2.1,16,0.213818261172768,5.81176043248019,0.0592062880517325,3.97574977321961,289.511271727763,10.0605347549243
0,0.62,2.1,17,0.2271560893041,5.8016562954757,0.0591995608289111,3.96987994691059,289.083835149387,10.0578918925193
0,0.62,2.1,18,0.240490886799637,5.79443207399236,0.0591928351346565,3.96514656521882,288.739153660027,10.0592623611455
0,0.62,2.1,19,0.253822654692199,5.78835705584864,0.0591861109684479,3.96123742878246,288.454493124127,10.0626032502917
0,0.62,2.1,20,0.267151394014136,5.78231816517309,0.0591793883297645,3.95733599258961,288.170393314484,10.0659849401066
0,0.62,2.1,21,0.280477105797328,5.77637034168913,0.0591726672180859,3.95344223391064,287.886852575945,10.0694623486152
0,0.62,2.1,22,0.293799791073188,5.77143718462641,0.0591659476328919,3.95017883815331,287.64921441717,10.0745817614858
0,0.62,2.1,23,0.30711945087266,5.76670047538772,0.0591592295736626,3.94696981278416,287.415535471406,10.0799489686182
0,0.62,2.1,24,0.320436086226219,5.7628330546727,0.0591525130398781,3.94438670373134,287.22743530677,10.0868083576701
0,0.62,2.2,1,0.0133864591513969,6.6776559818145,0.0603254150870299,4.55786602517861,331.900563310762,11.3092338812315
0,0.62,2.2,2,0.026769871077856,6.45524690727347,0.0603185490029088,4.4116339490113,321.252047495265,10.9539692763655
0,0.62,2.2,3,0.0401502368197409,6.31017808773296,0.0603116844815701,4.31596628406917,314.285596153889,10.7266062931034
0,0.62,2.2,4,0.0535275574169418,6.21444217161019,0.0603048215224802,4.25287557381626,309.691375490767,10.5811501243659
0,0.62,2.2,5,0.0669018339088753,6.14681196583307,0.0602979601251059,4.20836155881682,306.449896567972,10.4823733186839
0,0.62,2.2,6,0.0802730673344853,6.09375484864893,0.0602911002889141,4.17351354535287,303.912289004465,10.4078325616252
0,0.62,2.2,7,0.0936412587322428,6.04998693693808,0.0602842420133722,4.14480083794317,301.821450065626,10.3487132756269
0,0.62,2.2,8,0.107006409140146,6.01399279611659,0.0602773852979475,4.12108976659882,300.094826708902,10.3023663571535
0,0.62,2.2,9,0.120368519595722,5.98269936424597,0.0602705301421078,4.1006075445969,298.603325865582,10.2639459585807
0,0.62,2.2,10,0.133727591136025,5.95572636925335,0.0602636765453211,4.08282679546232,297.308544355714,10.232544432397
0,0.62,2.2,11,0.147083624797638,5.93054143003535,0.0602568245070556,4.06616271762066,296.095078055444,10.2040445969607
0,0.62,2.2,12,0.160436621616672,5.90744522426575,0.0602499740267796,4.0508294141069,294.978517795551,10.1789612340161
0,0.62,2.2,13,0.173786582628767,5.88584764460353,0.0602431251039619,4.03655184879976,293.938835641234,10.156429201136
0,0.62,2.2,14,0.187133508869094,5.86754350103186,0.0602362777380715,4.02455408883188,293.065167290781,10.1394673764709
0,0.62,2.2,15,0.20047740137235,5.85300482044253,0.0602294319285774,4.01509122241409,292.376088086335,10.1288028761575
0,0.62,2.2,16,0.213818261172765,5.83954488642522,0.0602225876749492,4.00695948331272,291.78394062664,10.1205452185857
0,0.62,2.2,17,0.227156089304096,5.82797134797144,0.0602157449766564,3.9993453377243,291.229483958549,10.1146885199765
0,0.62,2.2,18,0.240490886799633,5.81706607706565,0.0602089038331689,3.99222608728861,290.711065203609,10.1099919549871
0,0.62,2.2,19,0.253822654692194,5.80748516004205,0.0602020642439569,3.98592550947673,290.252261607058,10.1074353884549
0,0.62,2.2,20,0.267151394014131,5.79796993051031,0.0601952262084907,3.97964478761885,289.794903906961,10.1049613383518
0,0.62,2.2,21,0.280477105797323,5.7887664762183,0.060188389726241,3.9735405877034,289.350400409203,10.1029725594453
0,0.62,2.2,22,0.293799791073183,5.78103530706165,0.0601815547966786,3.96845065313658,288.979754992992,10.1034673060681
0,0.62,2.2,23,0.307119450872654,5.77457636460049,0.0601747214192747,3.96423408843759,288.672707749588,10.10610462533
0,0.62,2.2,24,0.320436086226213,5.76885883220512,0.0601678895935004,3.960504189264,288.401099143726,10.1099669972888
0,0.62,2.3,1,0.0133864591513969,6.87534757492396,0.0613372772505697,4.70081167974086,342.309764241625,11.6508829910668
0,0.62,2.3,2,0.0267698710778561,6.63895203931826,0.0613302959988908,4.54504416778176,330.966884771464,11.2720963741768
0,0.62,2.3,3,0.0401502368197411,6.47832106914375,0.0613233163362074,4.43888913125333,323.236750487696,11.018683753553
0,0.62,2.3,4,0.053527557416942,6.36546473905844,0.061316338261977,4.36422508205668,317.799767511334,10.844533716794
0,0.62,2.3,5,0.0669018339088756,6.28273815858791,0.0613093617756575,4.30955367212374,313.81863431139,10.7205030263962
0,0.62,2.3,6,0.0802730673344857,6.21873007989125,0.0613023868767069,4.26733276821466,310.744138107793,10.6276383023171
0,0.62,2.3,7,0.0936412587322433,6.16800909636049,0.0612954135645835,4.23386163348372,308.306793874663,10.556807402141
0,0.62,2.3,8,0.107006409140147,6.12367011171443,0.0612884418387458,4.20452757480783,306.170708578401,10.4964925375012
0,0.62,2.3,9,0.120368519595723,6.08388682121043,0.0612814716986527,4.17838424720938,304.266970050587,10.4439210597142
0,0.62,2.3,10,0.133727591136026,6.04975209184981,0.0612745031437631,4.15578518718467,302.621322567519,10.4005393733143
0,0.62,2.3,11,0.147083624797639,6.01928754845066,0.0612675361735364,4.13562280773216,301.153112431239,10.363261517154
0,0.62,2.3,12,0.160436621616673,5.99307435366422,0.0612605707874321,4.11826437543131,299.889083732937,10.3330359214996
0,0.62,2.3,13,0.173786582628769,5.96781171416955,0.06125360698491,4.10163120271486,298.677867921911,10.3044831064981
0,0.62,2.3,14,0.187133508869095,5.9439403939319,0.06124664476543,4.08592814730562,297.534382591882,10.278248694872
0,0.62,2.3,15,0.200477401372352,5.92271801841248,0.0612396841284524,4.07197471780118,296.518303776257,10.2564098217145
0,0.62,2.3,16,0.213818261172766,5.90250286673136,0.0612327250734378,4.05920688281689,295.588559110632,10.2367607357945
0,0.62,2.3,17,0.227156089304098,5.88405279371302,0.0612257675998469,4.04702727641257,294.70164883197,10.2194619270295
0,0.62,2.3,18,0.240490886799635,5.8672848515269,0.0612188117071407,4.03606122471453,293.903108744181,10.2050557747482
0,0.62,2.3,19,0.253822654692196,5.85405462324415,0.0612118573947805,4.02730116798132,293.265207641269,10.1963903033124
0,0.62,2.3,20,0.267151394014133,5.84128223691616,0.0612049046622277,4.01872380496824,292.640610165162,10.1883623405608
0,0.62,2.3,21,0.280477105797325,5.82988802383047,0.0611979535089441,4.01105659704685,292.082289535711,10.1826196801836
0,0.62,2.3,22,0.293799791073185,5.82096616528474,0.0611910039343916,4.00507086302565,291.646412640144,10.181027823318
0,0.62,2.3,23,0.307119450872657,5.81352955133817,0.0611840559380325,4.00013427858246,291.286934070903,10.1819673367313
0,0.62,2.3,24,0.320436086226216,5.80622857903622,0.0611771095193293,3.99529206426283,290.934327466962,10.1831338390446
0,0.62,2.4,1,0.0133864591513969,7.06773865416106,0.0623433651476892,4.83995747885157,352.442262400204,11.9834259573117
0,0.62,2.4,2,0.0267698710778561,6.82191428214528,0.0623362693856646,4.67761533470712,340.620622888869,11.5886357573159
0,0.62,2.4,3,0.0401502368197411,6.65026755009064,0.0623291752386991,4.56389785506402,332.339796874387,11.3166448172131
0,0.62,2.4,4,0.053527557416942,6.52584204394349,0.0623220827062413,4.48134532716801,326.328380487847,11.1230370112347
0,0.62,2.4,5,0.0669018339088756,6.43261678074968,0.0623149917877402,4.4196119021283,321.83299636892,10.9814455085746
0,0.62,2.4,6,0.0802730673344857,6.35991644225615,0.0623079024826448,4.37148977837726,318.3287775322,10.8739871904505
0,0.62,2.4,7,0.0936412587322433,6.30113810449354,0.0623008147904047,4.33255243843099,315.493388121761,10.7896326164472
0,0.62,2.4,8,0.107006409140147,6.25295139045336,0.0622937287104695,4.30072599617571,313.175809225332,10.7229775244797
0,0.62,2.4,9,0.120368519595723,6.2089037598607,0.0622866442422891,4.27161630101849,311.056061920976,10.6631752247172
0,0.62,2.4,10,0.133727591136026,6.16740531887187,0.0622795613853136,4.24414294653772,309.055471781242,10.6075554179309
0,0.62,2.4,11,0.147083624797639,6.13190305199404,0.0622724801389935,4.22059384719969,307.340643110856,10.5618530041304
0,0.62,2.4,12,0.160436621616673,6.10029991618807,0.0622654005027794,4.19964158675608,305.81491440241,10.5226435250636
0,0.62,2.4,13,0.173786582628769,6.07232721764316,0.0622583224761223,4.18122419303997,304.473772886769,10.489596315788
0,0.62,2.4,14,0.187133508869095,6.04808298280563,0.0622512460584733,4.16532586604253,303.316068018526,10.4627936037757
0,0.62,2.4,15,0.200477401372352,6.02485152795556,0.0622441712492837,4.15026729351544,302.219513473749,10.4378403940926
0,0.62,2.4,16,0.213818261172766,6.0021678965364,0.0622370980480054,4.13575763437591,301.162930411576,10.4139808901331
0,0.62,2.4,17,0.227156089304098,5.98131946668944,0.0622300264540901,4.12214480138042,300.171653591569,10.3928503838281
0,0.62,2.4,18,0.240490886799635,5.96276959545756,0.0622229564669902,4.10997096096173,299.28516318788,10.3754543996859
0,0.62,2.4,19,0.253822654692197,5.94523463364264,0.0622158880861578,4.09835515210406,298.439308245704,10.359628328525
0,0.62,2.4,20,0.267151394014133,5.92985287883735,0.0622088213110458,4.08817528821258,297.69801779501,10.3473883823751
0,0.62,2.4,21,0.280477105797325,5.9162970688117,0.062201756141107,4.07924738976305,297.047894577651,10.3382233205132
0,0.62,2.4,22,0.293799791073185,5.90344413853123,0.0621946925757946,4.0708094510574,296.43344988048,10.3302480732376
0,0.62,2.4,23,0.307119450872657,5.89178206961357,0.062187630614562,4.06306785620805,295.869712447824,10.3241570073088
0,0.62,2.4,24,0.320436086226216,5.88185064692338,0.0621805702568628,4.056373772663,295.382254043567,10.3208410760695
0,0.62,2.5,1,0.0133864591513969,7.26834432732485,0.0633440361456931,4.98422583840057,362.947781767758,12.3293006610225
0,0.62,2.5,2,0.0267698710778561,7.01400834215577,0.0633368264898605,4.81587291050293,350.688441257184,11.9199879502264
0,0.62,2.5,3,0.0401502368197412,6.83102616515743,0.0633296184750101,4.69439938264571,341.842825326299,11.6289054030979
0,0.62,2.5,4,0.0535275574169422,6.6929742535406,0.063322412100582,4.60258833144154,335.157209855269,11.4124125544997
0,0.62,2.5,5,0.0669018339088758,6.58740634444207,0.063315207366016,4.53254759799745,330.056893444832,11.2501709837144
0,0.62,2.5,6,0.0802730673344859,6.50659636379108,0.0633080042707525,4.47897226043955,326.155575455931,11.1291496958359
0,0.62,2.5,7,0.0936412587322436,6.44071965824398,0.0633008028142321,4.43524733572148,322.971557526383,11.0329090555119
0,0.62,2.5,8,0.107006409140147,6.38392628409896,0.0632936029958956,4.39762589869043,320.231991230623,10.9518521949254
0,0.62,2.5,9,0.120368519595724,6.33591210149267,0.0632864048151842,4.36578685260625,317.913494532335,10.8853538785098
0,0.62,2.5,10,0.133727591136027,6.29146327604316,0.063279208271539,4.3363249645299,315.768100790017,10.8247950399806
0,0.62,2.5,11,0.14708362479764,6.25000002690372,0.0632720133644018,4.30882984305474,313.765925593228,10.7691855081205
0,0.62,2.5,12,0.160436621616674,6.21247998749493,0.0632648200932144,4.28406983527883,311.962919431351,10.7202512644836
0,0.62,2.5,13,0.17378658262877,6.17890750299944,0.0632576284574189,4.26204179751668,310.358853383447,10.6779935116023
0,0.62,2.5,14,0.187133508869096,6.1485411000146,0.0632504384564577,4.24201269760911,308.900348568868,10.6409377449493
0,0.62,2.5,15,0.200477401372352,6.1214434412908,0.0632432500897732,4.22445696901269,307.621952894599,10.6096210617656
0,0.62,2.5,16,0.213818261172767,6.09662578058343,0.0632360633568085,4.20837230350131,306.450678988258,10.5820524086143
0,0.62,2.5,17,0.227156089304099,6.07427806027919,0.0632288782570066,4.19371064044207,305.383027108726,10.5583736682824
0,0.62,2.5,18,0.240490886799636,6.05387510588837,0.0632216947898108,4.18027233637343,304.404459361082,10.5378600238512
0,0.62,2.5,19,0.253822654692198,6.03572743913916,0.0632145129546648,4.16830645508649,303.533112393509,10.5210710618725
0,0.62,2.5,20,0.267151394014135,6.01842603582206,0.0632073327510126,4.15690512006713,302.702875283748,10.5056898826543
0,0.62,2.5,21,0.280477105797327,6.00272156114816,0.0632001541782981,4.14658058651847,301.951050091478,10.4929794076423
0,0.62,2.5,22,0.293799791073187,5.98902612900964,0.0631929772359658,4.13759271793309,301.296559891465,10.4836116152519
0,0.62,2.5,23,0.307119450872659,5.9768215755127,0.0631858019234603,4.12949740252677,300.707064779347,10.4766242308356
0,0.62,2.5,24,0.320436086226218,5.96570486509182,0.0631786282402265,4.12202391660356,300.162850848066,10.4713434961618
0,0.63,1.6,1,0.0133877147470264,5.90186406173991,0.054385529734716,3.89353774186674,283.524650057401,9.86317504808839
0,0.63,1.6,2,0.0267754294940527,5.90186406173991,0.054385529734716,3.89353774186674,283.524650057401,9.87656276283541
0,0.63,1.6,3,0.0401631442410791,5.90186406173991,0.054385529734716,3.89353774186674,283.524650057401,9.88995047758244
0,0.63,1.6,4,0.0535508589881055,5.90186406173991,0.054385529734716,3.89353774186674,283.524650057401,9.90333819232947
0,0.63,1.6,5,0.0669385737351318,5.90186406173991,0.054385529734716,3.89353774186674,283.524650057401,9.91672590707649
0,0.63,1.6,6,0.0803262884821582,5.90186406173991,0.054385529734716,3.89353774186674,283.524650057401,9.93011362182352
0,0.63,1.6,7,0.0937140032291846,5.90186406173991,0.054385529734716,3.89353774186674,283.524650057401,9.94350133657055
0,0.63,1.6,8,0.107101717976211,5.90186406173991,0.054385529734716,3.89353774186674,283.524650057401,9.95688905131757
0,0.63,1.6,9,0.120489432723237,5.90186406173991,0.054385529734716,3.89353774186674,283.524650057401,9.9702767660646
0,0.63,1.6,10,0.133877147470264,5.90186406173991,0.054385529734716,3.89353774186674,283.524650057401,9.98366448081163
0,0.63,1.6,11,0.14726486221729,5.90186406173991,0.054385529734716,3.89353774186674,283.524650057401,9.99705219555865
0,0.63,1.6,12,0.160652576964316,5.90186406173991,0.054385529734716,3.89353774186674,283.524650057401,10.0104399103057
0,0.63,1.6,13,0.174040291711343,5.90186406173991,0.054385529734716,3.89353774186674,283.524650057401,10.0238276250527
0,0.63,1.6,14,0.187428006458369,5.90186406173991,0.054385529734716,3.89353774186674,283.524650057401,10.0372153397997
0,0.63,1.6,15,0.200815721205396,5.90186406173991,0.054385529734716,3.89353774186674,283.524650057401,10.0506030545468
0,0.63,1.6,16,0.214203435952422,5.90186406173991,0.054385529734716,3.89353774186674,283.524650057401,10.0639907692938
0,0.63,1.6,17,0.227591150699448,5.90186406173991,0.054385529734716,3.89353774186674,283.524650057401,10.0773784840408
0,0.63,1.6,18,0.240978865446475,5.90186406173991,0.054385529734716,3.89353774186674,283.524650057401,10.0907661987878
0,0.63,1.6,19,0.254366580193501,5.90186406173991,0.054385529734716,3.89353774186674,283.524650057401,10.1041539135349
0,0.63,1.6,20,0.267754294940527,5.90186406173991,0.054385529734716,3.89353774186674,283.524650057401,10.1175416282819
0,0.63,1.6,21,0.281142009687554,5.90186406173991,0.054385529734716,3.89353774186674,283.524650057401,10.1309293430289
0,0.63,1.6,22,0.29452972443458,5.90186406173991,0.054385529734716,3.89353774186674,283.524650057401,10.1443170577759
0,0.63,1.6,23,0.307917439181606,5.90186406173991,0.054385529734716,3.89353774186674,283.524650057401,10.157704772523
0,0.63,1.6,24,0.321305153928633,5.90186406173991,0.054385529734716,3.89353774186674,283.524650057401,10.17109248727
0,0.63,1.7,1,0.0133864591513969,5.91548891129511,0.0554518419869082,3.92287542675288,285.660999411716,9.9072026391863
0,0.63,1.7,2,0.0267710623487304,5.87621752928103,0.0554479979505468,3.89790554382297,283.842710290347,9.85634213340327
0,0.63,1.7,3,0.0401565935230956,5.85833759091399,0.0554479979505468,3.88665793819175,283.023667645329,9.84060012057938
0,0.63,1.7,4,0.0535421246974608,5.84910009478663,0.0554479979505468,3.88085514618322,282.601112457053,9.83894536361786
0,0.63,1.7,5,0.066927346688665,5.84647798258744,0.0554477417995273,3.87919492500648,282.48021633138,9.84804799608212
0,0.63,1.7,6,0.0803128160263979,5.84524341553677,0.0554477417995273,3.87842595138757,282.424220219192,9.85942992475027
0,0.63,1.7,7,0.0936982853641309,5.84524341553677,0.0554477417995273,3.87842595138757,282.424220219192,9.872815394088
0,0.63,1.7,8,0.107083754701864,5.84524341553677,0.0554477417995273,3.87842595138757,282.424220219192,9.88620086342573
0,0.63,1.7,9,0.120469224039597,5.84524341553677,0.0554477417995273,3.87842595138757,282.424220219192,9.89958633276347
0,0.63,1.7,10,0.13385469337733,5.84524341553677,0.0554477417995273,3.87842595138757,282.424220219192,9.9129718021012
0,0.63,1.7,11,0.147240162715063,5.84524341553677,0.0554477417995273,3.87842595138757,282.424220219192,9.92635727143893
0,0.63,1.7,12,0.160625632052796,5.84524341553677,0.0554477417995273,3.87842595138757,282.424220219192,9.93974274077667
0,0.63,1.7,13,0.174011101390529,5.84524341553677,0.0554477417995273,3.87842595138757,282.424220219192,9.9531282101144
0,0.63,1.7,14,0.187396570728262,5.84524341553677,0.0554477417995273,3.87842595138757,282.424220219192,9.96651367945213
0,0.63,1.7,15,0.200782040065995,5.84524341553677,0.0554477417995273,3.87842595138757,282.424220219192,9.97989914878987
0,0.63,1.7,16,0.214167509403728,5.84524341553677,0.0554477417995273,3.87842595138757,282.424220219192,9.9932846181276
0,0.63,1.7,17,0.227552978741461,5.84524341553677,0.0554477417995273,3.87842595138757,282.424220219192,10.0066700874653
0,0.63,1.7,18,0.240938448079194,5.84524341553677,0.0554477417995273,3.87842595138757,282.424220219192,10.0200555568031
0,0.63,1.7,19,0.254323917416927,5.84524341553677,0.0554477417995273,3.87842595138757,282.424220219192,10.0334410261408
0,0.63,1.7,20,0.26770938675466,5.84524341553677,0.0554477417995273,3.87842595138757,282.424220219192,10.0468264954785
0,0.63,1.7,21,0.281094856092393,5.84524341553677,0.0554477417995273,3.87842595138757,282.424220219192,10.0602119648163
0,0.63,1.7,22,0.294480325430126,5.84524341553677,0.0554477417995273,3.87842595138757,282.424220219192,10.073597434154
0,0.63,1.7,23,0.307865794767859,5.84524341553677,0.0554477417995273,3.87842595138757,282.424220219192,10.0869829034917
0,0.63,1.7,24,0.321251264105592,5.84524341553677,0.0554477417995273,3.87842595138757,282.424220219192,10.1003683728295
0,0.63,1.8,1,0.0133864591513969,6.05352750414716,0.0565140905228503,4.02920491287479,293.403836990849,10.1526329666962
0,0.63,1.8,2,0.0267698710778562,5.94002481229224,0.0565076582339222,3.95646169569813,288.106727636472,9.97976403730214
0,0.63,1.8,3,0.0401502368197413,5.89321440538256,0.0565012274090407,3.92651070541497,285.925717819206,9.91637657502631
0,0.63,1.8,4,0.0535275574169424,5.86930652456833,0.0564947980477061,3.91129647076961,284.817828069653,9.89062535080259
0,0.63,1.8,5,0.0669018339088761,5.85035005307956,0.0564883701494187,3.89935029363015,283.947915944089,9.87309055076801
0,0.63,1.8,6,0.0802730673344864,5.83520968544715,0.0564819437136793,3.88996891561267,283.264770667016,9.86193361210799
0,0.63,1.8,7,0.0936412587322441,5.82450643514092,0.0564755187399888,3.88321421007632,282.772897812454,9.85783742268947
0,0.63,1.8,8,0.107006409140148,5.81654511896728,0.0564690952278482,3.87813732766926,282.403202845236,9.85815795100454
0,0.63,1.8,9,0.120369780018577,5.81237892429594,0.0564632644180887,3.87544904352122,282.207443904945,9.86466101225383
0,0.63,1.8,10,0.133744200020641,5.81009739971121,0.0564632644180887,3.87399593705196,282.101629725012,9.8743008012019
0,0.63,1.8,11,0.147118620022705,5.80779613840629,0.0564632644180887,3.87254391986394,281.995894865765,9.88392194271102
0,0.63,1.8,12,0.160493040024769,5.8075960841432,0.0564632644180887,3.87241931453439,281.986821194261,9.89697170312045
0,0.63,1.8,13,0.173867460026833,5.8075960841432,0.0564632644180887,3.87241931453439,281.986821194261,9.91034612312251
0,0.63,1.8,14,0.187241880028897,5.8075960841432,0.0564632644180887,3.87241931453439,281.986821194261,9.92372054312458
0,0.63,1.8,15,0.200616300030961,5.8075960841432,0.0564632644180887,3.87241931453439,281.986821194261,9.93709496312664
0,0.63,1.8,16,0.213990720033025,5.8075960841432,0.0564632644180887,3.87241931453439,281.986821194261,9.9504693831287
0,0.63,1.8,17,0.227365140035089,5.8075960841432,0.0564632644180887,3.87241931453439,281.986821194261,9.96384380313077
0,0.63,1.8,18,0.240739560037153,5.8075960841432,0.0564632644180887,3.87241931453439,281.986821194261,9.97721822313283
0,0.63,1.8,19,0.254113980039218,5.8075960841432,0.0564632644180887,3.87241931453439,281.986821194261,9.9905926431349
0,0.63,1.8,20,0.267488400041282,5.8075960841432,0.0564632644180887,3.87241931453439,281.986821194261,10.003967063137
0,0.63,1.8,21,0.280862820043346,5.8075960841432,0.0564632644180887,3.87241931453439,281.986821194261,10.017341483139
0,0.63,1.8,22,0.29423724004541,5.8075960841432,0.0564632644180887,3.87241931453439,281.986821194261,10.0307159031411
0,0.63,1.8,23,0.307611660047474,5.8075960841432,0.0564632644180887,3.87241931453439,281.986821194261,10.0440903231432
0,0.63,1.8,24,0.320986080049538,5.8075960841432,0.0564632644180887,3.87241931453439,281.986821194261,10.0574647431452
0,0.63,1.9,1,0.0133864591513969,6.22172510202725,0.0575679286545844,4.15331794359244,302.441659643344,10.4459974334257
0,0.63,1.9,2,0.0267698710778562,6.06472485097795,0.0575613764205013,4.05245609700867,295.096971687887,10.201512195485
0,0.63,1.9,3,0.0401502368197413,5.98891043708459,0.0575548256777654,4.00333131028588,291.519739646456,10.089946809868
0,0.63,1.9,4,0.0535275574169423,5.94615296216889,0.0575482764258677,3.97587033625508,289.520051042286,10.0330991322668
0,0.63,1.9,5,0.066901833908876,5.91763259777326,0.0575417286642992,3.95787838840535,288.209890192144,9.99995454875179
0,0.63,1.9,6,0.0802730673344862,5.89597065680065,0.0575351823925513,3.9441898923167,287.213103639489,9.97796879884439
0,0.63,1.9,7,0.093641258732244,5.87920048924145,0.0575286376101156,3.93358789231498,286.441073537385,9.96395827789879
0,0.63,1.9,8,0.107006409140148,5.86473732046304,0.0575220943164839,3.92456965612353,285.78437198989,9.9538354800432
0,0.63,1.9,9,0.120368519595724,5.8522226415807,0.0575155525111482,3.91681779354082,285.219886868191,9.94692450722839
0,0.63,1.9,10,0.133727591136027,5.84210084799816,0.0575090121936009,3.9104978516803,284.759673195387,9.94383530300808
0,0.63,1.9,11,0.14708362479764,5.83434468936786,0.0575024733633345,3.90554512345507,284.399019047416,9.94447591098391
0,0.63,1.9,12,0.160436621616675,5.82848182556952,0.0574959360198416,3.90180721307874,284.126827071465,9.94822159628478
0,0.63,1.9,13,0.17378658262877,5.8230759703815,0.0574894001626153,3.89832048158765,283.87292576335,9.95267243476054
0,0.63,1.9,14,0.187133508869097,5.8196019475066,0.0574828657911487,3.89607567304686,283.709460401469,9.9602939952137
0,0.63,1.9,15,0.200483786556685,5.81667669831757,0.0574781635201459,3.89418385292379,283.571699405191,9.96882250131819
0,0.63,1.9,16,0.213849372327131,5.81554626653364,0.0574781635201459,3.89345923112641,283.518932961112,9.98033303350733
0,0.63,1.9,17,0.227214958097577,5.81554626653364,0.0574781635201459,3.89345923112641,283.518932961112,9.99369861927777
0,0.63,1.9,18,0.240580543868022,5.81554626653364,0.0574781635201459,3.89345923112641,283.518932961112,10.0070642050482
0,0.63,1.9,19,0.253946129638468,5.81554626653364,0.0574781635201459,3.89345923112641,283.518932961112,10.0204297908187
0,0.63,1.9,20,0.267311715408914,5.81554626653364,0.0574781635201459,3.89345923112641,283.518932961112,10.0337953765891
0,0.63,1.9,21,0.280677301179359,5.81554626653364,0.0574781635201459,3.89345923112641,283.518932961112,10.0471609623596
0,0.63,1.9,22,0.294042886949805,5.81554626653364,0.0574781635201459,3.89345923112641,283.518932961112,10.06052654813
0,0.63,1.9,23,0.307408472720251,5.81554626653364,0.0574781635201459,3.89345923112641,283.518932961112,10.0738921339004
0,0.63,1.9,24,0.320774058490696,5.81554626653364,0.0574781635201459,3.89345923112641,283.518932961112,10.0872577196709
0,0.63,2,1,0.0133864591513969,6.40678185307775,0.0586140123148981,4.28756715355682,312.217591661762,10.7663494781009
0,0.63,2,2,0.026769871077856,6.21406363885204,0.0586073410182539,4.16339048873394,303.175135218968,10.4628313396821
0,0.63,2,3,0.0401502368197409,6.10230847330401,0.0586006712400567,4.09103615568653,297.906344130387,10.2920955370503
0,0.63,2,4,0.0535275574169418,6.03921604594902,0.0585940029797881,4.05029949230728,294.939929266877,10.201637098653
0,0.63,2,5,0.0669018339088753,5.99292910781032,0.0585873362369299,4.02057816430107,292.775643293329,10.1389964422572
0,0.63,2,6,0.0802730673344853,5.95812462872594,0.0585806710109644,3.99827321594163,291.151412812613,10.095251583013
0,0.63,2,7,0.0936412587322427,5.93084181701982,0.0585740073013737,3.98086280108327,289.883598781432,10.0639198841367
0,0.63,2,8,0.107006409140146,5.90722508259569,0.0585673451076406,3.9658118224273,288.78759721695,10.0386106592708
0,0.63,2,9,0.120368519595722,5.88807291454397,0.0585606844292478,3.95351997096856,287.892513333231,10.0205220895375
0,0.63,2,10,0.133727591136025,5.87347729772316,0.0585540252656784,3.94419627774559,287.21356862188,10.0099551918704
0,0.63,2,11,0.147083624797638,5.86030953667425,0.0585473676164156,3.93580897254125,286.602811020274,10.0017495016296
0,0.63,2,12,0.160436621616672,5.84838327168013,0.0585407114809431,3.92807320045818,286.039497597319,9.99543380523593
0,0.63,2,13,0.173786582628767,5.83838514292688,0.0585340568587445,3.92160099432675,285.568196148567,9.99230677674115
0,0.63,2,14,0.187133508869094,5.82906406730784,0.0585274037493038,3.91558190228822,285.129890145896,9.99030688221445
0,0.63,2,15,0.20047740137235,5.82088522327451,0.0585207521521054,3.9102963036807,284.744996613357,9.99017968047967
0,0.63,2,16,0.213818261172764,5.81424736500428,0.0585141020666335,3.90601237936434,284.43304429051,9.99259210760802
0,0.63,2,17,0.227156089304096,5.80817860320713,0.058507453492373,3.90212100660947,284.149677293266,9.99596315261307
0,0.63,2,18,0.240490886799633,5.80304682558965,0.0585008064288088,3.89880793108333,283.908421489049,10.0008464499014
0,0.63,2,19,0.253822654692194,5.79792251419068,0.058494160875426,3.89550047668366,283.667575011265,10.005739806442
0,0.63,2,20,0.267151394014131,5.79345769037181,0.05848751683171,3.89260242342341,283.45654083337,10.0116990246411
0,0.63,2,21,0.280477105797323,5.79039051508435,0.0584808742971465,3.89059408153544,283.310294805019,10.0199425767143
0,0.63,2,22,0.293800522918299,5.78740508105546,0.0584743789285136,3.88863173540938,283.167398155347,10.0283117183117
0,0.63,2,23,0.307155092141858,5.78554354161263,0.0584743789285136,3.88742782880831,283.079730532635,10.0386008414913
0,0.63,2,24,0.320509661365417,5.78522028082631,0.0584743789285136,3.88722148202337,283.064704506468,10.0514258031436
0,0.63,2.1,1,0.0133864591513969,6.58938640602591,0.0596529163647563,4.419618180066,321.83345352388,11.0820439616081
0,0.63,2.1,2,0.0267698710778561,6.37460601189142,0.0596461268227161,4.28091120595692,311.732910289916,10.7419332157489
0,0.63,2.1,3,0.0401502368197411,6.23882666620449,0.0596393388260366,4.19283798478873,305.319480944508,10.531454226639
0,0.63,2.1,4,0.053527557416942,6.15309337458434,0.0596325523741901,4.13730862233428,301.275872251952,10.4035621067097
0,0.63,2.1,5,0.0669018339088756,6.09408396234932,0.0596257674666495,4.0992361421937,298.503461317648,10.3198477059185
0,0.63,2.1,6,0.0802730673344857,6.04824449259019,0.0596189841028877,4.06966252586622,296.349931603522,10.2577990698938
0,0.63,2.1,7,0.0936412587322432,6.00993819641879,0.0596122022823777,4.04504652981192,294.557412272821,10.2082381872453
0,0.63,2.1,8,0.107006409140147,5.9779360271521,0.0596054220045931,4.02440816344785,293.054541108068,10.1689560217447
0,0.63,2.1,9,0.120368519595723,5.95116957356241,0.0595986432690074,4.00711349820347,291.79515588148,10.1382502346306
0,0.63,2.1,10,0.133727591136026,5.92578057514277,0.0595918660750947,3.99082146021787,290.608781259007,10.1099214925718
0,0.63,2.1,11,0.147083624797639,5.90328761194465,0.0595850904223289,3.9762499923241,289.547697327297,10.0862063194887
0,0.63,2.1,12,0.160436621616673,5.8846906078343,0.0595783163101844,3.96408623478814,288.66194115196,10.0687917805493
0,0.63,2.1,13,0.173786582628769,5.86971470479251,0.059571543738136,3.95433905721334,287.952158611206,10.0574118883728
0,0.63,2.1,14,0.187133508869095,5.85658947448359,0.0595647727056584,3.94585746615129,287.334535180478,10.0491452222096
0,0.63,2.1,15,0.200477401372352,5.84454542063033,0.0595580032122266,3.93809184892947,286.769048455739,10.0426726741444
0,0.63,2.1,16,0.213818261172766,5.83386713194749,0.0595512352573161,3.93120742973195,286.267729944598,10.0384440581095
0,0.63,2.1,17,0.227156089304098,5.82282919992002,0.0595444688404025,3.92480737385237,285.801682425887,10.0343371319169
0,0.63,2.1,18,0.240490886799635,5.81286965168665,0.0595377039609614,3.91842812284754,285.337149903363,10.0313263652948
0,0.63,2.1,19,0.253822654692197,5.8036485297885,0.0595309406184689,3.91254965910315,284.909084353084,10.0295517842023
0,0.63,2.1,20,0.267151394014133,5.79618017285864,0.0595241788124014,3.9077565179781,284.560051224281,10.0306122636633
0,0.63,2.1,21,0.280477105797325,5.78983135648216,0.0595174185422353,3.90364236050308,284.260461202116,10.0334682413248
0,0.63,2.1,22,0.293799791073185,5.78404553846245,0.0595106598074474,3.8998534964387,283.98455881483,10.0372094857818
0,0.63,2.1,23,0.307119450872657,5.77894731028506,0.0595039026075147,3.89647783959056,283.738745883241,10.0420485033558
0,0.63,2.1,24,0.320436086226216,5.77413662946048,0.0594971469419144,3.89333151836797,283.509633008846,10.0474013809966
0,0.63,2.2,1,0.0133864591513969,6.78136934541816,0.060685147964539,4.55716726269312,331.849679923389,11.4126082152272
0,0.63,2.2,2,0.0267698710778561,6.55269362019277,0.0606782409365439,4.40907261229929,321.065532777007,11.0492143445065
0,0.63,2.2,3,0.0401502368197411,6.40217744291673,0.0606713354806503,4.31132046845502,313.947291164042,10.8143194836722
0,0.63,2.2,4,0.053527557416942,6.30084222395641,0.0606644315963216,4.24552023088916,309.155764648464,10.6605544438588
0,0.63,2.2,5,0.0669018339088756,6.22875167344228,0.0606575292830213,4.19876769350859,305.751278117465,10.5550787301428
0,0.63,2.2,6,0.0802730673344857,6.17254958397391,0.0606506285402132,4.16239273441445,303.102479458826,10.4758660142631
0,0.63,2.2,7,0.0936412587322432,6.12701608149841,0.0606437293673614,4.13294586587702,300.958179428654,10.414246935475
0,0.63,2.2,8,0.107006409140147,6.08819367567421,0.0606368317639301,4.10773534914499,299.122367524905,10.3635722657233
0,0.63,2.2,9,0.120368519595723,6.05549491311247,0.060629935729384,4.08665343535155,297.587197551707,10.3231468037891
0,0.63,2.2,10,0.133727591136026,6.02636846381511,0.0606230412631878,4.0677428727678,296.210143829769,10.2884619689821
0,0.63,2.2,11,0.147083624797639,6.00034381731867,0.0606161483648066,4.05077991574124,294.974913359757,10.2588235062224
0,0.63,2.2,12,0.160436621616673,5.97593709302058,0.0606092570337055,4.03483829102774,293.814055582615,10.2318212626987
0,0.63,2.2,13,0.173786582628769,5.9534729161781,0.0606023672693502,4.02022240077981,292.749736846659,10.208084266856
0,0.63,2.2,14,0.187133508869095,5.93269331926057,0.0605954790712064,4.00678476054737,291.771217439094,10.1872070677482
0,0.63,2.2,15,0.200477401372351,5.91599230651067,0.06058859243874,3.99603753523258,290.988612132949,10.1730958355543
0,0.63,2.2,16,0.213818261172766,5.90154014484804,0.0605817073714175,3.98737690066989,290.357950881805,10.1633170140621
0,0.63,2.2,17,0.227156089304098,5.88934811118332,0.0605748238687051,3.97948589449434,289.783333422607,10.1565649188505
0,0.63,2.2,18,0.240490886799635,5.87770033978511,0.0605679419300697,3.97197570539557,289.236446792179,10.1507348739104
0,0.63,2.2,19,0.253822654692196,5.86707277330807,0.0605610615549782,3.96508955964106,288.735002554385,10.1465460491963
0,0.63,2.2,20,0.267151394014133,5.85748771737091,0.0605541827428979,3.9588742784122,288.282410194365,10.1440675725401
0,0.63,2.2,21,0.280477105797325,5.84795366243006,0.0605473054932962,3.95267845160566,287.831234491545,10.1416565253263
0,0.63,2.2,22,0.293799791073185,5.83939682341064,0.0605404298056408,3.94714679342219,287.428423075634,10.1408838377117
0,0.63,2.2,23,0.307119450872657,5.83203557009464,0.0605335556793997,3.94238291790516,287.081521047599,10.1420714945519
0,0.63,2.2,24,0.320436086226216,5.82543776355848,0.060526683114041,3.93807985756478,286.768175253089,10.1444803904635
0,0.63,2.3,1,0.0133864591513969,6.98261336650425,0.0617111572367762,4.700291903583,342.27191451137,11.7580028864754
0,0.63,2.3,2,0.0267698710778561,6.74090587341661,0.0617041334310356,4.54341071103948,330.84793761288,11.372790588965
0,0.63,2.3,3,0.0401502368197412,6.57526019747081,0.0616971112239762,4.43558938297731,322.996465164356,11.1126969284918
0,0.63,2.3,4,0.0535275574169422,6.45770504941249,0.0616900906150522,4.35896550992683,317.416769208394,10.9318882073713
0,0.63,2.3,5,0.0669018339088758,6.37133615699755,0.0616830716037181,4.30273410279382,313.322038121499,10.802655165304
0,0.63,2.3,6,0.080273067334486,6.30380291748938,0.0616760541894288,4.25883406742132,310.125268758599,10.7045861064346
0,0.63,2.3,7,0.0936412587322436,6.25060730187913,0.061669038371639,4.2242500480167,307.606885054792,10.6301676469997
0,0.63,2.3,8,0.107006409140147,6.20511199880651,0.0616620241498042,4.19461274327846,305.448717595877,10.5683931753749
0,0.63,2.3,9,0.120368519595724,6.16359875615699,0.0616550115233799,4.16773001173601,303.491136198578,10.5133522990121
0,0.63,2.3,10,0.133727591136027,6.12701536758553,0.0616480004918216,4.14389907920677,301.755784635592,10.4662900384202
0,0.63,2.3,11,0.14708362479764,6.09505620891798,0.0616409910545855,4.12305264662636,300.2377622369,10.4268334713966
0,0.63,2.3,12,0.160436621616674,6.06716992696226,0.0616339832111277,4.10486009911004,298.912993861663,10.3941006309001
0,0.63,2.3,13,0.17378658262877,6.04162003321277,0.0616269769609048,4.08829039189208,297.706399563112,10.3653239846945
0,0.63,2.3,14,0.187133508869096,6.01683709935583,0.0616199723033734,4.07221173542853,296.535563231362,10.3378023159568
0,0.63,2.3,15,0.200477401372353,5.99410643956626,0.0616129692379906,4.05750914678404,295.46493117981,10.3137059569606
0,0.63,2.3,16,0.213818261172768,5.97273545737814,0.0616059677642136,4.04416951749482,294.493548859446,10.2923292038099
0,0.63,2.3,17,0.227156089304099,5.95366723005433,0.0615989678814998,4.03181882601069,293.594180286914,10.2742411132506
0,0.63,2.3,18,0.240490886799636,5.93587315404706,0.061591969589307,4.02035718312788,292.759551601415,10.2583131935639
0,0.63,2.3,19,0.253822654692198,5.92024855528646,0.0615849728870931,4.01025916457904,292.02422107038,10.2459153474448
0,0.63,2.3,20,0.267151394014135,5.90725887086685,0.0615779777743162,4.00166428140227,291.398347788409,10.2376525240576
0,0.63,2.3,21,0.280477105797327,5.89463229356983,0.061570984250435,3.99331719160986,290.790518644507,10.2299975752275
0,0.63,2.3,22,0.293799791073187,5.88481205125702,0.061563992314908,3.98683022232497,290.318142153416,10.2270060569701
0,0.63,2.3,23,0.307119450872659,5.87594603619308,0.0615570019671943,3.98101939198637,289.89500161966,10.2256418810193
0,0.63,2.3,24,0.320436086226219,5.86853293590606,0.061550013206753,3.97617545100866,289.542269281705,10.2266944863477
0,0.63,2.4,1,0.0133864591513969,7.17807635132985,0.062731345862198,4.83934788784583,352.397872416585,12.0935420441893
0,0.63,2.4,2,0.0267698710778561,6.92602271715178,0.0627242059412028,4.67539357587868,340.458835990653,11.6909103700495
0,0.63,2.4,3,0.040150236819741,6.7483904452155,0.0627170676453178,4.55948839101074,332.018702837156,11.4107461406913
0,0.63,2.4,4,0.0535275574169419,6.6170133843468,0.062709930973988,4.47364035014603,325.767309539345,11.2068912228838
0,0.63,2.4,5,0.0669018339088755,6.51772123750342,0.062702795926659,4.40885780849784,321.049890916911,11.0561836758368
0,0.63,2.4,6,0.0802730673344854,6.44081092948682,0.0626956625027766,4.35872193212642,317.399032046152,10.9425015914505
0,0.63,2.4,7,0.093641258732243,6.37744607556478,0.0626885307017866,4.31739122213438,314.389359130667,10.8511670871332
0,0.63,2.4,8,0.107006409140147,6.32478769268696,0.0626814005231353,4.28311323294712,311.893260329701,10.7775887352974
0,0.63,2.4,9,0.120368519595723,6.27902130285348,0.0626742719662692,4.25331688941059,309.723511778571,10.7153809838261
0,0.63,2.4,10,0.133727591136026,6.23613872949861,0.0626671450306351,4.22533851540732,307.686146476276,10.6578719810726
0,0.63,2.4,11,0.147083624797638,6.19728250328688,0.0626600197156799,4.1999828460326,305.83976466029,10.6070089938328
0,0.63,2.4,12,0.160436621616672,6.16332490188248,0.0626528960208509,4.17783144172859,304.226715148521,10.5642458612486
0,0.63,2.4,13,0.173786582628768,6.13292764638725,0.0626457739455956,4.15820155405518,302.797280684993,10.5275615570168
0,0.63,2.4,14,0.187133508869094,6.10638026114397,0.0626386534893617,4.14107488895658,301.550129109572,10.497227312459
0,0.63,2.4,15,0.200477401372351,6.08129144493104,0.0626315346515973,4.12502705657547,300.381537365589,10.4694274375305
0,0.63,2.4,16,0.213818261172765,6.05834636515488,0.0626244174317505,4.11055465657718,299.327667487589,10.4453437003366
0,0.63,2.4,17,0.227156089304096,6.03668829462287,0.0626173018292698,4.09662551139695,298.313357039187,10.4230871971532
0,0.63,2.4,18,0.240490886799633,6.01689377918281,0.0626101878436041,4.08384020975697,297.382340464113,10.403835063583
0,0.63,2.4,19,0.253822654692195,5.9985279195551,0.0626030754742024,4.07187374301373,296.510950864028,10.3868273927352
0,0.63,2.4,20,0.267151394014131,5.98254094828572,0.0625959647205138,4.0614634057623,295.752877507129,10.3737517127827
0,0.63,2.4,21,0.280477105797323,5.96806564238336,0.0625888555819879,4.05208096151341,295.069654587843,10.3632125652761
0,0.63,2.4,22,0.293799791073183,5.95515576038177,0.0625817480580744,4.04375492159948,294.463358281125,10.3552922211125
0,0.63,2.4,23,0.307119450872655,5.94243787028086,0.0625746421482234,4.03554144696206,293.865258897809,10.3476734102638
0,0.63,2.4,24,0.320436086226214,5.93067881835424,0.062567537851885,4.02787192440247,293.306769718049,10.3415543668348
0,0.63,2.5,1,0.0133864591513969,7.38256795321931,0.0637460740785754,4.98398741362197,362.930419844901,12.4436879000713
0,0.63,2.5,2,0.0267698710778561,7.1236941195777,0.0637388186638156,4.8152029009489,350.639651637836,12.0294057102683
0,0.63,2.5,3,0.040150236819741,6.9365773929618,0.0637315649004533,4.69285954707796,341.730695595079,11.73331874176
0,0.63,2.5,4,0.0535275574169419,6.79435011263099,0.0637243127879248,4.59969646286397,334.94662604157,11.5112984456998
0,0.63,2.5,5,0.0669018339088755,6.68502850107411,0.0637170623256665,4.52825637195266,329.744409415312,11.3439037692613
0,0.63,2.5,6,0.0802730673344855,6.60098976895642,0.0637098135131151,4.47337180910386,325.747754571587,11.2183444589079
0,0.63,2.5,7,0.093641258732243,6.53350148549693,0.0637025663497079,4.42925515546896,322.535211220834,11.1201004660478
0,0.63,2.5,8,0.107006409140147,6.47479880276672,0.0636953208348819,4.3909366972183,319.744888335445,11.03643722996
0,0.63,2.5,9,0.120368519595723,6.42471261537816,0.0636880769680748,4.35823118825894,317.363296426641,10.9670004002009
0,0.63,2.5,10,0.133727591136026,6.37981436874525,0.0636808347487243,4.32892687630635,315.229377265619,10.9061496709364
0,0.63,2.5,11,0.147083624797639,6.33782343810693,0.0636735941762684,4.30148688675454,313.231216736289,10.8500675438354
0,0.63,2.5,12,0.160436621616672,6.29793099931634,0.0636663552501456,4.27555886017547,311.343156275628,10.7975928363586
0,0.63,2.5,13,0.173786582628768,6.26359429450205,0.0636591179697943,4.25336325192256,309.726887863729,10.7544032470232
0,0.63,2.5,14,0.187133508869094,6.23147772323697,0.0636518823346534,4.23247749417234,308.206001834132,10.7147406086131
0,0.63,2.5,15,0.200477401372351,6.20291548088936,0.0636446483441619,4.21423557530393,306.877638272138,10.6812731059098
0,0.63,2.5,16,0.213818261172765,6.17698712211339,0.0636374159977591,4.19766023133945,305.670633509714,10.6521030306234
0,0.63,2.5,17,0.227156089304096,6.1537282628323,0.0636301852948847,4.18262323864643,304.575650393111,10.6271377760777
0,0.63,2.5,18,0.240490886799633,6.13236354153358,0.0636229562349784,4.16875020907252,303.565426243263,10.6052275936407
0,0.63,2.5,19,0.253822654692195,6.1137906662977,0.0636157288174803,4.15669400321088,302.68750190438,10.5879230530182
0,0.63,2.5,20,0.267151394014132,6.09632118202895,0.0636085030418309,4.14535601908454,301.861877961606,10.5724370981694
0,0.63,2.5,21,0.280477105797323,6.08014174789566,0.0636012789074707,4.13487920491947,301.098963803121,10.5590993375199
0,0.63,2.5,22,0.293799791073183,6.06584309753119,0.0635940564138405,4.12563328656683,300.42568260253,10.548870231585
0,0.63,2.5,23,0.307119450872655,6.05270626097674,0.0635868355603814,4.11705872330852,299.801289002574,10.5404712707183
0,0.63,2.5,24,0.320436086226214,6.04162277318955,0.0635796163465348,4.10969511469973,299.265076259208,10.535333590462
0,0.64,1.6,1,0.0133871916282523,5.93292617000134,0.0546564384982927,3.85718029949315,280.877126953898,9.85815009962104
0,0.64,1.6,2,0.0267743832565046,5.92801983207622,0.0546564384982927,3.8541558865203,280.656891351573,9.86360654035131
0,0.64,1.6,3,0.0401615748847569,5.92801983207622,0.0546564384982927,3.8541558865203,280.656891351573,9.87699373197957
0,0.64,1.6,4,0.0535487665130092,5.92801983207622,0.0546564384982927,3.8541558865203,280.656891351573,9.89038092360782
0,0.64,1.6,5,0.0669359581412615,5.92801983207622,0.0546564384982927,3.8541558865203,280.656891351573,9.90376811523607
0,0.64,1.6,6,0.0803231497695138,5.92801983207622,0.0546564384982927,3.8541558865203,280.656891351573,9.91715530686432
0,0.64,1.6,7,0.0937103413977661,5.92801983207622,0.0546564384982927,3.8541558865203,280.656891351573,9.93054249849257
0,0.64,1.6,8,0.107097533026018,5.92801983207622,0.0546564384982927,3.8541558865203,280.656891351573,9.94392969012083
0,0.64,1.6,9,0.120484724654271,5.92801983207622,0.0546564384982927,3.8541558865203,280.656891351573,9.95731688174908
0,0.64,1.6,10,0.133871916282523,5.92801983207622,0.0546564384982927,3.8541558865203,280.656891351573,9.97070407337733
0,0.64,1.6,11,0.147259107910775,5.92801983207622,0.0546564384982927,3.8541558865203,280.656891351573,9.98409126500558
0,0.64,1.6,12,0.160646299539028,5.92801983207622,0.0546564384982927,3.8541558865203,280.656891351573,9.99747845663384
0,0.64,1.6,13,0.17403349116728,5.92801983207622,0.0546564384982927,3.8541558865203,280.656891351573,10.0108656482621
0,0.64,1.6,14,0.187420682795532,5.92801983207622,0.0546564384982927,3.8541558865203,280.656891351573,10.0242528398903
0,0.64,1.6,15,0.200807874423784,5.92801983207622,0.0546564384982927,3.8541558865203,280.656891351573,10.0376400315186
0,0.64,1.6,16,0.214195066052037,5.92801983207622,0.0546564384982927,3.8541558865203,280.656891351573,10.0510272231468
0,0.64,1.6,17,0.227582257680289,5.92801983207622,0.0546564384982927,3.8541558865203,280.656891351573,10.0644144147751
0,0.64,1.6,18,0.240969449308541,5.92801983207622,0.0546564384982927,3.8541558865203,280.656891351573,10.0778016064034
0,0.64,1.6,19,0.254356640936794,5.92801983207622,0.0546564384982927,3.8541558865203,280.656891351573,10.0911887980316
0,0.64,1.6,20,0.267743832565046,5.92801983207622,0.0546564384982927,3.8541558865203,280.656891351573,10.1045759896599
0,0.64,1.6,21,0.281131024193298,5.92801983207622,0.0546564384982927,3.8541558865203,280.656891351573,10.1179631812881
0,0.64,1.6,22,0.29451821582155,5.92801983207622,0.0546564384982927,3.8541558865203,280.656891351573,10.1313503729164
0,0.64,1.6,23,0.307905407449803,5.92801983207622,0.0546564384982927,3.8541558865203,280.656891351573,10.1447375645446
0,0.64,1.6,24,0.321292599078055,5.92801983207622,0.0546564384982927,3.8541558865203,280.656891351573,10.1581247561729
0,0.64,1.7,1,0.013386459151397,5.98256590123092,0.0557393498936041,3.90859241766763,284.620920845348,9.96028412794355
0,0.64,1.7,2,0.0267700164524361,5.92389137950663,0.0557333084434115,3.87169982275427,281.934428314392,9.87809452715674
0,0.64,1.7,3,0.0401550246786541,5.90315669445391,0.0557333084434116,3.85882249298778,280.996710316578,9.85786752056376
0,0.64,1.7,4,0.0535390342571599,5.88732484565608,0.0557322688859449,3.849027802163,280.283467894742,9.84562395096219
0,0.64,1.7,5,0.0669161766944372,5.88022766917652,0.0557259263876996,3.84453983761626,279.956657507392,9.84740960987492
0,0.64,1.7,6,0.0802986984872785,5.87762439692837,0.0557254312033211,3.84294342959802,279.840408210549,9.85659195621699
0,0.64,1.7,7,0.0936818149018249,5.87556227336453,0.0557254312033211,3.84167732712648,279.74821152877,9.86664684659615
0,0.64,1.7,8,0.107064931316371,5.87556227336453,0.0557254312033211,3.84167732712648,279.74821152877,9.8800299630107
0,0.64,1.7,9,0.120448047730918,5.87556227336453,0.0557254312033211,3.84167732712648,279.74821152877,9.89341307942525
0,0.64,1.7,10,0.133831164145464,5.87556227336453,0.0557254312033211,3.84167732712648,279.74821152877,9.90679619583979
0,0.64,1.7,11,0.147214280560011,5.87556227336453,0.0557254312033211,3.84167732712648,279.74821152877,9.92017931225434
0,0.64,1.7,12,0.160597396974557,5.87556227336453,0.0557254312033211,3.84167732712648,279.74821152877,9.93356242866889
0,0.64,1.7,13,0.173980513389103,5.87556227336453,0.0557254312033211,3.84167732712648,279.74821152877,9.94694554508343
0,0.64,1.7,14,0.18736362980365,5.87556227336453,0.0557254312033211,3.84167732712648,279.74821152877,9.96032866149798
0,0.64,1.7,15,0.200746746218196,5.87556227336453,0.0557254312033211,3.84167732712648,279.74821152877,9.97371177791252
0,0.64,1.7,16,0.214129862632743,5.87556227336453,0.0557254312033211,3.84167732712648,279.74821152877,9.98709489432707
0,0.64,1.7,17,0.227512979047289,5.87556227336453,0.0557254312033211,3.84167732712648,279.74821152877,10.0004780107416
0,0.64,1.7,18,0.240896095461835,5.87556227336453,0.0557254312033211,3.84167732712648,279.74821152877,10.0138611271562
0,0.64,1.7,19,0.254279211876382,5.87556227336453,0.0557254312033211,3.84167732712648,279.74821152877,10.0272442435707
0,0.64,1.7,20,0.267662328290928,5.87556227336453,0.0557254312033211,3.84167732712648,279.74821152877,10.0406273599853
0,0.64,1.7,21,0.281045444705475,5.87556227336453,0.0557254312033211,3.84167732712648,279.74821152877,10.0540104763998
0,0.64,1.7,22,0.294428561120021,5.87556227336453,0.0557254312033211,3.84167732712648,279.74821152877,10.0673935928143
0,0.64,1.7,23,0.307811677534568,5.87556227336453,0.0557254312033211,3.84167732712648,279.74821152877,10.0807767092289
0,0.64,1.7,24,0.321194793949114,5.87556227336453,0.0557254312033211,3.84167732712648,279.74821152877,10.0941598256434
0,0.64,1.8,1,0.0133864591513969,6.13755133190718,0.0568160149753529,4.02382343984746,293.011961951226,10.2315772458814
0,0.64,1.8,2,0.0267698710778559,6.00811423793166,0.0568095483221574,3.94211286961568,287.061856323163,10.0338065269473
0,0.64,1.8,3,0.0401502368197408,5.95057387637069,0.05680308314083,3.90572106452787,284.411830951243,9.95324826085913
0,0.64,1.8,4,0.0535275574169416,5.92217318348921,0.0567966194308686,3.88787478062695,283.112277246285,9.92037214096396
0,0.64,1.8,5,0.0669018339088751,5.90127590712408,0.0567901571917707,3.87488363647415,282.166271365782,9.89985153469888
0,0.64,1.8,6,0.0802730673344851,5.88393861681438,0.0567836964230344,3.86437569577885,281.401090595496,9.88537107635075
0,0.64,1.8,7,0.0936412587322425,5.86997628983283,0.0567772371241579,3.85573464277296,280.771855259396,9.87612942846219
0,0.64,1.8,8,0.107006409140146,5.86025768468684,0.0567707792946397,3.8496850911011,280.331331207882,9.87371996422272
0,0.64,1.8,9,0.120368519595722,5.85250523512198,0.0567643229339784,3.84483703841769,279.978299458442,9.87447511606937
0,0.64,1.8,10,0.133727591136025,5.84764470405384,0.0567578680416729,3.84174642733527,279.753243356845,9.87987659056681
0,0.64,1.8,11,0.147092780576273,5.8448538432368,0.0567549473244846,3.83999551428836,279.625743113668,9.88869708542591
0,0.64,1.8,12,0.160464851537752,5.84255241217683,0.0567549473244846,3.83856886804155,279.52185574832,9.89834107908061
0,0.64,1.8,13,0.173836922499232,5.8415831565989,0.0567549473244846,3.83796961908901,279.478218865663,9.91014464551163
0,0.64,1.8,14,0.187208993460711,5.8415831565989,0.0567549473244846,3.83796961908901,279.478218865663,9.92351671647311
0,0.64,1.8,15,0.20058106442219,5.8415831565989,0.0567549473244846,3.83796961908901,279.478218865663,9.93688878743458
0,0.64,1.8,16,0.21395313538367,5.8415831565989,0.0567549473244846,3.83796961908901,279.478218865663,9.95026085839606
0,0.64,1.8,17,0.227325206345149,5.8415831565989,0.0567549473244846,3.83796961908901,279.478218865663,9.96363292935754
0,0.64,1.8,18,0.240697277306628,5.8415831565989,0.0567549473244846,3.83796961908901,279.478218865663,9.97700500031902
0,0.64,1.8,19,0.254069348268108,5.8415831565989,0.0567549473244846,3.83796961908901,279.478218865663,9.9903770712805
0,0.64,1.8,20,0.267441419229587,5.8415831565989,0.0567549473244846,3.83796961908901,279.478218865663,10.003749142242
0,0.64,1.8,21,0.280813490191067,5.8415831565989,0.0567549473244846,3.83796961908901,279.478218865663,10.0171212132035
0,0.64,1.8,22,0.294185561152546,5.8415831565989,0.0567549473244846,3.83796961908901,279.478218865663,10.0304932841649
0,0.64,1.8,23,0.307557632114025,5.8415831565989,0.0567549473244846,3.83796961908901,279.478218865663,10.0438653551264
0,0.64,1.8,24,0.320929703075505,5.8415831565989,0.0567549473244846,3.83796961908901,279.478218865663,10.0572374260879
0,0.64,1.9,1,0.0133864591513969,6.31263160802045,0.0578842031664512,4.15044526332673,302.23247310887,10.534347533665
0,0.64,1.9,2,0.026769871077856,6.14326816558833,0.0578776149348137,4.04324473530819,294.426206878136,10.2711603869092
0,0.64,1.9,3,0.0401502368197409,6.05807110420571,0.0578710282027167,3.9888943076483,290.468447379097,10.1449866768765
0,0.64,1.9,4,0.0535275574169417,6.00753850031694,0.0578644429696485,3.95688818375371,288.137784193446,10.0758186844572
0,0.64,1.9,5,0.0669018339088752,5.9765883451833,0.0578578592350974,3.93759041428325,286.732534341322,10.0389384526105
0,0.64,1.9,6,0.0802730673344851,5.95100814167437,0.0578512769985518,3.92158771313075,285.567229021317,10.0107201991382
0,0.64,1.9,7,0.0936412587322426,5.93221212930388,0.0578446962595007,3.90985334531394,284.712740700032,9.99355142960956
0,0.64,1.9,8,0.107006409140146,5.91691449483084,0.0578381170174329,3.90042578456068,284.026232428976,9.9821848055491
0,0.64,1.9,9,0.120368519595722,5.90289704313886,0.0578315392718378,3.8918003038858,283.398131058948,9.97289740589222
0,0.64,1.9,10,0.133727591136025,5.89146556705819,0.0578249630222049,3.88474473213222,282.884349340364,9.96776285334863
0,0.64,1.9,11,0.147083624797638,5.88135166777117,0.0578183882680238,3.87852778669266,282.431635793703,9.96478146752949
0,0.64,1.9,12,0.160436621616672,5.87333765343472,0.0578118150087846,3.87350929826303,282.066193034403,9.9650953883232
0,0.64,1.9,13,0.173786582628767,5.8675999611401,0.0578052432439774,3.86987091873864,281.801248824325,9.96906270575148
0,0.64,1.9,14,0.187133508869094,5.86217977414607,0.0577986729730927,3.86644100636793,281.551485044157,9.97355296235619
0,0.64,1.9,15,0.20047740137235,5.85807370038082,0.057792104195621,3.86382255922992,281.360811585283,9.98016576517871
0,0.64,1.9,16,0.213818261172764,5.85487402208592,0.0577855369110533,3.8617703103808,281.211368283239,9.98824813055054
0,0.64,1.9,17,0.227175077140542,5.85248288493068,0.0577838008271971,3.86026785957107,281.101960883517,9.99770962246949
0,0.64,1.9,18,0.240538316972339,5.8523213459389,0.0577838008271971,3.86016791940971,281.094683312024,10.0108113831481
0,0.64,1.9,19,0.253901556804135,5.8523213459389,0.0577838008271971,3.86016791940971,281.094683312024,10.0241746229799
0,0.64,1.9,20,0.267264796635932,5.8523213459389,0.0577838008271971,3.86016791940971,281.094683312024,10.0375378628117
0,0.64,1.9,21,0.280628036467728,5.8523213459389,0.0577838008271971,3.86016791940971,281.094683312024,10.0509011026435
0,0.64,1.9,22,0.293991276299525,5.8523213459389,0.0577838008271971,3.86016791940971,281.094683312024,10.0642643424753
0,0.64,1.9,23,0.307354516131322,5.8523213459389,0.0577838008271971,3.86016791940971,281.094683312024,10.0776275823071
0,0.64,1.9,24,0.320717755963118,5.8523213459389,0.0577838008271971,3.86016791940971,281.094683312024,10.0909908221389
0,0.64,2,1,0.0133864591513969,6.50267617899113,0.058944575585006,4.28587908940105,312.094668030152,10.8608863031286
0,0.64,2,2,0.0267698710778561,6.30185862070565,0.0589378666644978,4.1584036578193,302.811997737401,10.5459700162673
0,0.64,2,3,0.0401502368197411,6.18139459568017,0.058931159271,4.08157601784367,297.217463618828,10.3620520096146
0,0.64,2,4,0.053527557416942,6.11273214485639,0.0589244534039914,4.03788742788625,294.036091560715,10.2630715835636
0,0.64,2,5,0.0669018339088756,6.06356806254241,0.058917749062951,4.00676138626581,291.769515340531,10.19614903178
0,0.64,2,6,0.0802730673344857,6.02483397952951,0.058911046247358,3.98229031353553,289.987549223244,10.1463084066469
0,0.64,2,7,0.0936412587322433,5.99480862811075,0.0589043449566917,3.96336550762875,288.60945831265,10.1107197394284
0,0.64,2,8,0.107006409140147,5.96865173837264,0.0588976451904318,3.94692026824453,287.411927673256,10.0814760609477
0,0.64,2,9,0.120368519595723,5.94772039033535,0.0588909469480583,3.93367121656096,286.447141149734,10.0606510734401
0,0.64,2,10,0.133727591136026,5.93000351893939,0.0588842502290512,3.92241151904348,285.627217982156,10.0450268793479
0,0.64,2,11,0.147083624797639,5.91594450259636,0.058877555032891,3.91356958038076,284.983354295355,10.0354752628076
0,0.64,2,12,0.160436621616673,5.90338339633964,0.0588708613590582,3.90554294772852,284.398860612555,10.0282338270439
0,0.64,2,13,0.173786582628769,5.89192822449845,0.0588641692070338,3.89824470765402,283.867407959378,10.0228236839883
0,0.64,2,14,0.187133508869095,5.88185417944956,0.0588574785762987,3.89183939420612,283.40097758828,10.0196845611011
0,0.64,2,15,0.200477401372352,5.87254766089338,0.0588507894663344,3.88591124597393,282.969294048925,10.017787097706
0,0.64,2,16,0.213818261172766,5.86449593694706,0.0588441018766223,3.88079943308141,282.597055468591,10.0179577330779
0,0.64,2,17,0.227156089304098,5.85787156411455,0.0588374158066443,3.87661655349403,282.292461151065,10.0204816227193
0,0.64,2,18,0.240490886799635,5.85047628537488,0.0588307312558823,3.87269330371391,282.006772891508,10.0224912071443
0,0.64,2,19,0.253822654692197,5.84509304130703,0.0588240482238187,3.86926560915749,281.757170611001,10.0270053533805
0,0.64,2,20,0.267151394014133,5.83998755375058,0.0588173667099359,3.86600806687344,281.519958697988,10.0319643813481
0,0.64,2,21,0.280477105797325,5.83522694841148,0.0588106867137168,3.86292243025366,281.295264833224,10.0374371711762
0,0.64,2,22,0.293799791073186,5.8317822056678,0.0588040082346441,3.86068014710192,281.131983368377,10.0450661520775
0,0.64,2,23,0.307119450872657,5.82876932863498,0.0587973312722012,3.85873362815622,280.990239242726,10.0534197389361
0,0.64,2,24,0.320453451605868,5.82621815477291,0.0587938418654665,3.85709832267994,280.871157460645,10.0625637709242
0,0.64,2.1,1,0.0133864591513969,6.68947619081766,0.0599977116364078,4.418650861579,321.76301407942,11.1815112231845
0,0.64,2.1,2,0.0267698710778561,6.46838625378324,0.0599908828506535,4.27798914227926,311.520127690496,10.833136149991
0,0.64,2.1,3,0.0401502368197412,6.32642032711565,0.0599840556191922,4.18726222184721,304.913457851474,10.6138168414018
0,0.64,2.1,4,0.0535275574169422,6.2346140806526,0.0599772299414932,4.12868712371409,300.648060852315,10.4768059917251
0,0.64,2.1,5,0.0669018339088759,6.17100994010086,0.0599704058170261,4.08822673786327,297.701764321992,10.38610891769
0,0.64,2.1,6,0.080273067334486,6.12283903652775,0.0599635832452608,4.05757629230174,295.469820668669,10.3206519794092
0,0.64,2.1,7,0.0936412587322437,6.08137827693735,0.0599567622256674,4.03128113763798,293.555026201909,10.2662574355332
0,0.64,2.1,8,0.107006409140148,6.04744093496119,0.0599499427577164,4.0096912550089,291.982866299266,10.224088541868
0,0.64,2.1,9,0.120368519595724,6.01907774422868,0.0599431248408783,3.99167158641365,290.670686844144,10.1910609750789
0,0.64,2.1,10,0.133727591136027,5.99292336782117,0.059936308474624,3.97512621032452,289.465864321096,10.1617134777563
0,0.64,2.1,11,0.14708362479764,5.96876434502212,0.0599294936584245,3.9596868168302,288.341578664248,10.1354642803084
0,0.64,2.1,12,0.160436621616674,5.94744030473672,0.0599226803917512,3.94596745874932,287.342544763262,10.1137670654945
0,0.64,2.1,13,0.17378658262877,5.93016882458894,0.0599158686740757,3.93489433642464,286.536207868569,10.0987656123164
0,0.64,2.1,14,0.187133508869097,5.91610206393184,0.0599090585048697,3.9259412074609,285.884247383104,10.0890858387667
0,0.64,2.1,15,0.200477401372353,5.90333589975909,0.0599022498836054,3.91782267130126,285.293061352238,10.0815382223163
0,0.64,2.1,16,0.213818261172768,5.89216039128658,0.059895442809755,3.91072749236052,284.776395466446,10.0766015876296
0,0.64,2.1,17,0.2271560893041,5.88054594629327,0.059888637282791,3.90404972579972,284.290125253381,10.0716403986799
0,0.64,2.1,18,0.240490886799637,5.87053796344571,0.0598818333021863,3.89773771967391,283.830489455136,10.0686484032214
0,0.64,2.1,19,0.253822654692199,5.86052328137716,0.0598750308674138,3.89144609090655,283.372337521644,10.0656670578433
0,0.64,2.1,20,0.267151394014135,5.85128035928562,0.0598682299779468,3.88556798618152,282.9442981149,10.0638679694592
0,0.64,2.1,21,0.280477105797328,5.84396140787867,0.0598614306332588,3.88087570831728,282.602609777035,10.0651756526265
0,0.64,2.1,22,0.293799791073188,5.83724535562261,0.0598546328328236,3.87653989230128,282.286878737516,10.0674396718299
0,0.64,2.1,23,0.30711945087266,5.83218355396433,0.0598478365761149,3.87324717697234,282.047105548383,10.0723980183854
0,0.64,2.1,24,0.320436086226219,5.8273556631289,0.0598410418626072,3.87013824545778,281.820715365943,10.0777710366755
0,0.64,2.2,1,0.0133864591513969,6.88420591850101,0.0610441224902722,4.5559254059452,331.759248797965,11.5145619060879
0,0.64,2.2,2,0.026769871077856,6.64771149402783,0.0610371746047167,4.40505338173306,320.772855264847,11.1405719214435
0,0.64,2.2,3,0.040150236819741,6.48872161051094,0.0610302283005622,4.30334645183772,313.366628943495,10.893248527469
0,0.64,2.2,4,0.0535275574169418,6.37902732168203,0.061023283577269,4.23314949943162,308.254936779316,10.7267276621079
0,0.64,2.2,5,0.0669018339088754,6.2991350111354,0.0610163404342974,4.18204333145835,304.533421963988,10.6090965169369
0,0.64,2.2,6,0.0802730673344854,6.23792991320288,0.061009398871108,4.14299703379138,301.690098329797,10.5222094131999
0,0.64,2.2,7,0.0936412587322429,6.18887405773834,0.0610024588871617,4.11171757156992,299.412350130528,10.4552353469277
0,0.64,2.2,8,0.107006409140146,6.14633529534609,0.0609955204819198,4.0844163749924,297.424296406904,10.3987535999605
0,0.64,2.2,9,0.120368519595723,6.11020371770126,0.0609885836548434,4.06145991566073,295.752623360414,10.3530207366126
0,0.64,2.2,10,0.133727591136026,6.07823386538097,0.0609816484053944,4.04098980368543,294.262004360623,10.3139329086078
0,0.64,2.2,11,0.147083624797638,6.04971741155654,0.0609747147330344,4.02270678822908,292.930648174315,10.2804825393163
0,0.64,2.2,12,0.160436621616672,6.02424601822756,0.0609677826372257,4.00635791811134,291.740135076388,10.2520083405928
0,0.64,2.2,13,0.173786582628768,5.99969218143696,0.0609608521174307,3.9906427534642,290.595767960265,10.2250823696473
0,0.64,2.2,14,0.187133508869094,5.97718975932949,0.0609539231731118,3.97628599057001,289.550318693969,10.2015631819417
0,0.64,2.2,15,0.20047740137235,5.95696905484608,0.0609469958037319,3.96344415437933,288.615185313109,10.1818376064015
0,0.64,2.2,16,0.213818261172765,5.93781242737927,0.0609400700087542,3.95184747627705,287.770723458939,10.1644182348378
0,0.64,2.2,17,0.227156089304096,5.92294190554725,0.0609331457876419,3.94231829626252,287.076815345528,10.1533494369015
0,0.64,2.2,18,0.240490886799633,5.9093408625323,0.0609262231398587,3.93373544101025,286.451817928468,10.144493413482
0,0.64,2.2,19,0.253822654692195,5.89772663712131,0.0609193020648684,3.92632436426693,285.912148589295,10.1387929581453
0,0.64,2.2,20,0.267151394014131,5.88635247346254,0.060912382562135,3.91901330621866,285.379762540382,10.1334295562575
0,0.64,2.2,21,0.280477105797323,5.87644428684387,0.0609054646311228,3.91260386192034,284.913031363693,10.1304307191927
0,0.64,2.2,22,0.293799791073183,5.86777836567139,0.0608985482712964,3.90704483059135,284.508226654788,10.1295215356072
0,0.64,2.2,23,0.307119450872655,5.85934093909446,0.0608916334821206,3.90161268836956,284.11266192045,10.1289647118188
0,0.64,2.2,24,0.320436086226214,5.85216982433861,0.0608847202630604,3.89701055188309,283.777537613624,10.130501182711
0,0.64,2.3,1,0.0133864591513969,7.08991296379652,0.0620842618274657,4.69980884838904,342.236738775599,11.8651925331644
0,0.64,2.3,2,0.026769871077856,6.84309554412066,0.0620771955559168,4.54197446741736,330.743351373486,11.4739170781718
0,0.64,2.3,3,0.040150236819741,6.67243935567738,0.0620701308927148,4.43253680681445,322.774178738559,11.2071965302043
0,0.64,2.3,4,0.0535275574169419,6.55058349477627,0.0620630678373105,4.35427766998992,317.075404037242,11.0204517900204
0,0.64,2.3,5,0.0669018339088754,6.4605117979791,0.0620560063891551,4.2964957389856,312.867764904461,10.8859653772627
0,0.64,2.3,6,0.0802730673344854,6.38924701715385,0.0620489465477001,4.25083600983646,309.542855891888,10.7824050408725
0,0.64,2.3,7,0.093641258732243,6.33370611035143,0.0620418883123972,4.21524779350128,306.951347281582,10.7046370508974
0,0.64,2.3,8,0.107006409140147,6.28649260894238,0.0620348316826983,4.18495663626835,304.745566748893,10.6404904860336
0,0.64,2.3,9,0.120368519595723,6.24379794795565,0.0620277766580556,4.15770196095927,302.76090067096,10.5838962051687
0,0.64,2.3,10,0.133727591136026,6.20524297100601,0.0620207232379216,4.13298135265689,300.960763550733,10.5339726380368
0,0.64,2.3,11,0.147083624797638,6.171321090454,0.062013671421749,4.11118700778862,299.373714853205,10.491605394462
0,0.64,2.3,12,0.160436621616672,6.14186280523369,0.0620066212089907,4.09225473218267,297.995080004427,10.456560780242
0,0.64,2.3,13,0.173786582628768,6.11517577636773,0.0619995725990999,4.07518722636798,296.752236365998,10.4261491579636
0,0.64,2.3,14,0.187133508869094,6.09074388086793,0.0619925255915301,4.05955745562657,295.614087573376,10.3994273709551
0,0.64,2.3,15,0.20047740137235,6.06734797679778,0.0619854801857349,4.04465747753175,294.529081762396,10.3744683358876
0,0.64,2.3,16,0.213818261172765,6.04449754392674,0.0619784363811684,4.03060665789985,293.505911066934,10.3509008993805
0,0.64,2.3,17,0.227156089304096,6.02472750405512,0.0619713941772846,4.01801522546698,292.58901190968,10.3318702130035
0,0.64,2.3,18,0.240490886799633,6.00591875063786,0.061964353573538,4.00609897050045,291.721278695475,10.3144729615115
0,0.64,2.3,19,0.253822654692195,5.98935189464031,0.0619573145693833,3.99553810101733,290.952243688492,10.3006699649192
0,0.64,2.3,20,0.267151394014131,5.97420301555484,0.0619502771642755,3.98580462004962,290.243458524928,10.2891093067829
0,0.64,2.3,21,0.280477105797323,5.96156489567843,0.0619432413576696,3.97757770720544,289.64438058095,10.2815629500389
0,0.64,2.3,22,0.293799791073183,5.95053426191929,0.0619362071490212,3.97040034049151,289.12172983995,10.276670600633
0,0.64,2.3,23,0.307119450872655,5.94048933498552,0.0619291745377859,3.96391783337052,288.649678280461,10.2734557937665
0,0.64,2.3,24,0.320436086226214,5.93178696223978,0.0619221435234197,3.95827810477218,288.238997253778,10.2724232967616
0,0.64,2.4,1,0.0133864591513969,7.28892138125278,0.0631185345041097,4.83908225289112,352.37852906805,12.2045086277994
0,0.64,2.4,2,0.0267698710778561,7.03203845176503,0.0631113505142959,4.67445355036339,340.390384000987,11.7963732237206
0,0.64,2.4,3,0.0401502368197411,6.85020909828229,0.0631041681596225,4.55757026811203,331.879026491457,11.5110337713737
0,0.64,2.4,4,0.053527557416942,6.71455052650004,0.0630969874395315,4.47023678888802,325.519464628468,11.3014118602445
0,0.64,2.4,5,0.0669018339088756,6.61148593200115,0.0630898083534649,4.40398256426761,320.694879098364,11.1454601385311
0,0.64,2.4,6,0.0802730673344857,6.53173662672875,0.0630826309008649,4.3527580746517,316.964748185146,11.0278503996158
0,0.64,2.4,7,0.0936412587322433,6.46622547542807,0.0630754550811742,4.31066954526466,313.899891400126,10.9336117345061
0,0.64,2.4,8,0.107006409140147,6.41131506072856,0.0630682808938355,4.27543887283397,311.334418882731,10.8568286235965
0,0.64,2.4,9,0.120368519595723,6.36367537732375,0.0630611083382921,4.24485884887555,309.107603280476,10.7919638541333
0,0.64,2.4,10,0.133727591136026,6.31950704427268,0.063053937413987,4.21648559233133,307.041482912311,10.732774165154
0,0.64,2.4,11,0.147083624797639,6.27941944252259,0.0630467681203641,4.19071648770634,305.164995035353,10.6802663231469
0,0.64,2.4,12,0.160436621616673,6.24363054883361,0.063039600456867,4.16775270910061,303.49278900453,10.6348594800078
0,0.64,2.4,13,0.173786582628769,6.21230420357326,0.0630324344229398,4.14784329530436,302.042999647481,10.5969665159293
0,0.64,2.4,14,0.187133508869095,6.18427884441116,0.063025270018027,4.13003399875473,300.746139335147,10.564471622053
0,0.64,2.4,15,0.200477401372352,6.15818734488829,0.0630181072415731,4.11357668514814,299.547729459465,10.5352595386504
0,0.64,2.4,16,0.213818261172766,6.13403431254794,0.0630109460930229,4.09856573617171,298.454642827786,10.5094292559854
0,0.64,2.4,17,0.227156089304098,6.11198773554989,0.0630037865718216,4.08459060838596,297.436983958743,10.4867382198118
0,0.64,2.4,18,0.240490886799635,6.09169488210655,0.0629966286774144,4.07167589833258,296.496543955015,10.4668582959162
0,0.64,2.4,19,0.253822654692197,6.07225307204796,0.062989472409247,4.05921179984182,295.588917164891,10.4482769989912
0,0.64,2.4,20,0.267151394014133,6.05597138723993,0.0629823177667653,4.04878454958527,294.829612214985,10.4348896486061
0,0.64,2.4,21,0.280477105797325,6.04095038193858,0.0629751647494153,4.03920809792384,294.132261813856,10.4236107504092
0,0.64,2.4,22,0.293799791073185,6.02775906204187,0.0629680133566434,4.03081171207459,293.520842966145,10.4153385785463
0,0.64,2.4,23,0.307119450872657,6.01508372104822,0.0629608635878962,4.0227414001293,292.93316858828,10.4079054356381
0,0.64,2.4,24,0.320436086226216,6.00322684741494,0.0629537154426205,4.01512040729683,292.378213308746,10.4017370563806
0,0.64,2.5,1,0.0133864591513969,7.49648320245402,0.0641473036057486,4.98355772854915,362.899130483404,12.5575746937603
0,0.64,2.5,2,0.0267698710778561,7.2326102854491,0.0641400025240726,4.81405887157776,350.556344232435,12.1375790306288
0,0.64,2.5,3,0.0401502368197411,7.04026976398712,0.0641327031041881,4.69017764914066,341.535401694115,11.8347303530517
0,0.64,2.5,4,0.0535275574169421,6.89251916838538,0.0641254053455282,4.59483371885889,334.59252448053,11.6050058500067
0,0.64,2.5,5,0.0669018339088758,6.77742368470039,0.0641181092475255,4.52073866824974,329.196975576753,11.4291822961065
0,0.64,2.5,6,0.0802730673344859,6.6886440187873,0.0641108148096134,4.46358857888334,325.035346702805,11.2966164798147
0,0.64,2.5,7,0.0936412587322435,6.61912262432879,0.0641035220312252,4.41882484976134,321.775683775153,11.1956922548536
0,0.64,2.5,8,0.107006409140147,6.55740298170356,0.0640962309117949,4.37912740373438,318.884943980354,11.1076330254899
0,0.64,2.5,9,0.120368519595724,6.50356759016996,0.0640889414507564,4.34449720159863,316.363197282902,11.0325222528151
0,0.64,2.5,10,0.133727591136027,6.45745898353392,0.0640816536475439,4.31484460732979,314.203916451239,10.9701128356473
0,0.64,2.5,11,0.14708362479764,6.41509882502176,0.064074367501592,4.28758229323114,312.218694122081,10.9138391105521
0,0.64,2.5,12,0.160436621616674,6.37419934315721,0.0640670830123353,4.26143336002936,310.314547398219,10.8601364078156
0,0.64,2.5,13,0.173786582628769,6.33636863266645,0.064059800179209,4.23727241505958,308.555164563951,10.811487430534
0,0.64,2.5,14,0.187133508869096,6.30291189085336,0.0640525190016483,4.21582760792373,306.993568955577,10.7699255266478
0,0.64,2.5,15,0.200477401372352,6.27091419037052,0.0640452394790887,4.19564453456401,305.523851903687,10.731081365786
0,0.64,2.5,16,0.213818261172767,6.24336503773395,0.0640379616109661,4.17828791470666,304.259955186231,10.6995091752243
0,0.64,2.5,17,0.227156089304099,6.21934718126666,0.0640306853967165,4.16296489506605,303.144143790669,10.6734988510335
0,0.64,2.5,18,0.240490886799636,6.19694598899821,0.0640234108357761,4.14865265741202,302.101936820704,10.6501129440456
0,0.64,2.5,19,0.253822654692198,6.17636720294035,0.0640161379275817,4.1355011163936,301.144250954488,10.6297071119537
0,0.64,2.5,20,0.267151394014134,6.15717556646965,0.0640088666715699,4.12322899569601,300.250603850767,10.6115648228514
0,0.64,2.5,21,0.280477105797327,6.14092979126963,0.0640015970671779,4.11286358917557,299.495802317753,10.5982720833097
0,0.64,2.5,22,0.293799791073187,6.1261008820433,0.063994329113843,4.10340169652048,298.806794022015,10.5872966987508
0,0.64,2.5,23,0.307119450872659,6.11269861195404,0.0639870628110028,4.09474288413722,298.176265460682,10.5785480097749
0,0.64,2.5,24,0.320436086226218,6.10013503342307,0.0639797981580951,4.0865801915062,297.581863986965,10.5711311093136
0,0.65,1.6,1,0.0133866685503578,5.97308047563403,0.0549266944567639,3.82734012535133,278.704186689255,9.86873396399248
0,0.65,1.6,2,0.0267733371007157,5.95692119094436,0.054926694456764,3.817521688604,277.989215106223,9.85614291110584
0,0.65,1.6,3,0.0401600056510736,5.95444400355363,0.054926694456764,3.81600945645017,277.879095435978,9.86554016011164
0,0.65,1.6,4,0.0535466742014314,5.95444400355363,0.054926694456764,3.81600945645017,277.879095435978,9.87892682866199
0,0.65,1.6,5,0.0669333427517893,5.95444400355363,0.054926694456764,3.81600945645017,277.879095435978,9.89231349721235
0,0.65,1.6,6,0.0803200113021472,5.95444400355363,0.054926694456764,3.81600945645017,277.879095435978,9.90570016576271
0,0.65,1.6,7,0.093706679852505,5.95444400355363,0.054926694456764,3.81600945645017,277.879095435978,9.91908683431307
0,0.65,1.6,8,0.107093348402863,5.95444400355363,0.054926694456764,3.81600945645017,277.879095435978,9.93247350286343
0,0.65,1.6,9,0.120480016953221,5.95444400355363,0.054926694456764,3.81600945645017,277.879095435978,9.94586017141378
0,0.65,1.6,10,0.133866685503579,5.95444400355363,0.054926694456764,3.81600945645017,277.879095435978,9.95924683996414
0,0.65,1.6,11,0.147253354053936,5.95444400355363,0.054926694456764,3.81600945645017,277.879095435978,9.9726335085145
0,0.65,1.6,12,0.160640022604294,5.95444400355363,0.054926694456764,3.81600945645017,277.879095435978,9.98602017706486
0,0.65,1.6,13,0.174026691154652,5.95444400355363,0.054926694456764,3.81600945645017,277.879095435978,9.99940684561521
0,0.65,1.6,14,0.18741335970501,5.95444400355363,0.054926694456764,3.81600945645017,277.879095435978,10.0127935141656
0,0.65,1.6,15,0.200800028255368,5.95444400355363,0.054926694456764,3.81600945645017,277.879095435978,10.0261801827159
0,0.65,1.6,16,0.214186696805726,5.95444400355363,0.054926694456764,3.81600945645017,277.879095435978,10.0395668512663
0,0.65,1.6,17,0.227573365356084,5.95444400355363,0.054926694456764,3.81600945645017,277.879095435978,10.0529535198166
0,0.65,1.6,18,0.240960033906441,5.95444400355363,0.054926694456764,3.81600945645017,277.879095435978,10.066340188367
0,0.65,1.6,19,0.254346702456799,5.95444400355363,0.054926694456764,3.81600945645017,277.879095435978,10.0797268569174
0,0.65,1.6,20,0.267733371007157,5.95444400355363,0.054926694456764,3.81600945645017,277.879095435978,10.0931135254677
0,0.65,1.6,21,0.281120039557515,5.95444400355363,0.054926694456764,3.81600945645017,277.879095435978,10.1065001940181
0,0.65,1.6,22,0.294506708107873,5.95444400355363,0.054926694456764,3.81600945645017,277.879095435978,10.1198868625684
0,0.65,1.6,23,0.307893376658231,5.95444400355363,0.054926694456764,3.81600945645017,277.879095435978,10.1332735311188
0,0.65,1.6,24,0.321280045208589,5.95444400355363,0.054926694456764,3.81600945645017,277.879095435978,10.1466601996692
0,0.65,1.7,1,0.0133864591513968,6.0544301146146,0.0560262067363756,3.8976443941003,283.823693553219,10.0214871746027
0,0.65,1.7,2,0.0267698710778559,5.97475898449322,0.0560198299771294,3.84820649899836,280.22366118224,9.90575518454657
0,0.65,1.7,3,0.0401534559567907,5.94967211793901,0.0560179456761067,3.83280853634306,279.102392489633,9.87865205591498
0,0.65,1.7,4,0.05353579242257,5.93137610753482,0.0560156972829821,3.82163873352175,278.289015389914,9.86256633076213
0,0.65,1.7,5,0.0669121253234454,5.9172558673397,0.0560093229156935,3.8129187362563,277.654031388962,9.85309605183514
0,0.65,1.7,6,0.0802854142219707,5.91142729739079,0.0560029499989961,3.80929766328208,277.390347429562,9.85701332489383
0,0.65,1.7,7,0.0936653502289169,5.90886775242246,0.0560023722117814,3.80774381426459,277.277197248896,9.86627928912775
0,0.65,1.7,8,0.107046114547334,5.90641285546177,0.0560023722117814,3.80625854281096,277.16904083767,9.87571988503185
0,0.65,1.7,9,0.12042687886575,5.90601032043917,0.0560023722117814,3.80601453300596,277.151272217161,9.88845410452267
0,0.65,1.7,10,0.133807643184167,5.90601032043917,0.0560023722117814,3.80601453300596,277.151272217161,9.90183486884109
0,0.65,1.7,11,0.147188407502584,5.90601032043917,0.0560023722117814,3.80601453300596,277.151272217161,9.9152156331595
0,0.65,1.7,12,0.160569171821,5.90601032043917,0.0560023722117814,3.80601453300596,277.151272217161,9.92859639747792
0,0.65,1.7,13,0.173949936139417,5.90601032043917,0.0560023722117814,3.80601453300596,277.151272217161,9.94197716179633
0,0.65,1.7,14,0.187330700457834,5.90601032043917,0.0560023722117814,3.80601453300596,277.151272217161,9.95535792611475
0,0.65,1.7,15,0.20071146477625,5.90601032043917,0.0560023722117814,3.80601453300596,277.151272217161,9.96873869043317
0,0.65,1.7,16,0.214092229094667,5.90601032043917,0.0560023722117814,3.80601453300596,277.151272217161,9.98211945475158
0,0.65,1.7,17,0.227472993413084,5.90601032043917,0.0560023722117814,3.80601453300596,277.151272217161,9.99550021907
0,0.65,1.7,18,0.240853757731501,5.90601032043917,0.0560023722117814,3.80601453300596,277.151272217161,10.0088809833884
0,0.65,1.7,19,0.254234522049917,5.90601032043917,0.0560023722117814,3.80601453300596,277.151272217161,10.0222617477068
0,0.65,1.7,20,0.267615286368334,5.90601032043917,0.0560023722117814,3.80601453300596,277.151272217161,10.0356425120253
0,0.65,1.7,21,0.280996050686751,5.90601032043917,0.0560023722117814,3.80601453300596,277.151272217161,10.0490232763437
0,0.65,1.7,22,0.294376815005167,5.90601032043917,0.0560023722117814,3.80601453300596,277.151272217161,10.0624040406621
0,0.65,1.7,23,0.307757579323584,5.90601032043917,0.0560023722117814,3.80601453300596,277.151272217161,10.0757848049805
0,0.65,1.7,24,0.321138343642001,5.90601032043917,0.0560023722117814,3.80601453300596,277.151272217161,10.0891655692989
0,0.65,1.8,1,0.0133864591513969,6.22342572330487,0.0571172694886058,4.01972035305443,292.713178088252,10.3136498049993
0,0.65,1.8,2,0.0267698710778561,6.07926340710436,0.0571107685473937,3.93006816505557,286.184769500881,10.0932122117852
0,0.65,1.8,3,0.0401502368197411,6.0113956055801,0.0571042690858542,3.88771373244591,283.100549832248,9.99636384393161
0,0.65,1.8,4,0.053527557416942,5.97682806848305,0.0570977711034821,3.86623049747518,281.536155936259,9.95368389447866
0,0.65,1.8,5,0.0669018339088756,5.95304094399651,0.0570912745997725,3.85163220695171,280.473118799724,9.92866625945686
0,0.65,1.8,6,0.0802730673344857,5.93360429260912,0.0570847795742208,3.84000926729318,279.626744597701,9.91097140681101
0,0.65,1.8,7,0.0936412587322433,5.91778342156811,0.0570782860263225,3.8304200285753,278.928463052213,9.89892299490197
0,0.65,1.8,8,0.107006409140147,5.90521988494961,0.0570717939555733,3.82270908468979,278.366957600952,9.89200717273513
0,0.65,1.8,9,0.120368519595723,5.89593072094963,0.0570653033614694,3.81706002097054,277.9555967974,9.89042456487736
0,0.65,1.8,10,0.133727591136026,5.88847386189023,0.057058814243507,3.81243295774685,277.618657343293,9.89169322501661
0,0.65,1.8,11,0.147083624797639,5.88299728672665,0.0570523266011826,3.80902553689774,277.370531379737,9.89615877502321
0,0.65,1.8,12,0.160436678187022,5.87962291855083,0.057045860548497,3.80692250332921,277.217389970533,9.90402796061556
0,0.65,1.8,13,0.173806401369274,5.87733203080461,0.0570458605484969,3.80552032152871,277.115284088772,9.91370461425109
0,0.65,1.8,14,0.187176124551526,5.87563903930276,0.057045860548497,3.80447712971055,277.039319602283,9.92433815411333
0,0.65,1.8,15,0.200545847733778,5.87563903930276,0.057045860548497,3.80447712971055,277.039319602283,9.93770787729559
0,0.65,1.8,16,0.213915570916029,5.87563903930276,0.057045860548497,3.80447712971055,277.039319602283,9.95107760047784
0,0.65,1.8,17,0.227285294098281,5.87563903930276,0.057045860548497,3.80447712971055,277.039319602283,9.96444732366009
0,0.65,1.8,18,0.240655017280533,5.87563903930276,0.057045860548497,3.80447712971055,277.039319602283,9.97781704684234
0,0.65,1.8,19,0.254024740462785,5.87563903930276,0.057045860548497,3.80447712971055,277.039319602283,9.99118677002459
0,0.65,1.8,20,0.267394463645037,5.87563903930276,0.057045860548497,3.80447712971055,277.039319602283,10.0045564932068
0,0.65,1.8,21,0.280764186827289,5.87563903930276,0.057045860548497,3.80447712971055,277.039319602283,10.0179262163891
0,0.65,1.8,22,0.29413391000954,5.87563903930276,0.057045860548497,3.80447712971055,277.039319602283,10.0312959395713
0,0.65,1.8,23,0.307503633191792,5.87563903930276,0.057045860548497,3.80447712971055,277.039319602283,10.0446656627536
0,0.65,1.8,24,0.320873356374044,5.87563903930276,0.057045860548497,3.80447712971055,277.039319602283,10.0580353859359
0,0.65,1.9,1,0.0133864591513969,6.40391794254375,0.0581997893811691,4.14788644758513,302.046141965885,10.6233906386614
0,0.65,1.9,2,0.0267698710778561,6.22400430563791,0.0581931652303175,4.03565718982183,293.873687210564,10.3446245317679
0,0.65,1.9,3,0.0401502368197411,6.12850870357759,0.0581865425871821,3.97567292023712,289.505675348221,10.2025184032216
0,0.65,1.9,4,0.053527557416942,6.07281661380472,0.0581799214512482,3.94087045222631,286.971384372229,10.1253945448992
0,0.65,1.9,5,0.0669018339088756,6.03578712896387,0.0581733018220012,3.91803557163727,285.308564603335,10.078897836332
0,0.65,1.9,6,0.0802730673344857,6.00868370696653,0.0581666836989271,3.90131206526988,284.090770760074,10.0484355232698
0,0.65,1.9,7,0.0936412587322433,5.98646309205266,0.0581600670815116,3.88757336815779,283.090328604586,10.0258377860242
0,0.65,1.9,8,0.107006409140147,5.96935308783536,0.0581534519692412,3.87715461656858,282.331642521591,10.0116675655133
0,0.65,1.9,9,0.120368519595723,5.95471442101954,0.0581468383616023,3.8682159582213,281.680735776128,10.0014457371982
0,0.65,1.9,10,0.133727591136026,5.94130740431509,0.0581402262580815,3.86001740362596,281.083722859668,9.99319262533516
0,0.65,1.9,11,0.147083624797639,5.93072159238676,0.0581336156581658,3.8535927603822,280.615884906579,9.98953159322476
0,0.65,1.9,12,0.160436621616673,5.92078335776141,0.0581270065613425,3.84747504467344,280.170397198363,9.98682203061286
0,0.65,1.9,13,0.173786582628769,5.91261422343762,0.0581203989670989,3.84240641844017,279.80130343985,9.98692762347366
0,0.65,1.9,14,0.187133508869095,5.90694286376516,0.0581137928749226,3.83886408242625,279.543353049917,9.99105424793543
0,0.65,1.9,15,0.200477401372352,5.90156702933195,0.0581071882843015,3.83548888934459,279.297573889473,9.99564050833319
0,0.65,1.9,16,0.213818261172766,5.89665103752694,0.0581005851947237,3.83240568073665,279.073056830804,10.0009755646311
0,0.65,1.9,17,0.227156089304098,5.89344238500031,0.0580939836056776,3.83038666130263,278.926033271141,10.0090791192127
0,0.65,1.9,18,0.240496104897459,5.89042573171545,0.0580886438789615,3.82849809952153,278.788509545009,10.0175085800134
0,0.65,1.9,19,0.253856999613985,5.88922070870196,0.0580886438789615,3.82775392007239,278.734318926635,10.0289202722673
0,0.65,1.9,20,0.26721789433051,5.88922070870196,0.0580886438789615,3.82775392007239,278.734318926635,10.0422811669838
0,0.65,1.9,21,0.280578789047036,5.88922070870196,0.0580886438789615,3.82775392007239,278.734318926635,10.0556420617003
0,0.65,1.9,22,0.293939683763561,5.88922070870196,0.0580886438789615,3.82775392007239,278.734318926635,10.0690029564169
0,0.65,1.9,23,0.307300578480087,5.88922070870196,0.0580886438789615,3.82775392007239,278.734318926635,10.0823638511334
0,0.65,1.9,24,0.320661473196612,5.88922070870196,0.0580886438789615,3.82775392007239,278.734318926635,10.0957247458499
0,0.65,2,1,0.0133864591513969,6.59872002955646,0.0592744326771388,4.2843315312753,311.981975947748,10.9557124526603
0,0.65,2,2,0.0267698710778561,6.3903297460968,0.0592676862131419,4.15399094907566,302.490667424125,10.6303582524635
0,0.65,2,3,0.0401502368197412,6.26134960589869,0.0592609412847007,4.07292628367654,296.587596126738,10.4336870676797
0,0.65,2,4,0.0535275574169422,6.18714864756551,0.059254197891291,4.02639838801347,293.199467845887,10.3263287908872
0,0.65,2,5,0.066901833908876,6.13526561135509,0.0592474560323888,3.99400067452771,290.840289384628,10.2554155758241
0,0.65,2,6,0.0802730673344861,6.09295769736048,0.0592407157074705,3.96764694061017,288.921229218258,10.2001184210126
0,0.65,2,7,0.0936412587322438,6.06028731575942,0.0592339769160125,3.94732844184417,287.441650584571,10.1604909932518
0,0.65,2,8,0.107006409140148,6.03174854672721,0.0592272396574915,3.92958708948712,286.149737920031,10.127569285012
0,0.65,2,9,0.120368519595724,6.00793462760569,0.0592205039313847,3.91473392617556,285.068141128283,10.1022575773084
0,0.65,2,10,0.133727591136027,5.98878567250002,0.0592137697371692,3.90270145499342,284.191945131886,10.0844284883666
0,0.65,2,11,0.14708362479764,5.97284056004781,0.0592070370743225,3.89272858682519,283.465727962585,10.071859808745
0,0.65,2,12,0.160436621616674,5.95940247941888,0.0592003059423222,3.88425882458677,282.848965898384,10.0632982315646
0,0.65,2,13,0.17378658262877,5.94685418960997,0.0591935763406464,3.87638935325818,282.275916591431,10.0562237018376
0,0.65,2,14,0.187133508869097,5.935842978148,0.0591868482687732,3.86949510480106,281.773882320594,10.0516584400869
0,0.65,2,15,0.200477401372353,5.92574313737389,0.059180121726181,3.86315334963975,281.312080218735,10.0485540101122
0,0.65,2,16,0.213818261172768,5.91640276480011,0.0591733967123485,3.85731220437409,280.886732173544,10.0467066270593
0,0.65,2,17,0.2271560893041,5.90795470277088,0.0591666732267545,3.85204828094102,280.503417011797,10.0463257462428
0,0.65,2,18,0.240490886799637,5.90023102250387,0.0591599512688783,3.84796326950209,280.205949383258,10.0478451300745
0,0.65,2,19,0.253822654692199,5.89402491179781,0.0591532308381991,3.84409777240364,279.924466632917,10.0510985697318
0,0.65,2,20,0.267151394014136,5.88818334051925,0.0591465119341966,3.84046983351372,279.660282702418,10.0549510799813
0,0.65,2,21,0.280477105797328,5.88311538455052,0.0591397945563506,3.83726057713903,279.426586934994,10.0599928620432
0,0.65,2,22,0.293799791073188,5.87804012238343,0.0591330787041411,3.83405667986235,279.193281413277,10.0650296720231
0,0.65,2,23,0.30711945087266,5.87404193303276,0.0591263643770486,3.83152351278952,279.008817988115,10.071811261072
0,0.65,2,24,0.320436086226219,5.87102702867692,0.0591196515745535,3.82960627652882,278.869206206766,10.0801890430065
0,0.65,2.1,1,0.0133864591513969,6.78968488138822,0.0603417832909648,4.41778654556846,321.700075202061,11.281199669399
0,0.65,2.1,2,0.026769871077856,6.56246039749545,0.0603349153438567,4.27533348518203,311.326744628847,10.9248986690992
0,0.65,2.1,3,0.040150236819741,6.41468710373909,0.060328048959955,4.18226838491609,304.549810196768,10.6974337744349
0,0.65,2.1,4,0.0535275574169418,6.3166926201242,0.0603211841387259,4.12064992918598,300.062798061223,10.5511912908658
0,0.65,2.1,5,0.0669018339088754,6.24894466141582,0.0603143208796363,4.07816074833081,296.968766121157,10.4543215645351
0,0.65,2.1,6,0.0802730673344853,6.19745174421776,0.0603074591821528,4.04586292268969,294.616861421725,10.3838951934241
0,0.65,2.1,7,0.0936412587322428,6.15386391021371,0.0603005990457425,4.01859704782881,292.631379800393,10.3264028158205
0,0.65,2.1,8,0.107006409140146,6.11810307179461,0.0602937404698729,3.99614262295595,290.996264546247,10.2815458443606
0,0.65,2.1,9,0.120368519595722,6.08755564543097,0.0602868834540114,3.97705031120482,289.605975979164,10.2452613596855
0,0.65,2.1,10,0.133727591136025,6.06031928932145,0.0602800279976258,3.96005070735559,288.368076913581,10.2143776158107
0,0.65,2.1,11,0.147083624797638,6.03504782171596,0.0602731741001844,3.94413084602386,287.208803930426,10.1865354666376
0,0.65,2.1,12,0.160436621616672,6.01213170719865,0.0602663217611552,3.92961162688998,286.151524716262,10.1624462774665
0,0.65,2.1,13,0.173786582628768,5.99201870020987,0.0602594709800069,3.91691840767816,285.227213518136,10.1429831614968
0,0.65,2.1,14,0.187133508869094,5.97574621048561,0.0602526217562083,3.90673036614978,284.485327577736,10.1298627072607
0,0.65,2.1,15,0.20047740137235,5.96259045044775,0.0602457740892284,3.89848730389948,283.885073645487,10.1218009298088
0,0.65,2.1,16,0.213818261172765,5.95055997075562,0.0602389279785364,3.89093688554721,283.335257549423,10.1155540454541
0,0.65,2.1,17,0.227156089304096,5.93836926632089,0.0602320834236019,3.8839844834166,282.828988569429,10.1097419224652
0,0.65,2.1,18,0.240490886799633,5.92796167475461,0.0602252404238946,3.8775179487903,282.358100115648,10.1061957507684
0,0.65,2.1,19,0.253822654692195,5.91791860304844,0.0602183989788845,3.87129137504728,281.904685442775,10.1032510317668
0,0.65,2.1,20,0.267151394014131,5.90803111274715,0.0602115590880418,3.86508476668579,281.45272463479,10.1004788325351
0,0.65,2.1,21,0.280477105797323,5.89890908700438,0.060204720750837,3.85931399005389,281.032500783478,10.0989049036064
0,0.65,2.1,22,0.293799791073183,5.89153872588146,0.0601978839667409,3.8546131485275,280.690188845824,10.1001495494489
0,0.65,2.1,23,0.307119450872655,5.88551763632276,0.0601910487352243,3.85078461297795,280.411397609195,10.1036127489086
0,0.65,2.1,24,0.320436086226214,5.88025674104388,0.0601842150557584,3.84747237144918,280.170202536073,10.108349413775
0,0.65,2.2,1,0.0133864591513969,6.98809593491888,0.061402356370297,4.5553887392659,331.720169111949,11.6182734897065
0,0.65,2.2,2,0.0267698710778561,6.74620191602658,0.0613953677114795,4.40331810304874,320.646493504838,11.2376852578647
0,0.65,2.2,3,0.0401502368197411,6.58210659657453,0.0613883806433434,4.29987279419312,313.113679663586,10.9835180082307
0,0.65,2.2,4,0.053527557416942,6.46777103751689,0.0613813951653457,4.22775210791144,307.861902566362,10.8104320980106
0,0.65,2.2,5,0.0669018339088756,6.38383549808416,0.0613744112769437,4.17480957612322,304.006665043685,10.6869213193932
0,0.65,2.2,6,0.0802730673344856,6.31950687244302,0.0613674289775948,4.13435506401829,301.060796235362,10.5955024327734
0,0.65,2.2,7,0.0936412587322432,6.26796692550611,0.0613604482667567,4.10195411545123,298.701382197782,10.5249227479563
0,0.65,2.2,8,0.107006409140147,6.22425569167649,0.0613534691438874,4.07429870495032,296.687534868103,10.4669142749108
0,0.65,2.2,9,0.120368519595723,6.18525797681987,0.0613464916084451,4.04988736055257,294.909918125525,10.4168603485766
0,0.65,2.2,10,0.133727591136026,6.15177233338147,0.0613395156598883,4.02876481045753,293.371789045737,10.3756042506349
0,0.65,2.2,11,0.147083624797639,6.1217375606498,0.0613325412976757,4.00978732170138,291.989861807509,10.3399410484465
0,0.65,2.2,12,0.160436621616673,6.09508835795406,0.0613255685212662,3.9929660518723,290.764948898478,10.3098165999643
0,0.65,2.2,13,0.173786582628769,6.06997832548702,0.0613185973301191,3.97712594361322,289.611483477369,10.2822094490591
0,0.65,2.2,14,0.187133508869095,6.04590477272674,0.0613116277236938,3.96198687623449,288.509067354726,10.256336785554
0,0.65,2.2,15,0.200477401372351,6.02491813069006,0.0613046597014499,3.94886038614124,287.553205679071,10.2355605779051
0,0.65,2.2,16,0.213818261172766,6.00442703474514,0.0612976932628474,3.9365876807313,286.659515997012,10.2161306699121
0,0.65,2.2,17,0.227156089304098,5.98701839891955,0.0612907284073466,3.9255581255088,285.856351627724,10.2010233421398
0,0.65,2.2,18,0.240490886799635,5.97225847761981,0.0612837651344078,3.91639785972125,285.189307586023,10.1904309892751
0,0.65,2.2,19,0.253822654692196,5.95892749505411,0.0612768034434917,3.90798694196502,284.576830535177,10.1820138951548
0,0.65,2.2,20,0.267151394014133,5.94733315709707,0.0612698433340592,3.90062000406271,284.040375355023,10.176374398508
0,0.65,2.2,21,0.280477105797325,5.93612084613716,0.0612628848055715,3.89340427091542,283.514930797624,10.1712651076555
0,0.65,2.2,22,0.293799791073185,5.92715750521711,0.06125592785749,3.8877257999329,283.10142857807,10.1699390240807
0,0.65,2.2,23,0.307119450872657,5.9194603143147,0.0612489724892764,3.88286252650717,282.747288464996,10.1706912641838
0,0.65,2.2,24,0.320436086226216,5.91191326776654,0.0612420187003925,3.87809276934975,282.399958140089,10.1716841420429
0,0.65,2.3,1,0.0133864591513969,7.19679490700978,0.0624566091266447,4.69907821552687,342.183534610055,11.9717161908147
0,0.65,2.3,2,0.0267698710778561,6.94354169256376,0.0624495004754808,4.53949741481796,330.562974164382,11.5722584789351
0,0.65,2.3,3,0.0401502368197412,6.76661690144411,0.0624423934423096,4.42768821378525,322.421107641522,11.2968977454914
0,0.65,2.3,4,0.0535275574169421,6.63805355419979,0.0624352880265788,4.34632890205061,316.496580407476,11.1003453016939
0,0.65,2.3,5,0.0669018339088758,6.54136243477508,0.0624281842277363,4.28519090398756,312.044554857641,10.9558833568993
0,0.65,2.3,6,0.0802730673344859,6.464964955839,0.0624210820452303,4.23694444902742,308.531282310673,10.8446035542461
0,0.65,2.3,7,0.0936412587322436,6.40438249646075,0.0624139814785092,4.19866297307138,305.743652449684,10.7591007097429
0,0.65,2.3,8,0.107006409140147,6.35490109960893,0.0624068825270217,4.16739490223649,303.466733763086,10.6917092935126
0,0.65,2.3,9,0.120368519595724,6.31019961776071,0.0623997851902166,4.13925123256262,301.417331747584,10.6322191551093
0,0.65,2.3,10,0.133727591136027,6.26866837370198,0.0623926894675432,4.11300923024452,299.506407796843,10.5777978845501
0,0.65,2.3,11,0.14708362479764,6.23188203437544,0.0623855953584508,4.08975098914824,297.812759216822,10.5311022436798
0,0.65,2.3,12,0.160436621616674,6.20001667530577,0.0623785028623891,4.06957856817658,296.343817864256,10.4924103679614
0,0.65,2.3,13,0.17378658262877,6.17107586960386,0.0623714119788081,4.05130372524684,295.013056795527,10.4585375894583
0,0.65,2.3,14,0.187133508869096,6.14548755165263,0.0623643227071579,4.03519808284353,293.840255366829,10.4301834660724
0,0.65,2.3,15,0.200477401372353,6.12189965300603,0.0623572350468889,4.02045182306308,292.766443214207,10.4051861124883
0,0.65,2.3,16,0.213818261172767,6.09770702914278,0.0623501489974517,4.00581294854974,291.700450780385,10.3796883878627
0,0.65,2.3,17,0.227156089304099,6.0760061275582,0.0623430645582974,3.99225821760756,290.71340491059,10.3577634990282
0,0.65,2.3,18,0.240490886799636,6.05636481421491,0.062335981728877,3.98000753429276,289.821318861842,10.3391992170362
0,0.65,2.3,19,0.253822654692198,6.03828516333725,0.062328900508642,3.96864146554044,288.993649816573,10.3230781840785
0,0.65,2.3,20,0.267151394014135,6.0222120538183,0.062321820897044,3.95844767813227,288.251345465293,10.3101329468618
0,0.65,2.3,21,0.280477105797327,6.00770367494205,0.062314742893535,3.94931096621039,287.586016599344,10.2998064898433
0,0.65,2.3,22,0.293799791073187,5.99486306855783,0.0623076664975671,3.94120244041022,286.995559515737,10.2921729665388
0,0.65,2.3,23,0.307119450872659,5.98379817786872,0.0623005917085927,3.93415563233674,286.482415962107,10.2873738527867
0,0.65,2.3,24,0.320436086226218,5.9730616676592,0.0622935185260644,3.92729492119546,285.982823854765,10.2830861936069
0,0.65,2.4,1,0.0133864591513969,7.39976328338557,0.0635049495668083,4.8388227480547,352.359632110369,12.3154774401585
0,0.65,2.4,2,0.0267698710778561,7.13814648405156,0.0634977215962226,4.6735988630954,340.328146281815,11.902012939821
0,0.65,2.4,3,0.0401502368197412,6.95215157897516,0.0634904952707877,4.55578351225972,331.748916200676,11.6115758233254
0,0.65,2.4,4,0.0535275574169422,6.81227110567344,0.0634832705899422,4.4670449235087,325.287035260963,11.396326857189
0,0.65,2.4,5,0.0669018339088758,6.70568057881502,0.0634760475531245,4.3995180921995,320.369779416604,11.2355765524765
0,0.65,2.4,6,0.0802730673344859,6.62298734819378,0.0634688261597738,4.3471775828099,316.558380736955,11.1139068244979
0,0.65,2.4,7,0.0936412587322435,6.55548330988724,0.063461606409329,4.30444583790989,313.446685455608,11.0170320129387
0,0.65,2.4,8,0.107006409140147,6.49811911959534,0.0634543883012297,4.26816611809951,310.804822053896,10.9367460351362
0,0.65,2.4,9,0.120368519595724,6.44933730090433,0.0634471718349155,4.23729486474608,308.55679933416,10.870447857081
0,0.65,2.4,10,0.133727591136027,6.40359130108725,0.0634399570098262,4.20834847918691,306.448944118622,10.80910732842
0,0.65,2.4,11,0.14708362479764,6.36272187658067,0.0634327438254021,4.1824772005812,304.565016005033,10.7557154457849
0,0.65,2.4,12,0.160436621616674,6.3253107594748,0.0634255322810836,4.15883031220507,302.843066406421,10.7080032255776
0,0.65,2.4,13,0.17378658262877,6.29233122152804,0.0634183223763115,4.1381775992318,301.339150531787,10.6677137257649
0,0.65,2.4,14,0.187133508869096,6.26316356985026,0.0634111141105265,4.11990322553371,300.008423632172,10.6336114183636
0,0.65,2.4,15,0.200477401372353,6.23593595827175,0.0634039074831699,4.1029585145055,298.774521822787,10.6027757816328
0,0.65,2.4,16,0.213818261172767,6.21063047072985,0.0633967024936832,4.0874391163283,297.644410281815,10.5752845507246
0,0.65,2.4,17,0.227156089304099,6.18788749120655,0.063389499141508,4.07321995700508,296.608981209721,10.5516530366572
0,0.65,2.4,18,0.240490886799636,6.16687873161407,0.0633822974260864,4.06004833048954,295.649832731885,10.5308002463293
0,0.65,2.4,19,0.253822654692198,6.14740592822511,0.0633750973468604,4.04774706200442,294.754063107001,10.5123507422686
0,0.65,2.4,20,0.267151394014135,6.12967253744558,0.0633678989032727,4.03660048896375,293.942377583393,10.4967923193267
0,0.65,2.4,21,0.280477105797327,6.11448126300743,0.0633607020947658,4.02704153697335,293.246301495867,10.4853606078729
0,0.65,2.4,22,0.293799791073187,6.10058321631453,0.0633535069207827,4.01832871106724,292.611839708203,10.4760652253757
0,0.65,2.4,23,0.307119450872659,6.08795871668172,0.0633463133807667,4.01039842263873,292.034361743274,10.4688229035739
0,0.65,2.4,24,0.320436086226218,6.07599684959727,0.0633391214741613,4.00282408101519,291.482803571604,10.4625961383128
0,0.65,2.5,1,0.0133864591513969,7.6107410780357,0.0645477436019435,4.98335895970529,362.884656277519,12.6720342404943
0,0.65,2.5,2,0.0267698710778561,7.34244265683146,0.0645403969432135,4.81352697685064,350.517612036583,12.2472799017032
0,0.65,2.5,3,0.040150236819741,7.14616188249677,0.0645330519566487,4.68895937503011,341.446687839577,11.9398045463033
0,0.65,2.5,4,0.0535275574169419,6.99484596789648,0.0645257086416787,4.59274526534795,334.440444780754,11.7056444993031
0,0.65,2.5,5,0.0669018339088755,6.87607714358199,0.0645183669977326,4.5174025766503,328.954043758443,11.5248999211389
0,0.65,2.5,6,0.0802730673344855,6.78434611761796,0.0645110270242402,4.45920434195474,324.716089686857,11.3883345539314
0,0.65,2.5,7,0.093641258732243,6.71307387865459,0.0645036887206315,4.41397428868278,321.42246936616,11.2851931147902
0,0.65,2.5,8,0.107006409140147,6.64925394078647,0.0644963520863365,4.37352839511164,318.477228153341,11.1942850971246
0,0.65,2.5,9,0.120368519595723,6.59361030550109,0.0644890171207859,4.33825583273919,315.90870524017,11.1167236749568
0,0.65,2.5,10,0.133727591136026,6.5464522660764,0.0644816838234103,4.30837232661286,313.732609571224,11.0530338676487
0,0.65,2.5,11,0.147083624797639,6.50357342421179,0.0644743521936407,4.28119148068643,311.753319696443,10.9963228818895
0,0.65,2.5,12,0.160436621616673,6.46226322880081,0.0644670222309084,4.25516351449733,309.857981704437,10.9423303871457
0,0.65,2.5,13,0.173786582628768,6.42335516076297,0.0644596939346447,4.23065362814782,308.073189206994,10.8922550654742
0,0.65,2.5,14,0.187133508869094,6.38790501630411,0.0644523673042816,4.20825196998468,306.441916387133,10.8477428624622
0,0.65,2.5,15,0.200477401372351,6.35516968676709,0.064445042339251,4.18791039311019,304.960657221995,10.8080025235889
0,0.65,2.5,16,0.213818261172765,6.32527234356845,0.0644377190389851,4.16930548413573,303.605860978564,10.7728338079159
0,0.65,2.5,17,0.227156089304097,6.30068181452842,0.0644303974029166,4.15385940815348,302.481088707698,10.7461277093889
0,0.65,2.5,18,0.240490886799634,6.27800232331493,0.0644230774304782,4.13960528584924,301.443113656184,10.7225215733943
0,0.65,2.5,19,0.253822654692195,6.25721747311895,0.0644157591211029,4.12651095345568,300.489593681355,10.7019668403879
0,0.65,2.5,20,0.267151394014132,6.23666358030345,0.0644084424742241,4.11356725278767,299.547042601681,10.6817906695795
0,0.65,2.5,21,0.280477105797324,6.21889905123863,0.0644011274892752,4.10238444215896,298.732718282677,10.6661617266842
0,0.65,2.5,22,0.293799791073184,6.20382929719515,0.0643938141656903,4.09289872306069,298.041974962287,10.6549216254947
0,0.65,2.5,23,0.307119450872655,6.19003236603098,0.0643865025029032,4.08409460846102,297.400865596865,10.6456329278676
0,0.65,2.5,24,0.320436086226214,6.17737817416086,0.0643791925003483,4.07600093934078,296.811490366127,10.6381943922282
