PV_gen_share	OcM	REM	Storage_hrs	BackupShare	Storage_LCOH	GreenHydrogen_LCOH	Transport_LCHS	Electricity_LCOH	Total_LCOH
1	0.5	3.4	15	0.396829406	0.291171824	8.4699771	0.065726001	3.665957392	12.49283232
1	0.5	3.3	15	0.414744141	0.291191138	8.473288694	0.06493344	3.667391922	12.49680519
1	0.5	3.2	15	0.432659249	0.291210454	8.476815671	0.064137757	3.668919753	12.50108363
1	0.5	3.1	15	0.450574428	0.291229773	8.480574527	0.063338811	3.67054803	12.50569114
1	0.5	3	15	0.468489757	0.291249094	8.484590042	0.062536446	3.672287487	12.51066307
1	0.5	3.4	16	0.396829406	0.310583279	8.4699771	0.065726001	3.665957392	12.51224377
1	0.5	3.3	16	0.414744141	0.310603881	8.473288694	0.06493344	3.667391922	12.51621794
1	0.5	3.2	16	0.432659249	0.310624484	8.476815671	0.064137757	3.668919753	12.52049766
1	0.5	3.1	16	0.450574428	0.310645091	8.480574527	0.063338811	3.67054803	12.52510646
1	0.5	3	16	0.468489757	0.3106657	8.484590042	0.062536446	3.672287487	12.53007967
1	0.5	3.4	17	0.396829406	0.329994734	8.4699771	0.065726001	3.665957392	12.53165523
1	0.5	4.2	15	0.257626187	0.290954906	8.493498098	0.071952835	3.676146315	12.53255215
1	0.4	3.1	15	0.528350231	0.291286955	7.906537385	0.058289361	4.277355332	12.53346903
1	0.5	3.3	17	0.414744141	0.330016623	8.473288694	0.06493344	3.667391922	12.53563068
1	0.5	4.1	15	0.275307297	0.291042383	8.496764706	0.071197999	3.677561357	12.53656645
1	0.5	4.3	15	0.240307542	0.290913573	8.496195207	0.072716641	3.67731466	12.53714008
1	0.5	3.2	17	0.432659249	0.330038515	8.476815671	0.064137757	3.668919753	12.5399117
1	0.5	4	15	0.293223215	0.291061679	8.500200418	0.070424023	3.679049654	12.54073577
1	0.4	3.4	15	0.483017415	0.291285605	7.911214093	0.060266507	4.279887676	12.54265388
1	0.5	3.1	17	0.450574428	0.330060409	8.480574527	0.063338811	3.67054803	12.54452178
1	0.5	3.9	15	0.311139543	0.291080978	8.503820355	0.069647686	3.680617752	12.54516677
1	0.5	3	17	0.468489757	0.330082307	8.484590042	0.062536446	3.672287487	12.54949628
1	0.5	3.8	15	0.329056044	0.29110028	8.507636348	0.068868899	3.68227078	12.54987631
1	0.4	3.7	15	0.437840052	0.291239013	7.915138204	0.062210701	4.282012505	12.55060042
1	0.5	3.4	18	0.396829406	0.349406189	8.4699771	0.065726001	3.665957392	12.55106668
1	0.5	4.2	16	0.257626187	0.3103519	8.493498098	0.071952835	3.676146315	12.55194915
1	0.4	3.1	16	0.528350231	0.310706085	7.906537385	0.058289361	4.277355332	12.55288816
1	0.5	4.3	16	0.240307542	0.310272535	8.494925423	0.072708374	3.676764609	12.55467094
1	0.5	3.7	15	0.346972594	0.291119584	8.51166297	0.068087569	3.684015049	12.55488517
1	0.5	3.3	18	0.414744141	0.349429366	8.473288694	0.06493344	3.667391922	12.55504342
1	0.5	4.1	16	0.275307297	0.310445209	8.496764706	0.071197999	3.677561357	12.55596927
1	0.4	4	15	0.392662769	0.291192435	7.918477807	0.064133789	4.283820833	12.55762486
1	0.5	3.2	18	0.432659249	0.349452545	8.476815671	0.064137757	3.668919753	12.55932573
1	0.5	4	16	0.293223215	0.310465791	8.500200418	0.070424023	3.679049654	12.56013989
1	0.5	3.6	15	0.364889468	0.29113889	8.515921759	0.067303596	3.685859888	12.56022413
1	0.4	3.4	16	0.483017415	0.310704645	7.911214093	0.060266507	4.279887676	12.56207292
1	0.4	4.3	15	0.347485615	0.291145873	7.921355244	0.066038047	4.285378908	12.56391807
1	0.5	3.1	18	0.450574428	0.349475727	8.480574527	0.063338811	3.67054803	12.56393709
1	0.5	3.9	16	0.311139543	0.310486377	8.503820355	0.069647686	3.680617752	12.56457217
1	0.5	3.5	15	0.382807004	0.2911582	8.520437678	0.066516873	3.687816113	12.56592886
1	0.5	4.4	15	0.224587643	0.290913363	8.517797592	0.07348859	3.686672469	12.56887201
1	0.5	3	18	0.468489757	0.349498913	8.484590042	0.062536446	3.672287487	12.56891289
1	0.5	3.8	16	0.329056044	0.310506965	8.507636348	0.068868899	3.68227078	12.56928299
1	0.4	4.6	15	0.302308429	0.291099326	7.9238587	0.067925361	4.28673448	12.56961787
1	0.4	3.7	16	0.437840052	0.310654947	7.915138204	0.062210701	4.282012505	12.57001636
1	0.5	3.4	19	0.396829406	0.368817644	8.4699771	0.065726001	3.665957392	12.57047814
1	0.5	4.2	17	0.257626187	0.329748894	8.493498098	0.071952835	3.676146315	12.57134614
1	0.5	4.3	17	0.240307542	0.329627094	8.493656018	0.072700109	3.676214723	12.57219795
1	0.4	3.1	17	0.528350231	0.330125216	7.906537385	0.058289361	4.277355332	12.57230729
1	0.5	3.7	16	0.346972594	0.310527556	8.51166297	0.068087569	3.684015049	12.57429314
1	0.5	3.3	19	0.414744141	0.368842108	8.473288694	0.06493344	3.667391922	12.57445616
1	0.4	4.9	15	0.257131308	0.291052793	7.926057617	0.069797313	4.28792515	12.57483287
1	0.5	4.1	17	0.275307297	0.329848034	8.496764706	0.071197999	3.677561357	12.5753721
1	0.4	3.2	15	0.514820772	0.291286955	7.933972285	0.058951286	4.292210785	12.57642131
1	0.4	4	16	0.392662769	0.310605264	7.918477807	0.064133789	4.283820833	12.57703769
1	0.5	3.2	19	0.432659249	0.368866575	8.476815671	0.064137757	3.668919753	12.57873976
1	0.5	4	17	0.293223215	0.329869903	8.500200418	0.070424023	3.679049654	12.579544
1	0.5	3.6	16	0.364889468	0.31054815	8.515921759	0.067303596	3.685859888	12.57963339
1	0.5	4.4	16	0.224246113	0.31027231	8.512810771	0.073480235	3.684512258	12.58107557
1	0.4	3.4	17	0.483017415	0.330123685	7.911214093	0.060266507	4.279887676	12.58149196
1	0.4	3.5	15	0.469535203	0.291271969	7.936191635	0.060917473	4.293412519	12.5817936
1	0.4	4.3	16	0.347485615	0.310555598	7.921355244	0.066038047	4.285378908	12.5833278
1	0.5	3.1	19	0.450574428	0.368891045	8.480574527	0.063338811	3.67054803	12.58335241
1	0.5	3.9	17	0.311139543	0.329891775	8.503820355	0.069647686	3.680617752	12.58397757
1	0.5	3.5	16	0.382807004	0.310568746	8.520437678	0.066516873	3.687816113	12.58533941
1	0.4	3.8	15	0.424358197	0.291225381	7.938061967	0.062854363	4.294425267	12.58656698
1	0.5	3	19	0.468489757	0.368915519	8.484590042	0.062536446	3.672287487	12.58832949
1	0.5	3.8	17	0.329056044	0.32991365	8.507636348	0.068868899	3.68227078	12.58868968
1	0.4	4.6	16	0.302308429	0.310505947	7.9238587	0.067925361	4.28673448	12.58902449
1	0.4	3.7	17	0.437840052	0.330070881	7.915138204	0.062210701	4.282012505	12.58943229
1	0.5	4.3	18	0.240307542	0.348977255	8.492386993	0.072691846	3.675665002	12.5897211
1	0.5	3.4	20	0.396829406	0.388229099	8.4699771	0.065726001	3.665957392	12.58988959
1	0.5	4.2	18	0.257626187	0.349145888	8.493498098	0.071952835	3.676146315	12.59074314
1	0.4	4.1	15	0.379181238	0.291178809	7.939659908	0.064770955	4.29529052	12.59090019
1	0.4	3.1	18	0.528350231	0.349544346	7.906537385	0.058289361	4.277355332	12.59172642
1	0.5	3.7	17	0.346972594	0.329935528	8.51166297	0.068087569	3.684015049	12.59370112
1	0.5	4.4	17	0.22393981	0.329626856	8.5082149	0.073471882	3.6825214	12.59383504
1	0.5	3.3	20	0.414744141	0.388254851	8.473288694	0.06493344	3.667391922	12.59386891
1	0.4	4.9	16	0.257131308	0.310456312	7.926057617	0.069797313	4.28792515	12.59423639
1	0.5	4.1	18	0.275307297	0.34925086	8.496764706	0.071197999	3.677561357	12.59477492
1	0.4	4.4	15	0.334004298	0.291132251	7.941040685	0.066669385	4.296038183	12.5948805
1	0.4	3.2	16	0.514820772	0.310706085	7.933972285	0.058951286	4.292210785	12.59584044
1	0.4	4	17	0.392662769	0.330018093	7.918477807	0.064133789	4.283820833	12.59645052
1	0.5	3.2	20	0.432659249	0.388280605	8.476815671	0.064137757	3.668919753	12.59815379
1	0.4	4.7	15	0.288827404	0.291085707	7.9422461	0.068551427	4.296690891	12.59857413
1	0.5	4	18	0.293223215	0.349274015	8.500200418	0.070424023	3.679049654	12.59894811
1	0.5	3.6	17	0.364889468	0.329957409	8.515921759	0.067303596	3.685859888	12.59904265
1	0.4	3.4	18	0.483017415	0.349542726	7.911214093	0.060266507	4.279887676	12.600911
1	0.4	3.5	16	0.469535203	0.3106901	7.936191635	0.060917473	4.293412519	12.60121173
1	0.4	5	15	0.243650539	0.291039179	7.943307465	0.070418579	4.2972656	12.60203082
1	0.4	4.3	17	0.347485615	0.329965323	7.921355244	0.066038047	4.285378908	12.60273752
1	0.5	3.1	20	0.450574428	0.388306364	8.480574527	0.063338811	3.67054803	12.60276773
1	0.5	3.9	18	0.311139543	0.349297174	8.503820355	0.069647686	3.680617752	12.60338297
1	0.5	3.5	17	0.382807004	0.329979293	8.520437678	0.066516873	3.687816113	12.60474996
1	0.4	3.8	16	0.424358197	0.310640407	7.938061967	0.062854363	4.294425267	12.605982
1	0.5	4.3	19	0.240307542	0.368323017	8.491118347	0.072683585	3.675115445	12.60724039
1	0.5	3	20	0.468489757	0.388332125	8.484590042	0.062536446	3.672287487	12.6077461
1	0.5	3.8	18	0.329056044	0.349320336	8.507636348	0.068868899	3.68227078	12.60809636
1	0.4	4.6	17	0.302308429	0.329912569	7.9238587	0.067925361	4.28673448	12.60843111
1	0.5	4.4	18	0.223764661	0.348977002	8.505056582	0.073463532	3.681153266	12.60865038
1	0.4	3.7	18	0.437840052	0.349486815	7.915138204	0.062210701	4.282012505	12.60884822
1	0.5	3.4	21	0.396829406	0.407640554	8.4699771	0.065726001	3.665957392	12.60930105
1	0.5	4.2	19	0.257626187	0.368542881	8.493498098	0.071952835	3.676146315	12.61014013
1	0.4	4.1	16	0.379181238	0.310590729	7.939659908	0.064770955	4.29529052	12.61031211
1	0.4	3.1	19	0.528350231	0.368963477	7.906537385	0.058289361	4.277355332	12.61114555
1	0.5	3.7	18	0.346972594	0.349343501	8.51166297	0.068087569	3.684015049	12.61310909
1	0.5	3.3	21	0.414744141	0.407667593	8.473288694	0.06493344	3.667391922	12.61328165
1	0.4	4.9	17	0.257131308	0.329859832	7.926057617	0.069797313	4.28792515	12.61363991
1	0.5	4.1	19	0.275307297	0.368653685	8.496764706	0.071197999	3.677561357	12.61417775
1	0.4	4.4	16	0.334004298	0.310541067	7.941040685	0.066669385	4.296038183	12.61428932
1	0.4	3	15	0.546632227	0.291286955	7.959984589	0.057624473	4.306295931	12.61519195
1	0.4	3.2	17	0.514820772	0.330125216	7.933972285	0.058951286	4.292210785	12.61525957
1	0.4	4	18	0.392662769	0.349430922	7.918477807	0.064133789	4.283820833	12.61586335
1	0.4	3.3	15	0.501295431	0.291286955	7.959984285	0.059610385	4.306295766	12.61717739
1	0.5	3.2	21	0.432659249	0.407694636	8.476815671	0.064137757	3.668919753	12.61756782
1	0.4	4.7	16	0.288827404	0.310491421	7.9422461	0.068551427	4.296690891	12.61797984
1	0.5	4	19	0.293223215	0.368678127	8.500200418	0.070424023	3.679049654	12.61835222
1	0.5	3.6	18	0.364889468	0.349366669	8.515921759	0.067303596	3.685859888	12.61845191
1	0.4	3.6	15	0.45605693	0.291258335	7.959984496	0.061565909	4.306295881	12.61910462
1	0.4	3.4	19	0.483017415	0.368961766	7.911214093	0.060266507	4.279887676	12.62033004
1	0.4	3.5	17	0.469535203	0.330108232	7.936191635	0.060917473	4.293412519	12.62062986
1	0.4	3.9	15	0.410880145	0.291211752	7.959984675	0.063495782	4.306295977	12.62098819
1	0.4	5	16	0.243650539	0.310441791	7.943307465	0.070418579	4.2972656	12.62143344
1	0.4	4.3	18	0.347485615	0.349375048	7.921355244	0.066038047	4.285378908	12.62214725
1	0.5	3.1	21	0.450574428	0.407721682	8.480574527	0.063338811	3.67054803	12.62218305
1	0.5	3.9	19	0.311139543	0.368702573	8.503820355	0.069647686	3.680617752	12.62278837
1	0.4	4.2	15	0.365703329	0.291165183	7.95998443	0.065406115	4.306295845	12.62285157
1	0.5	3.5	18	0.382807004	0.34938984	8.520437678	0.066516873	3.687816113	12.6241605
1	0.5	4.4	19	0.223650818	0.36832275	8.502569902	0.073455183	3.680076076	12.62442391
1	0.4	4.5	15	0.320526544	0.291118629	7.959984589	0.067298912	4.306295931	12.62469806
1	0.4	3.8	17	0.424358197	0.330055432	7.938061967	0.062854363	4.294425267	12.62539703
1	0.5	4.3	20	0.240307542	0.387683061	8.490387767	0.072678828	3.674798969	12.62554862
1	0.4	4.8	15	0.275349727	0.291072091	7.95998438	0.069175849	4.306295818	12.62652814
1	0.5	3	21	0.468489757	0.407748732	8.484590042	0.062536446	3.672287487	12.62716271
1	0.5	3.8	19	0.329056044	0.368727021	8.507636348	0.068868899	3.68227078	12.62750305
1	0.4	4.6	18	0.302308429	0.349319191	7.9238587	0.067925361	4.28673448	12.62783773
1	0.4	3.7	19	0.437840052	0.368902749	7.915138204	0.062210701	4.282012505	12.62826416
1	0.5	3.4	22	0.396829406	0.427052009	8.4699771	0.065726001	3.665957392	12.6287125
1	0.5	4.2	20	0.257626187	0.387939875	8.493498098	0.071952835	3.676146315	12.62953712
1	0.4	4.1	17	0.379181238	0.33000265	7.939659908	0.064770955	4.29529052	12.62972403
1	0.4	3.1	20	0.528350231	0.388382607	7.906537385	0.058289361	4.277355332	12.63056469
1	0.5	3.7	19	0.346972594	0.368751473	8.51166297	0.068087569	3.684015049	12.63251706
1	0.5	3.3	22	0.414744141	0.427080336	8.473288694	0.06493344	3.667391922	12.63269439
1	0.4	4.9	18	0.257131308	0.349263352	7.926057617	0.069797313	4.28792515	12.63304343
1	0.5	4.1	20	0.275307297	0.388056511	8.496764706	0.071197999	3.677561357	12.63358057
1	0.4	4.4	17	0.334004298	0.329949884	7.941040685	0.066669385	4.296038183	12.63369814
1	0.4	3	16	0.546632227	0.310706085	7.959984589	0.057624473	4.306295931	12.63461108
1	0.4	3.2	18	0.514820772	0.349544346	7.933972285	0.058951286	4.292210785	12.6346787
1	0.4	4	19	0.392662769	0.368843751	7.918477807	0.064133789	4.283820833	12.63527618
1	0.4	3.3	16	0.501295431	0.310706085	7.959984285	0.059610385	4.306295766	12.63659652
1	0.5	3.2	22	0.432659249	0.427108666	8.476815671	0.064137757	3.668919753	12.63698185
1	0.4	4.7	17	0.288827404	0.329897135	7.9422461	0.068551427	4.296690891	12.63738555
1	0.5	4	20	0.293223215	0.388082239	8.500200418	0.070424023	3.679049654	12.63775633
1	0.5	3.6	19	0.364889468	0.368775928	8.515921759	0.067303596	3.685859888	12.63786117
1	0.4	3.6	16	0.45605693	0.310675557	7.959984496	0.061565909	4.306295881	12.63852184
1	0.5	4.5	15	0.211416524	0.290913152	8.566072253	0.07425858	3.707584285	12.63882827
1	0.4	3.4	20	0.483017415	0.388380806	7.911214093	0.060266507	4.279887676	12.63974908
1	0.4	3.5	18	0.469535203	0.349526363	7.936191635	0.060917473	4.293412519	12.64004799
1	0.5	4.4	20	0.223536975	0.387664102	8.500084676	0.073446836	3.678999516	12.64019513
1	0.4	3.9	16	0.410880145	0.310625868	7.959984675	0.063495782	4.306295977	12.6404023
1	0.4	5	17	0.243650539	0.329844403	7.943307465	0.070418579	4.2972656	12.64083605
1	0.4	4.3	19	0.347485615	0.368784772	7.921355244	0.066038047	4.285378908	12.64155697
1	0.5	3.1	22	0.450574428	0.427137	8.480574527	0.063338811	3.67054803	12.64159837
1	0.5	3.9	20	0.311139543	0.388107971	8.503820355	0.069647686	3.680617752	12.64219376
1	0.4	4.2	16	0.365703329	0.310576195	7.95998443	0.065406115	4.306295845	12.64226258
1	0.5	3.5	19	0.382807004	0.368800386	8.520437678	0.066516873	3.687816113	12.64357105
1	0.4	4.5	16	0.320526544	0.310526538	7.959984589	0.067298912	4.306295931	12.64410597
1	0.5	4.5	16	0.21062616	0.310272085	8.556285581	0.074250138	3.703344854	12.64415266
1	0.4	3.8	18	0.424358197	0.349470458	7.938061967	0.062854363	4.294425267	12.64481205
1	0.5	4.3	21	0.240307542	0.407067214	8.490387767	0.072678828	3.674798969	12.64493278
1	0.4	4.8	16	0.275349727	0.310476897	7.95998438	0.069175849	4.306295818	12.64593294
1	0.5	3	22	0.468489757	0.427165338	8.484590042	0.062536446	3.672287487	12.64657931
1	0.5	3.8	20	0.329056044	0.388133706	8.507636348	0.068868899	3.68227078	12.64690973
1	0.4	4.6	19	0.302308429	0.368725812	7.9238587	0.067925361	4.28673448	12.64724435
1	0.4	3.7	20	0.437840052	0.388318683	7.915138204	0.062210701	4.282012505	12.64768009
1	0.5	3.4	23	0.396829406	0.446463464	8.4699771	0.065726001	3.665957392	12.64812396
1	0.5	4.2	21	0.257626187	0.407336869	8.493498098	0.071952835	3.676146315	12.64893412
1	0.4	4.1	18	0.379181238	0.34941457	7.939659908	0.064770955	4.29529052	12.64913595
1	0.4	3.1	21	0.528350231	0.407801737	7.906537385	0.058289361	4.277355332	12.64998382
1	0.5	3.7	20	0.346972594	0.388159445	8.51166297	0.068087569	3.684015049	12.65192503
1	0.5	3.3	23	0.414744141	0.446493078	8.473288694	0.06493344	3.667391922	12.65210713
1	0.4	4.9	19	0.257131308	0.368666871	7.926057617	0.069797313	4.28792515	12.65244695
1	0.5	4.5	17	0.210046583	0.329626617	8.548795507	0.074241698	3.700100273	12.65276409
1	0.5	4.1	21	0.275307297	0.407459336	8.496764706	0.071197999	3.677561357	12.6529834
1	0.4	4.4	18	0.334004298	0.349358701	7.941040685	0.066669385	4.296038183	12.65310695
1	0.4	3	17	0.546632227	0.330125216	7.959984589	0.057624473	4.306295931	12.65403021
1	0.4	3.2	19	0.514820772	0.368963477	7.933972285	0.058951286	4.292210785	12.65409783
1	0.4	4	20	0.392662769	0.38825658	7.918477807	0.064133789	4.283820833	12.65468901
1	0.5	4.4	21	0.223423131	0.407001058	8.497600905	0.073438491	3.677923586	12.65596404
1	0.4	3.3	17	0.501295431	0.330125216	7.959984285	0.059610385	4.306295766	12.65601565
1	0.5	3.2	23	0.432659249	0.446522696	8.476815671	0.064137757	3.668919753	12.65639588
1	0.4	4.7	18	0.288827404	0.349302849	7.9422461	0.068551427	4.296690891	12.65679127
1	0.5	4	21	0.293223215	0.407486351	8.500200418	0.070424023	3.679049654	12.65716045
1	0.5	3.6	20	0.364889468	0.388185187	8.515921759	0.067303596	3.685859888	12.65727043
1	0.4	3.6	17	0.45605693	0.33009278	7.959984496	0.061565909	4.306295881	12.65793907
1	0.4	3.4	21	0.483017415	0.407799847	7.911214093	0.060266507	4.279887676	12.65916812
1	0.4	3.5	19	0.469535203	0.368944494	7.936191635	0.060917473	4.293412519	12.65946612
1	0.4	3.9	17	0.410880145	0.330039985	7.959984675	0.063495782	4.306295977	12.65981642
1	0.4	5	18	0.243650539	0.349247015	7.943307465	0.070418579	4.2972656	12.66023866
1	0.4	4.3	20	0.347485615	0.388194497	7.921355244	0.066038047	4.285378908	12.6609667
1	0.5	3.1	23	0.450574428	0.446552318	8.480574527	0.063338811	3.67054803	12.66101369
1	0.5	3.9	21	0.311139543	0.40751337	8.503820355	0.069647686	3.680617752	12.66159916
1	0.4	4.2	17	0.365703329	0.329987207	7.95998443	0.065406115	4.306295845	12.6616736
1	0.5	4.5	18	0.209497668	0.348976749	8.541648894	0.07423326	3.697004474	12.66186338
1	0.5	3.5	20	0.382807004	0.388210933	8.520437678	0.066516873	3.687816113	12.6629816
1	0.4	4.5	17	0.320526544	0.329934447	7.959984589	0.067298912	4.306295931	12.66351388
1	0.4	3.8	19	0.424358197	0.368885483	7.938061967	0.062854363	4.294425267	12.66422708
1	0.5	4.3	22	0.240307542	0.426451367	8.490387767	0.072678828	3.674798969	12.66431693
1	0.4	4.8	17	0.275349727	0.329881703	7.95998438	0.069175849	4.306295818	12.66533775
1	0.5	3	23	0.468489757	0.446581944	8.484590042	0.062536446	3.672287487	12.66599592
1	0.5	3.8	21	0.329056044	0.407540392	8.507636348	0.068868899	3.68227078	12.66631642
1	0.4	4.6	20	0.302308429	0.388132434	7.9238587	0.067925361	4.28673448	12.66665098
1	0.4	3.7	21	0.437840052	0.407734618	7.915138204	0.062210701	4.282012505	12.66709603
1	0.5	3.4	24	0.396829406	0.465874919	8.4699771	0.065726001	3.665957392	12.66753541
1	0.5	4.2	22	0.257626187	0.426733863	8.493498098	0.071952835	3.676146315	12.66833111
1	0.4	4.1	19	0.379181238	0.368826491	7.939659908	0.064770955	4.29529052	12.66854787
1	0.4	3.1	22	0.528350231	0.427220868	7.906537385	0.058289361	4.277355332	12.66940295
1	0.5	3.7	21	0.346972594	0.407567417	8.51166297	0.068087569	3.684015049	12.67133301
1	0.5	3.3	24	0.414744141	0.465905821	8.473288694	0.06493344	3.667391922	12.67151988
1	0.5	4.4	22	0.223309288	0.426333621	8.495118586	0.073430148	3.676848284	12.67173064
1	0.4	4.9	20	0.257131308	0.388070391	7.926057617	0.069797313	4.28792515	12.67185047
1	0.5	4.1	22	0.275307297	0.426862162	8.496764706	0.071197999	3.677561357	12.67238622
1	0.4	4.4	19	0.334004298	0.368767517	7.941040685	0.066669385	4.296038183	12.67251577
1	0.4	3	18	0.546632227	0.349544346	7.959984589	0.057624473	4.306295931	12.67344934
1	0.4	3.2	20	0.514820772	0.388382607	7.933972285	0.058951286	4.292210785	12.67351696
1	0.5	4.5	19	0.209141861	0.368322483	8.536591822	0.074224824	3.694813831	12.67395296
1	0.4	4	21	0.392662769	0.407669409	7.918477807	0.064133789	4.283820833	12.67410184
1	0.4	3.3	18	0.501295431	0.349544346	7.959984285	0.059610385	4.306295766	12.67543478
1	0.5	3.2	24	0.432659249	0.465936727	8.476815671	0.064137757	3.668919753	12.67580991
1	0.4	4.7	19	0.288827404	0.368708563	7.9422461	0.068551427	4.296690891	12.67619698
1	0.5	4	22	0.293223215	0.426890463	8.500200418	0.070424023	3.679049654	12.67656456
1	0.5	3.6	21	0.364889468	0.407594447	8.515921759	0.067303596	3.685859888	12.67667969
1	0.4	3.6	18	0.45605693	0.349510002	7.959984496	0.061565909	4.306295881	12.67735629
1	0.4	3.4	22	0.483017415	0.427218887	7.911214093	0.060266507	4.279887676	12.67858716
1	0.4	3.5	20	0.469535203	0.388362626	7.936191635	0.060917473	4.293412519	12.67888425
1	0.4	3.9	18	0.410880145	0.349454102	7.959984675	0.063495782	4.306295977	12.67923054
1	0.4	5	19	0.243650539	0.368649627	7.943307465	0.070418579	4.2972656	12.67964127
1	0.4	4.3	21	0.347485615	0.407604222	7.921355244	0.066038047	4.285378908	12.68037642
1	0.5	3.1	24	0.450574428	0.465967636	8.480574527	0.063338811	3.67054803	12.680429
1	0.5	3.9	22	0.311139543	0.426918768	8.503820355	0.069647686	3.680617752	12.68100456
1	0.4	4.2	18	0.365703329	0.34939822	7.95998443	0.065406115	4.306295845	12.68108461
1	0.5	3.5	21	0.382807004	0.407621479	8.520437678	0.066516873	3.687816113	12.68239214
1	0.4	4.5	18	0.320526544	0.349342355	7.959984589	0.067298912	4.306295931	12.68292179
1	0.4	3.8	20	0.424358197	0.388300509	7.938061967	0.062854363	4.294425267	12.68364211
1	0.5	4.3	23	0.240307542	0.44583552	8.490387767	0.072678828	3.674798969	12.68370108
1	0.4	4.8	18	0.275349727	0.349286509	7.95998438	0.069175849	4.306295818	12.68474256
1	0.5	3	24	0.468489757	0.46599855	8.484590042	0.062536446	3.672287487	12.68541252
1	0.5	3.8	22	0.329056044	0.426947077	8.507636348	0.068868899	3.68227078	12.6857231
1	0.4	4.6	21	0.302308429	0.407539056	7.9238587	0.067925361	4.28673448	12.6860576
1	0.4	3.7	22	0.437840052	0.427150552	7.915138204	0.062210701	4.282012505	12.68651196
1	0.5	3.4	25	0.396829406	0.485286374	8.4699771	0.065726001	3.665957392	12.68694687
1	0.5	4.4	23	0.223195445	0.445661792	8.492637717	0.073421807	3.675773612	12.68749493
1	0.5	4.2	23	0.257626187	0.446130856	8.493498098	0.071952835	3.676146315	12.6877281
1	0.4	4.1	20	0.379181238	0.388238411	7.939659908	0.064770955	4.29529052	12.68795979
1	0.5	4.5	20	0.208913958	0.387663821	8.532915756	0.074216389	3.693221418	12.68801738
1	0.4	3.1	23	0.528350231	0.446639998	7.906537385	0.058289361	4.277355332	12.68882208
1	0.5	3.7	22	0.346972594	0.42697539	8.51166297	0.068087569	3.684015049	12.69074098
1	0.5	3.3	25	0.414744141	0.485318563	8.473288694	0.06493344	3.667391922	12.69093262
1	0.4	4.9	21	0.257131308	0.40747391	7.926057617	0.069797313	4.28792515	12.69125399
1	0.5	4.1	23	0.275307297	0.446264987	8.496764706	0.071197999	3.677561357	12.69178905
1	0.4	4.4	20	0.334004298	0.388176334	7.941040685	0.066669385	4.296038183	12.69192459
1	0.4	3	19	0.546632227	0.368963477	7.959984589	0.057624473	4.306295931	12.69286847
1	0.4	3.2	21	0.514820772	0.407801737	7.933972285	0.058951286	4.292210785	12.69293609
1	0.4	4	22	0.392662769	0.427082238	7.918477807	0.064133789	4.283820833	12.69351467
1	0.4	3.3	19	0.501295431	0.368963477	7.959984285	0.059610385	4.306295766	12.69485391
1	0.5	3.2	25	0.432659249	0.485350757	8.476815671	0.064137757	3.668919753	12.69522394
1	0.4	4.7	20	0.288827404	0.388114277	7.9422461	0.068551427	4.296690891	12.69560269
1	0.5	4	23	0.293223215	0.446294575	8.500200418	0.070424023	3.679049654	12.69596867
1	0.5	3.6	22	0.364889468	0.427003706	8.515921759	0.067303596	3.685859888	12.69608895
1	0.4	3.6	19	0.45605693	0.368927224	7.959984496	0.061565909	4.306295881	12.69677351
1	0.4	3.4	23	0.483017415	0.446637927	7.911214093	0.060266507	4.279887676	12.6980062
1	0.4	3.5	21	0.469535203	0.407780757	7.936191635	0.060917473	4.293412519	12.69830238
1	0.4	3.9	19	0.410880145	0.368868219	7.959984675	0.063495782	4.306295977	12.69864465
1	0.4	5	20	0.243650539	0.388052239	7.943307465	0.070418579	4.2972656	12.69904388
1	0.4	4.3	22	0.347485615	0.427013947	7.921355244	0.066038047	4.285378908	12.69978615
1	0.5	3.1	25	0.450574428	0.485382955	8.480574527	0.063338811	3.67054803	12.69984432
1	0.5	3.9	23	0.311139543	0.446324167	8.503820355	0.069647686	3.680617752	12.70040996
1	0.4	4.2	19	0.365703329	0.368809232	7.95998443	0.065406115	4.306295845	12.70049562
1	0.5	3.5	22	0.382807004	0.427032026	8.520437678	0.066516873	3.687816113	12.70180269
1	0.5	4.5	21	0.208686271	0.407000763	8.529245179	0.074207957	3.691631382	12.70208528
1	0.4	4.5	19	0.320526544	0.368750264	7.959984589	0.067298912	4.306295931	12.7023297
1	0.4	3.8	21	0.424358197	0.407715534	7.938061967	0.062854363	4.294425267	12.70305713
1	0.5	4.3	24	0.240307542	0.465219673	8.490387767	0.072678828	3.674798969	12.70308524
1	0.5	4.4	24	0.223081601	0.464985572	8.490158299	0.073413467	3.674699567	12.7032569
1	0.4	4.8	19	0.275349727	0.368691315	7.95998438	0.069175849	4.306295818	12.70414736
1	0.5	3	25	0.468489757	0.485415157	8.484590042	0.062536446	3.672287487	12.70482913
1	0.5	3.8	23	0.329056044	0.446353762	8.507636348	0.068868899	3.68227078	12.70512979
1	0.4	4.6	22	0.302308429	0.426945677	7.9238587	0.067925361	4.28673448	12.70546422
1	0.4	3.7	23	0.437840052	0.446566486	7.915138204	0.062210701	4.282012505	12.7059279
1	0.5	3.4	26	0.396829406	0.504697829	8.4699771	0.065726001	3.665957392	12.70635832
1	0.5	4.2	24	0.257626187	0.46552785	8.493498098	0.071952835	3.676146315	12.7071251
1	0.4	4.1	21	0.379181238	0.407650332	7.939659908	0.064770955	4.29529052	12.70737171
1	0.4	3.1	24	0.528350231	0.466059128	7.906537385	0.058289361	4.277355332	12.70824121
1	0.5	3.7	23	0.346972594	0.446383362	8.51166297	0.068087569	3.684015049	12.71014895
1	0.5	3.3	26	0.414744141	0.504731306	8.473288694	0.06493344	3.667391922	12.71034536
1	0.4	4.9	22	0.257131308	0.42687743	7.926057617	0.069797313	4.28792515	12.71065751
1	0.5	4.1	24	0.275307297	0.465667813	8.496764706	0.071197999	3.677561357	12.71119188
1	0.4	4.4	21	0.334004298	0.407585151	7.941040685	0.066669385	4.296038183	12.7113334
1	0.4	3	20	0.546632227	0.388382607	7.959984589	0.057624473	4.306295931	12.7122876
1	0.4	3.2	22	0.514820772	0.427220868	7.933972285	0.058951286	4.292210785	12.71235522
1	0.4	4	23	0.392662769	0.446495067	7.918477807	0.064133789	4.283820833	12.7129275
1	0.4	3.3	20	0.501295431	0.388382607	7.959984285	0.059610385	4.306295766	12.71427304
1	0.5	3.2	26	0.432659249	0.504764787	8.476815671	0.064137757	3.668919753	12.71463797
1	0.4	4.7	21	0.288827404	0.40751999	7.9422461	0.068551427	4.296690891	12.71500841
1	0.5	4	24	0.293223215	0.465698687	8.500200418	0.070424023	3.679049654	12.71537278
1	0.5	3.6	23	0.364889468	0.446412965	8.515921759	0.067303596	3.685859888	12.71549821
1	0.5	4.5	22	0.208458584	0.426333312	8.525577761	0.074199526	3.690042715	12.71615331
1	0.4	3.6	20	0.45605693	0.388344447	7.959984496	0.061565909	4.306295881	12.71619073
1	0.4	3.4	24	0.483017415	0.466056968	7.911214093	0.060266507	4.279887676	12.71742524
1	0.4	3.5	22	0.469535203	0.427198888	7.936191635	0.060917473	4.293412519	12.71772052
1	0.4	3.9	20	0.410880145	0.388282335	7.959984675	0.063495782	4.306295977	12.71805877
1	0.4	5	21	0.243650539	0.407454851	7.943307465	0.070418579	4.2972656	12.7184465
1	0.4	4.3	23	0.347485615	0.446423672	7.921355244	0.066038047	4.285378908	12.71919587
1	0.5	3.1	26	0.450574428	0.504798273	8.480574527	0.063338811	3.67054803	12.71925964
1	0.5	4.4	25	0.222994909	0.484304963	8.48797574	0.07340513	3.673754117	12.71943995
1	0.5	3.9	24	0.311139543	0.465729565	8.503820355	0.069647686	3.680617752	12.71981536
1	0.4	4.2	20	0.365703329	0.388220244	7.95998443	0.065406115	4.306295845	12.71990663
1	0.5	4.6	15	0.199131896	0.290912941	8.62227365	0.075026678	3.731929837	12.72014311
1	0.5	3.5	23	0.382807004	0.446442573	8.520437678	0.066516873	3.687816113	12.72121324
1	0.4	4.5	20	0.320526544	0.388158173	7.959984589	0.067298912	4.306295931	12.7217376
1	0.5	4.3	25	0.240307542	0.484603826	8.490387767	0.072678828	3.674798969	12.72246939
1	0.4	3.8	22	0.424358197	0.427130559	7.938061967	0.062854363	4.294425267	12.72247216
1	0.4	4.8	20	0.275349727	0.388096121	7.95998438	0.069175849	4.306295818	12.72355217
1	0.5	3	26	0.468489757	0.504831763	8.484590042	0.062536446	3.672287487	12.72424574
1	0.5	3.8	24	0.329056044	0.465760448	8.507636348	0.068868899	3.68227078	12.72453647
1	0.4	4.6	23	0.302308429	0.446352299	7.9238587	0.067925361	4.28673448	12.72487084
1	0.4	3.7	24	0.437840052	0.46598242	7.915138204	0.062210701	4.282012505	12.72534383
1	0.5	3.4	27	0.396829406	0.524109284	8.4699771	0.065726001	3.665957392	12.72576978
1	0.5	4.2	25	0.257626187	0.484924844	8.493498098	0.071952835	3.676146315	12.72652209
1	0.5	4.6	16	0.198417017	0.31027186	8.613382372	0.075018149	3.728078277	12.72675066
1	0.4	4.1	22	0.379181238	0.427062253	7.939659908	0.064770955	4.29529052	12.72678364
1	0.4	3.1	25	0.528350231	0.485478259	7.906537385	0.058289361	4.277355332	12.72766034
1	0.5	3.7	24	0.346972594	0.465791334	8.51166297	0.068087569	3.684015049	12.72955692
1	0.5	3.3	27	0.414744141	0.524144048	8.473288694	0.06493344	3.667391922	12.7297581
1	0.4	4.9	23	0.257131308	0.446280949	7.926057617	0.069797313	4.28792515	12.73006103
1	0.5	4.5	23	0.208230898	0.445661469	8.521913499	0.074191098	3.688455415	12.73022148
1	0.5	4.1	25	0.275307297	0.485070638	8.496764706	0.071197999	3.677561357	12.7305947
1	0.4	4.4	22	0.334004298	0.426993967	7.941040685	0.066669385	4.296038183	12.73074222
1	0.4	3	21	0.546632227	0.407801737	7.959984589	0.057624473	4.306295931	12.73170673
1	0.4	3.2	23	0.514820772	0.446639998	7.933972285	0.058951286	4.292210785	12.73177435
1	0.4	4	24	0.392662769	0.465907896	7.918477807	0.064133789	4.283820833	12.73234033
1	0.4	3.3	21	0.501295431	0.407801737	7.959984285	0.059610385	4.306295766	12.73369217
1	0.5	4.6	17	0.197733956	0.329626378	8.604849772	0.075009622	3.72438209	12.73386786
1	0.5	3.2	27	0.432659249	0.524178817	8.476815671	0.064137757	3.668919753	12.734052
1	0.4	4.7	22	0.288827404	0.426925704	7.9422461	0.068551427	4.296690891	12.73441412
1	0.5	4	25	0.293223215	0.485102799	8.500200418	0.070424023	3.679049654	12.73477689
1	0.5	3.6	24	0.364889468	0.465822225	8.515921759	0.067303596	3.685859888	12.73490747
1	0.4	3.6	21	0.45605693	0.407761669	7.959984496	0.061565909	4.306295881	12.73560795
1	0.4	3.4	25	0.483017415	0.485476008	7.911214093	0.060266507	4.279887676	12.73684428
1	0.4	3.5	23	0.469535203	0.446617019	7.936191635	0.060917473	4.293412519	12.73713865
1	0.4	3.9	21	0.410880145	0.407696452	7.959984675	0.063495782	4.306295977	12.73747289
1	0.4	5	22	0.243650539	0.426857463	7.943307465	0.070418579	4.2972656	12.73784911
1	0.5	4.4	26	0.222994909	0.503651573	8.487421643	0.073401401	3.673514091	12.73798871
1	0.4	4.3	24	0.347485615	0.465833397	7.921355244	0.066038047	4.285378908	12.7386056
1	0.5	3.1	27	0.450574428	0.524213591	8.480574527	0.063338811	3.67054803	12.73867496
1	0.5	3.9	25	0.311139543	0.485134964	8.503820355	0.069647686	3.680617752	12.73922076
1	0.4	4.2	21	0.365703329	0.407631256	7.95998443	0.065406115	4.306295845	12.73931765
1	0.5	3.5	24	0.382807004	0.465853119	8.520437678	0.066516873	3.687816113	12.74062378
1	0.4	4.5	21	0.320526544	0.407566081	7.959984589	0.067298912	4.306295931	12.74114551
1	0.5	4.3	26	0.240307542	0.503987979	8.490387767	0.072678828	3.674798969	12.74185354
1	0.4	3.8	23	0.424358197	0.446545585	7.938061967	0.062854363	4.294425267	12.74188718
1	0.4	4.8	21	0.275349727	0.407500927	7.95998438	0.069175849	4.306295818	12.74295697
1	0.5	4.6	18	0.197210141	0.348976496	8.598034413	0.075001096	3.721429785	12.74344179
1	0.5	3	27	0.468489757	0.524248369	8.484590042	0.062536446	3.672287487	12.74366234
1	0.5	3.8	25	0.329056044	0.485167133	8.507636348	0.068868899	3.68227078	12.74394316
1	0.4	4.6	24	0.302308429	0.465758921	7.9238587	0.067925361	4.28673448	12.74427746
1	0.5	4.5	24	0.208003211	0.464985235	8.518252387	0.074182671	3.68686948	12.74428977
1	0.4	3.7	25	0.437840052	0.485398354	7.915138204	0.062210701	4.282012505	12.74475976
1	0.5	3.4	28	0.396829406	0.543520739	8.4699771	0.065726001	3.665957392	12.74518123
1	0.5	4.2	26	0.257626187	0.504321838	8.493498098	0.071952835	3.676146315	12.74591909
1	0.4	4.1	23	0.379181238	0.446474173	7.939659908	0.064770955	4.29529052	12.74619556
1	0.4	3.1	26	0.528350231	0.504897389	7.906537385	0.058289361	4.277355332	12.74707947
1	0.5	3.7	25	0.346972594	0.485199306	8.51166297	0.068087569	3.684015049	12.74896489
1	0.5	3.3	28	0.414744141	0.543556791	8.473288694	0.06493344	3.667391922	12.74917085
1	0.4	4.9	24	0.257131308	0.465684469	7.926057617	0.069797313	4.28792515	12.74946455
1	0.5	4.1	26	0.275307297	0.504473464	8.496764706	0.071197999	3.677561357	12.74999753
1	0.4	4.4	23	0.334004298	0.446402784	7.941040685	0.066669385	4.296038183	12.75015104
1	0.4	3	22	0.546632227	0.427220868	7.959984589	0.057624473	4.306295931	12.75112586
1	0.4	3.2	24	0.514820772	0.466059128	7.933972285	0.058951286	4.292210785	12.75119348
1	0.4	4	25	0.392662769	0.485320726	7.918477807	0.064133789	4.283820833	12.75175316
1	0.4	3.3	22	0.501295431	0.427220868	7.959984285	0.059610385	4.306295766	12.7531113
1	0.5	3.2	28	0.432659249	0.543592848	8.476815671	0.064137757	3.668919753	12.75346603
1	0.4	4.7	23	0.288827404	0.446331418	7.9422461	0.068551427	4.296690891	12.75381984
1	0.5	4.6	19	0.196754768	0.368322216	8.59195969	0.074992573	3.718798311	12.75407279
1	0.5	4	26	0.293223215	0.504506911	8.500200418	0.070424023	3.679049654	12.75418101
1	0.5	3.6	25	0.364889468	0.485231484	8.515921759	0.067303596	3.685859888	12.75431673
1	0.4	3.6	22	0.45605693	0.427178891	7.959984496	0.061565909	4.306295881	12.75502518
1	0.4	3.4	26	0.483017415	0.504895048	7.911214093	0.060266507	4.279887676	12.75626332
1	0.4	3.5	24	0.469535203	0.466035151	7.936191635	0.060917473	4.293412519	12.75655678
1	0.4	3.9	22	0.410880145	0.427110569	7.959984675	0.063495782	4.306295977	12.756887
1	0.4	5	23	0.243650539	0.446260075	7.943307465	0.070418579	4.2972656	12.75725172
1	0.5	4.4	27	0.222994909	0.523022788	8.487421643	0.073401401	3.673514091	12.75735992
1	0.4	4.3	25	0.347485615	0.485243122	7.921355244	0.066038047	4.285378908	12.75801532
1	0.5	3.1	28	0.450574428	0.543628909	8.480574527	0.063338811	3.67054803	12.75809028
1	0.5	4.5	25	0.207775524	0.484304612	8.514594423	0.074174246	3.685284908	12.75835819
1	0.5	3.9	26	0.311139543	0.504540362	8.503820355	0.069647686	3.680617752	12.75862616
1	0.4	4.2	22	0.365703329	0.427042268	7.95998443	0.065406115	4.306295845	12.75872866
1	0.5	3.5	25	0.382807004	0.485263666	8.520437678	0.066516873	3.687816113	12.76003433
1	0.4	4.5	22	0.320526544	0.42697399	7.959984589	0.067298912	4.306295931	12.76055342
1	0.5	4.3	27	0.240307542	0.523372132	8.490387767	0.072678828	3.674798969	12.7612377
1	0.4	3.8	24	0.424358197	0.46596061	7.938061967	0.062854363	4.294425267	12.76130221
1	0.4	4.8	22	0.275349727	0.426905733	7.95998438	0.069175849	4.306295818	12.76236178
1	0.5	3	28	0.468489757	0.543664975	8.484590042	0.062536446	3.672287487	12.76307895
1	0.5	3.8	26	0.329056044	0.504573818	8.507636348	0.068868899	3.68227078	12.76334985
1	0.4	4.6	25	0.302308429	0.485165543	7.9238587	0.067925361	4.28673448	12.76368408
1	0.4	3.7	26	0.437840052	0.504814288	7.915138204	0.062210701	4.282012505	12.7641757
1	0.5	3.4	29	0.396829406	0.562932194	8.4699771	0.065726001	3.665957392	12.76459269
1	0.5	4.6	20	0.196299394	0.38766354	8.585893551	0.074984051	3.716170556	12.7647117
1	0.5	4.2	27	0.257626187	0.523718831	8.493498098	0.071952835	3.676146315	12.76531608
1	0.4	4.1	24	0.379181238	0.465886094	7.939659908	0.064770955	4.29529052	12.76560748
1	0.4	3.1	27	0.528350231	0.524316519	7.906537385	0.058289361	4.277355332	12.7664986
1	0.5	3.7	26	0.346972594	0.504607279	8.51166297	0.068087569	3.684015049	12.76837287
1	0.5	3.3	29	0.414744141	0.562969533	8.473288694	0.06493344	3.667391922	12.76858359
1	0.4	4.9	25	0.257131308	0.485087988	7.926057617	0.069797313	4.28792515	12.76886807
1	0.5	4.1	27	0.275307297	0.523876289	8.496764706	0.071197999	3.677561357	12.76940035
1	0.4	4.4	24	0.334004298	0.465811601	7.941040685	0.066669385	4.296038183	12.76955985
1	0.4	3	23	0.546632227	0.446639998	7.959984589	0.057624473	4.306295931	12.77054499
1	0.4	3.2	25	0.514820772	0.485478259	7.933972285	0.058951286	4.292210785	12.77061261
1	0.4	4	26	0.392662769	0.504733555	7.918477807	0.064133789	4.283820833	12.77116598
1	0.5	4.5	26	0.207547837	0.503619601	8.510939601	0.074165823	3.683701697	12.77242672
1	0.4	3.3	23	0.501295431	0.446639998	7.959984285	0.059610385	4.306295766	12.77253043
1	0.5	3.2	29	0.432659249	0.563006878	8.476815671	0.064137757	3.668919753	12.77288006
1	0.4	4.7	24	0.288827404	0.465737132	7.9422461	0.068551427	4.296690891	12.77322555
1	0.5	4	27	0.293223215	0.523911023	8.500200418	0.070424023	3.679049654	12.77358512
1	0.5	3.6	26	0.364889468	0.504640743	8.515921759	0.067303596	3.685859888	12.77372599
1	0.4	3.6	23	0.45605693	0.446596114	7.959984496	0.061565909	4.306295881	12.7744424
1	0.5	4.6	21	0.195844021	0.407000469	8.579835979	0.074975531	3.713546512	12.77535849
1	0.4	3.4	27	0.483017415	0.524314088	7.911214093	0.060266507	4.279887676	12.77568236
1	0.4	3.5	25	0.469535203	0.485453282	7.936191635	0.060917473	4.293412519	12.77597491
1	0.4	3.9	23	0.410880145	0.446524686	7.959984675	0.063495782	4.306295977	12.77630112
1	0.4	5	24	0.243650539	0.465662687	7.943307465	0.070418579	4.2972656	12.77665433
1	0.5	4.4	28	0.222994909	0.542394002	8.487421643	0.073401401	3.673514091	12.77673114
1	0.4	4.3	26	0.347485615	0.504652846	7.921355244	0.066038047	4.285378908	12.77742505
1	0.5	3.1	29	0.450574428	0.563044227	8.480574527	0.063338811	3.67054803	12.77750559
1	0.5	3.9	27	0.311139543	0.523945761	8.503820355	0.069647686	3.680617752	12.77803155
1	0.4	4.2	23	0.365703329	0.446453281	7.95998443	0.065406115	4.306295845	12.77813967
1	0.5	3.5	26	0.382807004	0.504674213	8.520437678	0.066516873	3.687816113	12.77944488
1	0.4	4.5	23	0.320526544	0.446381898	7.959984589	0.067298912	4.306295931	12.77996133
1	0.5	4.3	28	0.240307542	0.542756285	8.490387767	0.072678828	3.674798969	12.78062185
1	0.4	3.8	25	0.424358197	0.485375636	7.938061967	0.062854363	4.294425267	12.78071723
1	0.4	4.8	23	0.275349727	0.446310539	7.95998438	0.069175849	4.306295818	12.78176659
1	0.5	3	29	0.468489757	0.563081582	8.484590042	0.062536446	3.672287487	12.78249556
1	0.5	3.8	27	0.329056044	0.523980504	8.507636348	0.068868899	3.68227078	12.78275653
1	0.4	4.6	26	0.302308429	0.504572164	7.9238587	0.067925361	4.28673448	12.78309071
1	0.4	3.7	27	0.437840052	0.524230223	7.915138204	0.062210701	4.282012505	12.78359163
1	0.5	3.4	30	0.396829406	0.582343649	8.4699771	0.065726001	3.665957392	12.78400414
1	0.5	4.2	28	0.257626187	0.543115825	8.493498098	0.071952835	3.676146315	12.78471307
1	0.4	4.1	25	0.379181238	0.485298014	7.939659908	0.064770955	4.29529052	12.7850194
1	0.4	3.1	28	0.528350231	0.54373565	7.906537385	0.058289361	4.277355332	12.78591773
1	0.5	4.6	22	0.195466831	0.426333003	8.574617305	0.074967014	3.711285866	12.78720319
1	0.5	4.5	27	0.207379224	0.522930204	8.507919309	0.074157402	3.682393354	12.78740027
1	0.5	3.7	27	0.346972594	0.524015251	8.51166297	0.068087569	3.684015049	12.78778084
1	0.5	3.3	30	0.414744141	0.582382276	8.473288694	0.06493344	3.667391922	12.78799633
1	0.4	4.9	26	0.257131308	0.504491508	7.926057617	0.069797313	4.28792515	12.78827159
1	0.5	4.1	28	0.275307297	0.543279115	8.496764706	0.071197999	3.677561357	12.78880318
1	0.4	4.4	25	0.334004298	0.485220418	7.941040685	0.066669385	4.296038183	12.78896867
1	0.4	3	24	0.546632227	0.466059128	7.959984589	0.057624473	4.306295931	12.78996412
1	0.4	3.2	26	0.514820772	0.504897389	7.933972285	0.058951286	4.292210785	12.79003175
1	0.4	4	27	0.392662769	0.524146384	7.918477807	0.064133789	4.283820833	12.79057881
1	0.4	3.3	24	0.501295431	0.466059128	7.959984285	0.059610385	4.306295766	12.79194956
1	0.5	3.2	30	0.432659249	0.582420908	8.476815671	0.064137757	3.668919753	12.79229409
1	0.4	4.7	25	0.288827404	0.485142846	7.9422461	0.068551427	4.296690891	12.79263126
1	0.5	4	28	0.293223215	0.543315135	8.500200418	0.070424023	3.679049654	12.79298923
1	0.5	3.6	27	0.364889468	0.524050003	8.515921759	0.067303596	3.685859888	12.79313525
1	0.4	3.6	24	0.45605693	0.466013336	7.959984496	0.061565909	4.306295881	12.79385962
1	0.4	3.4	28	0.483017415	0.543733129	7.911214093	0.060266507	4.279887676	12.79510141
1	0.4	3.5	26	0.469535203	0.504871413	7.936191635	0.060917473	4.293412519	12.79539304
1	0.4	3.9	24	0.410880145	0.465938803	7.959984675	0.063495782	4.306295977	12.79571524
1	0.4	5	25	0.243650539	0.485065299	7.943307465	0.070418579	4.2972656	12.79605694
1	0.5	4.4	29	0.222994909	0.561765216	8.487421643	0.073401401	3.673514091	12.79610235
1	0.6	3.1	15	0.388597771	0.291134965	9.140004162	0.068248554	3.296835386	12.79622307
1	0.4	4.3	27	0.347485615	0.524062571	7.921355244	0.066038047	4.285378908	12.79683477
1	0.5	3.1	30	0.450574428	0.582459545	8.480574527	0.063338811	3.67054803	12.79692091
1	0.5	3.9	28	0.311139543	0.543351159	8.503820355	0.069647686	3.680617752	12.79743695
1	0.4	4.2	24	0.365703329	0.465864293	7.95998443	0.065406115	4.306295845	12.79755068
1	0.5	3.5	27	0.382807004	0.524084759	8.520437678	0.066516873	3.687816113	12.79885542
1	0.4	4.5	24	0.320526544	0.465789807	7.959984589	0.067298912	4.306295931	12.79936924
1	0.5	4.6	23	0.195125301	0.445661146	8.569783293	0.074958498	3.709191849	12.79959479
1	0.6	3.3	15	0.349367482	0.291091122	9.141378423	0.070119009	3.297331476	12.79992003
1	0.5	4.3	29	0.240307542	0.562140438	8.490387767	0.072678828	3.674798969	12.800006
1	0.4	3.8	26	0.424358197	0.504790661	7.938061967	0.062854363	4.294425267	12.80013226
1	0.4	4.8	24	0.275349727	0.465715345	7.95998438	0.069175849	4.306295818	12.80117139
1	0.5	3	30	0.468489757	0.582498188	8.484590042	0.062536446	3.672287487	12.80191216
1	0.5	3.8	28	0.329056044	0.543387189	8.507636348	0.068868899	3.68227078	12.80216322
1	0.4	4.6	27	0.302308429	0.523978786	7.9238587	0.067925361	4.28673448	12.80249733
1	0.4	3.7	28	0.437840052	0.543646157	7.915138204	0.062210701	4.282012505	12.80300757
1	0.5	4.5	28	0.20726538	0.542236423	8.505486235	0.074148983	3.681339385	12.80321103
1	0.6	3.5	15	0.310137278	0.291047293	9.142597086	0.071975682	3.297771398	12.80339146
1	0.5	4.2	29	0.257626187	0.562512819	8.493498098	0.071952835	3.676146315	12.80411007
1	0.4	4.1	26	0.379181238	0.504709935	7.939659908	0.064770955	4.29529052	12.80443132
1	0.4	3.1	29	0.528350231	0.56315478	7.906537385	0.058289361	4.277355332	12.80533686
1	0.5	3.7	28	0.346972594	0.543423223	8.51166297	0.068087569	3.684015049	12.80718881
1	0.4	4.9	27	0.257131308	0.523895027	7.926057617	0.069797313	4.28792515	12.80767511
1	0.5	4.1	29	0.275307297	0.56268194	8.496764706	0.071197999	3.677561357	12.808206
1	0.4	4.4	26	0.334004298	0.504629234	7.941040685	0.066669385	4.296038183	12.80837749
1	0.4	3	25	0.546632227	0.485478259	7.959984589	0.057624473	4.306295931	12.80938325
1	0.4	3.2	27	0.514820772	0.524316519	7.933972285	0.058951286	4.292210785	12.80945088
1	0.4	4	28	0.392662769	0.543559213	7.918477807	0.064133789	4.283820833	12.80999164
1	0.6	3.7	15	0.271487684	0.290914838	9.14713493	0.073797213	3.299409499	12.81125648
1	0.4	3.3	25	0.501295431	0.485478259	7.959984285	0.059610385	4.306295766	12.81136869
1	0.5	4.6	24	0.194783771	0.464984898	8.564954732	0.074949984	3.707100193	12.81198981
1	0.4	4.7	26	0.288827404	0.50454856	7.9422461	0.068551427	4.296690891	12.81203698
1	0.5	4	29	0.293223215	0.562719247	8.500200418	0.070424023	3.679049654	12.81239334
1	0.5	3.6	28	0.364889468	0.543459262	8.515921759	0.067303596	3.685859888	12.8125445
1	0.4	3.6	25	0.45605693	0.485430558	7.959984496	0.061565909	4.306295881	12.81327684
1	0.4	3.4	29	0.483017415	0.563152169	7.911214093	0.060266507	4.279887676	12.81452045
1	0.4	3.5	27	0.469535203	0.524289545	7.936191635	0.060917473	4.293412519	12.81481117
1	0.4	3.9	25	0.410880145	0.485352919	7.959984675	0.063495782	4.306295977	12.81512935
1	0.4	5	26	0.243650539	0.504467911	7.943307465	0.070418579	4.2972656	12.81545955
1	0.5	4.4	30	0.222994909	0.581136431	8.487421643	0.073401401	3.673514091	12.81547357
1	0.6	3.1	16	0.388597771	0.310543962	9.140004162	0.068248554	3.296835386	12.81563206
1	0.4	4.3	28	0.347485615	0.543472296	7.921355244	0.066038047	4.285378908	12.8162445
1	0.5	3.9	29	0.311139543	0.562756558	8.503820355	0.069647686	3.680617752	12.81684235
1	0.4	4.2	25	0.365703329	0.485275305	7.95998443	0.065406115	4.306295845	12.81696169
1	0.5	3.5	28	0.382807004	0.543495306	8.520437678	0.066516873	3.687816113	12.81826597
1	0.4	4.5	25	0.320526544	0.485197716	7.959984589	0.067298912	4.306295931	12.81877715
1	0.5	4.5	29	0.207151537	0.561538258	8.503054552	0.074140566	3.680286019	12.8190194
1	0.6	3.3	16	0.349367482	0.310497197	9.141378423	0.070119009	3.297331476	12.81932611
1	0.5	4.3	30	0.240307542	0.581524591	8.490387767	0.072678828	3.674798969	12.81939015
1	0.4	3.8	27	0.424358197	0.524205687	7.938061967	0.062854363	4.294425267	12.81954728
1	0.4	4.8	25	0.275349727	0.485120151	7.95998438	0.069175849	4.306295818	12.8205762
1	0.5	3.8	29	0.329056044	0.562793874	8.507636348	0.068868899	3.68227078	12.8215699
1	0.4	4.6	28	0.302308429	0.543385408	7.9238587	0.067925361	4.28673448	12.82190395
1	0.4	3.7	29	0.437840052	0.563062091	7.915138204	0.062210701	4.282012505	12.8224235
1	0.6	3.5	16	0.310137278	0.310450446	9.142597086	0.071975682	3.297771398	12.82279461
1	0.5	4.2	30	0.257626187	0.581909813	8.493498098	0.071952835	3.676146315	12.82350706
1	0.4	4.1	27	0.379181238	0.524121855	7.939659908	0.064770955	4.29529052	12.82384324
1	0.4	3.1	30	0.528350231	0.58257391	7.906537385	0.058289361	4.277355332	12.82475599
1	0.5	4.6	25	0.194521423	0.484304261	8.560969882	0.074941472	3.705374019	12.82558963
1	0.6	3	15	0.409733648	0.291159181	9.162880145	0.067308287	3.305093313	12.82644093
1	0.5	3.7	29	0.346972594	0.562831195	8.51166297	0.068087569	3.684015049	12.82659678
1	0.4	4.9	28	0.257131308	0.543298547	7.926057617	0.069797313	4.28792515	12.82707863
1	0.5	4.1	30	0.275307297	0.582084766	8.496764706	0.071197999	3.677561357	12.82760883
1	0.4	4.4	27	0.334004298	0.524038051	7.941040685	0.066669385	4.296038183	12.8277863
1	0.6	3.2	15	0.370503986	0.291115333	9.162880076	0.069186126	3.305093288	12.82827482
1	0.6	3.7	16	0.271487684	0.310273884	9.145709368	0.073788823	3.29889489	12.82866697
1	0.4	3	26	0.546632227	0.504897389	7.959984589	0.057624473	4.306295931	12.82880238
1	0.4	3.2	28	0.514820772	0.54373565	7.933972285	0.058951286	4.292210785	12.82887001
1	0.4	4	29	0.392662769	0.562972042	7.918477807	0.064133789	4.283820833	12.82940447
1	0.6	3.4	15	0.331274324	0.291071497	9.162880015	0.071049554	3.305093266	12.83009433
1	0.4	3.3	26	0.501295431	0.504897389	7.959984285	0.059610385	4.306295766	12.83078783
1	0.4	4.7	27	0.288827404	0.523954273	7.9422461	0.068551427	4.296690891	12.83144269
1	0.5	4	30	0.293223215	0.582123359	8.500200418	0.070424023	3.679049654	12.83179745
1	0.6	3.6	15	0.292044662	0.291027675	9.16287996	0.072899782	3.305093247	12.83190066
1	0.5	3.6	29	0.364889468	0.562868522	8.515921759	0.067303596	3.685859888	12.83195376
1	0.4	3.6	26	0.45605693	0.504847781	7.959984496	0.061565909	4.306295881	12.83269407
1	0.4	3.4	30	0.483017415	0.582571209	7.911214093	0.060266507	4.279887676	12.83393949
1	0.4	3.5	28	0.469535203	0.543707676	7.936191635	0.060917473	4.293412519	12.8342293
1	0.4	3.9	26	0.410880145	0.504767036	7.959984675	0.063495782	4.306295977	12.83454347
1	0.5	4.5	30	0.207037694	0.580835712	8.500624261	0.074132151	3.679233256	12.83482538
1	0.4	5	27	0.243650539	0.523870523	7.943307465	0.070418579	4.2972656	12.83486217
1	0.6	3.1	17	0.388597771	0.32995296	9.140004162	0.068248554	3.296835386	12.83504106
1	0.4	4.3	29	0.347485615	0.562882021	7.921355244	0.066038047	4.285378908	12.83565422
1	0.5	3.9	30	0.311139543	0.582161957	8.503820355	0.069647686	3.680617752	12.83624775
1	0.4	4.2	26	0.365703329	0.504686317	7.95998443	0.065406115	4.306295845	12.83637271
1	0.5	3.5	29	0.382807004	0.562905853	8.520437678	0.066516873	3.687816113	12.83767652
1	0.4	4.5	26	0.320526544	0.504605624	7.959984589	0.067298912	4.306295931	12.83818506
1	0.6	3.3	17	0.349367482	0.329903272	9.141378423	0.070119009	3.297331476	12.83873218
1	0.4	3.8	28	0.424358197	0.543620712	7.938061967	0.062854363	4.294425267	12.83896231
1	0.4	4.8	26	0.275349727	0.504524957	7.95998438	0.069175849	4.306295818	12.839981
1	0.5	3.8	30	0.329056044	0.58220056	8.507636348	0.068868899	3.68227078	12.84097659
1	0.5	4.6	26	0.194393082	0.503619237	8.558406485	0.074932962	3.704263596	12.84122228
1	0.4	4.6	29	0.302308429	0.562792029	7.9238587	0.067925361	4.28673448	12.84131057
1	0.4	3.7	30	0.437840052	0.582478025	7.915138204	0.062210701	4.282012505	12.84183943
1	0.6	3.5	17	0.310137278	0.329853599	9.142597086	0.071975682	3.297771398	12.84219777
1	0.4	4.1	28	0.379181238	0.543533776	7.939659908	0.064770955	4.29529052	12.84325516
1	0.6	3	16	0.409733648	0.310569794	9.162880145	0.067308287	3.305093313	12.84585154
1	0.5	3.7	30	0.346972594	0.582239168	8.51166297	0.068087569	3.684015049	12.84600476
1	0.6	3.7	17	0.271487684	0.329628527	9.144284251	0.073780435	3.298380442	12.84607366
1	0.4	4.9	29	0.257131308	0.562702066	7.926057617	0.069797313	4.28792515	12.84648215
1	0.5	4.7	15	0.18995118	0.29091273	8.709946737	0.075792945	3.769908424	12.84656084
1	0.4	4.4	28	0.334004298	0.543446868	7.941040685	0.066669385	4.296038183	12.84719512
1	0.6	3.2	16	0.370503986	0.310523022	9.162880076	0.069186126	3.305093288	12.84768251
1	0.4	3	27	0.546632227	0.524316519	7.959984589	0.057624473	4.306295931	12.84822151
1	0.4	3.2	29	0.514820772	0.56315478	7.933972285	0.058951286	4.292210785	12.84828914
1	0.4	4	30	0.392662769	0.582384871	7.918477807	0.064133789	4.283820833	12.8488173
1	0.6	3.4	16	0.331274324	0.310476264	9.162880015	0.071049554	3.305093266	12.8494991
1	0.4	3.3	27	0.501295431	0.524316519	7.959984285	0.059610385	4.306295766	12.85020696
1	0.4	4.7	28	0.288827404	0.543359987	7.9422461	0.068551427	4.296690891	12.85084841
1	0.6	3.6	16	0.292044662	0.31042952	9.16287996	0.072899782	3.305093247	12.85130251
1	0.5	3.6	30	0.364889468	0.582277781	8.515921759	0.067303596	3.685859888	12.85136302
1	0.5	4.7	16	0.18915632	0.310271635	8.70021043	0.075784329	3.765690811	12.8519572
1	0.4	3.6	27	0.45605693	0.524265003	7.959984496	0.061565909	4.306295881	12.85211129
1	0.4	3.5	29	0.469535203	0.563125807	7.936191635	0.060917473	4.293412519	12.85364743
1	0.4	3.9	27	0.410880145	0.524181153	7.959984675	0.063495782	4.306295977	12.85395759
1	0.4	5	28	0.243650539	0.543273135	7.943307465	0.070418579	4.2972656	12.85426478
1	0.6	3.1	18	0.388597771	0.349361958	9.140004162	0.068248554	3.296835386	12.85445006
1	0.4	4.3	30	0.347485615	0.582291746	7.921355244	0.066038047	4.285378908	12.85506395
1	0.4	4.2	27	0.365703329	0.52409733	7.95998443	0.065406115	4.306295845	12.85578372
1	0.5	4.6	27	0.194279239	0.522929826	8.555997935	0.074924454	3.703220251	12.85707247
1	0.5	3.5	30	0.382807004	0.582316399	8.520437678	0.066516873	3.687816113	12.85708706
1	0.4	4.5	27	0.320526544	0.524013533	7.959984589	0.067298912	4.306295931	12.85759297
1	0.6	3.3	18	0.349367482	0.349309347	9.141378423	0.070119009	3.297331476	12.85813826
1	0.4	3.8	29	0.424358197	0.563035737	7.938061967	0.062854363	4.294425267	12.85837733
1	0.5	4.7	17	0.18847326	0.329626139	8.691689922	0.075775714	3.761999862	12.85909164
1	0.4	4.8	27	0.275349727	0.523929763	7.95998438	0.069175849	4.306295818	12.85938581
1	0.6	3.8	15	0.2546507	0.290914628	9.182469022	0.074720074	3.312164638	12.86026836
1	0.4	4.6	30	0.302308429	0.582198651	7.9238587	0.067925361	4.28673448	12.86071719
1	0.6	3.5	18	0.310137278	0.349256752	9.142597086	0.071975682	3.297771398	12.86160092
1	0.4	4.1	29	0.379181238	0.562945697	7.939659908	0.064770955	4.29529052	12.86266708
1	0.6	3.7	18	0.271487684	0.349001772	9.143685584	0.073776912	3.298164331	12.8646286
1	0.6	3	17	0.409733648	0.329980406	9.162880145	0.067308287	3.305093313	12.86526215
1	0.4	4.9	30	0.257131308	0.582105586	7.926057617	0.069797313	4.28792515	12.86588567
1	0.4	4.4	29	0.334004298	0.562855684	7.941040685	0.066669385	4.296038183	12.86660394
1	0.6	3.2	17	0.370503986	0.32993071	9.162880076	0.069186126	3.305093288	12.8670902
1	0.4	3	28	0.546632227	0.54373565	7.959984589	0.057624473	4.306295931	12.86764064
1	0.4	3.2	30	0.514820772	0.58257391	7.933972285	0.058951286	4.292210785	12.86770827
1	0.5	4.7	18	0.187885929	0.348976243	8.684206758	0.075767101	3.758758274	12.86770838
1	0.6	3.4	17	0.331274324	0.32988103	9.162880015	0.071049554	3.305093266	12.86890386
1	0.4	3.3	28	0.501295431	0.54373565	7.959984285	0.059610385	4.306295766	12.86962609
1	0.4	4.7	29	0.288827404	0.562765701	7.9422461	0.068551427	4.296690891	12.87025412
1	0.6	3.6	17	0.292044662	0.329831365	9.16287996	0.072899782	3.305093247	12.87070435
1	0.4	3.6	28	0.45605693	0.543682225	7.959984496	0.061565909	4.306295881	12.87152851
1	0.6	3.8	16	0.254355544	0.310273659	9.177445597	0.074711579	3.310351248	12.87278208
1	0.5	4.6	28	0.194165396	0.542236031	8.553590743	0.074915948	3.702177493	12.87292021
1	0.4	3.5	30	0.469535203	0.582543938	7.936191635	0.060917473	4.293412519	12.87306557
1	0.4	3.9	28	0.410880145	0.54359527	7.959984675	0.063495782	4.306295977	12.8733717
1	0.4	5	29	0.243650539	0.562675747	7.943307465	0.070418579	4.2972656	12.87366739
1	0.6	3.1	19	0.388597771	0.368770955	9.140004162	0.068248554	3.296835386	12.87385906
1	0.4	4.2	28	0.365703329	0.543508342	7.95998443	0.065406115	4.306295845	12.87519473
1	0.4	4.5	28	0.320526544	0.543421442	7.959984589	0.067298912	4.306295931	12.87700087
1	0.6	3.3	19	0.349367482	0.368715422	9.141378423	0.070119009	3.297331476	12.87754433
1	0.5	4.7	19	0.187391285	0.36832195	8.677723223	0.075758491	3.75594971	12.87775337
1	0.4	3.8	30	0.424358197	0.582450763	7.938061967	0.062854363	4.294425267	12.87779236
1	0.4	4.8	28	0.275349727	0.543334569	7.95998438	0.069175849	4.306295818	12.87879062
1	0.6	3.5	19	0.310137278	0.368659904	9.142597086	0.071975682	3.297771398	12.88100407
1	0.4	4.1	30	0.379181238	0.582357617	7.939659908	0.064770955	4.29529052	12.882079
1	0.6	3.7	19	0.271487684	0.368390759	9.143685584	0.073776912	3.298164331	12.88401759
1	0.6	3	18	0.409733648	0.349391018	9.162880145	0.067308287	3.305093313	12.88467276
1	0.4	4.4	30	0.334004298	0.582264501	7.941040685	0.066669385	4.296038183	12.88601275
1	0.6	3.2	18	0.370503986	0.349338399	9.162880076	0.069186126	3.305093288	12.88649789
1	0.4	3	29	0.546632227	0.56315478	7.959984589	0.057624473	4.306295931	12.88705977
1	0.6	3.8	17	0.254178898	0.329628289	9.173881076	0.074703087	3.309064504	12.88727696
1	0.6	3.4	18	0.331274324	0.349285797	9.162880015	0.071049554	3.305093266	12.88830863
1	0.5	4.7	20	0.186935912	0.387663259	8.671666884	0.075749882	3.753326201	12.88840623
1	0.5	4.6	29	0.194051552	0.561537852	8.551184906	0.074907444	3.701135323	12.88876552
1	0.4	3.3	29	0.501295431	0.56315478	7.959984285	0.059610385	4.306295766	12.88904522
1	0.4	4.7	30	0.288827404	0.582171415	7.9422461	0.068551427	4.296690891	12.88965983
1	0.6	3.6	18	0.292044662	0.34923321	9.16287996	0.072899782	3.305093247	12.8901062
1	0.4	3.6	29	0.45605693	0.563099448	7.959984496	0.061565909	4.306295881	12.89094573
1	0.4	3.9	29	0.410880145	0.563009386	7.959984675	0.063495782	4.306295977	12.89278582
1	0.4	5	30	0.243650539	0.582078359	7.943307465	0.070418579	4.2972656	12.89307
1	0.6	3.1	20	0.388597771	0.388179953	9.140004162	0.068248554	3.296835386	12.89326805
1	0.4	4.2	29	0.365703329	0.562919354	7.95998443	0.065406115	4.306295845	12.89460574
1	0.4	4.5	29	0.320526544	0.56282935	7.959984589	0.067298912	4.306295931	12.89640878
1	0.6	3.3	20	0.349367482	0.388121496	9.141378423	0.070119009	3.297331476	12.8969504
1	0.4	4.8	29	0.275349727	0.562739375	7.95998438	0.069175849	4.306295818	12.89819542
1	0.5	4.7	21	0.186480539	0.407000174	8.665619001	0.075741276	3.750706354	12.8990668
1	0.6	3.5	20	0.310137278	0.388063057	9.142597086	0.071975682	3.297771398	12.90040722
1	0.6	3.8	18	0.254065055	0.348978519	9.171089126	0.074694596	3.308056646	12.90281889
1	0.6	3.7	20	0.271487684	0.387779746	9.143685584	0.073776912	3.298164331	12.90340657
1	0.6	3	19	0.409733648	0.36880163	9.162880145	0.067308287	3.305093313	12.90408337
1	0.5	4.6	30	0.193937709	0.580835292	8.548780422	0.074898941	3.700093739	12.90460839
1	0.6	3.2	19	0.370503986	0.368746088	9.162880076	0.069186126	3.305093288	12.90590558
1	0.4	3	30	0.546632227	0.58257391	7.959984589	0.057624473	4.306295931	12.9064789
1	0.6	3.4	19	0.331274324	0.368690563	9.162880015	0.071049554	3.305093266	12.9077134
1	0.4	3.3	30	0.501295431	0.58257391	7.959984285	0.059610385	4.306295766	12.90846435
1	0.6	3.6	19	0.292044662	0.368635055	9.16287996	0.072899782	3.305093247	12.90950804
1	0.5	4.7	22	0.186025165	0.426332695	8.659579554	0.075732671	3.748090161	12.90973508
1	0.4	3.6	30	0.45605693	0.58251667	7.959984496	0.061565909	4.306295881	12.91036296
1	0.4	3.9	30	0.410880145	0.582423503	7.959984675	0.063495782	4.306295977	12.91219994
1	0.6	3.1	21	0.388597771	0.407588951	9.140004162	0.068248554	3.296835386	12.91267705
1	0.4	4.2	30	0.365703329	0.582330366	7.95998443	0.065406115	4.306295845	12.91401676
1	0.4	4.5	30	0.320526544	0.582237259	7.959984589	0.067298912	4.306295931	12.91581669
1	0.6	3.3	21	0.349367482	0.407527571	9.141378423	0.070119009	3.297331476	12.91635648
1	0.4	4.8	30	0.275349727	0.582144181	7.95998438	0.069175849	4.306295818	12.91760023
1	0.6	3.8	19	0.254000547	0.368324351	9.168903321	0.074686107	3.3072676	12.91918138
1	0.6	3.5	21	0.310137278	0.40746621	9.142597086	0.071975682	3.297771398	12.91981038
1	0.6	3.9	15	0.238613666	0.290914417	9.225903863	0.075640263	3.327844041	12.92030258
1	0.5	4.7	23	0.185611576	0.445660824	8.653990954	0.075724068	3.745669269	12.92104511
1	0.6	3.7	21	0.271487684	0.407168734	9.143685584	0.073776912	3.298164331	12.92279556
1	0.6	3	20	0.409733648	0.388212242	9.162880145	0.067308287	3.305093313	12.92349399
1	0.6	3.9	16	0.237753032	0.310273434	9.214139887	0.075631664	3.323597401	12.92364239
1	0.6	3.2	20	0.370503986	0.388153777	9.162880076	0.069186126	3.305093288	12.92531327
1	0.6	3.4	20	0.331274324	0.38809533	9.162880015	0.071049554	3.305093266	12.92711816
1	0.6	3.6	20	0.292044662	0.3880369	9.16287996	0.072899782	3.305093247	12.92890989
1	0.6	3.9	17	0.237034563	0.32962805	9.204115894	0.075623067	3.319978872	12.92934588
1	0.6	3.1	22	0.388597771	0.426997948	9.140004162	0.068248554	3.296835386	12.93208605
1	0.5	4.7	24	0.185270046	0.464984562	8.64917169	0.075715467	3.74358164	12.93345336
1	0.6	3.3	22	0.349367482	0.426933646	9.141378423	0.070119009	3.297331476	12.93576255
1	0.6	3.8	20	0.254000547	0.387665786	9.167508649	0.07467762	3.306764142	12.9366162
1	0.6	3.5	22	0.310137278	0.426869363	9.142597086	0.071975682	3.297771398	12.93921353
1	0.6	3.9	18	0.236649762	0.348978266	9.198120886	0.075614471	3.317814754	12.94052838
1	0.5	4.8	15	0.178875511	0.290912519	8.775407784	0.076557438	3.798265109	12.94114285
1	0.6	3.7	22	0.271487684	0.426557721	9.143685584	0.073776912	3.298164331	12.94218455
1	0.6	3	21	0.409733648	0.407622854	9.162880145	0.067308287	3.305093313	12.9429046
1	0.6	3.2	21	0.370503986	0.407561466	9.162880076	0.069186126	3.305093288	12.94472096
1	0.5	4.8	16	0.178029608	0.31027141	8.765187249	0.076548735	3.793837736	12.94584513
1	0.6	3.4	21	0.331274324	0.407500096	9.162880015	0.071049554	3.305093266	12.94652293
1	0.5	4.7	25	0.184991839	0.484303911	8.645026886	0.075706868	3.741786177	12.94682384
1	0.6	3.6	21	0.292044662	0.407438745	9.16287996	0.072899782	3.305093247	12.94831173
1	0.6	3.1	23	0.388597771	0.446406946	9.140004162	0.068248554	3.296835386	12.95149505
1	0.6	3.9	19	0.236308232	0.368324084	9.192652939	0.075605878	3.315840897	12.9524238
1	0.5	4.8	17	0.177367771	0.3296259	8.756944269	0.076540033	3.790267008	12.95337721
1	0.6	3.8	21	0.254000547	0.407002827	9.166114401	0.074669136	3.306260837	12.9540472
1	0.6	3.3	23	0.349367482	0.446339721	9.141378423	0.070119009	3.297331476	12.95516863
1	0.6	3.5	23	0.310137278	0.446272516	9.142597086	0.071975682	3.297771398	12.95861668
1	0.5	4.7	26	0.184764152	0.503618872	8.641419424	0.075698272	3.740223482	12.96096005
1	0.6	3.7	23	0.271487684	0.445946708	9.143685584	0.073776912	3.298164331	12.96157353
1	0.6	3	22	0.409733648	0.427033466	9.162880145	0.067308287	3.305093313	12.96231521
1	0.5	4.8	18	0.176798554	0.348975991	8.749698379	0.076531334	3.787128204	12.96233391
1	0.6	3.2	22	0.370503986	0.426969155	9.162880076	0.069186126	3.305093288	12.96412864
1	0.6	3.9	20	0.236030744	0.387665506	9.187959179	0.075597287	3.314146512	12.96536848
1	0.6	3.4	22	0.331274324	0.426904863	9.162880015	0.071049554	3.305093266	12.9659277
1	0.6	3.6	22	0.292044662	0.42684059	9.16287996	0.072899782	3.305093247	12.96771358
1	0.6	3.1	24	0.388597771	0.465815944	9.140004162	0.068248554	3.296835386	12.97090405
1	0.5	4.8	19	0.176229338	0.368321683	8.74246448	0.076522637	3.783994594	12.97130339
1	0.6	3.8	22	0.254000547	0.426335473	9.164720578	0.074660653	3.305757685	12.97147439
1	0.6	3.3	24	0.349367482	0.465745796	9.141378423	0.070119009	3.297331476	12.9745747
1	0.5	4.7	27	0.184536466	0.522929448	8.637814973	0.075689677	3.738662091	12.97509619
1	0.6	3.5	24	0.310137278	0.465675669	9.142597086	0.071975682	3.297771398	12.97801984
1	0.6	3.9	21	0.235803057	0.407002532	9.183866671	0.075588697	3.312669171	12.97912707
1	0.5	4.8	20	0.175660121	0.387662978	8.735242543	0.076513941	3.780866165	12.98028563
1	0.6	3.7	24	0.271487684	0.465335696	9.143685584	0.073776912	3.298164331	12.98096252
1	0.6	3	23	0.409733648	0.446444078	9.162880145	0.067308287	3.305093313	12.98172582
1	0.6	3.2	23	0.370503986	0.446376844	9.162880076	0.069186126	3.305093288	12.98353633
1	0.6	3.4	23	0.331274324	0.446309629	9.162880015	0.071049554	3.305093266	12.98533246
1	0.6	3.6	23	0.292044662	0.446242435	9.16287996	0.072899782	3.305093247	12.98711542
1	0.6	3.8	23	0.254000547	0.445663728	9.163327179	0.074652172	3.305254687	12.98889776
1	0.5	4.7	28	0.184308779	0.542235638	8.634213531	0.075681084	3.737102003	12.98923226
1	0.6	3.1	25	0.388597771	0.485224941	9.140004162	0.068248554	3.296835386	12.99031304
1	0.5	4.8	21	0.175198741	0.406999879	8.729170009	0.076505248	3.77823564	12.99091078
1	0.6	3.9	22	0.23557537	0.426335165	9.17977781	0.07558011	3.311193146	12.99288623
1	0.6	3.3	25	0.349367482	0.48515187	9.141378423	0.070119009	3.297331476	12.99398078
1	0.6	3.5	25	0.310137278	0.485078822	9.142597086	0.071975682	3.297771398	12.99742299
1	0.6	3.7	25	0.271487684	0.484724683	9.143685584	0.073776912	3.298164331	13.00035151
1	0.6	3	24	0.409733648	0.46585469	9.162880145	0.067308287	3.305093313	13.00113643
1	0.5	4.8	22	0.174743367	0.426332386	8.723169199	0.076496556	3.775636185	13.00163433
1	0.6	3.2	24	0.370503986	0.465784532	9.162880076	0.069186126	3.305093288	13.00294402
1	0.5	4.7	29	0.184081092	0.561537446	8.630615093	0.075672493	3.735543217	13.00336825
1	0.6	3.4	24	0.331274324	0.465714396	9.162880015	0.071049554	3.305093266	13.00473723
1	0.6	3.6	24	0.292044662	0.46564428	9.16287996	0.072899782	3.305093247	13.00651727
1	0.6	3.9	23	0.235347684	0.445663405	9.175692591	0.075571524	3.309718436	13.00664596
1	0.6	3.8	24	0.254000547	0.465023452	9.162879912	0.074649449	3.305093229	13.00764604
1	0.6	3.1	26	0.388597771	0.504633939	9.140004162	0.068248554	3.296835386	13.00972204
1	0.6	3.3	26	0.349367482	0.504557945	9.141378423	0.070119009	3.297331476	13.01338685
1	0.5	4.8	23	0.174367166	0.445660501	8.718009652	0.076487867	3.773401151	13.01355917
1	0.6	3.5	26	0.310137278	0.504481975	9.142597086	0.071975682	3.297771398	13.01682614
1	0.5	4.7	30	0.183853406	0.580834872	8.627019656	0.075663903	3.733985731	13.01750416
1	0.6	3.7	26	0.271487684	0.50411367	9.143685584	0.073776912	3.298164331	13.0197405
1	0.6	3.9	24	0.235119997	0.464987255	9.171611009	0.075562941	3.308245039	13.02040624
1	0.6	3	25	0.409733648	0.485265302	9.162880145	0.067308287	3.305093313	13.02054705
1	0.6	3.2	25	0.370503986	0.485192221	9.162880076	0.069186126	3.305093288	13.02235171
1	0.6	3.4	25	0.331274324	0.485119162	9.162880015	0.071049554	3.305093266	13.024142
1	0.6	3.6	25	0.292044662	0.485046125	9.16287996	0.072899782	3.305093247	13.02591911
1	0.5	4.8	24	0.174064661	0.464984225	8.713630824	0.076479179	3.771504312	13.02659854
1	0.6	3.8	25	0.254000547	0.484399429	9.162879912	0.074649449	3.305093229	13.02702202
1	0.6	3.1	27	0.388597771	0.524042937	9.140004162	0.068248554	3.296835386	13.02913104
1	0.6	3.3	27	0.349367482	0.52396402	9.141378423	0.070119009	3.297331476	13.03279293
1	0.6	4	15	0.22600784	0.290914206	9.308534234	0.076557882	3.35767251	13.03367883
1	0.6	3.9	25	0.23489231	0.484306715	9.167533059	0.075554359	3.306772954	13.03416709
1	0.6	3.5	27	0.310137278	0.523885127	9.142597086	0.071975682	3.297771398	13.03622929
1	0.6	4	16	0.225201064	0.310273209	9.297502168	0.076549179	3.35369008	13.03801464
1	0.6	3.7	27	0.271487684	0.523502658	9.143685584	0.073776912	3.298164331	13.03912948
1	0.6	3	26	0.409733648	0.504675915	9.162880145	0.067308287	3.305093313	13.03995766
1	0.5	4.8	25	0.173836974	0.48430356	8.710042166	0.076470493	3.769949762	13.04076598
1	0.6	3.2	26	0.370503986	0.50459991	9.162880076	0.069186126	3.305093288	13.0417594
1	0.6	4	17	0.22440416	0.329627811	9.286614127	0.076540477	3.349759642	13.04254206
1	0.6	3.4	26	0.331274324	0.504523929	9.162880015	0.071049554	3.305093266	13.04354676
1	0.5	4.9	15	0.168537307	0.290912308	8.846950364	0.077320213	3.829256217	13.0444391
1	0.6	3.6	26	0.292044662	0.50444797	9.16287996	0.072899782	3.305093247	13.04532096
1	0.6	3.8	26	0.254000547	0.503775406	9.162879912	0.074649449	3.305093229	13.046398
1	0.5	4.9	16	0.167556221	0.310271186	8.835342761	0.077311423	3.824227988	13.04715336
1	0.6	3.9	26	0.234664624	0.503621788	9.163458738	0.07554578	3.305302177	13.04792848
1	0.6	3.1	28	0.388597771	0.543451934	9.140004162	0.068248554	3.296835386	13.04854004
1	0.6	4	18	0.223710271	0.348978013	9.276978958	0.076531778	3.346281473	13.04877022
1	0.6	3.3	28	0.349367482	0.543370095	9.141378423	0.070119009	3.297331476	13.052199
1	0.5	4.9	17	0.166769868	0.329625661	8.825822383	0.077302635	3.820103912	13.05285459
1	0.5	4.8	26	0.173609287	0.503618508	8.706456465	0.07646181	3.768396494	13.05493328
1	0.6	3.5	28	0.310137278	0.54328828	9.142597086	0.071975682	3.297771398	13.05563245
1	0.6	4	19	0.223176162	0.368323817	9.269264207	0.07652308	3.34349655	13.05760765
1	0.3	3.5	15	0.572383368	0.291286955	7.384936891	0.055102035	5.326558706	13.05788459
1	0.6	3.7	28	0.271487684	0.542891645	9.143685584	0.073776912	3.298164331	13.05851847
1	0.6	3	27	0.409733648	0.524086527	9.162880145	0.067308287	3.305093313	13.05936827
1	0.5	4.9	18	0.16614256	0.348975738	8.817999445	0.077293849	3.816715139	13.06098417
1	0.6	3.2	27	0.370503986	0.524007599	9.162880076	0.069186126	3.305093288	13.06116709
1	0.6	3.9	27	0.234452033	0.522932475	9.159567895	0.075537202	3.303897635	13.06193521
1	0.6	3.4	27	0.331274324	0.523928695	9.162880015	0.071049554	3.305093266	13.06295153
1	0.6	3.6	27	0.292044662	0.523849815	9.16287996	0.072899782	3.305093247	13.0647228
1	0.6	3.8	27	0.254000547	0.523151384	9.162879912	0.074649449	3.305093229	13.06577397
1	0.6	4	20	0.222720788	0.387665225	9.262497498	0.076514384	3.341053858	13.06773097
1	0.6	3.1	29	0.388597771	0.562860932	9.140004162	0.068248554	3.296835386	13.06794903
1	0.5	4.8	27	0.173381601	0.522929069	8.702873717	0.076453128	3.766844505	13.06910042
1	0.5	4.9	19	0.165573343	0.368321416	8.810801945	0.077285065	3.813597297	13.07000572
1	0.6	3.3	29	0.349367482	0.56277617	9.141378423	0.070119009	3.297331476	13.07160508
1	0.3	3.9	15	0.523983846	0.291286955	7.392236155	0.057123772	5.331828582	13.07247546
1	0.6	3.5	29	0.310137278	0.562691433	9.142597086	0.071975682	3.297771398	13.0750356
1	0.3	3.5	16	0.572383368	0.310706085	7.384936891	0.055102035	5.326558706	13.07730372
1	0.6	3.9	28	0.23433819	0.542238777	9.156855999	0.075528626	3.302918676	13.07754208
1	0.6	4	21	0.222265415	0.407002237	9.255740669	0.076505691	3.338614732	13.07786333
1	0.6	3.7	29	0.271487684	0.562280632	9.143685584	0.073776912	3.298164331	13.07790746
1	0.6	3	28	0.409733648	0.543497139	9.162880145	0.067308287	3.305093313	13.07877888
1	0.5	4.9	20	0.165004126	0.387662698	8.803616195	0.077276283	3.810484544	13.07903972
1	0.6	3.2	28	0.370503986	0.543415288	9.162880076	0.069186126	3.305093288	13.08057478
1	0.6	3.4	28	0.331274324	0.543333462	9.162880015	0.071049554	3.305093266	13.0823563
1	0.5	4.8	28	0.173153914	0.542235246	8.69929392	0.076444449	3.765293793	13.08326741
1	0.6	3.6	28	0.292044662	0.54325166	9.16287996	0.072899782	3.305093247	13.08412465
1	0.3	4.3	15	0.475584454	0.291286955	7.398189917	0.059116321	5.33612704	13.08472023
1	0.6	3.8	28	0.254000547	0.542527361	9.162879912	0.074649449	3.305093229	13.08514995
1	0.6	3.1	30	0.388597771	0.58226993	9.140004162	0.068248554	3.296835386	13.08735803
1	0.5	4.9	21	0.16443491	0.406999584	8.796442166	0.077267503	3.807376869	13.08808612
1	0.6	4	22	0.22183381	0.426334856	9.24927523	0.076496999	3.336280794	13.08838788
1	0.6	3.3	30	0.349367482	0.582182245	9.141378423	0.070119009	3.297331476	13.09101115
1	0.3	3.9	16	0.523983846	0.310706085	7.392236155	0.057123772	5.331828582	13.09189459
1	0.6	3.9	29	0.234224346	0.561540696	9.15414571	0.075520052	3.301940298	13.09314676
1	0.6	3.5	30	0.310137278	0.582094586	9.142597086	0.071975682	3.297771398	13.09443875
1	0.3	4.7	15	0.427328937	0.291245092	7.403139333	0.061074894	5.339700387	13.09515971
1	0.3	3.4	15	0.585857296	0.291286955	7.407317524	0.054591467	5.34271693	13.09591288
1	0.3	3.5	17	0.572383368	0.330125216	7.384936891	0.055102035	5.326558706	13.09672285
1	0.6	3.7	30	0.271487684	0.58166962	9.143685584	0.073776912	3.298164331	13.09729645
1	0.5	4.9	22	0.163895667	0.426332077	8.789593883	0.077258725	3.804410302	13.09759499
1	0.6	3	29	0.409733648	0.562907751	9.162880145	0.067308287	3.305093313	13.0981895
1	0.5	4.8	29	0.172987156	0.56153704	8.696354965	0.076435771	3.764020685	13.09834846
1	0.6	3.2	29	0.370503986	0.562822977	9.162880076	0.069186126	3.305093288	13.09998247
1	0.6	3.4	29	0.331274324	0.562738228	9.162880015	0.071049554	3.305093266	13.10176106
1	0.6	4	23	0.221578961	0.445663082	9.244910075	0.07648831	3.334705031	13.1017665
1	0.6	3.6	29	0.292044662	0.562653505	9.16287996	0.072899782	3.305093247	13.10352649
1	0.3	4.3	16	0.475584454	0.310706085	7.398189917	0.059116321	5.33612704	13.10413936
1	0.6	3.8	29	0.254000547	0.561903338	9.162879912	0.074649449	3.305093229	13.10452593
1	0.3	3.8	15	0.537458086	0.291286955	7.412492532	0.056621253	5.346453149	13.10685389
1	0.6	3.9	30	0.234110503	0.580838234	9.151437026	0.075511481	3.300962499	13.10874924
1	0.5	4.9	23	0.163568862	0.445660178	8.784979256	0.077249948	3.802411319	13.1103007
1	0.3	3.9	17	0.523983846	0.330125216	7.392236155	0.057123772	5.331828582	13.11131372
1	0.5	4.8	30	0.172873313	0.580834452	8.693971682	0.076427095	3.762988285	13.11422151
1	0.3	4.7	16	0.427328937	0.310661432	7.403139333	0.061074894	5.339700387	13.11457605
1	0.3	3.4	16	0.585857296	0.310706085	7.407317524	0.054591467	5.34271693	13.11533201
1	0.6	4	24	0.221351274	0.464986918	9.240870187	0.076479622	3.333246685	13.11558341
1	0.3	4.2	15	0.489058946	0.291286955	7.416688149	0.058620685	5.349482273	13.11607806
1	0.3	3.5	18	0.572383368	0.349544346	7.384936891	0.055102035	5.326558706	13.11614198
1	0.6	3	30	0.409733648	0.582318363	9.162880145	0.067308287	3.305093313	13.11760011
1	0.6	3.2	30	0.370503986	0.582230665	9.162880076	0.069186126	3.305093288	13.11939015
1	0.6	3.4	30	0.331274324	0.582142994	9.162880015	0.071049554	3.305093266	13.12116583
1	0.6	3.6	30	0.292044662	0.58205535	9.16287996	0.072899782	3.305093247	13.12292834
1	0.3	4.3	17	0.475584454	0.330125216	7.398189917	0.059116321	5.33612704	13.12355849
1	0.6	3.8	30	0.254000547	0.581279315	9.162879912	0.074649449	3.305093229	13.12390191
1	0.3	4.6	15	0.440756807	0.291258734	7.420159115	0.060588142	5.351988219	13.12399421
1	0.5	4.9	24	0.163341176	0.464983888	8.781405965	0.077241174	3.800863426	13.12449445
1	0.3	3.8	16	0.537458086	0.310706085	7.412492532	0.056621253	5.346453149	13.12627302
1	0.6	4	25	0.221123588	0.484306365	9.236833832	0.076470936	3.331789614	13.12940075
1	0.3	3.9	18	0.523983846	0.349544346	7.392236155	0.057123772	5.331828582	13.13073286
1	0.3	5	15	0.392523742	0.291210432	7.423078276	0.062528144	5.354095776	13.13091263
1	0.3	4.7	17	0.427328937	0.330077771	7.403139333	0.061074894	5.339700387	13.13399239
1	0.3	3.4	17	0.585857296	0.330125216	7.407317524	0.054591467	5.34271693	13.13475114
1	0.6	4.1	15	0.212864638	0.290913995	9.382126121	0.077473027	3.384238206	13.13475135
1	0.3	4.2	16	0.489058946	0.310706085	7.416688149	0.058620685	5.349482273	13.13549719
1	0.3	3.5	19	0.572383368	0.368963477	7.384936891	0.055102035	5.326558706	13.13556111
1	0.6	4.1	16	0.211953891	0.310272984	9.369958669	0.077464219	3.379845917	13.13754179
1	0.5	4.9	25	0.163113489	0.48430321	8.777835582	0.077232402	3.799316793	13.13868799
1	0.6	4.1	17	0.211063134	0.329627572	9.35805922	0.077455414	3.375550373	13.14069258
1	0.3	4.3	18	0.475584454	0.349544346	7.398189917	0.059116321	5.33612704	13.14297762
1	0.6	4	26	0.220895901	0.503621424	9.232801003	0.076462253	3.330333817	13.1432185
1	0.3	3.7	15	0.550934082	0.291286955	7.43399355	0.056116842	5.361976315	13.14337366
1	0.3	4.6	16	0.440756807	0.310675983	7.420159115	0.060588142	5.351988219	13.14341146
1	0.3	3.8	17	0.537458086	0.330125216	7.412492532	0.056621253	5.346453149	13.14569215
1	0.6	4.1	18	0.210414497	0.34897776	9.349047852	0.07744661	3.372297389	13.14776961
1	0.3	4.1	15	0.50253538	0.291286955	7.43621749	0.058123422	5.36358194	13.14920981
1	0.3	3.9	19	0.523983846	0.368963477	7.392236155	0.057123772	5.331828582	13.15015199
1	0.3	5	16	0.392523742	0.310624461	7.423078276	0.062528144	5.354095776	13.15032666
1	0.5	4.9	26	0.162885802	0.503618143	8.774268103	0.077223632	3.797771417	13.1528813
1	0.5	5	15	0.158714155	0.290912098	8.922184561	0.078081322	3.861846475	13.15302446
1	0.3	4.7	18	0.427328937	0.349494111	7.403139333	0.061074894	5.339700387	13.15340873
1	0.3	3.4	18	0.585857296	0.349544346	7.407317524	0.054591467	5.34271693	13.15417027
1	0.3	4.5	15	0.454186733	0.291272377	7.438047138	0.060099924	5.364902898	13.15432234
1	0.3	4.2	17	0.489058946	0.330125216	7.416688149	0.058620685	5.349482273	13.15491632
1	0.3	3.5	20	0.572383368	0.388382607	7.384936891	0.055102035	5.326558706	13.15498024
1	0.5	5	16	0.157697878	0.310270961	8.910243115	0.078072445	3.856673631	13.15526015
1	0.6	4.1	19	0.20984528	0.368323551	9.340989848	0.077437809	3.369388556	13.15613976
1	0.6	4	27	0.220668214	0.522932097	9.228771697	0.076453571	3.328879291	13.15703666
1	0.3	4.9	15	0.405953956	0.29122407	7.43957924	0.062045515	5.366009034	13.15885786
1	0.5	5	17	0.156900975	0.329625423	8.900642941	0.078063571	3.852514988	13.16084692
1	0.3	4.3	19	0.475584454	0.368963477	7.398189917	0.059116321	5.33612704	13.16239675
1	0.3	3.7	16	0.550934082	0.310706085	7.43399355	0.056116842	5.361976315	13.16279279
1	0.3	4.6	17	0.440756807	0.330093232	7.420159115	0.060588142	5.351988219	13.16282871
1	0.6	4.1	20	0.209309868	0.387664944	9.333343511	0.077429009	3.36662833	13.16506579
1	0.3	3.8	18	0.537458086	0.349544346	7.412492532	0.056621253	5.346453149	13.16511128
1	0.5	5	18	0.156104071	0.348975485	8.891063448	0.078054698	3.848365304	13.16645894
1	0.5	4.9	27	0.162658115	0.522928691	8.770703525	0.077214864	3.796227299	13.16707438
1	0.3	4.1	16	0.50253538	0.310706085	7.43621749	0.058123422	5.36358194	13.16862894
1	0.3	3.9	20	0.523983846	0.388382607	7.392236155	0.057123772	5.331828582	13.16957112
1	0.3	5	17	0.392523742	0.33003849	7.423078276	0.062528144	5.354095776	13.16974069
1	0.6	4	28	0.220459501	0.542238385	9.224969467	0.076444891	3.327506736	13.17115948
1	0.3	4.7	19	0.427328937	0.36891045	7.403139333	0.061074894	5.339700387	13.17282506
1	0.5	5	19	0.155370666	0.368321149	8.882170362	0.078045828	3.844512961	13.1730503
1	0.3	3.4	19	0.585857296	0.368963477	7.407317524	0.054591467	5.34271693	13.1735894
1	0.3	4.5	16	0.454186733	0.310690535	7.438047138	0.060099924	5.364902898	13.1737405
1	0.3	4.2	18	0.489058946	0.349544346	7.416688149	0.058620685	5.349482273	13.17433545
1	0.3	3.5	21	0.572383368	0.407801737	7.384936891	0.055102035	5.326558706	13.17439937
1	0.6	4.1	21	0.208854494	0.407001942	9.326650095	0.077420212	3.364212095	13.17528434
1	0.3	4.9	16	0.405953956	0.310639009	7.43957924	0.062045515	5.366009034	13.1782728
1	0.5	5	20	0.154728371	0.387662417	8.874248621	0.078036959	3.841081388	13.18102939
1	0.5	4.9	28	0.162458028	0.542234854	8.767429558	0.077206098	3.794809069	13.18167958
1	0.3	4.3	20	0.475584454	0.388382607	7.398189917	0.059116321	5.33612704	13.18181588
1	0.3	3.7	17	0.550934082	0.330125216	7.43399355	0.056116842	5.361976315	13.18221192
1	0.3	4.6	18	0.440756807	0.349510481	7.420159115	0.060588142	5.351988219	13.18224596
1	0.3	3.6	15	0.564412904	0.291286955	7.456873261	0.055610464	5.37849486	13.18226554
1	0.3	4	15	0.516014336	0.291286955	7.456873228	0.057624473	5.378494836	13.18427949
1	0.3	3.8	19	0.537458086	0.368963477	7.412492532	0.056621253	5.346453149	13.18453041
1	0.6	4.1	22	0.208399121	0.426334547	9.319966279	0.077411416	3.361799327	13.18551157
1	0.3	4.4	15	0.467618975	0.291286021	7.4568732	0.059610194	5.378494816	13.18626423
1	0.6	4	29	0.220345658	0.56154029	9.22228743	0.076436213	3.326538556	13.18680249
1	0.3	4.1	17	0.50253538	0.330125216	7.43621749	0.058123422	5.36358194	13.18804807
1	0.3	4.8	15	0.419386288	0.29123771	7.456873178	0.061561549	5.378494799	13.18816724
1	0.3	3.9	21	0.523983846	0.407801737	7.392236155	0.057123772	5.331828582	13.18899025
1	0.3	5	18	0.392523742	0.349452519	7.423078276	0.062528144	5.354095776	13.18915471
1	0.5	5	21	0.154159154	0.40699929	8.867104642	0.078028093	3.83798673	13.19011876
1	0.3	4.7	20	0.427328937	0.38832679	7.403139333	0.061074894	5.339700387	13.1922414
1	0.3	3.4	20	0.585857296	0.388382607	7.407317524	0.054591467	5.34271693	13.19300853
1	0.3	4.5	17	0.454186733	0.330108694	7.438047138	0.060099924	5.364902898	13.19315865
1	0.3	4.2	19	0.489058946	0.368963477	7.416688149	0.058620685	5.349482273	13.19375458
1	0.3	3.5	22	0.572383368	0.427220868	7.384936891	0.055102035	5.326558706	13.1938185
1	0.6	4.1	23	0.207943748	0.44566276	9.313292044	0.077402623	3.359390016	13.19574744
1	0.5	4.9	29	0.162344185	0.561536633	8.765056557	0.077197334	3.793781122	13.19757165
1	0.3	4.9	17	0.405953956	0.330053947	7.43957924	0.062045515	5.366009034	13.19768774
1	0.5	5	22	0.153630042	0.426331769	8.860390626	0.078019228	3.835078325	13.19981995
1	0.3	4.3	21	0.475584454	0.407801737	7.398189917	0.059116321	5.33612704	13.20123501
1	0.3	3.7	18	0.550934082	0.349544346	7.43399355	0.056116842	5.361976315	13.20163105
1	0.3	4.6	19	0.440756807	0.36892773	7.420159115	0.060588142	5.351988219	13.20166321
1	0.3	3.6	16	0.564412904	0.310706085	7.456873261	0.055610464	5.37849486	13.20168467
1	0.6	4	30	0.220231814	0.580837813	9.219606954	0.076427538	3.32557094	13.20244325
1	0.3	4	16	0.516014336	0.310706085	7.456873228	0.057624473	5.378494836	13.20369862
1	0.3	3.8	20	0.537458086	0.388382607	7.412492532	0.056621253	5.346453149	13.20394954
1	0.3	4.4	16	0.467618975	0.310705089	7.4568732	0.059610194	5.378494816	13.2056833
1	0.6	4.1	24	0.207488374	0.464986582	9.306627368	0.077393831	3.356984156	13.20599194
1	0.3	4.1	18	0.50253538	0.349544346	7.43621749	0.058123422	5.36358194	13.2074672
1	0.3	4.8	16	0.419386288	0.310653557	7.456873178	0.061561549	5.378494799	13.20758308
1	0.3	3.9	22	0.523983846	0.427220868	7.392236155	0.057123772	5.331828582	13.20840938
1	0.3	5	19	0.392523742	0.368866547	7.423078276	0.062528144	5.354095776	13.20856874
1	0.3	4.7	21	0.427328937	0.407743129	7.403139333	0.061074894	5.339700387	13.21165774
1	0.5	5	23	0.153278938	0.445659855	8.855541776	0.078010366	3.832977881	13.21218988
1	0.3	3.4	21	0.585857296	0.407801737	7.407317524	0.054591467	5.34271693	13.21242766
1	0.3	4.5	18	0.454186733	0.349526852	7.438047138	0.060099924	5.364902898	13.21257681
1	0.3	4.2	20	0.489058946	0.388382607	7.416688149	0.058620685	5.349482273	13.21317371
1	0.3	3.5	23	0.572383368	0.446639998	7.384936891	0.055102035	5.326558706	13.21323763
1	0.5	4.9	30	0.162230341	0.580834031	8.76268484	0.077188572	3.792753732	13.21346118
1	0.3	4.9	18	0.405953956	0.349468885	7.43957924	0.062045515	5.366009034	13.21710267
1	0.6	4.1	25	0.207093103	0.484306014	9.300674477	0.077385042	3.354835241	13.21720077
1	0.3	4.3	22	0.475584454	0.427220868	7.398189917	0.059116321	5.33612704	13.22065415
1	0.3	3.7	19	0.550934082	0.368963477	7.43399355	0.056116842	5.361976315	13.22105018
1	0.3	4.6	20	0.440756807	0.388344979	7.420159115	0.060588142	5.351988219	13.22108046
1	0.3	3.6	17	0.564412904	0.330125216	7.456873261	0.055610464	5.37849486	13.2211038
1	0.3	4	17	0.516014336	0.330125216	7.456873228	0.057624473	5.378494836	13.22311775
1	0.3	3.8	21	0.537458086	0.407801737	7.412492532	0.056621253	5.346453149	13.22336867
1	0.3	4.4	17	0.467618975	0.330124157	7.4568732	0.059610194	5.378494816	13.22510237
1	0.5	5	24	0.152997929	0.464983552	8.851428103	0.078001505	3.831195903	13.22560906
1	0.3	4.1	19	0.50253538	0.368963477	7.43621749	0.058123422	5.36358194	13.22688633
1	0.3	4.8	17	0.419386288	0.330069405	7.456873178	0.061561549	5.378494799	13.22699893
1	0.3	3.9	23	0.523983846	0.446639998	7.392236155	0.057123772	5.331828582	13.22782851
1	0.3	5	20	0.392523742	0.388280576	7.423078276	0.062528144	5.354095776	13.22798277
1	0.6	4.1	26	0.206751573	0.503621059	9.295356419	0.077376254	3.352915493	13.22926923
1	0.3	4.7	22	0.427328937	0.427159469	7.403139333	0.061074894	5.339700387	13.23107408
1	0.3	3.4	22	0.585857296	0.427220868	7.407317524	0.054591467	5.34271693	13.23184679
1	0.3	4.5	19	0.454186733	0.368945011	7.438047138	0.060099924	5.364902898	13.23199497
1	0.3	4.2	21	0.489058946	0.407801737	7.416688149	0.058620685	5.349482273	13.23259284
1	0.3	3.5	24	0.572383368	0.466059128	7.384936891	0.055102035	5.326558706	13.23265676
1	0.3	4.9	19	0.405953956	0.368883823	7.43957924	0.062045515	5.366009034	13.23651761
1	0.5	5	25	0.152770242	0.484302859	8.84787304	0.077992647	3.829655906	13.23982445
1	0.3	4.3	23	0.475584454	0.446639998	7.398189917	0.059116321	5.33612704	13.24007328
1	0.3	3.7	20	0.550934082	0.388382607	7.43399355	0.056116842	5.361976315	13.24046931
1	0.3	4.6	21	0.440756807	0.407762228	7.420159115	0.060588142	5.351988219	13.2404977
1	0.3	3.6	18	0.564412904	0.349544346	7.456873261	0.055610464	5.37849486	13.24052293
1	0.6	4.1	27	0.206414452	0.522931718	9.290095852	0.077367469	3.351016498	13.24141154
1	0.3	4	18	0.516014336	0.349544346	7.456873228	0.057624473	5.378494836	13.24253688
1	0.3	3.8	22	0.537458086	0.427220868	7.412492532	0.056621253	5.346453149	13.2427878
1	0.3	4.4	18	0.467618975	0.349543225	7.4568732	0.059610194	5.378494816	13.24452144
1	0.3	4.1	20	0.50253538	0.388382607	7.43621749	0.058123422	5.36358194	13.24630546
1	0.3	4.8	18	0.419386288	0.349485252	7.456873178	0.061561549	5.378494799	13.24641478
1	0.3	3.9	24	0.523983846	0.466059128	7.392236155	0.057123772	5.331828582	13.24724764
1	0.3	5	21	0.392523742	0.407694605	7.423078276	0.062528144	5.354095776	13.2473968
1	0.3	4.7	23	0.427328937	0.446575808	7.403139333	0.061074894	5.339700387	13.25049042
1	0.3	3.4	23	0.585857296	0.446639998	7.407317524	0.054591467	5.34271693	13.25126592
1	0.3	4.5	20	0.454186733	0.388363169	7.438047138	0.060099924	5.364902898	13.25141313
1	0.3	4.2	22	0.489058946	0.427220868	7.416688149	0.058620685	5.349482273	13.25201197
1	0.3	3.5	25	0.572383368	0.485478259	7.384936891	0.055102035	5.326558706	13.25207589
1	0.5	5	26	0.152542556	0.503617779	8.844320834	0.07798379	3.828117147	13.25403955
1	0.6	4.1	28	0.206186765	0.542237993	9.286115812	0.077358685	3.349579756	13.25529225
1	0.3	4.9	20	0.405953956	0.388298761	7.43957924	0.062045515	5.366009034	13.25593255
1	0.3	4.3	24	0.475584454	0.466059128	7.398189917	0.059116321	5.33612704	13.25949241
1	0.3	3.7	21	0.550934082	0.407801737	7.43399355	0.056116842	5.361976315	13.25988844
1	0.3	4.6	22	0.440756807	0.427179476	7.420159115	0.060588142	5.351988219	13.25991495
1	0.3	3.6	19	0.564412904	0.368963477	7.456873261	0.055610464	5.37849486	13.25994206
1	0.3	4	19	0.516014336	0.368963477	7.456873228	0.057624473	5.378494836	13.26195601
1	0.3	3.8	23	0.537458086	0.446639998	7.412492532	0.056621253	5.346453149	13.26220693
1	0.6	4.2	15	0.20165253	0.290913784	9.476116781	0.078385788	3.418167589	13.26358394
1	0.3	4.4	19	0.467618975	0.368962293	7.4568732	0.059610194	5.378494816	13.2639405
1	0.6	4.2	16	0.20062794	0.310272759	9.462654994	0.078376876	3.413308062	13.26461269
1	0.3	4.1	21	0.50253538	0.407801737	7.43621749	0.058123422	5.36358194	13.26572459
1	0.3	4.8	19	0.419386288	0.3689011	7.456873178	0.061561549	5.378494799	13.26583063
1	0.3	3.9	25	0.523983846	0.485478259	7.392236155	0.057123772	5.331828582	13.26666677
1	0.3	5	22	0.392523742	0.427108634	7.423078276	0.062528144	5.354095776	13.26681083
1	0.5	5	27	0.152314869	0.522928312	8.840771482	0.077974936	3.826579624	13.26825435
1	0.6	4.2	17	0.199798192	0.329627333	9.451526153	0.078367967	3.409290698	13.26881215
1	0.6	4.1	29	0.205959079	0.561539884	9.282139183	0.077349904	3.348144246	13.26917322
1	0.3	4.7	24	0.427328937	0.465992148	7.403139333	0.061074894	5.339700387	13.26990676
1	0.3	3.4	24	0.585857296	0.466059128	7.407317524	0.054591467	5.34271693	13.27068505
1	0.3	4.5	21	0.454186733	0.407781328	7.438047138	0.060099924	5.364902898	13.27083129
1	0.3	4.2	23	0.489058946	0.446639998	7.416688149	0.058620685	5.349482273	13.27143111
1	0.3	3.5	26	0.572383368	0.504897389	7.384936891	0.055102035	5.326558706	13.27149502
1	0.3	4.9	21	0.405953956	0.407713699	7.43957924	0.062045515	5.366009034	13.27534749
1	0.6	4.2	18	0.199205875	0.348977508	9.443214743	0.07835906	3.406290389	13.2768417
1	0.3	4.3	25	0.475584454	0.485478259	7.398189917	0.059116321	5.33612704	13.27891154
1	0.3	3.7	22	0.550934082	0.427220868	7.43399355	0.056116842	5.361976315	13.27930757
1	0.3	4.6	23	0.440756807	0.446596725	7.420159115	0.060588142	5.351988219	13.2793322
1	0.3	3.6	20	0.564412904	0.388382607	7.456873261	0.055610464	5.37849486	13.27936119
1	0.3	4	20	0.516014336	0.388382607	7.456873228	0.057624473	5.378494836	13.28137514
1	0.3	3.8	24	0.537458086	0.466059128	7.412492532	0.056621253	5.346453149	13.28162606
1	0.6	4.1	30	0.205731392	0.580837393	9.278165962	0.077341124	3.346709966	13.28305444
1	0.3	4.4	20	0.467618975	0.388381361	7.4568732	0.059610194	5.378494816	13.28335957
1	0.5	5	28	0.152195295	0.542234461	8.83834733	0.077966084	3.82552952	13.28407739
1	0.3	4.1	22	0.50253538	0.427220868	7.43621749	0.058123422	5.36358194	13.28514372
1	0.3	4.8	20	0.419386288	0.388316947	7.456873178	0.061561549	5.378494799	13.28524647
1	0.6	4.2	19	0.198636659	0.368323284	9.435189117	0.078350155	3.403393244	13.2852558
1	0.3	3.9	26	0.523983846	0.504897389	7.392236155	0.057123772	5.331828582	13.2860859
1	0.3	5	23	0.392523742	0.446522663	7.423078276	0.062528144	5.354095776	13.28622486
1	0.7	3	15	0.361183101	0.291077306	9.873232642	0.071983105	3.052732418	13.28902547
1	0.3	4.7	25	0.427328937	0.485408487	7.403139333	0.061074894	5.339700387	13.2893231
1	0.3	3.4	25	0.585857296	0.485478259	7.407317524	0.054591467	5.34271693	13.29010418
1	0.3	4.5	22	0.454186733	0.427199486	7.438047138	0.060099924	5.364902898	13.29024945
1	0.3	4.2	24	0.489058946	0.466059128	7.416688149	0.058620685	5.349482273	13.29085024
1	0.3	3.5	27	0.572383368	0.524316519	7.384936891	0.055102035	5.326558706	13.29091415
1	0.6	4.2	20	0.198067442	0.387664663	9.427177131	0.078341252	3.400501024	13.29368407
1	0.3	4.9	22	0.405953956	0.427128637	7.43957924	0.062045515	5.366009034	13.29476243
1	0.7	3.1	15	0.340188078	0.291053119	9.876812781	0.07306071	3.053840174	13.29476678
1	0.3	4.3	26	0.475584454	0.504897389	7.398189917	0.059116321	5.33612704	13.29833067
1	0.3	3.7	23	0.550934082	0.446639998	7.43399355	0.056116842	5.361976315	13.29872671
1	0.3	4.6	24	0.440756807	0.466013974	7.420159115	0.060588142	5.351988219	13.29874945
1	0.3	3.6	21	0.564412904	0.407801737	7.456873261	0.055610464	5.37849486	13.29878032
1	0.5	5	29	0.152081451	0.561536227	8.835983976	0.077957233	3.824505752	13.29998319
1	0.7	3.2	15	0.319193953	0.291028936	9.880184532	0.074134219	3.054883452	13.30023114
1	0.3	4	21	0.516014336	0.407801737	7.456873228	0.057624473	5.378494836	13.30079427
1	0.3	3.8	25	0.537458086	0.485478259	7.412492532	0.056621253	5.346453149	13.30104519
1	0.6	4.2	21	0.197498225	0.407001648	9.419178752	0.07833235	3.397613715	13.30212646
1	0.3	4.4	21	0.467618975	0.407800429	7.4568732	0.059610194	5.378494816	13.30277864
1	0.3	4.1	23	0.50253538	0.446639998	7.43621749	0.058123422	5.36358194	13.30456285
1	0.3	4.8	21	0.419386288	0.407732794	7.456873178	0.061561549	5.378494799	13.30466232
1	0.3	3.9	27	0.523983846	0.524316519	7.392236155	0.057123772	5.331828582	13.30550503
1	0.3	5	24	0.392523742	0.465936691	7.423078276	0.062528144	5.354095776	13.30563889
1	0.7	3	16	0.361183101	0.31048246	9.873232642	0.071983105	3.052732418	13.30843062
1	0.7	3.3	15	0.298672247	0.290918716	9.885833319	0.07518158	3.056631284	13.3085649
1	0.3	4.7	26	0.427328937	0.504824827	7.403139333	0.061074894	5.339700387	13.30873944
1	0.3	3.4	26	0.585857296	0.504897389	7.407317524	0.054591467	5.34271693	13.30952331
1	0.3	4.5	23	0.454186733	0.446617645	7.438047138	0.060099924	5.364902898	13.30966761
1	0.3	4.2	25	0.489058946	0.485478259	7.416688149	0.058620685	5.349482273	13.31026937
1	0.3	3.5	28	0.572383368	0.54373565	7.384936891	0.055102035	5.326558706	13.31033328
1	0.6	4.2	22	0.19700254	0.426334238	9.412052854	0.078323451	3.39504136	13.3117519
1	0.7	3.1	16	0.340188078	0.31045666	9.876812781	0.07306071	3.053840174	13.31417032
1	0.3	4.9	23	0.405953956	0.446543575	7.43957924	0.062045515	5.366009034	13.31417736
1	0.5	5	30	0.151967608	0.580833611	8.833621886	0.077948385	3.823482533	13.31588642
1	0.3	4.3	27	0.475584454	0.524316519	7.398189917	0.059116321	5.33612704	13.3177498
1	0.3	3.7	24	0.550934082	0.466059128	7.43399355	0.056116842	5.361976315	13.31814584
1	0.3	4.6	25	0.440756807	0.485431223	7.420159115	0.060588142	5.351988219	13.3181667
1	0.3	3.6	22	0.564412904	0.427220868	7.456873261	0.055610464	5.37849486	13.31819945
1	0.7	3.2	16	0.319193953	0.310430865	9.880184532	0.074134219	3.054883452	13.31963307
1	0.3	4	22	0.516014336	0.427220868	7.456873228	0.057624473	5.378494836	13.3202134
1	0.3	3.8	26	0.537458086	0.504897389	7.412492532	0.056621253	5.346453149	13.32046432
1	0.6	4.2	23	0.196547166	0.445662437	9.405407975	0.078314554	3.392642647	13.32202761
1	0.3	4.4	22	0.467618975	0.427219498	7.4568732	0.059610194	5.378494816	13.32219771
1	0.3	4.1	24	0.50253538	0.466059128	7.43621749	0.058123422	5.36358194	13.32398198
1	0.3	4.8	22	0.419386288	0.427148642	7.456873178	0.061561549	5.378494799	13.32407817
1	0.3	3.9	28	0.523983846	0.54373565	7.392236155	0.057123772	5.331828582	13.32492416
1	0.3	5	25	0.392523742	0.48535072	7.423078276	0.062528144	5.354095776	13.32505292
1	0.7	3.3	16	0.298672247	0.310278019	9.884232907	0.075173033	3.056136089	13.32582005
1	0.7	3	17	0.361183101	0.329887613	9.873232642	0.071983105	3.052732418	13.32783578
1	0.3	4.7	27	0.427328937	0.524241166	7.403139333	0.061074894	5.339700387	13.32815578
1	0.3	3.4	27	0.585857296	0.524316519	7.407317524	0.054591467	5.34271693	13.32894244
1	0.3	4.5	24	0.454186733	0.466035803	7.438047138	0.060099924	5.364902898	13.32908576
1	0.3	4.2	26	0.489058946	0.504897389	7.416688149	0.058620685	5.349482273	13.3296885
1	0.3	3.5	29	0.572383368	0.56315478	7.384936891	0.055102035	5.326558706	13.32975241
1	0.6	4.2	24	0.196091793	0.464986245	9.39877248	0.078305659	3.390247321	13.3323117
1	0.7	3.1	17	0.340188078	0.329860201	9.876812781	0.07306071	3.053840174	13.33357387
1	0.3	4.9	24	0.405953956	0.465958513	7.43957924	0.062045515	5.366009034	13.3335923
1	0.3	4.3	28	0.475584454	0.54373565	7.398189917	0.059116321	5.33612704	13.33716893
1	0.3	3.7	25	0.550934082	0.485478259	7.43399355	0.056116842	5.361976315	13.33756497
1	0.3	4.6	26	0.440756807	0.504848472	7.420159115	0.060588142	5.351988219	13.33758395
1	0.3	3.6	23	0.564412904	0.446639998	7.456873261	0.055610464	5.37849486	13.33761858
1	0.7	3.2	17	0.319193953	0.329832794	9.880184532	0.074134219	3.054883452	13.339035
1	0.3	4	23	0.516014336	0.446639998	7.456873228	0.057624473	5.378494836	13.33963253
1	0.3	3.8	27	0.537458086	0.524316519	7.412492532	0.056621253	5.346453149	13.33988345
1	0.3	4.4	23	0.467618975	0.446638566	7.4568732	0.059610194	5.378494816	13.34161678
1	0.3	4.1	25	0.50253538	0.485478259	7.43621749	0.058123422	5.36358194	13.34340111
1	0.3	4.8	23	0.419386288	0.446564489	7.456873178	0.061561549	5.378494799	13.34349402
1	0.7	3.3	17	0.298672247	0.329649966	9.88336072	0.075168374	3.055866219	13.34404528
1	0.6	4.2	25	0.195734084	0.484305664	9.393282575	0.078296766	3.388265538	13.34415054
1	0.3	3.9	29	0.523983846	0.56315478	7.392236155	0.057123772	5.331828582	13.34434329
1	0.3	5	26	0.392523742	0.504764749	7.423078276	0.062528144	5.354095776	13.34446695
1	0.7	3	18	0.361183101	0.349292767	9.873232642	0.071983105	3.052732418	13.34724093
1	0.7	3.4	15	0.27949154	0.290917595	9.91465927	0.076253158	3.065550529	13.34738055
1	0.3	4.7	28	0.427328937	0.543657506	7.403139333	0.061074894	5.339700387	13.34757212
1	0.3	3.4	28	0.585857296	0.54373565	7.407317524	0.054591467	5.34271693	13.34836157
1	0.3	4.5	25	0.454186733	0.485453961	7.438047138	0.060099924	5.364902898	13.34850392
1	0.3	4.2	27	0.489058946	0.524316519	7.416688149	0.058620685	5.349482273	13.34910763
1	0.3	3.5	30	0.572383368	0.58257391	7.384936891	0.055102035	5.326558706	13.34917154
1	0.7	3.1	18	0.340188078	0.349263742	9.876812781	0.07306071	3.053840174	13.35297741
1	0.3	4.9	25	0.405953956	0.485373451	7.43957924	0.062045515	5.366009034	13.35300724
1	0.7	3.4	16	0.278968436	0.310276823	9.905923913	0.076244489	3.06284766	13.35529289
1	0.6	4.2	26	0.195392554	0.503620695	9.387987115	0.078287875	3.386353947	13.35624963
1	0.3	4.3	29	0.475584454	0.56315478	7.398189917	0.059116321	5.33612704	13.35658806
1	0.3	3.7	26	0.550934082	0.504897389	7.43399355	0.056116842	5.361976315	13.3569841
1	0.3	4.6	27	0.440756807	0.524265721	7.420159115	0.060588142	5.351988219	13.3570012
1	0.3	3.6	24	0.564412904	0.466059128	7.456873261	0.055610464	5.37849486	13.35703771
1	0.7	3.2	18	0.319193953	0.349234723	9.880184532	0.074134219	3.054883452	13.35843692
1	0.3	4	24	0.516014336	0.466059128	7.456873228	0.057624473	5.378494836	13.35905166
1	0.3	3.8	28	0.537458086	0.54373565	7.412492532	0.056621253	5.346453149	13.35930258
1	0.3	4.4	24	0.467618975	0.466057634	7.4568732	0.059610194	5.378494816	13.36103584
1	0.3	4.1	26	0.50253538	0.504897389	7.43621749	0.058123422	5.36358194	13.36282024
1	0.3	4.8	24	0.419386288	0.465980336	7.456873178	0.061561549	5.378494799	13.36290986
1	0.7	3.3	18	0.298672247	0.34904114	9.88336072	0.075168374	3.055866219	13.36343645
1	0.3	3.9	30	0.523983846	0.58257391	7.392236155	0.057123772	5.331828582	13.36376242
1	0.3	5	27	0.392523742	0.524178778	7.423078276	0.062528144	5.354095776	13.36388097
1	0.7	3.4	17	0.2785457	0.32963165	9.898576982	0.076235822	3.060574393	13.36501885
1	0.7	3	19	0.361183101	0.368697921	9.873232642	0.071983105	3.052732418	13.36664609
1	0.3	4.7	29	0.427328937	0.563073845	7.403139333	0.061074894	5.339700387	13.36698846
1	0.3	3.4	29	0.585857296	0.56315478	7.407317524	0.054591467	5.34271693	13.3677807
1	0.3	4.5	26	0.454186733	0.50487212	7.438047138	0.060099924	5.364902898	13.36792208
1	0.3	4.2	28	0.489058946	0.54373565	7.416688149	0.058620685	5.349482273	13.36852676
1	0.6	4.2	27	0.195144944	0.52293134	9.383788091	0.078278986	3.384838155	13.36983657
1	0.7	3.1	19	0.340188078	0.368667284	9.876812781	0.07306071	3.053840174	13.37238095
1	0.3	4.9	26	0.405953956	0.504788389	7.43957924	0.062045515	5.366009034	13.37242218
1	0.3	4.3	30	0.475584454	0.58257391	7.398189917	0.059116321	5.33612704	13.37600719
1	0.3	3.7	27	0.550934082	0.524316519	7.43399355	0.056116842	5.361976315	13.37640323
1	0.3	4.6	28	0.440756807	0.54368297	7.420159115	0.060588142	5.351988219	13.37641845
1	0.3	3.6	25	0.564412904	0.485478259	7.456873261	0.055610464	5.37849486	13.37645684
1	0.7	3.2	19	0.319193953	0.368636652	9.880184532	0.074134219	3.054883452	13.37783885
1	0.3	4	25	0.516014336	0.485478259	7.456873228	0.057624473	5.378494836	13.37847079
1	0.6	4.3	16	0.188702819	0.310272535	9.545727933	0.079287234	3.443296293	13.37858399
1	0.3	3.8	29	0.537458086	0.56315478	7.412492532	0.056621253	5.346453149	13.37872171
1	0.6	4.3	15	0.189817607	0.290913573	9.560170173	0.079296249	3.44850975	13.37888974
1	0.7	3.4	18	0.278423398	0.348982077	9.895347107	0.076227157	3.059575014	13.38013135
1	0.3	4.4	25	0.467618975	0.485476702	7.4568732	0.059610194	5.378494816	13.38045491
1	0.6	4.3	17	0.187816782	0.329627094	9.534006793	0.079278221	3.439065116	13.38197722
1	0.3	4.1	27	0.50253538	0.524316519	7.43621749	0.058123422	5.36358194	13.38223937
1	0.3	4.8	25	0.419386288	0.485396184	7.456873178	0.061561549	5.378494799	13.38232571
1	0.7	3.3	19	0.298672247	0.368432315	9.88336072	0.075168374	3.055866219	13.38282763
1	0.3	5	28	0.392523742	0.543592807	7.423078276	0.062528144	5.354095776	13.383295
1	0.6	4.2	28	0.194917257	0.5422376	9.379823966	0.078270099	3.383407159	13.38373882
1	0.7	3	20	0.361183101	0.388103074	9.873232642	0.071983105	3.052732418	13.38605124
1	0.3	4.7	30	0.427328937	0.582490185	7.403139333	0.061074894	5.339700387	13.3864048
1	0.3	3.4	30	0.585857296	0.58257391	7.407317524	0.054591467	5.34271693	13.38719983
1	0.3	4.5	27	0.454186733	0.524290278	7.438047138	0.060099924	5.364902898	13.38734024
1	0.3	4.2	29	0.489058946	0.56315478	7.416688149	0.058620685	5.349482273	13.38794589
1	0.6	4.3	18	0.187092746	0.348977255	9.524206874	0.07926921	3.435527475	13.38798081
1	0.7	3.1	20	0.340188078	0.388070825	9.876812781	0.07306071	3.053840174	13.39178449
1	0.3	4.9	27	0.405953956	0.524203327	7.43957924	0.062045515	5.366009034	13.39183712
1	0.6	4.3	19	0.186415599	0.368323017	9.514973862	0.079260202	3.432194481	13.39475156
1	0.3	3.7	28	0.550934082	0.54373565	7.43399355	0.056116842	5.361976315	13.39582236
1	0.3	4.6	29	0.440756807	0.563100219	7.420159115	0.060588142	5.351988219	13.3958357
1	0.3	3.6	26	0.564412904	0.504897389	7.456873261	0.055610464	5.37849486	13.39587597
1	0.7	3.2	20	0.319193953	0.388038581	9.880184532	0.074134219	3.054883452	13.39724078
1	0.7	3.4	19	0.278423398	0.368328106	9.893790765	0.076218494	3.059093455	13.39743082
1	0.6	4.2	29	0.194689571	0.561539477	9.375863192	0.078261214	3.381977372	13.39764126
1	0.3	4	26	0.516014336	0.504897389	7.456873228	0.057624473	5.378494836	13.39788992
1	0.3	3.8	30	0.537458086	0.58257391	7.412492532	0.056621253	5.346453149	13.39814084
1	0.3	4.4	26	0.467618975	0.50489577	7.4568732	0.059610194	5.378494816	13.39987398
1	0.3	4.1	28	0.50253538	0.54373565	7.43621749	0.058123422	5.36358194	13.4016585
1	0.3	4.8	26	0.419386288	0.504812031	7.456873178	0.061561549	5.378494799	13.40174156
1	0.7	3.3	20	0.298672247	0.387823489	9.88336072	0.075168374	3.055866219	13.4022188
1	0.3	5	29	0.392523742	0.563006835	7.423078276	0.062528144	5.354095776	13.40270903
1	0.6	4.3	20	0.185846382	0.387664382	9.507015091	0.079251195	3.42932147	13.40325214
1	0.7	3	21	0.361183101	0.407508228	9.873232642	0.071983105	3.052732418	13.40545639
1	0.3	4.5	28	0.454186733	0.543708437	7.438047138	0.060099924	5.364902898	13.4067584
1	0.3	4.2	30	0.489058946	0.58257391	7.416688149	0.058620685	5.349482273	13.40736502
1	0.7	3.1	21	0.340188078	0.407474366	9.876812781	0.07306071	3.053840174	13.41118803
1	0.3	4.9	28	0.405953956	0.543618265	7.43957924	0.062045515	5.366009034	13.41125205
1	0.6	4.2	30	0.194461884	0.580836973	9.371905764	0.078252331	3.380548793	13.41154386
1	0.6	4.3	21	0.185277165	0.407001353	9.499069633	0.079242191	3.426453264	13.41176644
1	0.7	3.4	20	0.278423398	0.387669738	9.892234914	0.076209833	3.058612047	13.41472653
1	0.3	3.7	29	0.550934082	0.56315478	7.43399355	0.056116842	5.361976315	13.41524149
1	0.3	4.6	30	0.440756807	0.582517468	7.420159115	0.060588142	5.351988219	13.41525294
1	0.3	3.6	27	0.564412904	0.524316519	7.456873261	0.055610464	5.37849486	13.4152951
1	0.7	3.2	21	0.319193953	0.40744051	9.880184532	0.074134219	3.054883452	13.41664271
1	0.3	4	27	0.516014336	0.524316519	7.456873228	0.057624473	5.378494836	13.41730905
1	0.3	4.4	27	0.467618975	0.524314838	7.4568732	0.059610194	5.378494816	13.41929305
1	0.6	4.3	22	0.184707949	0.42633393	9.491137454	0.079233188	3.423589853	13.42029443
1	0.3	4.1	29	0.50253538	0.56315478	7.43621749	0.058123422	5.36358194	13.42107763
1	0.3	4.8	27	0.419386288	0.524227878	7.456873178	0.061561549	5.378494799	13.4211574
1	0.7	3.3	21	0.298672247	0.407214663	9.88336072	0.075168374	3.055866219	13.42160998
1	0.3	5	30	0.392523742	0.582420864	7.423078276	0.062528144	5.354095776	13.42212306
1	0.7	3	22	0.361183101	0.426913382	9.873232642	0.071983105	3.052732418	13.42486155
1	0.3	4.5	29	0.454186733	0.563126595	7.438047138	0.060099924	5.364902898	13.42617656
1	0.6	4.3	23	0.184138732	0.445662114	9.483218522	0.079224188	3.420731223	13.42883605
1	0.7	3.1	22	0.340188078	0.426877907	9.876812781	0.07306071	3.053840174	13.43059157
1	0.3	4.9	29	0.405953956	0.563033203	7.43957924	0.062045515	5.366009034	13.43066699
1	0.7	3.4	21	0.278423398	0.407006975	9.890679552	0.076201174	3.058130792	13.43201849
1	0.3	3.7	30	0.550934082	0.58257391	7.43399355	0.056116842	5.361976315	13.43466062
1	0.3	3.6	28	0.564412904	0.54373565	7.456873261	0.055610464	5.37849486	13.43471423
1	0.7	3.2	22	0.319193953	0.426842439	9.880184532	0.074134219	3.054883452	13.43604464
1	0.3	4	28	0.516014336	0.54373565	7.456873228	0.057624473	5.378494836	13.43672819
1	0.6	4.3	24	0.183652077	0.464985908	9.476267667	0.07921519	3.418222057	13.43869082
1	0.3	4.4	28	0.467618975	0.543733906	7.4568732	0.059610194	5.378494816	13.43871212
1	0.3	4.1	30	0.50253538	0.58257391	7.43621749	0.058123422	5.36358194	13.44049676
1	0.3	4.8	28	0.419386288	0.543643726	7.456873178	0.061561549	5.378494799	13.44057325
1	0.7	3.3	22	0.298672247	0.426605838	9.88336072	0.075168374	3.055866219	13.44100115
1	0.7	3.5	15	0.26366476	0.290916473	9.987166477	0.07732132	3.087985507	13.44338978
1	0.7	3	23	0.361183101	0.446318536	9.873232642	0.071983105	3.052732418	13.4442667
1	0.7	3.5	16	0.262754013	0.310275627	9.973322781	0.07731253	3.083702029	13.44461297
1	0.3	4.5	30	0.454186733	0.582544754	7.438047138	0.060099924	5.364902898	13.44559471
1	0.7	3.5	17	0.26188615	0.32963038	9.960094481	0.077303741	3.079608966	13.44663757
1	0.7	3.4	22	0.278423398	0.426339818	9.889124679	0.076192517	3.057649687	13.4493067
1	0.7	3.1	23	0.340188078	0.446281449	9.876812781	0.07306071	3.053840174	13.44999511
1	0.3	4.9	30	0.405953956	0.582448141	7.43957924	0.062045515	5.366009034	13.45008193
1	0.6	4.3	25	0.183310546	0.484305313	9.471003451	0.079206193	3.416321744	13.4508367
1	0.7	3.5	18	0.261326807	0.348980732	9.951043718	0.077294955	3.076808504	13.45412791
1	0.3	3.6	29	0.564412904	0.56315478	7.456873261	0.055610464	5.37849486	13.45413336
1	0.7	3.2	23	0.319193953	0.446244368	9.880184532	0.074134219	3.054883452	13.45544657
1	0.3	4	29	0.516014336	0.56315478	7.456873228	0.057624473	5.378494836	13.45614732
1	0.3	4.4	29	0.467618975	0.563152974	7.4568732	0.059610194	5.378494816	13.45813118
1	0.3	4.8	29	0.419386288	0.563059573	7.456873178	0.061561549	5.378494799	13.4599891
1	0.7	3.3	23	0.298672247	0.445997012	9.88336072	0.075168374	3.055866219	13.46039233
1	0.7	3	24	0.361183101	0.465723689	9.873232642	0.071983105	3.052732418	13.46367185
1	0.6	4.3	26	0.183048373	0.50362033	9.466661022	0.079197199	3.414754185	13.46423274
1	0.7	3.5	19	0.26092626	0.368326687	9.944138988	0.077286171	3.074672062	13.46442391
1	0.7	3.4	23	0.278423398	0.445668269	9.887570296	0.076183862	3.057168734	13.46659116
1	0.7	3.1	24	0.340188078	0.46568499	9.876812781	0.07306071	3.053840174	13.46939865
1	0.3	3.6	30	0.564412904	0.58257391	7.456873261	0.055610464	5.37849486	13.47355249
1	0.7	3.2	24	0.319193953	0.465646297	9.880184532	0.074134219	3.054883452	13.4748485
1	0.3	4	30	0.516014336	0.58257391	7.456873228	0.057624473	5.378494836	13.47556645
1	0.7	3.5	20	0.260630367	0.387668245	9.938645912	0.077277388	3.072972409	13.47656395
1	0.3	4.4	30	0.467618975	0.582572042	7.4568732	0.059610194	5.378494816	13.47755025
1	0.6	4.3	27	0.182820686	0.522930961	9.462720317	0.079188207	3.413331643	13.47817113
1	0.3	4.8	30	0.419386288	0.58247542	7.456873178	0.061561549	5.378494799	13.47940495
1	0.7	3.3	24	0.298672247	0.465388187	9.88336072	0.075168374	3.055866219	13.4797835
1	0.7	3	25	0.361183101	0.485128843	9.873232642	0.071983105	3.052732418	13.48307701
1	0.7	3.4	24	0.278423398	0.465003975	9.886358994	0.076177117	3.056793937	13.48433402
1	0.7	3.1	25	0.340188078	0.485088531	9.876812781	0.07306071	3.053840174	13.4888022
1	0.7	3.5	21	0.260402681	0.407005407	9.934071867	0.077268608	3.071557121	13.489903
1	0.6	4.3	28	0.182592999	0.542237208	9.458782895	0.079179216	3.411910286	13.4921096
1	0.7	3.2	25	0.319193953	0.485048226	9.880184532	0.074134219	3.054883452	13.49425043
1	0.7	3.3	25	0.298672247	0.484779361	9.88336072	0.075168374	3.055866219	13.49917467
1	0.7	3	26	0.361183101	0.504533997	9.873232642	0.071983105	3.052732418	13.50248216
1	0.7	3.5	22	0.260174994	0.426338176	9.929502034	0.07725983	3.070143136	13.50324318
1	0.7	3.4	25	0.278423398	0.484379141	9.886358994	0.076177117	3.056793937	13.50370919
1	0.6	4.3	29	0.182365313	0.561539071	9.45484875	0.079170228	3.410490111	13.50604816
1	0.7	3.1	26	0.340188078	0.504492072	9.876812781	0.07306071	3.053840174	13.50820574
1	0.7	3.2	26	0.319193953	0.504450155	9.880184532	0.074134219	3.054883452	13.51365236
1	0.7	3.5	23	0.259947307	0.445666553	9.924936406	0.077251053	3.068730452	13.51658446
1	0.7	3.3	26	0.298672247	0.504170536	9.88336072	0.075168374	3.055866219	13.51856585
1	0.6	4.3	30	0.182175061	0.580836553	9.451348579	0.079161242	3.409226596	13.52057297
1	0.7	3	27	0.361183101	0.523939151	9.873232642	0.071983105	3.052732418	13.52188732
1	0.7	3.4	26	0.278423398	0.503754306	9.886358994	0.076177117	3.056793937	13.52308435
1	0.6	4.4	16	0.17899291	0.31027231	9.652308195	0.080195372	3.481770355	13.52454623
1	0.6	4.4	15	0.180155314	0.290913363	9.667299261	0.08020449	3.487181931	13.52559904
1	0.6	4.4	17	0.178051022	0.329626856	9.639942483	0.080186256	3.477306497	13.52706209
1	0.7	3.1	27	0.340188078	0.523895614	9.876812781	0.07306071	3.053840174	13.52760928
1	0.7	3.5	24	0.25971962	0.464990539	9.920374978	0.077242279	3.067319068	13.52992686
1	0.6	4.4	18	0.177140275	0.348977002	9.627971802	0.080177142	3.47298524	13.53011118
1	0.7	3.2	27	0.319193953	0.523852084	9.880184532	0.074134219	3.054883452	13.53305429
1	0.6	4.4	19	0.176231673	0.36832275	9.616055798	0.08016803	3.46868372	13.5332303
1	0.7	3.3	27	0.298672247	0.52356171	9.88336072	0.075168374	3.055866219	13.53795702
1	0.6	4.4	20	0.17543477	0.387664102	9.605466407	0.08015892	3.46486109	13.53815052
1	0.7	3	28	0.361183101	0.543344304	9.873232642	0.071983105	3.052732418	13.54129247
1	0.7	3.4	27	0.278423398	0.523129472	9.886358994	0.076177117	3.056793937	13.54245952
1	0.7	3.5	25	0.259491934	0.484310135	9.915817743	0.077233507	3.065908981	13.54327037
1	0.6	4.4	21	0.174701802	0.407001058	9.59564133	0.080149813	3.461314368	13.54410657
1	0.7	3.1	28	0.340188078	0.543299155	9.876812781	0.07306071	3.053840174	13.54701282
1	0.7	3.2	28	0.319193953	0.543254013	9.880184532	0.074134219	3.054883452	13.55245622
1	0.6	4.4	22	0.174130201	0.426333621	9.587703212	0.080140707	3.458448812	13.55262635
1	0.7	3.5	26	0.259264247	0.503625344	9.911264697	0.077224736	3.06450019	13.55661497
1	0.7	3.3	28	0.298672247	0.542952885	9.88336072	0.075168374	3.055866219	13.5573482
1	0.7	3	29	0.361183101	0.562749458	9.873232642	0.071983105	3.052732418	13.56069762
1	0.6	4.4	23	0.173560984	0.445661792	9.579805773	0.080131604	3.455597942	13.56119711
1	0.7	3.4	28	0.278423398	0.542504638	9.886358994	0.076177117	3.056793937	13.56183469
1	0.7	3.6	15	0.249479847	0.290915352	10.07857402	0.07838621	3.116268574	13.56414415
1	0.7	3.1	29	0.340188078	0.562702696	9.876812781	0.07306071	3.053840174	13.56641636
1	0.7	3.6	16	0.248628639	0.310274431	10.06566233	0.078377299	3.112273475	13.56658753
1	0.7	3.5	27	0.25903656	0.522936167	9.906715833	0.077215968	3.063092693	13.56996066
1	0.7	3.6	17	0.247831735	0.329629109	10.05350753	0.078368389	3.108512571	13.5700176
1	0.6	4.4	24	0.173050714	0.464985572	9.572601238	0.080122502	3.4529972	13.57070651
1	0.7	3.2	29	0.319193953	0.562655942	9.880184532	0.074134219	3.054883452	13.57185814
1	0.7	3.6	18	0.247034832	0.348979388	10.04138207	0.078359482	3.104760745	13.57348168
1	0.7	3.3	29	0.298672247	0.562344059	9.88336072	0.075168374	3.055866219	13.57673937
1	0.7	3.6	19	0.246286643	0.368325268	10.02993211	0.078350577	3.101217931	13.57782589
1	0.7	3	30	0.361183101	0.582154612	9.873232642	0.071983105	3.052732418	13.58010278
1	0.7	3.4	29	0.278423398	0.561879803	9.886358994	0.076177117	3.056793937	13.58120985
1	0.6	4.4	25	0.172650364	0.484304963	9.566673729	0.080113403	3.450857448	13.58194954
1	0.7	3.5	28	0.258808874	0.542242605	9.902171146	0.077207202	3.061686489	13.58330744
1	0.7	3.6	20	0.245714797	0.387666751	10.02084308	0.078341674	3.098405627	13.58525713
1	0.7	3.1	30	0.340188078	0.582106237	9.876812781	0.07306071	3.053840174	13.5858199
1	0.7	3.2	30	0.319193953	0.582057871	9.880184532	0.074134219	3.054883452	13.59126007
1	0.7	3.6	21	0.245179416	0.40700384	10.01225258	0.078332772	3.095747579	13.59333677
1	0.6	4.4	26	0.172401721	0.503619966	9.56249947	0.080104306	3.449350595	13.59557434
1	0.7	3.3	30	0.298672247	0.581735234	9.88336072	0.075168374	3.055866219	13.59613055
1	0.7	3.5	29	0.258648194	0.56154466	9.898521138	0.077198437	3.060557113	13.59782135
1	0.7	3.4	30	0.278423398	0.581254969	9.886358994	0.076177117	3.056793937	13.60058502
1	0.7	3.6	22	0.244724042	0.426336534	10.00473285	0.078323873	3.093420846	13.60281411
1	0.6	4.4	27	0.172174034	0.522930583	9.558569875	0.08009521	3.447932064	13.60952773
1	0.7	3.5	30	0.258534351	0.580842333	9.895495897	0.077189675	3.059621052	13.61314896
1	0.7	3.6	23	0.244327308	0.445664837	9.997997394	0.078314976	3.09133678	13.61331399
1	0.6	4.4	28	0.171946347	0.542236815	9.554643511	0.080086117	3.446514698	13.62348114
1	0.7	3.6	24	0.243985778	0.464988749	9.991997837	0.078306081	3.089480413	13.62477308
1	0.7	3.6	25	0.243644247	0.484308271	9.986005481	0.078297188	3.087626275	13.63623721
1	0.6	4.4	29	0.171724989	0.561538665	9.550793042	0.080077026	3.44512473	13.63753346
1	0.7	3.6	26	0.243303233	0.503623406	9.980027089	0.078288296	3.085776458	13.64771525
1	0.6	4.4	30	0.171611146	0.580836132	9.548179368	0.080067937	3.444181228	13.65326467
1	0.6	4.5	15	0.169900684	0.290913152	9.76497917	0.081110586	3.522443085	13.65944599
1	0.6	4.5	16	0.168886948	0.310272085	9.751762886	0.081101365	3.517672181	13.66080852
1	0.7	3.6	27	0.243075547	0.522934155	9.975542917	0.078279407	3.084388978	13.66114546
1	0.6	4.5	17	0.167976201	0.329626617	9.739784737	0.081092146	3.513348228	13.66385173
1	0.6	4.5	18	0.167154194	0.348976749	9.728869716	0.081082929	3.50940805	13.66833744
1	0.6	4.5	19	0.16635729	0.368322483	9.718270967	0.081073715	3.505582042	13.67324921
1	0.7	3.6	28	0.24284786	0.542240518	9.971062775	0.07827052	3.083002745	13.67457656
1	0.6	4.5	20	0.165669801	0.387663821	9.708964618	0.081064502	3.502222573	13.67991551
1	0.6	4.5	21	0.164986741	0.407000763	9.699727373	0.081055292	3.49888805	13.68667148
1	0.7	3.6	29	0.242620173	0.561542499	9.966586659	0.078261635	3.081617757	13.68800855
1	0.6	4.5	22	0.164303681	0.426333312	9.690507701	0.081046083	3.495559871	13.69344697
1	0.6	4.5	23	0.163620621	0.445661469	9.681305552	0.081036877	3.492238017	13.70024191
1	0.7	3.6	30	0.242392486	0.580840098	9.962114562	0.078252752	3.080234014	13.70144143
1	0.7	3.7	15	0.236571915	0.290914838	10.18358813	0.079448129	3.148761748	13.70271284
1	0.7	3.7	16	0.235661168	0.310273884	10.16997152	0.079439097	3.144548536	13.70423304
1	0.7	3.7	17	0.234750421	0.329628527	10.15639131	0.079430067	3.140346584	13.70579649
1	0.7	3.7	18	0.233902566	0.348978772	10.14367765	0.079421039	3.136412759	13.70849022
1	0.6	4.5	24	0.16307453	0.464985235	9.673698262	0.081027673	3.489491886	13.70920305
1	0.7	3.7	19	0.233200399	0.368324618	10.13291496	0.079412013	3.133082598	13.71373419
1	0.7	3.7	20	0.232564112	0.387666067	10.12304132	0.079402989	3.130027524	13.72013791
1	0.6	4.5	25	0.162657377	0.484304612	9.667585977	0.08101847	3.487285432	13.72019449
1	0.7	3.7	21	0.232036059	0.407003121	10.11460759	0.079393968	3.127417982	13.72842266
1	0.6	4.5	26	0.162315847	0.503619601	9.662350332	0.08100927	3.485395434	13.73237464
1	0.7	3.7	22	0.231580686	0.426335782	10.10714054	0.079384948	3.125107548	13.73796882
1	0.6	4.5	27	0.161974317	0.522930204	9.65712036	0.081000072	3.483507483	13.74455812
1	0.7	3.7	23	0.231125312	0.44566405	10.09968451	0.07937593	3.122800525	13.74752502
1	0.7	3.7	24	0.230669939	0.464987928	10.09223949	0.079366915	3.120496906	13.75709124
1	0.6	4.5	28	0.161708537	0.542236423	9.652764699	0.080990876	3.481935147	13.75792715
1	0.7	3.7	25	0.230214565	0.484307417	10.08480544	0.079357901	3.118196683	13.76666744
1	0.6	4.5	29	0.161576499	0.561538258	9.649945648	0.080981683	3.480917507	13.7733831
1	0.7	3.7	26	0.229830832	0.503622518	10.07831599	0.079348889	3.116188736	13.77747613
1	0.7	3.7	27	0.229489302	0.522933232	10.07238428	0.07933988	3.114353363	13.78901076
1	0.6	4.5	30	0.161462655	0.580835712	9.647336669	0.080972491	3.4799757	13.78912057
1	0.7	3.7	28	0.229147772	0.542239562	10.06645955	0.079330872	3.112520151	13.80055014
1	0.7	3.7	29	0.228806242	0.561541509	10.0605418	0.079321867	3.110689095	13.81209427
1	0.6	4.6	16	0.160068948	0.31027186	9.863898039	0.082005285	3.558151486	13.81432667
1	0.6	4.6	15	0.16118971	0.290912941	9.878383501	0.082014609	3.563380545	13.8146916
1	0.6	4.6	17	0.159210274	0.329626378	9.852517518	0.081995964	3.554043268	13.81818313
1	0.6	4.6	18	0.158452517	0.348976496	9.842340249	0.081986644	3.550369409	13.8236728
1	0.7	3.7	30	0.228558162	0.580839074	10.05584343	0.079312864	3.10923534	13.82523071
1	0.6	4.6	19	0.157769457	0.368322216	9.833053576	0.081977327	3.547017043	13.83037016
1	0.6	4.6	20	0.157086397	0.38766354	9.823784423	0.081968011	3.543671002	13.83708698
1	0.7	3.8	16	0.22299427	0.310273659	10.27478316	0.080497974	3.176979061	13.84253386
1	0.7	3.8	17	0.221991915	0.329628289	10.26008082	0.080488823	3.172429905	13.84262784
1	0.7	3.8	15	0.224041815	0.290914628	10.29012556	0.080507126	3.181726264	13.84327358
1	0.6	4.6	21	0.156403337	0.407000469	9.814532742	0.081958698	3.540331268	13.84382318
1	0.7	3.8	18	0.221148081	0.348978519	10.24750001	0.080479675	3.168537185	13.84549539
1	0.6	4.6	22	0.155720277	0.426333003	9.805298483	0.081949387	3.536997822	13.8505787
1	0.7	3.8	19	0.220524732	0.368324351	10.23783668	0.080470529	3.165547184	13.85217874
1	0.6	4.6	23	0.155073572	0.445661146	9.796501703	0.081940078	3.533822301	13.85792523
1	0.7	3.8	20	0.219955516	0.387665786	10.22889919	0.080461385	3.16278177	13.85980813
1	0.7	3.8	21	0.219386299	0.407002827	10.2199773	0.080452243	3.160021184	13.86745355
1	0.6	4.6	24	0.154618199	0.464984898	9.789928258	0.081930771	3.531449375	13.8682933
1	0.7	3.8	22	0.218817082	0.426335473	10.21107097	0.080443103	3.157265413	13.87511496
1	0.6	4.6	25	0.154229512	0.484304261	9.784132264	0.081921467	3.529357097	13.87971509
1	0.7	3.8	23	0.218281477	0.445663728	10.2026173	0.080433965	3.154649701	13.88336469
1	0.6	4.6	26	0.153887982	0.503619237	9.778886081	0.081912164	3.527463295	13.89188078
1	0.7	3.8	24	0.217826104	0.464987591	10.19521949	0.080424829	3.15236069	13.8929926
1	0.7	3.8	25	0.217370731	0.484307066	10.1878324	0.080415695	3.150074999	13.90263016
1	0.6	4.6	27	0.153546452	0.522929826	9.773645525	0.081902864	3.525571524	13.90404974
1	0.7	3.8	26	0.216976615	0.503622153	10.18124933	0.080406564	3.148038084	13.91331613
1	0.6	4.6	28	0.15326846	0.542236031	9.769140679	0.081893565	3.523945334	13.91721561
1	0.7	3.8	27	0.216635085	0.522932854	10.175355	0.080397434	3.146214276	13.92489956
1	0.6	4.6	29	0.153040774	0.561537852	9.76521757	0.081884269	3.522529144	13.93116884
1	0.7	3.8	28	0.216293555	0.54223917	10.16946749	0.080388306	3.14439258	13.93648755
1	0.8	3	15	0.32572238	0.290931378	10.68237894	0.076562401	2.890209186	13.94008191
1	0.6	4.6	30	0.152904258	0.580835292	9.762343737	0.081874975	3.521491728	13.94654573
1	0.7	3.8	29	0.216029223	0.561541103	10.16458327	0.080379181	3.142881316	13.94938486
1	0.8	3	16	0.32572238	0.310297442	10.68088195	0.076555157	2.889803891	13.95753844
1	0.6	4.7	16	0.150816721	0.310271635	9.968618822	0.082907199	3.595954301	13.95775196
1	0.6	4.7	17	0.149786727	0.329626139	9.955240967	0.082897775	3.591125073	13.95888995
1	0.6	4.7	15	0.152080568	0.29091273	9.984779579	0.082916626	3.60178812	13.96039705
1	0.7	3.8	30	0.215801536	0.580838654	10.16017635	0.080370058	3.141517739	13.9629028
1	0.6	4.7	18	0.149103667	0.348976243	9.945941925	0.082888353	3.587768241	13.96557476
1	0.6	4.7	19	0.148420607	0.36832195	9.936660251	0.082878933	3.58441768	13.97227881
1	0.8	3.1	15	0.305019457	0.290920958	10.70963862	0.077779422	2.897589473	13.97592847
1	0.8	3	17	0.32572238	0.329691032	10.68088195	0.076555157	2.889803891	13.97693203
1	0.7	3.9	17	0.209400137	0.32962805	10.36260981	0.081544694	3.204154138	13.97793669
1	0.6	4.7	20	0.147737547	0.387663259	9.927395896	0.082869515	3.581073371	13.97900204
1	0.7	3.9	16	0.21053857	0.310273434	10.3790071	0.081553964	3.209227741	13.98006223
1	0.7	3.9	18	0.208523659	0.348978266	10.34967923	0.081535426	3.200153195	13.98034612
1	0.8	3.1	16	0.304390101	0.31028041	10.69822646	0.077770579	2.894499744	13.98077719
1	0.7	3.9	19	0.207726755	0.368324084	10.33781613	0.081526159	3.196482546	13.98414892
1	0.7	3.9	15	0.211829811	0.290914417	10.39746716	0.081563237	3.214939603	13.98488442
1	0.6	4.7	21	0.147054487	0.407000174	9.918148813	0.0828601	3.577735296	13.98574438
1	0.8	3.1	17	0.30395349	0.32963546	10.68978966	0.077761738	2.892215565	13.98940242
1	0.7	3.9	20	0.207045796	0.387665506	10.32748549	0.081516895	3.193286067	13.98995395
1	0.6	4.7	22	0.14637299	0.426332695	9.908937045	0.082850686	3.57440997	13.9925304
1	0.8	3	18	0.32572238	0.349084622	10.68088195	0.076555157	2.889803891	13.99632562
1	0.7	3.9	21	0.206476579	0.407002532	10.31862374	0.081507633	3.190544092	13.997678
1	0.8	3.1	18	0.303680756	0.348986111	10.68387255	0.0777529	2.890613566	14.00122513
1	0.6	4.7	23	0.145861564	0.445660824	9.901707076	0.082841275	3.571800047	14.00200922
1	0.7	3.9	22	0.205907362	0.426335165	10.3097772	0.081498373	3.187806821	14.00541756
1	0.7	3.9	23	0.205338145	0.445663405	10.30094583	0.081489116	3.185074242	14.0131726
1	0.6	4.7	24	0.145508239	0.464984562	9.896312118	0.082831866	3.569852539	14.01398108
1	0.8	3.1	19	0.30353975	0.368332363	10.6799753	0.077744063	2.889558423	14.01561014
1	0.8	3	19	0.32572238	0.368478212	10.68088195	0.076555157	2.889803891	14.01571921
1	0.7	3.9	24	0.204768929	0.464987255	10.29212959	0.08147986	3.182346345	14.02094305
1	0.6	4.7	25	0.145166709	0.484303911	9.891059025	0.082822459	3.567956242	14.02614164
1	0.7	3.9	25	0.204199712	0.484306715	10.28332844	0.081470606	3.179623116	14.02872887
1	0.8	3.1	20	0.303531648	0.387674218	10.67811148	0.077735229	2.889053813	14.03257474
1	0.8	3	20	0.32572238	0.387871802	10.68088195	0.076555157	2.889803891	14.0351128
1	0.6	4.7	26	0.144825179	0.503618872	9.88581151	0.082813054	3.566061958	14.03830539
1	0.7	3.9	26	0.203824281	0.503621788	10.27703344	0.081461355	3.177675337	14.03979192
1	0.8	3.1	21	0.303531648	0.407011678	10.67637207	0.077726396	2.888582886	14.04969303
1	0.6	4.7	27	0.144522702	0.522929448	9.881018898	0.082803651	3.564331889	14.05108389
1	0.7	3.9	27	0.203482751	0.522932475	10.27118154	0.081452106	3.175864659	14.05143078
1	0.8	3	21	0.32572238	0.407265392	10.68088195	0.076555157	2.889803891	14.05450639
1	0.7	3.9	28	0.203206075	0.542238777	10.26616838	0.081442858	3.174313498	14.06416351
1	0.6	4.7	28	0.144295015	0.542235638	9.87709073	0.08279425	3.562913872	14.06503449
1	0.8	3.1	22	0.303531648	0.426344744	10.67463324	0.077717566	2.888112113	14.06680766
1	0.8	3	22	0.32572238	0.426658982	10.68088195	0.076555157	2.889803891	14.07389998
1	0.8	3.2	17	0.286029427	0.32963419	10.75807148	0.078976735	2.910702188	14.07738459
1	0.8	3.2	16	0.286940174	0.310279214	10.77348963	0.078985713	2.914876499	14.07763106
1	0.7	3.9	29	0.202978388	0.561540696	10.26178811	0.081433613	3.172958167	14.07772058
1	0.8	3.2	15	0.28786117	0.290919837	10.78910697	0.078994694	2.919104739	14.07812624
1	0.8	3.2	18	0.285212502	0.348984766	10.74410339	0.078967758	2.906920468	14.07897639
1	0.6	4.7	29	0.144067329	0.561537446	9.873165687	0.082784852	3.561496984	14.07898497
1	0.8	3.2	19	0.284561389	0.368330944	10.73265081	0.078958783	2.903819795	14.08376033
1	0.8	3.1	23	0.303531648	0.445673417	10.67289497	0.077708737	2.887641494	14.08391861
1	0.7	3.9	30	0.202750701	0.580838234	10.25741158	0.08142437	3.171603994	14.09127817
1	0.8	3.2	20	0.284085376	0.387672725	10.72383641	0.078949811	2.901433385	14.09189233
1	0.8	3	23	0.32572238	0.446052572	10.68088195	0.076555157	2.889803891	14.09329357
1	0.6	4.7	30	0.14392333	0.580834872	9.870204494	0.082775456	3.560428032	14.09424285
1	0.8	3.1	24	0.303531648	0.465006573	10.67144914	0.077701394	2.88725005	14.10140715
1	0.8	3.2	21	0.283770107	0.40701011	10.71743315	0.07894084	2.899699763	14.10308386
1	0.8	3	24	0.32572238	0.465446162	10.68088195	0.076555157	2.889803891	14.11268716
1	0.8	3.2	22	0.28354242	0.426343102	10.71234227	0.078931872	2.898321459	14.1159387
1	0.6	4.8	16	0.142738914	0.31027141	10.08485051	0.083807171	3.6379124	14.11684149
1	0.6	4.8	17	0.14168821	0.3296259	10.07120131	0.083797644	3.632985221	14.11761008
1	0.6	4.8	18	0.140683368	0.348975991	10.0581244	0.08378812	3.62826463	14.11915314
1	0.8	3.1	25	0.303531648	0.484381847	10.67144914	0.077701394	2.88725005	14.12078243
1	0.6	4.8	15	0.144099938	0.290912519	10.10219007	0.083816699	3.644171754	14.12109105
1	0.6	4.8	19	0.139985276	0.368321683	10.04865453	0.083778598	3.624846133	14.12560095
1	0.8	3.2	23	0.283314733	0.445671701	10.70725623	0.078922906	2.896944464	14.1287953
1	0.8	3	25	0.32572238	0.484839752	10.68088195	0.076555157	2.889803891	14.13208075
1	0.6	4.8	20	0.139302216	0.387662978	10.03937732	0.083769078	3.62149718	14.13230655
1	0.6	4.8	21	0.138619156	0.406999879	10.03011723	0.08375956	3.618154411	14.13903108
1	0.8	3.1	26	0.303531648	0.503757121	10.67144914	0.077701394	2.88725005	14.1401577
1	0.7	4	17	0.198701792	0.329627811	10.48658765	0.082597789	3.242515015	14.14132826
1	0.8	3.2	24	0.283087046	0.46499591	10.70217502	0.078913941	2.895568776	14.14165364
1	0.7	4	18	0.197791045	0.348978013	10.47323023	0.082588401	3.238382	14.14317864
1	0.7	4	16	0.199857691	0.310273209	10.50318847	0.082607179	3.247651595	14.14372045
1	0.7	4	19	0.196880298	0.368323817	10.45990682	0.082579015	3.234259508	14.14506916
1	0.6	4.8	22	0.13802717	0.426332386	10.02192969	0.083750044	3.615198819	14.14721094
1	0.7	4	20	0.19598306	0.387665225	10.44679228	0.082569632	3.230201644	14.14722878
1	0.7	4	15	0.201221957	0.290914206	10.52257987	0.082616571	3.253651627	14.14976227
1	0.7	4	21	0.195186156	0.407002237	10.4350073	0.08256025	3.226555169	14.15112496
1	0.8	3	26	0.32572238	0.504233342	10.68088195	0.076555157	2.889803891	14.15147434
1	0.8	3.2	25	0.28285936	0.484315729	10.69709863	0.078904979	2.894194395	14.15451373
1	0.7	4	22	0.194389253	0.426334856	10.42324891	0.082550871	3.222916919	14.15505155
1	0.6	4.8	23	0.137634158	0.445660501	10.01605848	0.083740531	3.61307939	14.1585389
1	0.8	3.1	27	0.303531648	0.523132394	10.67144914	0.077701394	2.88725005	14.15953298
1	0.7	4	23	0.193671146	0.445663082	10.41253099	0.082541493	3.219600611	14.16033618
1	0.8	3.2	26	0.282631673	0.50363116	10.69202706	0.078896019	2.892821317	14.16737555
1	0.7	4	24	0.19310193	0.464986918	10.40374767	0.082532118	3.216882902	14.16814961
1	0.6	4.8	24	0.137292628	0.464984225	10.01078948	0.08373102	3.611177351	14.17068208
1	0.8	3	27	0.32572238	0.523626933	10.68088195	0.076555157	2.889803891	14.17086793
1	0.7	4	25	0.192555252	0.484306365	10.39526828	0.082522745	3.214259231	14.17635662
1	0.8	3.1	28	0.303531648	0.542507668	10.67144914	0.077701394	2.88725005	14.17890825
1	0.8	3.2	27	0.282403986	0.522942205	10.6869603	0.07888706	2.891449542	14.1802391
1	0.6	4.8	25	0.136951098	0.48430356	10.00552603	0.08372151	3.609277313	14.18282841
1	0.7	4	26	0.192099879	0.503621424	10.38797208	0.082513374	3.212001662	14.18610854
1	0.8	3	28	0.32572238	0.543020523	10.68088195	0.076555157	2.889803891	14.19026152
1	0.8	3.2	28	0.282234064	0.542248866	10.68275415	0.078878104	2.890310771	14.1941919
1	0.6	4.8	26	0.136614216	0.503618508	10.00032175	0.083712003	3.607398637	14.19505089
1	0.7	4	27	0.191693107	0.522932097	10.38130783	0.082504005	3.209939627	14.19668356
1	0.8	3.1	29	0.303531648	0.561882942	10.67144914	0.077701394	2.88725005	14.19828352
1	0.6	4.8	27	0.13638653	0.522929069	9.996381892	0.083702499	3.605976401	14.20898986
1	0.8	3.2	29	0.282120221	0.561551142	10.67938164	0.07886915	2.889397697	14.20919963
1	0.8	3	29	0.32572238	0.562414113	10.68088195	0.076555157	2.889803891	14.20965511
1	0.7	4	28	0.191438992	0.542238385	10.37660284	0.082494639	3.208483823	14.20981969
1	0.8	3.1	30	0.303531648	0.581258216	10.67144914	0.077701394	2.88725005	14.2176588
1	0.6	4.8	28	0.136158843	0.542235246	9.992445143	0.083692996	3.604555287	14.22292867
1	0.7	4	29	0.191211305	0.56154029	10.37223961	0.082485274	3.207133765	14.22339894
1	0.8	3.2	30	0.282006378	0.580849037	10.67601126	0.078860198	2.888485199	14.22420569
1	0.8	3.3	17	0.271549894	0.32963292	10.87405388	0.080187731	2.942103272	14.22597781
1	0.8	3.3	16	0.272480859	0.310278019	10.88963056	0.080196847	2.946320503	14.22642593
1	0.8	3.3	18	0.270672951	0.348983421	10.85932374	0.080178617	2.938115233	14.22660102
1	0.8	3.3	19	0.269876048	0.368329525	10.84581874	0.080169505	2.934458887	14.22877665
1	0.8	3	30	0.32572238	0.581807703	10.68088195	0.076555157	2.889803891	14.2290487
1	0.8	3.3	15	0.273574351	0.290918716	10.90768601	0.080205966	2.951208836	14.23001953
1	0.8	3.3	20	0.269086966	0.387671231	10.83246285	0.080160395	2.930842912	14.23113739
1	0.6	4.8	29	0.135931156	0.56153704	9.988511496	0.083683495	3.603135293	14.23686732
1	0.7	4	30	0.190983618	0.580837813	10.36788005	0.082475912	3.205784842	14.23697862
1	0.8	3.3	21	0.268507179	0.407008542	10.82222516	0.080151287	2.928071159	14.23745614
1	0.8	3.3	22	0.268051806	0.42634146	10.8138382	0.080142181	2.925800474	14.24612232
1	0.6	4.8	30	0.135805893	0.580834452	9.985759381	0.083673997	3.602141815	14.25240964
1	0.8	3.3	23	0.267596433	0.445669985	10.80546425	0.080133077	2.923533309	14.25480062
1	0.8	3.3	24	0.267175947	0.464994119	10.79761534	0.080123975	2.921408295	14.26414173
1	0.6	4.9	19	0.131130381	0.368321416	10.15358526	0.084676381	3.662724735	14.26930779
1	0.6	4.9	18	0.132268814	0.348975738	10.16820075	0.084686005	3.668000734	14.26986323
1	0.6	4.9	17	0.133407248	0.329625661	10.18285841	0.084695631	3.673291955	14.27047166
1	0.6	4.9	20	0.130133613	0.387662698	10.1406583	0.084666759	3.658058275	14.27104604
1	0.6	4.9	16	0.134632077	0.310271186	10.19857415	0.08470526	3.678965128	14.27251573
1	0.8	3.3	25	0.266834417	0.484313864	10.79093523	0.080114875	2.919599722	14.27496369
1	0.6	4.9	15	0.135974119	0.290912308	10.21572115	0.084714891	3.685154966	14.27650331
1	0.6	4.9	21	0.129456254	0.406999584	10.13146918	0.084657139	3.654741123	14.27786703
1	0.8	3.3	26	0.266492887	0.503629222	10.78426339	0.080105778	2.917793387	14.28579177
1	0.6	4.9	22	0.12897358	0.426332077	10.12455216	0.084647522	3.652244169	14.28777592
1	0.8	3.3	27	0.266231072	0.522940193	10.77876569	0.080096682	2.91630494	14.2981075
1	0.6	4.9	23	0.12863205	0.445660178	10.11927816	0.084637906	3.650340324	14.29991656
1	0.8	3.3	28	0.266003385	0.542246779	10.77377232	0.080087589	2.914953035	14.31105972
1	0.7	4.1	16	0.189672178	0.310272984	10.63058273	0.083657722	3.287069572	14.311583
1	0.6	4.9	24	0.12829052	0.464983888	10.11400965	0.084628293	3.648438463	14.31206029
1	0.7	4.1	17	0.188690931	0.329627572	10.61627005	0.083648212	3.282640984	14.31218682
1	0.7	4.1	18	0.187790177	0.34897776	10.6030438	0.083638705	3.278548553	14.31420882
1	0.7	4.1	19	0.186993274	0.368323551	10.59119938	0.0836292	3.274883687	14.31803582
1	0.7	4.1	15	0.191122579	0.290913995	10.65109428	0.083667234	3.2934162	14.31909171
1	0.7	4.1	20	0.186196371	0.387664944	10.57938142	0.083619697	3.271227006	14.32189307
1	0.8	3.3	29	0.265775698	0.561548982	10.76878358	0.080078497	2.913602383	14.32401344
1	0.6	4.9	25	0.12794899	0.48430321	10.10874663	0.084618682	3.646538584	14.32420711
1	0.7	4.1	21	0.185399467	0.407001942	10.56758982	0.083610196	3.267578482	14.32578044
1	0.7	4.1	22	0.184602564	0.426334547	10.55582449	0.083600697	3.263938087	14.32969782
1	0.7	4.1	23	0.183916972	0.44566276	10.54551872	0.083591201	3.260749303	14.33552198
1	0.6	4.9	26	0.127640665	0.503618143	10.10387228	0.084609073	3.644779008	14.33687851
1	0.8	3.3	30	0.265548012	0.580846803	10.76379946	0.080069408	2.912252982	14.33696865
1	0.7	4.1	24	0.183233912	0.464986582	10.53526559	0.083581706	3.25757681	14.34141069
1	0.7	4.1	25	0.182610954	0.484306014	10.52580349	0.083572214	3.254649071	14.34833079
1	0.6	4.9	27	0.127412979	0.522928691	10.09993242	0.084599466	3.64335677	14.35081735
1	0.7	4.1	26	0.182074087	0.503621059	10.5174611	0.083562724	3.252067794	14.35671268
1	0.6	4.9	28	0.127185292	0.542234854	10.09599563	0.084589862	3.641935641	14.36475598
1	0.7	4.1	27	0.181618713	0.522931718	10.51017435	0.083553236	3.249813147	14.36647245
1	0.7	4.1	28	0.181256114	0.542237993	10.50408299	0.08354375	3.247928376	14.37779311
1	0.6	4.9	29	0.126964921	0.561536633	10.09214615	0.084580259	3.640546028	14.37880907
1	0.8	3.4	16	0.258549	0.310276823	11.00905856	0.081404162	2.978654447	14.37939399
1	0.8	3.4	17	0.257638253	0.32963165	10.99390457	0.081394908	2.974551653	14.37948278
1	0.8	3.4	18	0.256727507	0.348982077	10.97879226	0.081385657	2.970460147	14.37962014
1	0.8	3.4	15	0.259530754	0.290917595	11.02530908	0.081413417	2.983054114	14.38069421
1	0.8	3.4	19	0.255869148	0.368328106	10.96449106	0.081376407	2.966588238	14.38078381
1	0.8	3.4	20	0.255157773	0.387669738	10.9523812	0.08136716	2.963309616	14.38472772
1	0.8	3.4	21	0.254474712	0.407006975	10.94071225	0.081357915	2.960150363	14.38922751
1	0.7	4.1	29	0.180914584	0.561539884	10.49826761	0.083534267	3.246128997	14.38947076
1	0.8	3.4	22	0.253831101	0.426339818	10.92964398	0.081348672	2.957153739	14.39448621
1	0.6	4.9	30	0.126851078	0.580834031	10.08952532	0.084570659	3.639599947	14.39452996
1	0.7	4.1	30	0.180652917	0.580837393	10.49347697	0.083524785	3.244646692	14.40248584
1	0.8	3.4	23	0.25333496	0.445668269	10.92074689	0.081339431	2.95474494	14.40249953
1	0.8	3.4	24	0.252879586	0.464992329	10.9124575	0.081330193	2.952500668	14.41128069
1	0.8	3.4	25	0.252424213	0.484312	10.90418068	0.081320956	2.950259803	14.42007344
1	0.8	3.4	26	0.25196884	0.503627283	10.89591642	0.081311721	2.948022336	14.42887776
1	0.6	5	20	0.122665675	0.387662417	10.25962435	0.085562616	3.70100344	14.43385282
1	0.6	5	19	0.123803264	0.368321149	10.2742384	0.08557234	3.70627892	14.43441081
1	0.6	5	18	0.124941698	0.348975485	10.28890407	0.085582066	3.711573033	14.43503465
1	0.6	5	21	0.121724439	0.40699929	10.24733558	0.085552894	3.696567358	14.43645512
1	0.6	5	17	0.126143583	0.329625423	10.30435805	0.085591794	3.717151713	14.43672698
1	0.8	3.4	27	0.251538317	0.52293818	10.88802467	0.081302489	2.945885725	14.43815107
1	0.6	5	16	0.127424623	0.310270961	10.32079255	0.085601524	3.72308435	14.43974938
1	0.6	5	22	0.121068539	0.426331769	10.23838875	0.085543175	3.69333767	14.44360136
1	0.6	5	15	0.128958208	0.290912098	10.34027022	0.085611257	3.730115533	14.44690911
1	0.8	3.4	28	0.251196787	0.542244692	10.88143185	0.081293259	2.944100783	14.44907058
1	0.6	5	23	0.120578535	0.445659855	10.23138108	0.085533458	3.690807996	14.45338239
1	0.8	3.4	29	0.250855257	0.561546821	10.87484701	0.08128403	2.942318003	14.45999586
1	0.6	5	24	0.12014204	0.464983552	10.22500276	0.085523743	3.688505505	14.46401556
1	0.8	3.4	30	0.250513727	0.580844568	10.86827014	0.081274804	2.940537381	14.47092689
1	0.6	5	25	0.11980051	0.484302859	10.21973107	0.08551403	3.686602495	14.47615045
1	0.7	4.2	17	0.178966459	0.329627333	10.74653457	0.084696061	3.322947069	14.48380504
1	0.7	4.2	16	0.180094662	0.310272759	10.76277561	0.08470569	3.327972326	14.48572639
1	0.7	4.2	18	0.178169556	0.348977508	10.73465675	0.084686435	3.319271866	14.48759256
1	0.6	5	26	0.119520743	0.503617779	10.21517877	0.08550432	3.684959175	14.48926004
1	0.7	4.2	19	0.177372652	0.368323284	10.72280517	0.08467681	3.315604784	14.49141005
1	0.7	4.2	15	0.181584316	0.290913784	10.78381579	0.08471532	3.334482519	14.49392741
1	0.7	4.2	20	0.17661151	0.387664663	10.71144359	0.084667188	3.312089316	14.49586476
1	0.7	4.2	21	0.17592845	0.407001648	10.70111685	0.084657568	3.308894042	14.5016701
1	0.6	5	27	0.119293057	0.522928312	10.21123209	0.085494611	3.683534476	14.50318949
1	0.7	4.2	22	0.17524539	0.426334238	10.69081	0.084647951	3.305704928	14.50749712
1	0.7	4.2	23	0.17456233	0.445662437	10.68052301	0.084638335	3.302521955	14.51334574
1	0.6	5	28	0.11906537	0.542234461	10.20728846	0.085484905	3.682110878	14.5171187
1	0.7	4.2	24	0.17387927	0.464986245	10.67025581	0.084628722	3.299345106	14.51921588
1	0.7	4.2	25	0.173309971	0.484305664	10.66147001	0.084619111	3.296626629	14.52702141
1	0.6	5	29	0.118863735	0.561536227	10.20364836	0.085475201	3.680796851	14.53145664
1	0.8	3.5	18	0.243102959	0.348980732	11.09855885	0.082589045	3.002885762	14.53301439
1	0.8	3.5	17	0.244078929	0.32963038	11.11451767	0.082598433	3.007206453	14.53395293
1	0.8	3.5	19	0.242237014	0.368326687	11.08425031	0.082579659	2.999011866	14.53416852
1	0.8	3.5	16	0.24510352	0.310275627	11.13123757	0.082607823	3.011733198	14.53585421
1	0.7	4.2	26	0.172854598	0.503620695	10.65416044	0.084609502	3.294364921	14.53675555
1	0.8	3.5	20	0.241553954	0.387668245	11.07263976	0.082570275	2.995868425	14.53874671
1	0.8	3.5	15	0.246324157	0.290916473	11.15090096	0.082617215	3.017056867	14.54149151
1	0.8	3.5	21	0.240930141	0.407005407	11.06191409	0.082560893	2.992964557	14.54444495
1	0.7	4.2	27	0.172399225	0.52293134	10.64686088	0.084599895	3.292106314	14.54649843
1	0.6	5	30	0.118749892	0.580833611	10.20102284	0.0854655	3.679849074	14.54717103
1	0.8	3.5	22	0.240360924	0.426338176	11.05200078	0.082551513	2.990280627	14.5511711
1	0.8	3.5	23	0.239791707	0.445666553	11.04210524	0.082542136	2.987601507	14.55791544
1	0.7	4.2	28	0.172053456	0.5422376	10.64097418	0.08459029	3.290284868	14.55808694
1	0.8	3.5	24	0.239222491	0.464990539	11.03222741	0.082532761	2.984927183	14.56467789
1	0.7	4.2	29	0.171711926	0.561539477	10.6351482	0.084580688	3.288482207	14.56975057
1	0.8	3.5	25	0.23867776	0.484310135	11.02272041	0.082523387	2.982353256	14.57190719
1	0.8	3.5	26	0.238222387	0.503625344	11.01451654	0.082514016	2.980132142	14.58078805
1	0.7	4.2	30	0.171401901	0.580836973	10.62973101	0.084571088	3.286806036	14.5819451
1	0.8	3.5	27	0.237829427	0.522936167	11.00722249	0.082504647	2.97815735	14.59082066
1	0.8	3.5	28	0.237487896	0.542242605	11.00067688	0.082495281	2.976385189	14.60179995
1	0.8	3.5	29	0.237146366	0.56154466	10.99413904	0.082485916	2.974615136	14.61278475
1	0.8	3.5	30	0.236804836	0.580842333	10.98760898	0.082476553	2.972847187	14.62377506
1	0.7	4.3	18	0.168669413	0.348977255	10.86479989	0.085731681	3.359540394	14.65904922
1	0.7	4.3	17	0.169807141	0.329627094	10.88113876	0.085741426	3.364595923	14.66110321
1	0.7	4.3	16	0.170994924	0.310272535	10.89818334	0.085751174	3.36986981	14.66407686
1	0.7	4.3	19	0.167963353	0.368323017	10.8541229	0.085721938	3.35623675	14.66440461
1	0.7	4.3	20	0.167280293	0.387664382	10.84376552	0.085712197	3.353031999	14.6701741
1	0.7	4.3	15	0.172497692	0.290913573	10.91942713	0.085760923	3.376443002	14.67254463
1	0.7	4.3	21	0.166597233	0.407001353	10.83342791	0.085702458	3.349833363	14.67596508
1	0.7	4.3	22	0.165914173	0.42633393	10.82310999	0.085692722	3.346640823	14.68177747
1	0.7	4.3	23	0.165231113	0.445662114	10.81281173	0.085682988	3.343454363	14.68761119
1	0.7	4.3	24	0.164569436	0.464985908	10.80280861	0.085673256	3.340359226	14.693827
1	0.7	4.3	25	0.164113908	0.484305313	10.7954763	0.085663526	3.338090482	14.70353562
1	0.8	3.6	18	0.230914665	0.348979388	11.23498245	0.083788936	3.039821095	14.70757187
1	0.8	3.6	19	0.229991044	0.368325268	11.21988872	0.083779413	3.035734617	14.70772801
1	0.8	3.6	17	0.232053098	0.329629109	11.25325564	0.08379846	3.04476838	14.71145159
1	0.8	3.6	20	0.229267324	0.387666751	11.20773286	0.083769893	3.032443538	14.71161304
1	0.7	4.3	26	0.163699157	0.50362033	10.78867803	0.085653798	3.335986981	14.71393914
1	0.8	3.6	16	0.233250052	0.310274431	11.27244658	0.083807987	3.049964137	14.71649314
1	0.8	3.6	21	0.228678672	0.40700384	11.19755758	0.083760375	3.029688683	14.71801048
1	0.8	3.6	15	0.234604375	0.290915352	11.29401942	0.083817515	3.055804769	14.72455706
1	0.8	3.6	22	0.228109455	0.426336534	11.18768153	0.083750859	3.027014842	14.72478377
1	0.7	4.3	27	0.163357627	0.522930961	10.78282832	0.085644073	3.334176979	14.72558033
1	0.8	3.6	23	0.227540238	0.445664837	11.1778229	0.083741346	3.024345715	14.7315748
1	0.7	4.3	28	0.163016097	0.542237208	10.77698495	0.08563435	3.332368941	14.73722545
1	0.8	3.6	24	0.226971021	0.464988749	11.16798164	0.083731834	3.021681292	14.73838351
1	0.8	3.6	25	0.226401805	0.484308271	11.15815771	0.083722325	3.019021559	14.74520986
1	0.7	4.3	29	0.16267953	0.561539071	10.7712115	0.085624629	3.330582535	14.74895773
1	0.8	3.6	26	0.225832588	0.503623406	11.14835105	0.083712818	3.016366504	14.75205378
1	0.2	5	15	0.565462888	0.291286955	6.921710265	0.054249853	7.488182035	14.75542911
1	0.8	3.6	27	0.225380324	0.522934155	11.14023654	0.083703313	3.014169582	14.76104359
1	0.7	4.3	30	0.162451844	0.580836553	10.76683782	0.08561491	3.329229244	14.76251853
1	0.8	3.6	28	0.225038794	0.542240518	11.13371785	0.08369381	3.012404712	14.77205689
1	0.2	5	16	0.565462888	0.310706085	6.921710265	0.054249853	7.488182035	14.77484824
1	0.8	3.6	29	0.224697264	0.561542499	11.12720679	0.083684309	3.010641906	14.78307551
1	0.2	5	17	0.565462888	0.330125216	6.921710265	0.054249853	7.488182035	14.79426737
1	0.8	3.6	30	0.224433655	0.580840098	11.12181564	0.08367481	3.009182306	14.79551286
1	0.2	5	18	0.565462888	0.349544346	6.921710265	0.054249853	7.488182035	14.8136865
1	0.2	5	19	0.565462888	0.368963477	6.921710265	0.054249853	7.488182035	14.83310563
1	0.7	4.4	19	0.158802007	0.36832275	10.98573803	0.086764669	3.396960736	14.83778618
1	0.7	4.4	18	0.15988543	0.348977002	11.00135362	0.08677453	3.40179247	14.83889762
1	0.7	4.4	17	0.161023863	0.329626856	11.01773431	0.086784394	3.406860937	14.8410065
1	0.7	4.4	20	0.157985376	0.387664102	10.97363271	0.086754809	3.393215144	14.84126677
1	0.7	4.4	16	0.162359615	0.31027231	11.03675713	0.08679426	3.412746925	14.84657062
1	0.7	4.4	21	0.157302316	0.407001058	10.96328634	0.086744952	3.390013798	14.84704615
1	0.2	5	20	0.565462888	0.388382607	6.921710265	0.054249853	7.488182035	14.85252476
1	0.7	4.4	22	0.156619256	0.426333621	10.95295947	0.086735097	3.386818487	14.85284668
1	0.7	4.4	15	0.163865719	0.290913363	11.05809337	0.086804128	3.419348725	14.85515959
1	0.7	4.4	23	0.155936196	0.445661792	10.94265205	0.086725245	3.383629193	14.85866828
1	0.9	3	18	0.303934565	0.348987455	11.63529323	0.081085417	2.798401121	14.86376722
1	0.9	3	19	0.303137662	0.368333782	11.62013333	0.081076202	2.794752771	14.86429608
1	0.9	3	17	0.30484177	0.32963673	11.65233629	0.081094634	2.802502667	14.86557032
1	0.9	3	20	0.302444677	0.387675711	11.60673619	0.081066989	2.791528647	14.86700754
1	0.7	4.4	24	0.155409518	0.464985572	10.9343814	0.086715394	3.381070112	14.86715248
1	0.9	3	16	0.30586636	0.310281606	11.67139772	0.081103854	2.80708995	14.86987313
1	0.2	5	21	0.565462888	0.407801737	6.921710265	0.054249853	7.488182035	14.87194389
1	0.9	3	21	0.301872487	0.407013245	11.5953691	0.081057777	2.788793066	14.87223319
1	0.9	3	15	0.30689095	0.29092208	11.69052166	0.081113075	2.811692275	14.87424909
1	0.7	4.4	25	0.15503963	0.484304963	10.92814356	0.086705546	3.379140017	14.87829409
1	0.9	3	22	0.301430529	0.426346386	11.58617619	0.081048568	2.786580722	14.88015187
1	0.8	3.7	18	0.219377343	0.348978772	11.37664095	0.084985651	3.078173726	14.8887791
1	0.8	3.7	19	0.218445734	0.368324618	11.36146616	0.084975993	3.074065302	14.88883207
1	0.8	3.7	20	0.217534987	0.387666067	11.34663343	0.084966337	3.070049488	14.88931532
1	0.8	3.7	21	0.216624241	0.407003121	11.3318394	0.084956683	3.066044152	14.88984335
1	0.7	4.4	26	0.1546981	0.503619966	10.92227791	0.0866957	3.377325083	14.88991866
1	0.8	3.7	22	0.215755265	0.426335782	11.31768474	0.084947031	3.062211917	14.89117947
1	0.2	5	22	0.565462888	0.427220868	6.921710265	0.054249853	7.488182035	14.89136302
1	0.9	3	23	0.301200922	0.445675133	11.58050284	0.081039362	2.785215384	14.89243272
1	0.8	3.7	23	0.214975724	0.44566405	11.30484878	0.084937382	3.05873671	14.89418692
1	0.8	3.7	17	0.220627729	0.329628527	11.39650393	0.084995312	3.083551431	14.8946792
1	0.8	3.7	24	0.21439183	0.464987928	11.29484407	0.084927734	3.056028035	14.90078777
1	0.7	4.4	27	0.15435657	0.522930583	10.91641855	0.086685857	3.375512098	14.90154709
1	0.8	3.7	16	0.22199385	0.310273884	11.41813061	0.085004974	3.089406639	14.9028161
1	0.9	3	24	0.300973235	0.46499949	11.57486672	0.081030157	2.783859007	14.90475537
1	0.8	3.7	25	0.213822613	0.484307417	11.28506698	0.084918089	3.053380984	14.90767347
1	0.2	5	23	0.565462888	0.446639998	6.921710265	0.054249853	7.488182035	14.91078215
1	0.8	3.7	15	0.22335997	0.290914838	11.43983957	0.085014639	3.095284125	14.91105317
1	0.7	4.4	28	0.15401504	0.542236815	10.91056549	0.086676015	3.373701058	14.91317937
1	0.8	3.7	26	0.213277091	0.503622518	11.2756451	0.084908446	3.050830104	14.91500617
1	0.9	3	25	0.300745549	0.484319458	11.56923608	0.081020954	2.782503951	14.91708044
1	0.8	3.7	27	0.212821717	0.522933232	11.26752403	0.084898806	3.048631406	14.92398748
1	0.7	4.4	29	0.153765775	0.561538665	10.90590283	0.086666176	3.372258352	14.92636603
1	0.9	3	26	0.300517862	0.503635038	11.56361092	0.081011753	2.781150213	14.92940793
1	0.2	5	24	0.565462888	0.466059128	6.921710265	0.054249853	7.488182035	14.93020128
1	0.8	3.7	28	0.212366344	0.542239562	11.25941466	0.084889167	3.046435874	14.93297927
1	0.7	4.4	30	0.153565568	0.580836132	10.90187334	0.086656339	3.37101156	14.94037738
1	0.9	3	27	0.300290175	0.522946231	11.55799124	0.081002555	2.779797791	14.94173782
1	0.8	3.7	29	0.211976547	0.561541509	11.25224926	0.084879531	3.044495913	14.94316621
1	0.2	5	25	0.565462888	0.485478259	6.921710265	0.054249853	7.488182035	14.94962041
1	0.9	3	28	0.300062488	0.542253039	11.55237702	0.080993358	2.778446684	14.9540701
1	0.8	3.7	30	0.211714033	0.580839074	11.24690071	0.084869896	3.043047845	14.95565752
1	0.9	3	29	0.299834802	0.561555464	11.54676825	0.080984164	2.77709689	14.96640477
1	0.2	5	26	0.565462888	0.504897389	6.921710265	0.054249853	7.488182035	14.96903954
1	0.9	3	30	0.299609463	0.580853507	11.54120343	0.080974972	2.775757673	14.97878958
1	0.2	5	27	0.565462888	0.524316519	6.921710265	0.054249853	7.488182035	14.98845867
1	0.2	5	28	0.565462888	0.54373565	6.921710265	0.054249853	7.488182035	15.0078778
1	0.7	4.5	20	0.149324245	0.387663821	11.10891708	0.087795106	3.435074457	15.01945047
1	0.7	4.5	21	0.148318398	0.407000763	11.09435545	0.087785131	3.430568837	15.01971018
1	0.7	4.5	19	0.150462678	0.368322483	11.12524839	0.087805084	3.440127643	15.02150359
1	0.7	4.5	22	0.147471924	0.426333312	11.08189688	0.087775158	3.426713941	15.02271929
1	0.7	4.5	18	0.151601112	0.348976749	11.14162781	0.087815064	3.445195718	15.02361534
1	0.9	3.1	20	0.286857798	0.387674218	11.73201511	0.08242131	2.821677999	15.02378864
1	0.9	3.1	21	0.286060895	0.407011678	11.71709869	0.082411945	2.818088245	15.02461055
1	0.9	3.1	19	0.287758512	0.368332363	11.74867659	0.082430677	2.825687714	15.02512734
1	0.9	3.1	18	0.288669259	0.348986111	11.76555094	0.082440046	2.82974866	15.02672576
1	0.2	5	29	0.565462888	0.56315478	6.921710265	0.054249853	7.488182035	15.02729693
1	0.7	4.5	17	0.152850934	0.329626617	11.15951914	0.087825046	3.450731604	15.0277024
1	0.7	4.5	23	0.146769702	0.445661469	11.07133172	0.087765187	3.423444898	15.02820327
1	0.9	3.1	17	0.289584476	0.32963546	11.78254781	0.082449418	2.83383909	15.02847178
1	0.9	3.1	22	0.285464791	0.426344744	11.70549731	0.082402582	2.815296282	15.02954091
1	0.7	4.5	16	0.154109571	0.310272085	11.17758428	0.08783503	3.456321269	15.03201266
1	0.9	3.1	16	0.290646761	0.31028041	11.80203405	0.082458791	2.838528607	15.03330186
1	0.9	3.1	23	0.285009418	0.445673417	11.69621222	0.082393222	2.813061752	15.03734061
1	0.7	4.5	24	0.146409134	0.464985235	11.06519904	0.087755219	3.421547341	15.03948683
1	0.9	3.1	15	0.291811994	0.290920958	11.8232993	0.082468167	2.843646256	15.04033468
1	0.7	4.5	15	0.155796708	0.290913152	11.20137847	0.087845017	3.4636836	15.04382023
1	0.9	3.1	24	0.284554044	0.4649977	11.68694185	0.082383863	2.810830767	15.04515418
1	0.2	5	30	0.565462888	0.58257391	6.921710265	0.054249853	7.488182035	15.04671606
1	0.7	4.5	25	0.146067604	0.484304612	11.05931885	0.087745253	3.419727909	15.05109662
1	0.9	3.1	25	0.284101394	0.484317593	11.67773044	0.082374507	2.808613967	15.0530365
1	0.7	4.5	26	0.145726074	0.503619601	11.05344491	0.087735289	3.41791041	15.06271021
1	0.9	3.1	26	0.283759864	0.503633099	11.6703364	0.082365152	2.806834535	15.06316919
1	0.9	3.1	27	0.283418334	0.522944218	11.66295173	0.0823558	2.805057355	15.0733091
1	0.7	4.5	27	0.145384544	0.522930204	11.0475772	0.087725327	3.416094842	15.07432758
1	0.8	3.8	18	0.208784727	0.348978519	11.52790726	0.086179244	3.119127578	15.0821926
1	0.8	3.8	17	0.209733004	0.329628289	11.54336168	0.08618904	3.123311708	15.08249072
1	0.8	3.8	19	0.20787398	0.368324351	11.51303811	0.08616945	3.115101903	15.08263382
1	0.9	3.1	28	0.283076804	0.542250952	11.6555764	0.08234645	2.803282425	15.08345623
1	0.8	3.8	20	0.207014547	0.387665786	11.49894914	0.086159658	3.111287454	15.08406204
1	0.8	3.8	21	0.206217643	0.407002827	11.48579655	0.086149869	3.107726522	15.08667577
1	0.7	4.5	28	0.145108737	0.542236423	11.04256133	0.087715368	3.414542843	15.08705596
1	0.8	3.8	22	0.20542074	0.426335473	11.47267404	0.086140081	3.104173731	15.08932333
1	0.8	3.8	16	0.2110857	0.310273659	11.5647689	0.086198838	3.1291075	15.0903489
1	0.8	3.8	23	0.204623837	0.445663728	11.45958149	0.086130296	3.100629054	15.09200457
1	0.9	3.1	29	0.282735274	0.561553303	11.6482104	0.082337102	2.801509739	15.09361055
1	0.8	3.8	24	0.203826933	0.464987591	11.44651881	0.086120514	3.097092464	15.09471938
1	0.8	3.8	25	0.20303003	0.484307066	11.4334859	0.086110733	3.093563932	15.09746763
1	0.7	4.5	29	0.144881051	0.561538258	11.03816863	0.087705411	3.413183668	15.10059597
1	0.8	3.8	26	0.202294384	0.503622153	11.42135633	0.086100955	3.090279971	15.10135941
1	0.8	3.8	15	0.212677373	0.290914628	11.58976462	0.086208639	3.135874843	15.10276273
1	0.9	3.1	30	0.282393744	0.580851272	11.64085371	0.082327756	2.799739294	15.10377203
1	0.8	3.8	27	0.201715245	0.522932854	11.41148053	0.086091178	3.087606198	15.10811076
1	0.7	4.5	30	0.14469958	0.580835712	11.03437317	0.087695456	3.412009288	15.11491363
1	0.8	3.8	28	0.201298003	0.54223917	11.40392351	0.086081405	3.085560207	15.11780429
1	0.8	3.8	29	0.200956473	0.561541103	11.39745179	0.086071633	3.083808054	15.12887258
1	0.8	3.8	30	0.200614943	0.580838654	11.39098741	0.086061863	3.082057889	15.13994582
1	0.7	4.6	22	0.139166415	0.426333003	11.21903027	0.088812981	3.469145373	15.20332163
1	0.7	4.6	21	0.1402202	0.407000469	11.23422182	0.088823072	3.4738459	15.20389126
1	0.9	3.2	19	0.273658215	0.368330944	11.89263794	0.083780704	2.860333141	15.20508273
1	0.9	3.2	20	0.27281652	0.387672725	11.87705934	0.083771184	2.856584029	15.20508727
1	0.7	4.6	20	0.141358633	0.38766354	11.25056052	0.088833165	3.478901375	15.2059586
1	0.9	3.2	18	0.274568962	0.348984766	11.90938782	0.083790227	2.864364132	15.20652695
1	0.9	3.2	21	0.272094857	0.40701011	11.8634711	0.083761666	2.853313912	15.20755678
1	0.7	4.6	23	0.138402449	0.445661146	11.20763648	0.088802892	3.465619939	15.20772046
1	0.7	4.6	19	0.142497067	0.368322216	11.26694684	0.08884326	3.483971585	15.20808391
1	0.9	3.2	17	0.275574701	0.32963419	11.92774469	0.083799752	2.868781855	15.20996048
1	0.7	4.6	18	0.143639197	0.348976496	11.28342959	0.088853358	3.48907163	15.21033107
1	0.9	3.2	22	0.271411797	0.426343102	11.85053963	0.083752149	2.850201854	15.21083674
1	0.9	3.2	16	0.276599291	0.310279214	11.94646879	0.083809279	2.873287958	15.21384524
1	0.9	3.2	23	0.270728736	0.445671701	11.83763635	0.083742635	2.847096578	15.21414726
1	0.7	4.6	17	0.144906533	0.329626378	11.30161126	0.088863458	3.494697352	15.21479845
1	0.7	4.6	24	0.137833232	0.464984898	11.19878651	0.088792806	3.462881605	15.21544582
1	0.9	3.2	15	0.277623881	0.290919837	11.96525181	0.083818808	2.877808239	15.2177987
1	0.9	3.2	24	0.270165068	0.46499591	11.82668833	0.083733124	2.84446185	15.21987921
1	0.7	4.6	16	0.146331148	0.31027186	11.32193249	0.088873561	3.500985092	15.22206301
1	0.7	4.6	25	0.137351252	0.484304261	11.19107823	0.088782722	3.460496529	15.22466174
1	0.9	3.2	25	0.269709695	0.484315729	11.81750591	0.083723614	2.842252029	15.22779728
1	0.7	4.6	26	0.136895879	0.503619237	11.18372406	0.08877264	3.458221025	15.23433697
1	0.9	3.2	26	0.269254321	0.50363116	11.80833774	0.083714107	2.840045639	15.23572865
1	0.7	4.6	15	0.148134592	0.290912941	11.34736019	0.088883665	3.508852859	15.23600966
1	0.9	3.2	27	0.268798948	0.522942205	11.7991838	0.083704601	2.837842671	15.24367328
1	0.7	4.6	27	0.136479688	0.522929826	11.17688482	0.088762561	3.456104844	15.24468205
1	0.9	3.2	28	0.268407143	0.542248866	11.79106405	0.083695098	2.83588859	15.25289661
1	0.7	4.6	28	0.136223982	0.542236031	11.17212133	0.088752483	3.454630939	15.25774078
1	0.9	3.2	29	0.268065613	0.561551142	11.78376119	0.083685597	2.834131098	15.26312902
1	0.7	4.6	29	0.135996295	0.561537852	11.16772262	0.088742409	3.453269902	15.27127278
1	0.9	3.2	30	0.267724083	0.580849037	11.77646736	0.083676098	2.832375782	15.27336828
1	0.8	3.9	18	0.198824433	0.348978266	11.68437493	0.087369752	3.161489644	15.28221259
1	0.8	3.9	17	0.199778274	0.32962805	11.69992578	0.087379683	3.165699881	15.28263339
1	0.8	3.9	19	0.197978655	0.368324084	11.67043329	0.087359823	3.157715082	15.28383228
1	0.7	4.6	30	0.13583356	0.580835292	11.16416299	0.088732336	3.45216849	15.28589911
1	0.8	3.9	20	0.197181752	0.387665506	11.65723245	0.087349896	3.154141088	15.28638894
1	0.8	3.9	21	0.196384848	0.407002532	11.64406147	0.087339971	3.150575175	15.28897915
1	0.8	3.9	16	0.201166405	0.310273434	11.72187232	0.087389617	3.171641689	15.29117706
1	0.8	3.9	22	0.195587945	0.426335165	11.63092023	0.087330049	3.147017316	15.29160276
1	0.8	3.9	23	0.194791041	0.445663405	11.61780864	0.087320128	3.143467483	15.29425966
1	0.8	3.9	24	0.193994138	0.464987255	11.6047266	0.08731021	3.13992565	15.29694971
1	0.8	3.9	25	0.193197234	0.484306715	11.591674	0.087300295	3.136391789	15.2996728
1	0.8	3.9	26	0.192538332	0.503621788	11.58062221	0.087290381	3.133399627	15.30493401
1	0.8	3.9	15	0.202874056	0.290914417	11.74859839	0.087399553	3.178877509	15.30578987
1	0.8	3.9	27	0.192006094	0.522932475	11.57139816	0.08728047	3.130902307	15.31251342
1	0.8	3.9	28	0.191550721	0.542238777	11.56328367	0.087270561	3.128705388	15.3214984
1	0.8	3.9	29	0.191095348	0.561540696	11.55518056	0.087260654	3.126511551	15.33049346
1	0.8	3.9	30	0.190685584	0.580838234	11.54773674	0.08725075	3.124496212	15.34032194
1	0.9	3.3	20	0.25881414	0.387671231	12.01724908	0.085116816	2.89032179	15.38035892
1	0.9	3.3	19	0.259691356	0.368329525	12.03328983	0.08512649	2.894182122	15.38092797
1	0.9	3.3	18	0.260602103	0.348983421	12.0499184	0.085136165	2.898183916	15.3822219
1	0.9	3.3	21	0.258131079	0.407008542	12.00438184	0.085107145	2.887225188	15.38372272
1	0.9	3.3	17	0.26162581	0.32963292	12.0684342	0.085145843	2.90263989	15.38585286
1	0.9	3.3	22	0.257471057	0.42634146	11.99191295	0.085097476	2.88422445	15.38757634
1	0.9	3.3	16	0.262716555	0.310278019	12.08810334	0.085155523	2.907373422	15.3909103
1	0.7	4.7	22	0.131504966	0.426332695	11.36194296	0.089848638	3.513365018	15.39148931
1	0.7	4.7	21	0.132529557	0.407000174	11.37681076	0.089858846	3.517965373	15.39163516
1	0.9	3.3	23	0.256901841	0.445669985	11.98092867	0.08508781	2.881580997	15.39326746
1	0.7	4.7	20	0.133665877	0.387663259	11.39318267	0.089869057	3.523031124	15.39374612
1	0.7	4.7	23	0.130640542	0.445660824	11.34919792	0.089838432	3.509421484	15.39411866
1	0.7	4.7	19	0.134804311	0.36832195	11.4096296	0.08987927	3.528120085	15.3959509
1	0.7	4.7	24	0.129897823	0.464984562	11.33806195	0.089828228	3.505975825	15.39885057
1	0.9	3.3	24	0.256332624	0.464994119	11.9699645	0.085078145	2.878942385	15.39897915
1	0.7	4.7	18	0.135990597	0.348976243	11.42675535	0.089889486	3.533419087	15.39904016
1	0.9	3.3	15	0.264152712	0.290918716	12.11350713	0.085165205	2.913487042	15.40307809
1	0.9	3.3	25	0.255763407	0.484313864	11.9590204	0.085068483	2.876308601	15.40471135
1	0.7	4.7	17	0.137424007	0.329626139	11.44720345	0.089899704	3.539746083	15.40647538
1	0.7	4.7	25	0.129368323	0.484303911	11.32971237	0.089818026	3.503392319	15.40722662
1	0.9	3.3	26	0.25519419	0.503629222	11.94809631	0.085058823	2.873679632	15.41046398
1	0.7	4.7	26	0.128912949	0.503618872	11.32233508	0.089807827	3.50110966	15.41687144
1	0.9	3.3	27	0.254663944	0.522940193	11.93781374	0.085049165	2.871205051	15.41700815
1	0.7	4.7	16	0.13921239	0.310271635	11.47244337	0.089909924	3.547555747	15.42018067
1	0.9	3.3	28	0.254309702	0.542246779	11.9303521	0.085039509	2.869409349	15.42704773
1	0.7	4.7	27	0.128547509	0.522929448	11.31613083	0.08979763	3.499189956	15.42804786
1	0.7	4.7	15	0.141130634	0.29091273	11.49952969	0.089920146	3.555936723	15.43629929
1	0.9	3.3	29	0.253968172	0.561548982	11.92310204	0.085029855	2.867664566	15.43734544
1	0.7	4.7	28	0.128205979	0.542235638	11.31024238	0.089787435	3.497367969	15.43963342
1	0.9	3.3	30	0.253626642	0.580846803	11.9158608	0.085020204	2.865921904	15.44764971
1	0.7	4.7	29	0.127864449	0.561537446	11.30436006	0.089777243	3.495547877	15.45122262
1	0.7	4.7	30	0.127606607	0.580834872	11.29956332	0.089767053	3.494063683	15.46422892
1	0.8	4	19	0.187969869	0.368323817	11.82235224	0.088547229	3.19884563	15.47806892
1	0.8	4	18	0.188924279	0.348978013	11.83788275	0.088557293	3.20305036	15.47846841
1	0.8	4	20	0.187172966	0.387665225	11.80914377	0.088537167	3.195269566	15.48061572
1	0.8	4	17	0.190097701	0.329627811	11.85665162	0.08856736	3.208131845	15.48297863
1	0.8	4	21	0.186376062	0.407002237	11.79596479	0.088527108	3.19170149	15.48319562
1	0.8	4	22	0.185579159	0.426334856	11.78281522	0.08851705	3.188141373	15.48580849
1	0.8	4	23	0.184797473	0.445663082	11.76991393	0.088506995	3.184648478	15.48873248
1	0.8	4	16	0.191378581	0.310273209	11.87705461	0.088577429	3.213655752	15.489561
1	0.8	4	24	0.184114413	0.464986918	11.75845722	0.088496943	3.181546688	15.49348777
1	0.8	4	25	0.183453892	0.484306365	11.74734591	0.088486892	3.178538412	15.49867758
1	0.8	4	26	0.182909311	0.503621424	11.73791473	0.088476844	3.175985012	15.50599801
1	0.8	4	15	0.193215385	0.290914206	11.90570819	0.0885875	3.221413424	15.50662331
1	0.8	4	27	0.182453937	0.522932097	11.72977355	0.088466798	3.173780869	15.51495331
1	0.8	4	28	0.181998564	0.542238385	11.72164366	0.088456754	3.171579783	15.52391859
1	0.8	4	29	0.181641548	0.56154029	11.71492709	0.088446713	3.169761338	15.53467543
1	0.8	4	30	0.181300018	0.580837813	11.70843874	0.088436674	3.168004682	15.54571791
1	0.9	3.4	20	0.245694519	0.387669738	12.16643012	0.086458399	2.926223375	15.56678163
1	0.9	3.4	19	0.246646962	0.368328106	12.18360088	0.086468225	2.930355654	15.56875287
1	0.9	3.4	21	0.244948646	0.407006975	12.15262105	0.086448575	2.922900113	15.56897671
1	0.9	3.4	18	0.247785396	0.348982077	12.20382873	0.086478053	2.935223644	15.57451251
1	0.9	3.4	22	0.244379429	0.426339818	12.14167183	0.086438754	2.920265099	15.5747155
1	0.7	4.8	21	0.12505082	0.406999879	11.51968037	0.090892524	3.562171688	15.57974446
1	0.7	4.8	22	0.124058118	0.426332386	11.50517153	0.090882198	3.557682404	15.58006852
1	0.9	3.4	23	0.243810212	0.445668269	12.13074234	0.086428935	2.917634831	15.58047438
1	0.9	3.4	17	0.24893536	0.32963165	12.22431109	0.086487883	2.940152884	15.58058351
1	0.7	4.8	20	0.126150548	0.387662978	11.53563465	0.090902852	3.567108217	15.58130869
1	0.7	4.8	23	0.123279717	0.445660501	11.49349919	0.090871874	3.55407078	15.58410234
1	0.7	4.8	19	0.12742235	0.368321683	11.55390527	0.090913183	3.572761462	15.5859016
1	0.9	3.4	24	0.243240995	0.464992329	12.11983252	0.086419118	2.915009297	15.58625326
1	0.7	4.8	24	0.122596657	0.464984225	11.48309411	0.090861553	3.55085127	15.58979116
1	0.9	3.4	16	0.250309767	0.310276823	12.24851934	0.086497715	2.945978788	15.59127266
1	0.9	3.4	25	0.242671779	0.484312	12.10894232	0.086409304	2.912388484	15.5920521
1	0.7	4.8	18	0.128890581	0.348975991	11.57483688	0.090923516	3.579238063	15.59397445
1	0.7	4.8	25	0.121913596	0.48430356	11.47270787	0.090851234	3.547637588	15.59550025
1	0.9	3.4	26	0.242102562	0.503627283	12.09807168	0.086399491	2.90977238	15.59787083
1	0.7	4.8	26	0.121381254	0.503618508	11.46429976	0.090840918	3.545035974	15.60379515
1	0.7	4.8	17	0.130466705	0.3296259	11.59727996	0.090933852	3.586182337	15.60402205
1	0.9	3.4	27	0.241558196	0.52293818	12.08761499	0.086389681	2.907255895	15.60419874
1	0.9	3.4	15	0.25195857	0.290917595	12.27731537	0.08650755	2.952908778	15.60764929
1	0.9	3.4	28	0.241102822	0.542244692	12.07858666	0.086379873	2.905083158	15.61229438
1	0.7	4.8	27	0.121039724	0.522929069	11.45838188	0.090830603	3.543204882	15.61534644
1	0.7	4.8	16	0.132396357	0.31027141	11.62453453	0.090944189	3.594615372	15.6203655
1	0.9	3.4	29	0.240647449	0.561546821	12.06957182	0.086370067	2.902913665	15.62040237
1	0.7	4.8	28	0.120698194	0.542235246	11.45247012	0.090820291	3.541375681	15.62690134
1	0.9	3.4	30	0.240297016	0.580844568	12.06222891	0.086360264	2.901146536	15.63058027
1	0.7	4.8	29	0.120356664	0.56153704	11.44656446	0.090809982	3.539548368	15.63845985
1	0.7	4.8	15	0.13451609	0.290912519	11.65447126	0.090954529	3.60387831	15.64021662
1	0.7	4.8	30	0.120117557	0.580834452	11.44199131	0.090799675	3.538133355	15.65175879
1	0.8	4.1	20	0.177199683	0.387664944	11.95788197	0.089721583	3.235538957	15.67080745
1	0.8	4.1	19	0.178318039	0.368323551	11.97576553	0.08973178	3.240380753	15.67420161
1	0.8	4.1	21	0.176480916	0.407001942	11.94582807	0.089711389	3.232275483	15.67481688
1	0.8	4.1	18	0.179456473	0.34897776	11.99399541	0.089741979	3.245316312	15.67803146
1	0.8	4.1	22	0.175797855	0.426334547	11.93431387	0.089701197	3.229158128	15.67950774
1	0.8	4.1	17	0.180681557	0.329627572	12.01354822	0.08975218	3.250610041	15.68353801
1	0.8	4.1	23	0.175114795	0.44566276	11.92282186	0.089691008	3.22604678	15.6842224
1	0.8	4.1	24	0.174431735	0.464986582	11.91135197	0.08968082	3.222941422	15.68896079
1	0.8	4.1	16	0.18213698	0.310272984	12.03654611	0.089762383	3.256836492	15.69341797
1	0.8	4.1	25	0.173820697	0.484306014	11.90093787	0.089670635	3.220121907	15.69503642
1	0.8	4.1	26	0.173365324	0.503621059	11.8927729	0.089660453	3.217911324	15.70396574
1	0.8	4.1	15	0.183894618	0.290913995	12.06408846	0.089772589	3.264293308	15.70906835
1	0.8	4.1	27	0.1729467	0.522931718	11.88514522	0.089650273	3.215846205	15.71357342
1	0.8	4.1	28	0.17260517	0.542237993	11.87862968	0.089640095	3.214082188	15.72458996
1	0.8	4.1	29	0.17226364	0.561539884	11.87212129	0.089629919	3.212320105	15.7356112
1	0.8	4.1	30	0.17192211	0.580837393	11.86562003	0.089619746	3.210559953	15.74663712
1	0.9	3.5	22	0.232208467	0.426338176	12.30102645	0.08777616	2.958615035	15.77375582
1	0.9	3.5	21	0.233071544	0.407005407	12.31664663	0.087786133	2.962374154	15.77381232
1	0.9	3.5	20	0.233982291	0.387668245	12.33307172	0.087796108	2.966326981	15.77486305
1	0.9	3.5	23	0.231411564	0.445666553	12.28649999	0.087766189	2.955119129	15.77505186
1	0.7	4.9	22	0.117212431	0.426332077	11.65389792	0.091913727	3.603700909	15.77584463
1	0.9	3.5	24	0.230628539	0.464990539	12.2722284	0.08775622	2.951684559	15.77665972
1	0.9	3.5	19	0.234944246	0.368326687	12.35036497	0.087806086	2.970488738	15.77698648
1	0.7	4.9	21	0.118330032	0.406999584	11.67012883	0.09192417	3.608723033	15.77777562
1	0.7	4.9	23	0.116496804	0.445660178	11.64299061	0.091903286	3.600326	15.78088007
1	0.9	3.5	25	0.230056728	0.484310135	12.26134015	0.087746253	2.949064216	15.78246075
1	0.7	4.9	20	0.119611594	0.387662698	11.6885756	0.091934616	3.61443078	15.78260369
1	0.9	3.5	18	0.236220958	0.348980732	12.3727899	0.087816066	2.975885474	15.78547218
1	0.9	3.5	26	0.229487511	0.503625344	12.2505123	0.087736289	2.94645841	15.78833234
1	0.7	4.9	24	0.115922157	0.464983888	11.63395265	0.091892848	3.597529499	15.78835888
1	0.7	4.9	19	0.121071546	0.368321416	11.70945075	0.091945063	3.620889912	15.79060714
1	0.9	3.5	27	0.228980708	0.522936167	12.2406904	0.087726327	2.944094693	15.79544759
1	0.9	3.5	17	0.237587079	0.32963038	12.39674637	0.087826048	2.981650784	15.79585358
1	0.7	4.9	25	0.11535294	0.48430321	11.62499984	0.091882411	3.594759346	15.79594481
1	0.7	4.9	18	0.122575351	0.348975738	11.73098547	0.091955514	3.627553126	15.79946985
1	0.9	3.5	28	0.228525334	0.542242605	12.23169624	0.087716368	2.941930179	15.8035854
1	0.7	4.9	26	0.114816929	0.503618143	11.61649504	0.091871978	3.592127816	15.80411298
1	0.9	3.5	16	0.238953199	0.310275627	12.42079584	0.087836033	2.987438477	15.80634597
1	0.7	4.9	17	0.124184809	0.329625661	11.75401406	0.091965966	3.634678566	15.81028425
1	0.9	3.5	29	0.228069961	0.56154466	12.2227153	0.08770641	2.939768845	15.81173522
1	0.7	4.9	27	0.114365965	0.522928691	11.60911338	0.091861546	3.589843803	15.81374742
1	0.9	3.5	15	0.240416072	0.290916473	12.44652048	0.08784602	2.993629313	15.81891228
1	0.9	3.5	30	0.227614587	0.580842333	12.21374755	0.087696455	2.937610684	15.81989702
1	0.7	4.9	28	0.114024435	0.542234854	11.60316879	0.091851117	3.588004443	15.8252592
1	0.7	4.9	16	0.126179984	0.310271186	11.78232041	0.091976421	3.64343704	15.82800506
1	0.7	4.9	29	0.113690221	0.561536633	11.59732564	0.091840691	3.586196473	15.83689944
1	0.7	4.9	15	0.128372906	0.290912308	11.81343745	0.091986879	3.653065187	15.84940182
1	0.7	4.9	30	0.113462534	0.580834031	11.59287568	0.091830267	3.584819578	15.85035955
1	0.8	4.2	21	0.167343139	0.407001648	12.1031072	0.090892919	3.274857244	15.87585901
1	0.8	4.2	22	0.166407061	0.426334238	12.0879101	0.090882593	3.270742782	15.87586972
1	0.8	4.2	20	0.168481573	0.387664663	12.12128336	0.090903247	3.279778259	15.87962953
1	0.8	4.2	23	0.165709064	0.445662437	12.07618528	0.090872269	3.267568402	15.88028838
1	0.8	4.2	19	0.169620006	0.368323284	12.13951422	0.090913578	3.284714085	15.88346517
1	0.8	4.2	24	0.165026004	0.464986245	12.06469828	0.090861948	3.264458412	15.88500489
1	0.8	4.2	18	0.170806782	0.348977508	12.15850706	0.090923911	3.289856206	15.88826468
1	0.8	4.2	25	0.164550491	0.484305664	12.05621703	0.090851629	3.262162197	15.89353652
1	0.8	4.2	17	0.172172903	0.329627333	12.18019129	0.090934247	3.295726997	15.89647987
1	0.8	4.2	26	0.164179264	0.503620695	12.04924549	0.090841312	3.260274722	15.90398222
1	0.8	4.2	16	0.173594864	0.310272759	12.20277568	0.090944585	3.301841496	15.90583452
1	0.8	4.2	27	0.163837734	0.52293134	12.04270809	0.090830998	3.258504785	15.91497521
1	0.8	4.2	15	0.175390996	0.290913784	12.23097953	0.090954925	3.309477408	15.92232565
1	0.8	4.2	28	0.163496204	0.5422376	12.03617778	0.090820686	3.25673677	15.92597284
1	0.8	4.2	29	0.163154674	0.561539477	12.02965456	0.090810376	3.254970671	15.93697508
1	0.8	4.2	30	0.162891541	0.580836973	12.02425972	0.090800069	3.253510073	15.94940683
1	0.7	5	21	0.112238277	0.40699929	11.82665615	0.092953846	3.657155281	15.98376457
1	0.7	5	22	0.111274166	0.426331769	11.8123536	0.092943286	3.652729824	15.98435847
1	0.7	5	23	0.110508894	0.445659855	11.80071489	0.092932728	3.649128609	15.98843608
1	0.7	5	20	0.113565782	0.387662417	11.84583455	0.092964408	3.663089406	15.98955078
1	0.7	5	24	0.109825834	0.464983552	11.79018441	0.092922173	3.645870295	15.99396043
1	0.9	3.6	21	0.222429828	0.40700384	12.49544012	0.089119982	3.005402208	15.99696615
1	0.9	3.6	22	0.221576229	0.426336534	12.47996065	0.089109857	3.001676952	15.99708399
1	0.9	3.6	20	0.223340575	0.387666751	12.51187591	0.089130109	3.009357612	15.99803039
1	0.9	3.6	23	0.220779325	0.445664837	12.46542336	0.089099735	2.99817844	15.99836637
1	0.7	5	19	0.115083089	0.368321149	11.86761363	0.092974973	3.669828229	15.99873798
1	0.9	3.6	19	0.224251322	0.368325268	12.52835503	0.089140238	3.01332344	15.99914398
1	0.7	5	25	0.109142774	0.484302859	11.77967271	0.09291162	3.642617796	15.99950499
1	0.9	3.6	24	0.219982422	0.464988749	12.45091992	0.089089615	2.994688074	15.99968636
1	0.9	3.6	25	0.219185518	0.484308271	12.43645021	0.089079497	2.991205826	16.00104381
1	0.9	3.6	18	0.225239115	0.348979388	12.54612186	0.08915037	3.017599167	16.00185079
1	0.9	3.6	26	0.218388615	0.503623406	12.42201412	0.089069381	2.987731666	16.00243857
1	0.9	3.6	27	0.217711251	0.522934155	12.40950002	0.089059268	2.984720051	16.00621349
1	0.7	5	26	0.108565449	0.503617779	11.77057091	0.092901069	3.639801541	16.0068913
1	0.7	5	18	0.116676896	0.348975485	11.89050015	0.092985541	3.676909714	16.00937089
1	0.9	3.6	28	0.217142035	0.542240518	12.3987167	0.089049157	2.98212496	16.01213133
1	0.9	3.6	17	0.226604092	0.329629109	12.57005121	0.089160504	3.023357952	16.01219877
1	0.7	5	27	0.108110075	0.522928312	11.76308561	0.092890521	3.637485462	16.01638991
1	0.9	3.6	29	0.216654772	0.561542499	12.38924266	0.089039048	2.979844959	16.01966917
1	0.7	5	17	0.118342687	0.329625423	11.91444561	0.09299611	3.68431885	16.02138599
1	0.9	3.6	16	0.228064243	0.310274431	12.59562113	0.08917064	3.029511553	16.02457775
1	0.7	5	28	0.107654702	0.542234461	11.75560984	0.092879975	3.635172328	16.0258966
1	0.9	3.6	30	0.216283979	0.580840098	12.38161485	0.089028942	2.978009267	16.02949316
1	1	3	22	0.295079448	0.426346386	12.75715556	0.085546108	2.761547471	16.03059552
1	1	3	21	0.295876352	0.407013245	12.77360175	0.085555828	2.765109586	16.03128041
1	1	3	23	0.294350847	0.445675133	12.74198043	0.08553639	2.75826066	16.03145262
1	1	3	20	0.296774499	0.387675711	12.79192603	0.08556555	2.76907848	16.03424578
1	1	3	24	0.293719163	0.46499949	12.72858119	0.085526675	2.755358491	16.03446585
1	0.7	5	29	0.107262636	0.561536227	11.74897348	0.092869432	3.633118924	16.03649806
1	0.7	5	16	0.120194465	0.310270961	11.94100599	0.093006683	3.692537089	16.03682072
1	1	3	19	0.297690198	0.368333782	12.8106222	0.085575275	2.773127921	16.03765917
1	0.9	3.6	15	0.229658049	0.290915352	12.62348032	0.089180778	3.036216085	16.03979253
1	1	3	25	0.293225206	0.484319458	12.71767816	0.085516961	2.75299698	16.04051155
1	1	3	18	0.298714788	0.348987455	12.83135955	0.085585001	2.777619466	16.04355147
1	1	3	26	0.292769833	0.503635038	12.70748418	0.08550725	2.750789045	16.04741551
1	1	3	17	0.299739379	0.32963673	12.85216419	0.08559473	2.782125585	16.04952123
1	0.7	5	30	0.107034949	0.580833611	11.74449763	0.092858891	3.631734021	16.04992416
1	1	3	27	0.292314459	0.522946231	12.69730654	0.085497541	2.74858465	16.05433496
1	1	3	16	0.300841886	0.310281606	12.87446746	0.085604461	2.786956296	16.05730982
1	0.7	5	15	0.122408953	0.290912098	11.97262118	0.093017257	3.702319374	16.05886991
1	1	3	28	0.291859086	0.542253039	12.6871452	0.085487834	2.746383784	16.06126986
1	1	3	15	0.302169601	0.29092208	12.90100069	0.085614195	2.792703184	16.07024015
1	1	3	29	0.291503439	0.561555464	12.67877637	0.08547813	2.744571161	16.07038112
1	0.8	4.3	23	0.156684988	0.445662114	12.23165336	0.092050878	3.309659841	16.07902619
1	1	3	30	0.291161909	0.580853507	12.67066971	0.085468427	2.742815324	16.07980697
1	0.8	4.3	22	0.157739791	0.42633393	12.24857321	0.092061335	3.314240723	16.0812092
1	0.8	4.3	24	0.155900541	0.464985908	12.21867955	0.092040422	3.30614731	16.08185319
1	0.8	4.3	21	0.158878225	0.407001353	12.26675593	0.092071795	3.319163513	16.08499259
1	0.8	4.3	20	0.160016658	0.387664382	12.28499275	0.092082258	3.324100949	16.08884033
1	0.8	4.3	25	0.155373845	0.484305313	12.20944516	0.09202997	3.303647193	16.08942764
1	0.8	4.3	19	0.161155092	0.368323017	12.3032839	0.092092722	3.329053097	16.09275273
1	0.8	4.3	26	0.154918471	0.50362033	12.20125073	0.092019519	3.301428631	16.09831921
1	0.8	4.3	18	0.162382314	0.348977255	12.32293245	0.09210319	3.334372748	16.09838565
1	0.8	4.3	17	0.163651968	0.329627094	12.34326861	0.092113659	3.339878559	16.10488792
1	0.8	4.3	27	0.154463098	0.522930961	12.19306729	0.092009071	3.299213047	16.10722037
1	0.8	4.3	16	0.165221801	0.310272535	12.3681079	0.092124131	3.346603552	16.11710812
1	0.8	4.3	28	0.154121219	0.542237208	12.18652344	0.091998625	3.297441363	16.11820064
1	0.8	4.3	29	0.153833498	0.561539071	12.18076308	0.091988182	3.295881803	16.13017214
1	0.8	4.3	15	0.167295258	0.290913573	12.40052695	0.092134605	3.355380689	16.13895582
1	0.8	4.3	30	0.153614555	0.580836553	12.17599345	0.091977741	3.294590474	16.14339822
1	0.9	3.7	20	0.212865521	0.387666067	12.68856781	0.090460743	3.051879901	16.21857452
1	0.9	3.7	21	0.21202932	0.407003121	12.67331601	0.090450464	3.048209435	16.21897903
1	0.9	3.7	19	0.213776268	0.368324618	12.70505757	0.090471023	3.055848291	16.21970151
1	0.9	3.7	22	0.211232417	0.426335782	12.65872948	0.090440189	3.044699074	16.22020453
1	0.9	3.7	18	0.214687015	0.348978772	12.72159028	0.090481306	3.059827016	16.22087737
1	0.9	3.7	23	0.210435513	0.44566405	12.64417652	0.090429915	3.041196788	16.22146727
1	0.9	3.7	24	0.20963861	0.464987928	12.62965699	0.090419644	3.03770255	16.22276711
1	0.9	3.7	25	0.208841706	0.484307417	12.61517079	0.090409375	3.034216333	16.22410392
1	0.9	3.7	26	0.208068498	0.503622518	12.60109341	0.090399108	3.0308285	16.22594353
1	0.9	3.7	27	0.207385438	0.522933232	12.58847344	0.090388844	3.027791407	16.22958693
1	0.9	3.7	17	0.216001738	0.329628527	12.7447135	0.090491591	3.0653918	16.23022541
1	1	3.1	21	0.281615234	0.407011678	12.93790216	0.087044668	2.800695749	16.23265426
1	0.9	3.7	28	0.206702378	0.542239562	12.57587875	0.090378582	3.024760395	16.23325729
1	1	3.1	22	0.280907122	0.426344744	12.92316387	0.087034779	2.797503553	16.23404695
1	1	3.1	20	0.28252598	0.387674218	12.95632102	0.08705456	2.804685128	16.23573493
1	1	3.1	23	0.280224062	0.445673417	12.90890682	0.087024892	2.794415588	16.23602071
1	1	3.1	24	0.279541973	0.4649977	12.89469851	0.087015007	2.791338181	16.2380494
1	0.9	3.7	29	0.206090436	0.561541509	12.56442996	0.090368323	3.022005155	16.23834495
1	1	3.1	19	0.283436727	0.368332363	12.97479243	0.087064453	2.808685888	16.23887513
1	1	3.1	25	0.278972756	0.484317593	12.88253004	0.087005125	2.788702587	16.24255534
1	1	3.1	18	0.28442923	0.348986111	12.994797	0.087074349	2.813018718	16.24387618
1	0.9	3.7	30	0.205521219	0.580839074	12.55367418	0.090358066	3.019416691	16.24428801
1	0.9	3.7	16	0.217646354	0.310273884	12.77329221	0.090501879	3.072269491	16.24633746
1	1	3.1	26	0.278403539	0.503633099	12.87038452	0.086995245	2.786071965	16.24708483
1	1	3.1	17	0.28545382	0.32963546	13.0154463	0.087084247	2.817491193	16.2496572
1	1	3.1	27	0.277834322	0.522944218	12.8582619	0.086985367	2.783446301	16.25163778
1	1	3.1	16	0.286533322	0.31028041	13.03716222	0.087094148	2.822194689	16.25673147
1	1	3.1	28	0.277397172	0.542250952	12.84849976	0.086975491	2.781331898	16.2590581
1	0.9	3.7	15	0.219354004	0.290914838	12.8030309	0.090512169	3.079426339	16.26388424
1	1	3.1	15	0.287770583	0.290920958	13.06183666	0.08710405	2.827538975	16.26740064
1	1	3.1	29	0.277055642	0.561553303	12.84044294	0.086965618	2.779586857	16.26854872
1	1	3.1	30	0.276714112	0.580851272	12.83239623	0.086955747	2.777844004	16.27804726
1	0.8	4.4	23	0.148568826	0.445661792	12.39700144	0.093226925	3.354426189	16.29031634
1	0.8	4.4	24	0.147689334	0.464985572	12.38260056	0.093216336	3.350527295	16.29132976
1	0.8	4.4	22	0.149622368	0.426333621	12.4139685	0.093237516	3.359019853	16.29255949
1	0.8	4.4	25	0.146998903	0.484304963	12.3709651	0.09320575	3.347377109	16.29585292
1	0.8	4.4	21	0.150760802	0.407001058	12.43222113	0.09324811	3.363961572	16.29643187
1	0.8	4.4	20	0.151899235	0.387664102	12.45052755	0.093258706	3.368917852	16.30036821
1	0.8	4.4	26	0.146429686	0.503619966	12.36110041	0.093195166	3.344706344	16.30262189
1	0.8	4.4	19	0.153037669	0.36832275	12.46888799	0.093269304	3.373888759	16.3043688
1	0.8	4.4	18	0.154251488	0.348977002	12.48841298	0.093279905	3.379174955	16.30984484
1	0.8	4.4	27	0.145964127	0.522930583	12.35274508	0.093184584	3.342444221	16.31130447
1	0.8	4.4	17	0.155737914	0.329626856	12.51202846	0.093290508	3.385568613	16.32051444
1	0.8	4.4	28	0.145537975	0.542236815	12.34496819	0.093174005	3.340338705	16.32071772
1	0.8	4.4	29	0.145196445	0.561538665	12.33841761	0.093163428	3.338565202	16.33168491
1	0.8	4.4	16	0.157591415	0.31027231	12.54118368	0.093301114	3.3934621	16.33821921
1	0.8	4.4	30	0.144882395	0.580836132	12.33226867	0.093152854	3.336900437	16.34315809
1	0.8	4.4	15	0.159704219	0.290913363	12.57434613	0.093311722	3.402440504	16.36101172
1	1	3.2	21	0.267789099	0.40701011	13.10357646	0.08852882	2.836579486	16.43569488
1	1	3.2	20	0.268567288	0.387672725	13.11950855	0.08853888	2.84003025	16.43575041
1	1	3.2	22	0.267106039	0.426343102	13.08937613	0.088518762	2.833503806	16.4377418
1	1	3.2	19	0.269552558	0.368330944	13.13919259	0.088548942	2.844293655	16.44036613
1	0.9	3.8	20	0.202760994	0.387665786	12.86660541	0.091788065	3.094726045	16.44078531
1	0.9	3.8	19	0.203633392	0.368324351	12.88249626	0.091798496	3.098550302	16.44116941
1	1	3.2	23	0.266518958	0.445671701	13.07691151	0.088508707	2.830804069	16.44189598
1	0.9	3.8	21	0.201964091	0.407002827	12.85196577	0.091777636	3.0912029	16.44194913
1	0.9	3.8	22	0.201167187	0.426335473	12.83735942	0.091767209	3.087687767	16.44314987
1	0.9	3.8	23	0.200370284	0.445663728	12.82278625	0.091756785	3.08418062	16.44438739
1	0.9	3.8	24	0.199573381	0.464987591	12.80824615	0.091746363	3.080681431	16.44566154
1	1	3.2	18	0.270577148	0.348984766	13.15964321	0.088559007	2.848723098	16.44591008
1	1	3.2	24	0.265949742	0.46499591	13.0647874	0.088498654	2.828178084	16.44646005
1	0.9	3.8	25	0.198776477	0.484307066	12.79373901	0.091735943	3.077190173	16.44697219
1	0.9	3.8	18	0.204816708	0.348978519	12.90345667	0.09180893	3.103594589	16.44783871
1	0.9	3.8	26	0.198040831	0.503622153	12.78023723	0.091725526	3.073940865	16.44952578
1	1	3.2	25	0.265380525	0.484315729	13.05268577	0.088488603	2.825556966	16.45104707
1	1	3.2	17	0.271671974	0.32963419	13.18142536	0.088569074	2.853440939	16.45306957
1	0.9	3.8	27	0.197357771	0.522932854	12.76759715	0.091715111	3.070898931	16.45314405
1	1	3.2	26	0.264811308	0.50363116	13.04060655	0.088478554	2.822940702	16.45565696
1	0.9	3.8	17	0.20609348	0.329628289	12.92600315	0.091819366	3.109020575	16.45647138
1	0.9	3.8	28	0.196749014	0.54223917	12.75615724	0.091704699	3.068145825	16.45824693
1	1	3.2	27	0.264242091	0.522942205	13.02854967	0.088468508	2.820329279	16.46028966
1	1	3.2	16	0.272962109	0.310279214	13.20681805	0.088579143	2.858940793	16.4646172
1	1	3.2	28	0.263736443	0.542248866	13.01763414	0.088458464	2.817965062	16.46630653
1	0.9	3.8	29	0.196293641	0.561541103	12.74716006	0.091694289	3.065980584	16.46637604
1	0.9	3.8	16	0.207672124	0.310273659	12.95355058	0.091829804	3.115650079	16.47130412
1	1	3.2	29	0.26328107	0.561551142	13.00762057	0.088448422	2.815796203	16.47341634
1	0.9	3.8	30	0.195838267	0.580838654	12.73817557	0.091683881	3.063818397	16.47451651
1	1	3.2	30	0.262848713	0.580849037	12.9980264	0.088438383	2.813718181	16.481032
1	1	3.2	15	0.274546056	0.290919837	13.23765577	0.088589214	2.865619997	16.48278482
1	0.9	3.8	15	0.209567098	0.290914628	12.98639952	0.091840245	3.123555435	16.49270983
1	0.8	4.5	23	0.140862153	0.445661469	12.56520204	0.094400498	3.399964831	16.50522884
1	0.8	4.5	22	0.141871079	0.426333312	12.58159312	0.094411222	3.404402555	16.50674021
1	0.8	4.5	24	0.140047915	0.464985235	12.55168539	0.094389776	3.396305334	16.50736574
1	0.8	4.5	21	0.142976001	0.407000763	12.59943413	0.094421949	3.40923283	16.51008967
1	0.8	4.5	25	0.139281136	0.484304612	12.53888682	0.094379056	3.392840247	16.51041073
1	0.8	4.5	20	0.144114435	0.387663821	12.61781851	0.094432679	3.414210218	16.51412523
1	0.8	4.5	26	0.138598076	0.503619601	12.52732747	0.094368339	3.389710668	16.51502608
1	0.8	4.5	19	0.145316316	0.368322483	12.63719227	0.094443411	3.419455471	16.51941363
1	0.8	4.5	27	0.138022337	0.522930204	12.51734205	0.094357624	3.387007216	16.5216371
1	0.8	4.5	18	0.146763725	0.348976749	12.66025874	0.094454145	3.425700489	16.52939012
1	0.8	4.5	28	0.137680807	0.542236423	12.51075679	0.094346912	3.385224322	16.53256445
1	0.8	4.5	29	0.137339277	0.561538258	12.50417846	0.094336202	3.383443305	16.54349623
1	0.8	4.5	17	0.148566941	0.329626617	12.68869753	0.094464882	3.433400009	16.54618904
1	0.8	4.5	30	0.137043963	0.580835712	12.49827367	0.094325494	3.38184464	16.55527951
1	0.8	4.5	16	0.150435522	0.310272085	12.71824074	0.094475621	3.441398538	16.56438698
1	0.8	4.5	15	0.152632192	0.290913152	12.7528475	0.094486363	3.450767974	16.58901498
1	1	3.3	21	0.254466524	0.407008542	13.27205444	0.090008501	2.873070477	16.64214196
1	1	3.3	22	0.253746128	0.42634146	13.25726644	0.089998276	2.869867514	16.64347369
1	1	3.3	20	0.255370179	0.387671231	13.29013568	0.09001873	2.876986729	16.64481237
1	1	3.3	23	0.253082775	0.445669985	13.24351926	0.089988052	2.866889982	16.64606728
1	1	3.3	24	0.252513558	0.464994119	13.2314607	0.089977831	2.864278194	16.65071084
1	1	3.3	19	0.256475082	0.368329525	13.31185814	0.09002896	2.881691641	16.65190826
1	1	3.3	25	0.251944341	0.484313864	13.21942409	0.089967612	2.86167116	16.65537672
1	1	3.3	18	0.257614972	0.348983421	13.33427845	0.090039193	2.886547702	16.65984876
1	0.9	3.9	21	0.191923879	0.407002532	13.02657776	0.093101536	3.133224643	16.65990647
1	1	3.3	26	0.251375124	0.503629222	13.20740937	0.089957396	2.859068868	16.66006486
1	0.9	3.9	22	0.191126975	0.426335165	13.01195616	0.093090959	3.129705841	16.66108813
1	0.9	3.9	20	0.192893909	0.387665506	13.04402174	0.093112116	3.137422674	16.66222204
1	0.9	3.9	23	0.190330072	0.445663405	12.99736737	0.093080385	3.126194934	16.66230609
1	0.9	3.9	24	0.189533168	0.464987255	12.98281127	0.093069812	3.122691895	16.66356023
1	1	3.3	27	0.250805908	0.522940193	13.19541649	0.089947182	2.856471305	16.66477516
1	0.9	3.9	25	0.188736265	0.484306715	12.96828776	0.093059243	3.119196698	16.66485041
1	0.9	3.9	19	0.194032343	0.368324084	13.0642343	0.093122698	3.142286985	16.66796807
1	0.9	3.9	26	0.188144627	0.503621788	12.95705991	0.093048675	3.116494628	16.670225
1	1	3.3	28	0.250337822	0.542246779	13.1852164	0.08993697	2.854262048	16.6716622
1	1	3.3	17	0.258991094	0.32963292	13.36102172	0.090049428	2.892340081	16.67304414
1	0.9	3.9	18	0.195175276	0.348978266	13.0845826	0.093133282	3.147183962	16.67387811
1	0.9	3.9	27	0.187619604	0.522932475	12.94690901	0.09303811	3.114051735	16.67693134
1	1	3.3	29	0.249882449	0.561548982	13.17525439	0.08992676	2.852104354	16.67883448
1	0.9	3.9	17	0.1964658	0.32962805	13.1073957	0.093143868	3.152674112	16.68284173
1	0.9	3.9	28	0.187164231	0.542238777	12.93787817	0.093027548	3.111878392	16.68502289
1	1	3.3	30	0.249427076	0.580846803	13.16530742	0.089916553	2.849949921	16.6860207
1	1	3.3	16	0.260541877	0.310278019	13.39102719	0.090059665	2.898839029	16.69020391
1	0.9	3.9	29	0.186708857	0.561540696	12.92885993	0.093016987	3.109708081	16.69312569
1	0.9	3.9	16	0.198111129	0.310273434	13.1360849	0.093154457	3.159578395	16.69909119
1	0.9	3.9	30	0.186353752	0.580838234	12.9214397	0.09300643	3.107922346	16.70320671
1	1	3.3	15	0.262249527	0.290918716	13.42401514	0.090069905	2.905983956	16.71098772
1	0.8	4.6	23	0.133260149	0.445661146	12.73195175	0.095571678	3.445110658	16.71829523
1	0.8	4.6	22	0.134205491	0.426333003	12.7474815	0.095582536	3.449315185	16.71871223
1	0.9	3.9	15	0.200032421	0.290914417	13.1694318	0.093165049	3.167603587	16.72111485
1	0.8	4.6	24	0.13252703	0.464984898	12.71956083	0.095560823	3.441755941	16.7218625
1	0.8	4.6	21	0.135397743	0.407000469	12.7666837	0.095593396	3.454513989	16.72379155
1	0.8	4.6	25	0.13184397	0.484304261	12.70792428	0.095549971	3.438605459	16.72638397
1	0.8	4.6	26	0.13116091	0.503619237	12.696309	0.09553912	3.435460739	16.7309281
1	0.8	4.6	20	0.136858939	0.38766354	12.78991705	0.095604259	3.460804189	16.73398904
1	0.8	4.6	27	0.130606848	0.522929826	12.6865903	0.095528273	3.432829497	16.73787789
1	0.8	4.6	19	0.138338903	0.368322216	12.81351353	0.095615124	3.4671927	16.74464357
1	0.8	4.6	28	0.130151475	0.542236031	12.67831935	0.095517427	3.43059022	16.74666303
1	0.8	4.6	18	0.139873056	0.348976496	12.83800406	0.095625991	3.473823269	16.75642982
1	0.8	4.6	29	0.129759098	0.561537852	12.67097283	0.095506585	3.428601222	16.75661849
1	0.8	4.6	30	0.12948252	0.580835292	12.66531265	0.095495744	3.427068785	16.76871247
1	0.8	4.6	17	0.141680156	0.329626378	12.8666693	0.095636861	3.481584097	16.77351664
1	0.8	4.6	16	0.143672863	0.31027186	12.89825187	0.095647733	3.490134764	16.79430623
1	0.8	4.6	15	0.145910478	0.290912941	12.93368996	0.095658608	3.499729275	16.81999078
1	1	3.4	25	0.239314824	0.484312	13.39443197	0.091442354	2.899576476	16.8697628
1	1	3.4	26	0.23852676	0.503627283	13.37862811	0.09143197	2.896153486	16.86984085
1	1	3.4	24	0.240111727	0.464992329	13.41042868	0.091452741	2.903041237	16.86991499
1	1	3.4	23	0.240908631	0.445668269	13.42646367	0.091463129	2.906514288	16.87010936
1	1	3.4	22	0.241791269	0.426339818	13.44405215	0.09147352	2.910323813	16.8721893
1	1	3.4	21	0.242702016	0.407006975	13.4621849	0.091483914	2.914251223	16.87492702
1	1	3.4	27	0.237980715	0.52293818	13.36708869	0.091421589	2.893654139	16.8751026
1	0.9	4	22	0.181171171	0.426334856	13.18363689	0.094411564	3.171022153	16.87540546
1	0.9	4	23	0.180418888	0.445663082	13.16974924	0.09440084	3.167679982	16.87749315
1	1	3.4	20	0.243612762	0.387669738	13.48036666	0.091494309	2.918189248	16.87771996
1	0.9	4	21	0.182293607	0.407002237	13.20351048	0.094422291	3.175804888	16.88073989
1	0.9	4	24	0.179735828	0.464986918	13.15699737	0.094390117	3.164611143	16.88098555
1	1	3.4	28	0.237525342	0.542244692	13.35715083	0.09141121	2.891501677	16.8823084
1	1	3.4	19	0.244724444	0.368328106	13.50217874	0.091504707	2.92291357	16.88492512
1	0.9	4	25	0.179075307	0.484306365	13.14462981	0.094379398	3.161634793	16.88495036
1	0.9	4	20	0.183469205	0.387665225	13.22430264	0.094433021	3.180808684	16.88720957
1	1	3.4	29	0.237069968	0.561546821	13.34722774	0.091400833	2.889352415	16.8895278
1	0.9	4	26	0.178536823	0.503621424	13.13422936	0.09436868	3.159131843	16.8913513
1	0.9	4	19	0.184721481	0.368323817	13.24640285	0.094443753	3.186127272	16.89529769
1	1	3.4	30	0.236614595	0.580844568	13.33731939	0.091390458	2.887206345	16.89676076
1	1	3.4	18	0.246090564	0.348982077	13.52861367	0.091515108	2.928639166	16.89775002
1	0.9	4	27	0.178081449	0.522932097	13.12516744	0.094357966	3.156951022	16.89940852
1	0.9	4	18	0.186013116	0.348978013	13.26921701	0.094454487	3.19161768	16.90426719
1	0.9	4	28	0.177664697	0.542238385	13.11673163	0.094347253	3.154920877	16.90823814
1	1	3.4	17	0.247456685	0.32963165	13.55515237	0.091525511	2.934387237	16.91069677
1	0.9	4	17	0.187406272	0.329627811	13.29376663	0.094465224	3.197525738	16.9153854
1	0.9	4	29	0.177323166	0.56154029	13.1095004	0.094336543	3.153180627	16.91855786
1	1	3.4	16	0.248913424	0.310276823	13.58343022	0.091535916	2.940511996	16.92575496
1	0.9	4	30	0.176981636	0.580837813	13.10227715	0.094325835	3.151442295	16.9288831
1	0.9	4	16	0.188954361	0.310273209	13.32094578	0.094475963	3.204066613	16.92976156
1	0.8	4.7	23	0.126576996	0.445660824	12.90933381	0.096740544	3.49313509	16.94487027
1	1	3.4	15	0.250612973	0.290917595	13.61622699	0.091546323	2.947615514	16.94630642
1	0.8	4.7	22	0.127575863	0.426332695	12.92575035	0.096751534	3.497579705	16.94641429
1	0.8	4.7	24	0.12581438	0.464984562	12.89643219	0.096729556	3.489642104	16.94778842
1	0.8	4.7	25	0.12513132	0.484303911	12.88472402	0.096718571	3.486472233	16.95221873
1	0.9	4	15	0.190950207	0.290914206	13.35560809	0.094486705	3.21240837	16.95341737
1	0.8	4.7	21	0.128922653	0.407000174	12.94736353	0.096762527	3.503431258	16.95455749
1	0.8	4.7	26	0.12456146	0.503618872	12.87469593	0.096707588	3.483757226	16.95877961
1	0.8	4.7	20	0.130400503	0.387663259	12.97099853	0.096773523	3.5098302	16.96526551
1	0.8	4.7	27	0.124082177	0.522929448	12.866009	0.096696607	3.481405327	16.96704038
1	0.8	4.7	28	0.123626803	0.542235638	12.85768328	0.09668563	3.47915122	16.97575576
1	0.8	4.7	19	0.131898359	0.36832195	12.99501873	0.096784521	3.516333429	16.97645863
1	0.8	4.7	29	0.12317143	0.561537446	12.84936833	0.096674654	3.47690003	16.98448046
1	0.8	4.7	18	0.133495562	0.348976243	13.02061715	0.096795521	3.523263948	16.98965286
1	0.8	4.7	30	0.122799744	0.580834872	12.84228436	0.096663681	3.474982118	16.99476503
1	0.8	4.7	17	0.135313007	0.329626139	13.04963206	0.096806524	3.531119446	17.00718417
1	0.8	4.7	16	0.137390514	0.310271635	13.0827111	0.096817529	3.540075267	17.02987553
1	0.8	4.7	15	0.13960342	0.29091273	13.11801821	0.096828537	3.549634316	17.05539379
1	0.9	4.1	24	0.170152805	0.464986582	13.33051314	0.095707395	3.206369074	17.09757619
1	0.9	4.1	25	0.169390545	0.484306014	13.31650089	0.095696526	3.202996915	17.09950034
1	0.9	4.1	23	0.171212757	0.44566276	13.34933296	0.095718267	3.210898212	17.1016122
1	0.9	4.1	26	0.168893036	0.503621059	13.30674045	0.095685659	3.200647989	17.10669516
1	0.9	4.1	22	0.172351191	0.426334547	13.3694698	0.095729141	3.2157443	17.10727779
1	0.9	4.1	21	0.173489624	0.407001942	13.38966752	0.095740018	3.220605038	17.11301451
1	1	3.5	26	0.227624291	0.503625344	13.57817504	0.092902465	2.939373765	17.11407661
1	1	3.5	25	0.228421194	0.484310135	13.59414391	0.092913016	2.942832495	17.11419956
1	1	3.5	24	0.229218097	0.464990539	13.61015041	0.092923569	2.946299375	17.11436389
1	1	3.5	27	0.2268898	0.522936167	13.56333424	0.092891916	2.936159366	17.11532169
1	1	3.5	23	0.230075208	0.445666553	13.62725663	0.092934124	2.950004447	17.11586175
1	0.9	4.1	27	0.168528477	0.522931718	13.2991126	0.095674794	3.198812287	17.1165314
1	1	3.5	28	0.22620674	0.542242605	13.5494227	0.09288137	2.933146237	17.11769291
1	1	3.5	22	0.230985954	0.426338176	13.64535454	0.092944683	2.95392431	17.11856171
1	0.9	4.1	20	0.174628058	0.387664944	13.40992638	0.095750897	3.225480492	17.11882272
1	1	3.5	29	0.22552368	0.56154466	13.53553968	0.092870826	2.930139286	17.12009446
1	1	3.5	21	0.231896701	0.407005407	13.66350061	0.092955243	2.957854604	17.12131586
1	1	3.5	20	0.232807448	0.387668245	13.68169503	0.092965806	2.961795371	17.12412445
1	1	3.5	30	0.224949406	0.580842333	13.52357473	0.092860285	2.927547772	17.12482512
1	0.9	4.1	28	0.168186947	0.542237993	13.29186004	0.095663932	3.197066903	17.12682887
1	1	3.5	19	0.233718195	0.368326687	13.69993799	0.092976371	2.965746653	17.1269877
1	0.9	4.1	19	0.175897963	0.368323551	13.4323836	0.095761779	3.230884997	17.12735393
1	1	3.5	18	0.234922685	0.348980732	13.72348283	0.092986939	2.970846276	17.13629677
1	0.9	4.1	29	0.167845417	0.561539884	13.2846154	0.095653073	3.195323423	17.13713178
1	0.9	4.1	18	0.177264083	0.34897776	13.45648575	0.095772663	3.23668537	17.13792155
1	0.9	4.1	30	0.167520844	0.580837393	13.27764799	0.095642216	3.193646662	17.14777426
1	0.9	4.1	17	0.17864145	0.329627572	13.48085876	0.09578355	3.242550925	17.14882081
1	1	3.5	17	0.236319864	0.32963038	13.75056879	0.092997509	2.976712882	17.14990956
1	0.9	4.1	16	0.180243565	0.310272984	13.50901469	0.095794439	3.24932687	17.16440898
1	1	3.5	16	0.237893889	0.310275627	13.78095159	0.093008081	2.983293553	17.16752885
1	0.8	4.8	22	0.121521147	0.426332386	13.1098854	0.097918291	3.54743244	17.18156852
1	0.8	4.8	23	0.120655649	0.445660501	13.09532906	0.097907168	3.543491455	17.18238819
1	0.8	4.8	24	0.119930096	0.464984225	13.08287848	0.097896048	3.540120585	17.18587934
1	1	3.5	15	0.239544148	0.290916473	13.81285055	0.093018656	2.990202614	17.18698829
1	0.8	4.8	21	0.122796876	0.406999879	13.13059485	0.097929417	3.553039317	17.18856346
1	0.9	4.1	15	0.182272678	0.290913995	13.54434259	0.09580533	3.257828805	17.18889072
1	0.8	4.8	25	0.119247036	0.48430356	13.07108009	0.09788493	3.536926288	17.19019487
1	0.8	4.8	26	0.118568624	0.503618508	13.05937161	0.097873815	3.533756332	17.19462026
1	0.8	4.8	20	0.124284005	0.387662978	13.15453619	0.097940545	3.559521196	17.19966091
1	0.8	4.8	27	0.117999407	0.522929069	13.04929372	0.097862702	3.531027843	17.20111333
1	0.8	4.8	28	0.117430191	0.542235246	13.03923138	0.097851592	3.528303564	17.20762178
1	0.8	4.8	19	0.125877812	0.368321683	13.18016928	0.097951675	3.566461101	17.21290374
1	0.8	4.8	29	0.116963329	0.56153704	13.03068905	0.097840484	3.525990815	17.21605739
1	0.8	4.8	18	0.127471619	0.348975991	13.20590252	0.097962808	3.57342812	17.22626943
1	0.8	4.8	30	0.116610379	0.580834452	13.02383053	0.097829379	3.524133937	17.22662829
1	0.8	4.8	17	0.129162902	0.3296259	13.23321419	0.097973944	3.580822484	17.24163652
1	0.8	4.8	16	0.131260272	0.31027141	13.26682442	0.097985082	3.589922119	17.26500303
1	1.1	3	23	0.292811857	0.445675133	13.98507041	0.089989092	2.752276425	17.27301106
1	1.1	3	24	0.292128797	0.46499949	13.96938493	0.08997887	2.749187924	17.27355121
1	1.1	3	22	0.293540458	0.426346386	14.00169065	0.089999315	2.755548981	17.27358533
1	1.1	3	25	0.291445737	0.484319458	13.95373461	0.089968651	2.746106348	17.27412907
1	1.1	3	26	0.290823241	0.503635038	13.93930485	0.089958435	2.743265102	17.27616343
1	1.1	3	21	0.294415219	0.407013245	14.02124487	0.090009541	2.759399243	17.2776669
1	1.1	3	27	0.290254024	0.522946231	13.92594587	0.08994822	2.740634693	17.27947501
1	1.1	3	28	0.289684807	0.542253039	13.91261248	0.089938008	2.738009323	17.28281285
1	1.1	3	20	0.295400805	0.387675711	14.04305546	0.09001977	2.763693789	17.28444473
1	1.1	3	29	0.289235047	0.561555464	13.90163011	0.089927798	2.735846874	17.28896024
1	0.8	4.8	15	0.13353396	0.290912519	13.30330699	0.097996222	3.599799413	17.29201515
1	1.1	3	19	0.296425395	0.368333782	14.06571148	0.09003	2.768154802	17.29223006
1	1.1	3	30	0.288893517	0.580853507	13.89276937	0.089917591	2.734102178	17.29764264
1	1.1	3	18	0.297449985	0.348987455	14.08844076	0.090040233	2.772630239	17.30009868
1	1.1	3	17	0.298474575	0.32963673	14.11124365	0.090050469	2.777120171	17.30805102
1	1.1	3	16	0.299547998	0.310281606	14.13510348	0.090060706	2.781818217	17.31726401
1	0.9	4.2	25	0.160885524	0.484305664	13.50331492	0.097010737	3.247955176	17.3325865
1	0.9	4.2	24	0.161761923	0.464986245	13.51921467	0.097021755	3.251781575	17.33300425
1	0.9	4.2	26	0.160212363	0.503620695	13.4907051	0.09699972	3.244920523	17.33624604
1	1.1	3	15	0.301048162	0.29092208	14.16766904	0.090070946	2.788230436	17.3368925
1	0.9	4.2	23	0.162896549	0.445662437	13.53931409	0.097032776	3.256618657	17.33862796
1	0.9	4.2	27	0.159643146	0.52293134	13.47977982	0.096988707	3.24229127	17.34199114
1	0.9	4.2	22	0.164034982	0.426334238	13.55953497	0.0970438	3.261484971	17.34439798
1	0.9	4.2	28	0.159073929	0.5422376	13.46887224	0.096977696	3.239666274	17.34775381
1	0.9	4.2	21	0.165173416	0.407001648	13.57981637	0.097054826	3.26636585	17.3502387
1	0.9	4.2	29	0.158613011	0.561539477	13.45970771	0.096966687	3.237460759	17.35567463
1	0.9	4.2	20	0.166311849	0.387664663	13.60015857	0.097065855	3.271261359	17.35615045
1	1	3.6	26	0.217193368	0.503623406	13.78044795	0.094369052	2.98318447	17.36162488
1	1	3.6	25	0.217990271	0.484308271	13.79643924	0.094379769	2.986648057	17.36177534
1	1	3.6	24	0.218787175	0.464988749	13.81246771	0.094390489	2.990119695	17.36196664
1	1	3.6	23	0.219584078	0.445664837	13.82853349	0.094401211	2.993599414	17.36219895
1	1	3.6	22	0.220380981	0.426336534	13.8446367	0.094411936	2.997087241	17.36247241
1	0.9	4.2	19	0.167478761	0.368323284	13.62102654	0.097076886	3.2762834	17.36271011
1	1	3.6	27	0.21649644	0.522934155	13.76624325	0.094358337	2.980107845	17.36364359
1	1	3.6	21	0.221234581	0.40700384	13.86178352	0.094422663	3.000801107	17.36401113
1	0.9	4.2	30	0.158263862	0.580836973	13.45233441	0.096955681	3.235686316	17.36581338
1	1	3.6	28	0.21581338	0.542240518	13.75231004	0.094347624	2.977090021	17.3659882
1	1	3.6	20	0.222145328	0.387666751	13.87998961	0.094433393	3.004744401	17.36683415
1	1	3.6	29	0.21513032	0.561542499	13.73840501	0.094336914	2.974078303	17.36836273
1	1	3.6	19	0.223056075	0.368325268	13.89824361	0.094444125	3.008698072	17.36971107
1	0.9	4.2	18	0.168731038	0.348977508	13.64335615	0.097087919	3.281657194	17.37107877
1	1	3.6	30	0.21453184	0.580840098	13.72599961	0.094326207	2.971391391	17.3725573
1	1	3.6	18	0.224121063	0.348979388	13.91930507	0.094454859	3.013259818	17.37599914
1	0.9	4.2	17	0.170190162	0.329627333	13.66915762	0.097098956	3.28786652	17.38375043
1	1	3.6	17	0.225635676	0.329629109	13.948505	0.094465596	3.01958429	17.39218399
1	0.9	4.2	16	0.1719651	0.310272759	13.70026873	0.097109994	3.295353652	17.40300513
1	1	3.6	16	0.227229483	0.310274431	13.97925689	0.094476335	3.026244906	17.41025256
1	0.8	4.9	22	0.115835256	0.426332077	13.29703372	0.099082876	3.598100987	17.42054966
1	0.8	4.9	23	0.115031947	0.445660178	13.28329466	0.099071621	3.594381272	17.42240773
1	0.8	4.9	21	0.116964286	0.406999584	13.31569757	0.099094134	3.603154039	17.42494532
1	0.8	4.9	24	0.114343456	0.464983888	13.27129886	0.099060368	3.59113353	17.42647665
1	1	3.6	15	0.228912741	0.290915352	14.0117665	0.094487077	3.033286228	17.43045516
1	0.8	4.9	25	0.113660396	0.48430321	13.2594057	0.099049118	3.587913574	17.4306716
1	0.9	4.2	15	0.17414636	0.290913784	13.73826378	0.097121035	3.30449746	17.43079606
1	0.8	4.9	20	0.118359692	0.387662698	13.3384321	0.099105394	3.609309187	17.43450938
1	0.8	4.9	26	0.113010542	0.503618143	13.2480281	0.099037871	3.584833202	17.43551732
1	0.8	4.9	27	0.112441325	0.522928691	13.23786838	0.099026626	3.58208256	17.44190626
1	0.8	4.9	19	0.119933487	0.368321416	13.36394596	0.099116657	3.616216811	17.44760084
1	0.8	4.9	28	0.111872108	0.542234854	13.22772424	0.099015383	3.579336136	17.44831062
1	0.8	4.9	29	0.111330434	0.561536633	13.21800376	0.099004143	3.57670441	17.45524894
1	0.8	4.9	18	0.121553482	0.348975738	13.39026017	0.099127922	3.623341122	17.46170495
1	0.8	4.9	30	0.110988904	0.580834031	13.21125956	0.098992906	3.574878487	17.46596499
1	0.8	4.9	17	0.123276783	0.329625661	13.41825562	0.09913919	3.630920613	17.47794109
1	0.8	4.9	16	0.125246609	0.310271186	13.45014984	0.099150461	3.639555655	17.49912714
1	1.1	3.1	22	0.279655901	0.426344744	14.19015609	0.091621911	2.792658177	17.50078092
1	1.1	3.1	21	0.280364013	0.407011678	14.20631206	0.091632321	2.795839318	17.50079538
1	1.1	3.1	23	0.278972841	0.445673417	14.17452757	0.091611503	2.789580894	17.50139339
1	1.1	3.1	24	0.278351518	0.4649977	14.16014033	0.091601097	2.786748018	17.50348714
1	1.1	3.1	20	0.281274759	0.387674218	14.22650255	0.091642734	2.799814864	17.50563437
1	1.1	3.1	25	0.277782301	0.484317593	14.14679897	0.091590694	2.784121081	17.50682834
1	1.1	3.1	26	0.277213084	0.503633099	14.13348275	0.091580293	2.781499091	17.51019523
1	1.1	3.1	19	0.282194001	0.368332363	14.24691866	0.091653149	2.803834833	17.510739
1	1.1	3.1	27	0.276643868	0.522944218	14.12019158	0.091569895	2.778882035	17.51358772
1	1.1	3.1	28	0.276100657	0.542250952	14.10743003	0.091559499	2.776369262	17.51760974
1	1.1	3.1	18	0.283273713	0.348986111	14.27057915	0.091663567	2.808493628	17.51972246
1	1.1	3.1	29	0.275645284	0.561553303	14.09639312	0.091549105	2.774196075	17.5236916
1	0.8	4.9	15	0.127553374	0.290912308	13.48739252	0.099161734	3.649638741	17.5271053
1	1.1	3.1	30	0.27518991	0.580851272	14.08537348	0.091538713	2.772026287	17.52978975
1	1.1	3.1	17	0.284412147	0.32963546	14.29548838	0.091673986	2.813398302	17.53019612
1	1.1	3.1	16	0.285729924	0.31028041	14.32407175	0.091684409	2.819026421	17.54506299
1	1.1	3.1	15	0.287170826	0.290920958	14.35524322	0.091694833	2.825164141	17.56302315
1	0.9	4.3	24	0.153690583	0.464985908	13.70934315	0.098333301	3.297537484	17.57019985
1	0.9	4.3	25	0.152893679	0.484305313	13.69465356	0.098322134	3.29400232	17.57128333
1	0.9	4.3	26	0.152096776	0.50362033	13.67999544	0.098310969	3.290474727	17.57240147
1	0.9	4.3	23	0.154696064	0.445662114	13.72744017	0.098344472	3.301892673	17.57333943
1	0.9	4.3	27	0.15137476	0.522930961	13.66657021	0.098299806	3.28724384	17.57504482
1	0.9	4.3	22	0.155834497	0.42633393	13.74774347	0.098355644	3.306778822	17.57921187
1	0.9	4.3	28	0.150821307	0.542237208	13.65587127	0.098288647	3.284669056	17.58106618
1	0.9	4.3	21	0.156972931	0.407001353	13.76810696	0.098366819	3.311679454	17.58515458
1	0.9	4.3	29	0.150447581	0.561539071	13.64806454	0.098277489	3.282790306	17.59067141
1	0.9	4.3	20	0.158111364	0.387664382	13.78853089	0.098377997	3.316594633	17.5911679
1	0.9	4.3	19	0.159249798	0.368323017	13.80901554	0.098389177	3.321524424	17.59725215
1	0.9	4.3	30	0.150114795	0.580836553	13.64092115	0.098266334	3.281071192	17.60109523
1	0.9	4.3	18	0.160637566	0.348977255	13.83365921	0.09840036	3.327455116	17.60849194
1	1	3.7	25	0.207846694	0.484307417	13.99851792	0.095842976	3.030416692	17.60908501
1	1	3.7	24	0.208643597	0.464987928	14.01457339	0.095853862	3.033894178	17.60930936
1	1	3.7	26	0.207073485	0.503622518	13.98291551	0.095832093	3.027037334	17.60940746
1	1	3.7	23	0.209440501	0.44566405	14.03066575	0.095864751	3.037379655	17.6095742
1	1	3.7	22	0.210237404	0.426335782	14.04679512	0.095875642	3.040873149	17.60987969
1	1	3.7	21	0.211034307	0.407003121	14.06296164	0.095886535	3.044374689	17.61022599
1	1	3.7	27	0.206390425	0.522933232	13.96892837	0.095821212	3.024007831	17.61169065
1	1	3.7	20	0.211886947	0.387666067	14.08015829	0.095897431	3.048099348	17.61182114
1	1	3.7	28	0.205707365	0.542239562	13.9549692	0.095810333	3.020984385	17.61400348
1	1	3.7	29	0.205095423	0.561541509	13.94228005	0.095799457	3.018236017	17.61785704
1	1	3.7	19	0.212990213	0.368324618	14.10187431	0.09590833	3.052802864	17.61891012
1	1	3.7	30	0.204526206	0.580839074	13.93035896	0.095788583	3.015654002	17.62264062
1	0.9	4.3	17	0.162294887	0.329627094	13.86284001	0.098411545	3.334477705	17.62535635
1	1	3.7	18	0.214128647	0.348978772	14.12428785	0.09591923	3.057657458	17.62684331
1	1	3.7	17	0.215540555	0.329628527	14.15169261	0.095930134	3.063593112	17.64084439
1	0.9	4.3	16	0.164223793	0.310272535	13.89664863	0.098422733	3.342614016	17.64795792
1	0.8	5	22	0.110283761	0.426331769	13.48382632	0.100245355	3.648673228	17.65907667
1	1	3.7	16	0.217145199	0.310273884	14.18268691	0.09594104	3.070306231	17.65920806
1	0.8	5	21	0.111247872	0.40699929	13.50013579	0.100256745	3.653088854	17.66048068
1	0.8	5	23	0.10951849	0.445659855	13.47055446	0.100233968	3.645080003	17.66152828
1	0.8	5	24	0.10883543	0.464983552	13.45854629	0.100222583	3.641828912	17.66558134
1	0.8	5	20	0.112579365	0.387662417	13.5220658	0.100268137	3.659026188	17.66902254
1	0.8	5	25	0.10815237	0.484302859	13.44655953	0.100211201	3.638583616	17.66965721
1	0.8	5	26	0.107531073	0.503617779	13.43552072	0.100199821	3.635594967	17.67493329
1	0.9	4.3	15	0.166491166	0.290913573	13.93626792	0.098433924	3.352148706	17.67776412
1	1	3.7	15	0.218868512	0.290914838	14.21597206	0.095951948	3.07751553	17.68035438
1	0.8	5	27	0.106977544	0.522928312	13.42551521	0.100188445	3.632886074	17.68151804
1	0.8	5	19	0.114129955	0.368321149	13.54740864	0.100279532	3.665887509	17.68189683
1	0.8	5	28	0.106522171	0.542234461	13.41699305	0.10017707	3.630578785	17.68998337
1	0.8	5	18	0.115837606	0.348975485	13.57525204	0.10029093	3.673425833	17.69794429
1	0.8	5	29	0.106124752	0.561536227	13.4093478	0.100165699	3.62850891	17.69955864
1	0.8	5	30	0.105897065	0.580833611	13.40424553	0.100154329	3.627127518	17.71236098
1	0.8	5	17	0.117545256	0.329625423	13.60321019	0.10030233	3.680995224	17.71413316
1	1.1	3.2	22	0.26590979	0.426343102	14.37421304	0.09323959	2.828899335	17.72269507
1	1.1	3.2	21	0.266661327	0.40701011	14.39112212	0.093250184	2.832228764	17.72361118
1	1.1	3.2	23	0.265300633	0.445671701	14.36011645	0.093228998	2.826123691	17.72514084
1	1.1	3.2	20	0.267553359	0.387672725	14.41082648	0.09326078	2.836108589	17.72786857
1	1.1	3.2	24	0.264731416	0.46499591	14.34682398	0.093218409	2.823506378	17.72854468
1	1.1	3.2	25	0.2641622	0.484315729	14.33355611	0.093207822	2.820893908	17.73197356
1	0.8	5	16	0.119436694	0.310270961	13.63412285	0.100313733	3.68936452	17.73407206
1	1.1	3.2	26	0.263592983	0.50363116	14.32031276	0.093197237	2.818286269	17.73542743
1	1.1	3.2	19	0.268611615	0.368330944	14.43385524	0.093271379	2.840642995	17.73610056
1	1.1	3.2	27	0.263023766	0.522942205	14.30709388	0.093186655	2.815683446	17.73890618
1	1.1	3.2	28	0.262518118	0.542248866	14.2951263	0.093176076	2.813327008	17.74387825
1	1.1	3.2	18	0.269750048	0.348984766	14.45854081	0.093281981	2.845503629	17.74631118
1	1.1	3.2	29	0.262062745	0.561551142	14.28414759	0.093165498	2.81116528	17.75002951
1	1.1	3.2	30	0.261607371	0.580849037	14.27318574	0.093154923	2.809006872	17.75619658
1	1.1	3.2	17	0.270966815	0.32963419	14.48486327	0.093292584	2.85068657	17.75847661
1	0.8	5	15	0.12171196	0.290912098	13.67113645	0.100325138	3.699385585	17.76175928
1	1.1	3.2	16	0.272450743	0.310279214	14.51659775	0.09330319	2.856935149	17.7771153
1	1.1	3.2	15	0.274196558	0.290919837	14.55370939	0.093313799	2.8642425	17.80218552
1	0.9	4.4	24	0.145921721	0.464985572	13.90079424	0.099642131	3.343611688	17.80903363
1	0.9	4.4	23	0.146801213	0.445661792	13.91692838	0.09965345	3.347494495	17.80973811
1	0.9	4.4	25	0.145124817	0.484304963	13.8860344	0.099630815	3.340059616	17.81002979
1	0.9	4.4	26	0.144406792	0.503619966	13.87258025	0.099619502	3.33682177	17.81264149
1	0.9	4.4	22	0.147848919	0.426333621	13.93584231	0.099664772	3.35204628	17.81388698
1	0.9	4.4	27	0.143723731	0.522930583	13.85971605	0.099608191	3.3337259	17.81598073
1	0.9	4.4	21	0.148987353	0.407001058	13.95629128	0.099676095	3.356967486	17.81993592
1	0.9	4.4	28	0.143097743	0.542236815	13.8477945	0.099596882	3.330856885	17.82048508
1	0.9	4.4	29	0.142528526	0.561538665	13.83680596	0.099585576	3.328212407	17.82614261
1	0.9	4.4	20	0.150157376	0.387664102	13.97731852	0.099687422	3.362027856	17.8266979
1	0.9	4.4	30	0.142115665	0.580836132	13.82834465	0.099574273	3.326176126	17.83493118
1	0.9	4.4	19	0.151537185	0.36832275	14.00186157	0.099698751	3.367934333	17.8378174
1	1	3.8	25	0.19772352	0.484307066	14.19587938	0.097302695	3.073163615	17.85065276
1	1	3.8	24	0.198520423	0.464987591	14.21195625	0.097313747	3.076645737	17.85090333
1	1	3.8	23	0.199317327	0.445663728	14.22806959	0.097324801	3.080135759	17.85119388
1	1	3.8	22	0.20011423	0.426335473	14.24421953	0.097335858	3.083633708	17.85152457
1	1	3.8	26	0.196987874	0.503622153	14.18091662	0.097291646	3.069922801	17.85175322
1	1	3.8	21	0.200995971	0.407002827	14.26191588	0.097346917	3.087466595	17.85373222
1	1	3.8	27	0.196304814	0.522932854	14.16690876	0.097280599	3.066888809	17.85401102
1	0.9	4.4	18	0.15321365	0.348977002	14.03139301	0.099710083	3.375041306	17.8551214
1	1	3.8	28	0.195707753	0.54223917	14.15443593	0.097269555	3.064187294	17.85813195
1	1	3.8	20	0.202020561	0.387665786	14.28220534	0.097357979	3.091861131	17.85909024
1	1	3.8	29	0.19525238	0.561541103	14.14446484	0.097258513	3.062027635	17.86529209
1	1	3.8	19	0.203145056	0.368324351	14.30434102	0.097369044	3.096655545	17.86668996
1	1	3.8	30	0.194797006	0.580838654	14.1345078	0.097247474	3.059871018	17.87246494
1	0.9	4.4	17	0.155035143	0.329626856	14.06345723	0.099721417	3.382757811	17.87556331
1	1	3.8	18	0.204397333	0.348978519	14.32884062	0.097380111	3.101961963	17.87716121
1	1	3.8	17	0.205674105	0.329628289	14.35386589	0.09739118	3.107382237	17.8882676
1	0.9	4.4	16	0.156890454	0.31027231	14.09623255	0.099732754	3.390645449	17.89688307
1	1	3.8	16	0.207319735	0.310273659	14.38565467	0.097402252	3.114267435	17.90759802
1	0.9	4.4	15	0.159214098	0.290913363	14.1370153	0.099744093	3.400460138	17.9281329
1	1	3.8	15	0.209223343	0.290914628	14.42227821	0.097413326	3.122199803	17.93280597
1	1.1	3.3	24	0.25169196	0.464994119	14.53796795	0.094831032	2.861142983	17.95893609
1	1.1	3.3	25	0.2510089	0.484313864	14.52255709	0.094820262	2.858108555	17.95979977
1	1.1	3.3	23	0.252469093	0.445669985	14.55523683	0.094841805	2.864543256	17.96029187
1	1.1	3.3	26	0.250377652	0.503629222	14.50817773	0.094809495	2.855277232	17.96189368
1	1.1	3.3	22	0.253265996	0.42634146	14.57293137	0.09485258	2.868027344	17.96215275
1	1.1	3.3	21	0.2540629	0.407008542	14.59066901	0.094863357	2.871519918	17.96406082
1	1.1	3.3	27	0.249808435	0.522940193	14.49502051	0.09479873	2.85268655	17.96544598
1	1.1	3.3	20	0.254902814	0.387671231	14.60929068	0.094874137	2.87518656	17.9670226
1	1.1	3.3	28	0.24934035	0.542246779	14.48383012	0.094787967	2.850483141	17.971348
1	1.1	3.3	19	0.256029646	0.368329525	14.63358559	0.094884919	2.879970272	17.9767703
1	1.1	3.3	29	0.248884976	0.561548982	14.47290089	0.094777207	2.848331155	17.97755823
1	1.1	3.3	30	0.248429603	0.580846803	14.46198814	0.094766449	2.846182416	17.98378381
1	1.1	3.3	18	0.25731741	0.348983421	14.66112929	0.094895704	2.88539368	17.9904021
1	1.1	3.3	17	0.258797374	0.32963292	14.69257634	0.094906491	2.891585662	18.00870141
1	1.1	3.3	16	0.260325657	0.310278019	14.72511824	0.09491728	2.897993223	18.02830676
1	0.9	4.5	23	0.139210606	0.445661469	14.10791994	0.100959804	3.393458111	18.04799933
1	0.9	4.5	24	0.138396367	0.464985235	14.09277183	0.100948337	3.389812599	18.048518
1	0.9	4.5	25	0.137686392	0.484304612	14.07935273	0.100936873	3.386583188	18.05117741
1	0.9	4.5	22	0.140282055	0.426333312	14.12731369	0.100971274	3.398125367	18.05274364
1	1.1	3.3	15	0.26205235	0.290918716	14.76176386	0.094928072	2.905208814	18.05281946
1	0.9	4.5	26	0.137003332	0.503619601	14.06639636	0.100925411	3.383465136	18.05440651
1	0.9	4.5	27	0.136420605	0.522930204	14.05509077	0.100913951	3.380744356	18.05967928
1	0.9	4.5	21	0.141649746	0.407000763	14.15162968	0.100982746	3.403977201	18.06359039
1	0.9	4.5	28	0.135965231	0.542236423	14.04586566	0.100902495	3.378524263	18.06752884
1	0.9	4.5	29	0.135509858	0.561538258	14.03665267	0.100891041	3.376307083	18.07538905
1	0.9	4.5	20	0.143129709	0.387663821	14.17788205	0.100994221	3.41029504	18.07683513
1	0.9	4.5	30	0.1351007	0.580835712	14.02819834	0.100879589	3.374272484	18.08418613
1	1	3.9	25	0.187630239	0.484306715	14.38886413	0.098758968	3.114962579	18.0868924
1	1	3.9	24	0.188422021	0.464987255	14.40486698	0.098770185	3.118428667	18.08705308
1	1	3.9	23	0.18923019	0.445663405	14.42119599	0.098781405	3.121965402	18.08760621
1	0.9	4.5	19	0.144609673	0.368322483	14.20423205	0.101005699	3.416636374	18.0901966
1	1	3.9	26	0.187045999	0.503621788	14.37655292	0.098747753	3.112296068	18.09121853
1	1	3.9	22	0.190204229	0.426335165	14.44051031	0.098792627	3.126148729	18.09178683
1	1	3.9	27	0.186520976	0.522932475	14.36530451	0.098736541	3.109859751	18.09683328
1	1	3.9	21	0.191308878	0.407002532	14.46220503	0.098803852	3.130847634	18.09885905
1	1	3.9	28	0.186065602	0.542238777	14.35529723	0.098725332	3.107692254	18.10395359
1	1	3.9	20	0.192447312	0.387665506	14.48456933	0.098815079	3.135691563	18.10674148
1	0.9	4.5	18	0.146241388	0.348976749	14.23320358	0.101017179	3.4236086	18.10680611
1	1	3.9	29	0.185610229	0.561540696	14.34530389	0.098714125	3.105527776	18.11108648
1	1	3.9	19	0.193585745	0.368324084	14.50700294	0.098826309	3.140550504	18.11470383
1	1	3.9	30	0.185255124	0.580838234	14.33708134	0.09870292	3.103746837	18.12036933
1	1	3.9	18	0.194728678	0.348978266	14.52958716	0.098837542	3.145442066	18.12284503
1	0.9	4.5	17	0.148048325	0.329626617	14.26522028	0.101028662	3.43131367	18.12718923
1	1	3.9	17	0.1961626	0.32962805	14.55749729	0.098848777	3.151487179	18.13746129
1	0.9	4.5	16	0.150025294	0.310272085	14.30023537	0.101040147	3.439740325	18.15128793
1	1	3.9	16	0.197850261	0.310273434	14.59011839	0.098860015	3.158552651	18.15780449
1	0.9	4.5	15	0.152342273	0.290913152	14.3411615	0.101051635	3.449589518	18.1827158
1	1	3.9	15	0.199788426	0.290914417	14.62745419	0.098871255	3.166639289	18.18387915
1	1.1	3.4	27	0.237346891	0.52293818	14.69091006	0.096406329	2.891257569	18.20151214
1	1.1	3.4	28	0.236663831	0.542244692	14.67563563	0.096395384	2.888250004	18.2025257
1	1.1	3.4	26	0.238118944	0.503627283	14.70792763	0.096417277	2.89460836	18.20258055
1	1.1	3.4	25	0.238931824	0.484312	14.72577173	0.096428227	2.898121897	18.20463386
1	1.1	3.4	29	0.236070694	0.561546821	14.66211135	0.096384441	2.885587049	18.20562967
1	1.1	3.4	24	0.239842571	0.464992329	14.74555075	0.096439179	2.902016422	18.20899868
1	1.1	3.4	30	0.235615321	0.580844568	14.65124055	0.096373501	2.883446567	18.21190518
1	1.1	3.4	23	0.240753318	0.445668269	14.765383	0.096450134	2.905921428	18.21342283
1	1.1	3.4	22	0.241664064	0.426339818	14.78526869	0.096461092	2.909836958	18.21790655
1	1.1	3.4	21	0.242574811	0.407006975	14.80520804	0.096472052	2.913763054	18.22245012
1	1.1	3.4	20	0.243485558	0.387669738	14.82520127	0.096483015	2.917699758	18.22705378
1	1.1	3.4	19	0.244529532	0.368328106	14.84785933	0.09649398	2.922161172	18.23484259
1	1.1	3.4	18	0.245895652	0.348982077	14.87692277	0.096504947	2.927883818	18.25029361
1	1.1	3.4	17	0.247261772	0.32963165	14.90610027	0.096515917	2.933628922	18.26587676
1	1.1	3.4	16	0.248763666	0.310276823	14.93808557	0.09652689	2.939926887	18.28481617
1	0.9	4.6	24	0.131521283	0.464984898	14.29209286	0.102252006	3.437780768	18.29711054
1	0.9	4.6	23	0.132385558	0.445661146	14.30815653	0.102263621	3.441646616	18.29772792
1	0.9	4.6	25	0.130835448	0.484304261	14.27898651	0.102240393	3.434626622	18.30015779
1	0.9	4.6	26	0.130238642	0.503619237	14.26735946	0.102228783	3.43182848	18.30503596
1	0.9	4.6	22	0.133645895	0.426333003	14.33078588	0.102275239	3.447092544	18.30648666
1	1.1	3.4	15	0.250478052	0.290917595	14.97444339	0.096537865	2.94708581	18.30898466
1	0.9	4.6	27	0.129730801	0.522929826	14.25720351	0.102217176	3.429384372	18.31173489
1	0.9	4.6	21	0.135051124	0.407000469	14.35588472	0.102286859	3.453132777	18.31830482
1	0.9	4.6	28	0.129275427	0.542236031	14.24791736	0.102205571	3.427149587	18.31950855
1	1	4	24	0.178679012	0.464986918	14.59934266	0.100223309	3.160550554	18.32510344
1	1	4	25	0.177918605	0.484306365	14.58387	0.100211926	3.1571993	18.3255876
1	0.9	4.6	29	0.128820054	0.561537852	14.2386433	0.102193969	3.424917712	18.32729284
1	1	4	23	0.179671872	0.445663082	14.61897648	0.100234693	3.164803084	18.32967734
1	1	4	26	0.177380121	0.503621424	14.57234634	0.100200547	3.154703365	18.33087167
1	0.9	4.6	20	0.136531088	0.38766354	14.38231309	0.102298482	3.459492971	18.33176808
1	1	4	22	0.180714561	0.426334856	14.63955085	0.100246081	3.169259329	18.33539112
1	0.9	4.6	30	0.128429632	0.580835292	14.23043757	0.10218237	3.422942938	18.33639817
1	1	4	27	0.176924747	0.522932097	14.56230574	0.10018917	3.152528652	18.33795566
1	1	4	21	0.181893653	0.407002237	14.66262047	0.100257471	3.174256026	18.34413621
1	0.9	4.6	19	0.138011052	0.368322216	14.40883899	0.102310108	3.465876637	18.34534795
1	1	4	28	0.176507995	0.542238385	14.55295885	0.100177795	3.150504189	18.34587921
1	1	4	20	0.183145929	0.387665225	14.68707511	0.100268863	3.179552705	18.3545619
1	1	4	29	0.176166464	0.56154029	14.54494663	0.100166423	3.148768806	18.35542215
1	0.9	4.6	18	0.139545205	0.348976496	14.43636991	0.102321736	3.472502169	18.36017031
1	1	4	30	0.175824934	0.580837813	14.53694323	0.100155054	3.147035334	18.36497143
1	1	4	19	0.184398206	0.368323817	14.71161149	0.100280258	3.18486709	18.36508265
1	1	4	18	0.185759532	0.348978013	14.73819873	0.100291656	3.190625675	18.37809407
1	0.9	4.6	17	0.141419422	0.329626378	14.46972225	0.102333367	3.480528671	18.38221067
1	1	4	17	0.18715524	0.329627811	14.76550536	0.100303057	3.196540074	18.3919763
1	0.9	4.6	16	0.143567117	0.31027186	14.50785049	0.102345001	3.48970453	18.41017188
1	1	4	16	0.18876884	0.310273209	14.79687795	0.100314459	3.203335128	18.41080075
1	1	4	15	0.190776982	0.290914206	14.83559899	0.100325865	3.211721797	18.43856086
1	0.9	4.6	15	0.145817105	0.290912941	14.54791881	0.102356637	3.499347285	18.44053567
1	1.1	3.5	27	0.226768978	0.522936167	14.91662942	0.098009649	2.935702132	18.47327737
1	1.1	3.5	26	0.227503468	0.503625344	14.93294921	0.098020779	2.938915529	18.47351087
1	1.1	3.5	28	0.226085918	0.542242605	14.90133149	0.097998522	2.932689941	18.47426256
1	1.1	3.5	25	0.228300371	0.484310135	14.95050949	0.098031911	2.94237318	18.47522472
1	1.1	3.5	29	0.225402858	0.56154466	14.88606492	0.097987397	2.929683924	18.4752809
1	1.1	3.5	30	0.224719797	0.580842333	14.87082961	0.097976275	2.926684064	18.47633229
1	1.1	3.5	24	0.229097275	0.464990539	14.96811114	0.098043045	2.945838977	18.4769837
1	1.1	3.5	23	0.229954385	0.445666553	14.9869221	0.098054183	2.949542891	18.48018573
1	1.1	3.5	22	0.230865132	0.426338176	15.00682357	0.098065322	2.953461527	18.48468859
1	1.1	3.5	21	0.231775879	0.407005407	15.02677798	0.098076465	2.957390589	18.48925044
1	1.1	3.5	20	0.232686625	0.387668245	15.04678556	0.098087609	2.961330119	18.49387154
1	1.1	3.5	19	0.233597372	0.368326687	15.06684652	0.098098757	2.965280158	18.49855212
1	1.1	3.5	18	0.234741114	0.348980732	15.09154267	0.098109907	2.970142877	18.50877619
1	1.1	3.5	17	0.236199935	0.32963038	15.1225405	0.098121059	2.976246406	18.52653834
1	1.2	3	25	0.291343441	0.484319458	15.2194161	0.094381949	2.745711276	18.54382878
1	1.2	3	24	0.292026501	0.46499949	15.23648425	0.09439267	2.748791966	18.54466838
1	1.2	3	26	0.290742247	0.503635038	15.20413388	0.094371231	2.742952938	18.54509309
1	1.2	3	23	0.292709561	0.445675133	15.25359076	0.094403392	2.751879576	18.54554886
1	1.2	3	27	0.29017303	0.522946231	15.18956376	0.094360516	2.740323127	18.54719363
1	1.2	3	22	0.293438163	0.426346386	15.27171669	0.094414118	2.755151188	18.54762839
1	1.1	3.5	16	0.237793742	0.310275627	15.15634353	0.098132214	2.982902287	18.54765366
1	1.2	3	28	0.289603813	0.542253039	15.17502155	0.094349803	2.737698354	18.54932274
1	1.2	3	21	0.294312923	0.407013245	15.29304241	0.094424845	2.759000338	18.55348084
1	1.2	3	29	0.289134324	0.561555464	15.16262454	0.094339092	2.735460776	18.55397987
1	1.2	3	30	0.28867895	0.580853507	15.15054705	0.094328384	2.733280869	18.55900981
1	0.9	4.7	23	0.126342957	0.445660824	14.51822684	0.103564982	3.492201681	18.55965433
1	0.9	4.7	24	0.125580341	0.464984562	14.50372027	0.103553219	3.488710562	18.56096862
1	1.2	3	20	0.295298509	0.387675711	15.3168289	0.094435575	2.763293641	18.56223382
1	0.9	4.7	22	0.127341824	0.426332695	14.53668558	0.103576748	3.496643921	18.56323894
1	0.9	4.7	25	0.124897281	0.484303911	14.49055561	0.103541459	3.485542381	18.56394336
1	0.9	4.7	26	0.124214221	0.503618872	14.47741483	0.103529701	3.48237995	18.56694335
1	1.1	3.5	15	0.239444001	0.290916473	15.19142318	0.098143372	2.989809534	18.57029256
1	1	4.1	26	0.167963946	0.503621059	14.76802059	0.101650149	3.197084853	18.57037665
1	1	4.1	25	0.168807478	0.484306014	14.78497292	0.101661694	3.200756593	18.57169722
1	0.9	4.7	27	0.123621095	0.522929448	14.46577698	0.103517946	3.479579211	18.57180358
1	1.2	3	19	0.296323099	0.368333782	15.34153739	0.094446308	2.767753361	18.57207084
1	0.9	4.7	21	0.128688614	0.407000174	14.56098738	0.103588516	3.50249234	18.57406841
1	1	4.1	27	0.167435041	0.522931718	14.75666118	0.101638608	3.194624495	18.575856
1	0.9	4.7	28	0.123051878	0.542235638	14.45455049	0.103506194	3.476877468	18.57716979
1	1	4.1	24	0.16986854	0.464986582	14.80583037	0.101673241	3.20527415	18.57776434
1	1.2	3	18	0.297347689	0.348987455	15.36632577	0.094457043	2.7722275	18.58199777
1	0.9	4.7	29	0.122528719	0.561537446	14.44409669	0.103494444	3.474361678	18.58349025
1	1	4.1	28	0.167093511	0.542237993	14.74862387	0.101627069	3.192883677	18.5853726
1	1	4.1	23	0.171006974	0.44566276	14.82812626	0.10168479	3.210103264	18.58557708
1	0.9	4.7	20	0.130166464	0.387663259	14.5875625	0.103600287	3.508887849	18.58771389
1	1.2	3	17	0.298372279	0.32963673	15.39119442	0.09446778	2.776716126	18.59201506
1	0.9	4.7	30	0.122157033	0.580834872	14.43613885	0.103482697	3.472446564	18.59290299
1	1	4.1	22	0.172145407	0.426334547	14.85048944	0.101696342	3.214946951	18.59346728
1	1	4.1	29	0.16675198	0.561539884	14.74059531	0.101615532	3.191144755	18.59489548
1	1	4.1	21	0.173283841	0.407001942	14.87292021	0.101707897	3.219805277	18.60143533
1	0.9	4.7	19	0.131745544	0.36832195	14.61593445	0.103612061	3.515715783	18.60358425
1	1.2	3	16	0.299499429	0.310281606	15.41839536	0.09447852	2.781625715	18.6047812
1	1	4.1	30	0.166427408	0.580837393	14.73287397	0.101603999	3.189472375	18.60478774
1	1	4.1	20	0.174422274	0.387664944	14.89541887	0.101719454	3.224678309	18.60948158
1	0.9	4.7	18	0.133342746	0.348976243	14.64472255	0.103623837	3.522643865	18.6199665
1	1	4.1	19	0.175684041	0.368323551	14.92021198	0.101731014	3.230048299	18.62031485
1	1.2	3	15	0.301019477	0.29092208	15.45435513	0.094489262	2.788116216	18.62788269
1	1	4.1	18	0.177050161	0.34897776	14.94697828	0.101742577	3.235845665	18.63354428
1	0.9	4.7	17	0.135207857	0.329626139	14.67815999	0.103635616	3.530690845	18.64211259
1	1	4.1	17	0.178492895	0.329627572	14.97523405	0.101754142	3.241965642	18.64858141
1	1	4.1	16	0.180109933	0.310272984	15.00677966	0.10176571	3.24879817	18.66761653
1	0.9	4.7	16	0.13736028	0.310271635	14.71664015	0.103647398	3.539951398	18.67051058
1	1	4.1	15	0.182155235	0.290913995	15.04631731	0.101777281	3.257361711	18.6963703
1	0.9	4.7	15	0.139587052	0.29091273	14.75659519	0.103659182	3.54956689	18.70073399
1	1.1	3.6	26	0.217101163	0.503623406	15.15599806	0.099620182	2.982834264	18.74207592
1	1.1	3.6	27	0.216404236	0.522934155	15.14037656	0.099608871	2.97975836	18.74267795
1	1.1	3.6	28	0.215721176	0.542240518	15.12505362	0.099597562	2.976741244	18.74363294
1	1.1	3.6	25	0.217898067	0.484308271	15.17358435	0.099631496	2.986297037	18.74382116
1	1.1	3.6	29	0.215038115	0.561542499	15.10976167	0.099586256	2.973730231	18.74462066
1	1.1	3.6	24	0.21869497	0.464988749	15.19121152	0.099642812	2.989767859	18.74561094
1	1.1	3.6	23	0.219491874	0.445664837	15.20887971	0.099654131	2.993246758	18.74744544
1	1.1	3.6	30	0.214439636	0.580840098	15.09611892	0.099574953	2.971043948	18.74757792
1	1.1	3.6	22	0.220288777	0.426336534	15.22658907	0.099665453	2.996733763	18.74932482
1	1.1	3.6	21	0.221142377	0.40700384	15.24544612	0.099676777	3.000446752	18.75257349
1	1.1	3.6	20	0.222053124	0.387666751	15.26546808	0.099688103	3.004389114	18.75721205
1	1.1	3.6	19	0.222991591	0.368325268	15.2860866	0.099699433	3.008448938	18.76256023
1	1.1	3.6	18	0.224120087	0.348979388	15.31050027	0.099710764	3.013256035	18.77244645
1	1.1	3.6	17	0.225598907	0.329629109	15.34191267	0.099722099	3.019441197	18.79070508
1	1.2	3.1	23	0.278859515	0.445673417	15.46004849	0.096159078	2.78914383	18.79102482
1	1.2	3.1	22	0.279542575	0.426344744	15.47709243	0.096170003	2.792220148	18.79182733
1	1.2	3.1	24	0.278261051	0.4649977	15.44484562	0.096148156	2.786399812	18.79239129
1	1.2	3.1	21	0.280250686	0.407011678	15.4947116	0.09618093	2.795400291	18.7933045
1	1.2	3.1	25	0.277691834	0.484317593	15.43029505	0.096137237	2.78377353	18.79452341
1	1.2	3.1	26	0.277122617	0.503633099	15.41577188	0.096126319	2.781152194	18.79668349
1	1.2	3.1	27	0.2765534	0.522944218	15.40127604	0.096115405	2.778535791	18.79887145
1	1.2	3.1	20	0.281161433	0.387674218	15.51673067	0.09619186	2.799374587	18.79997134
1	1.2	3.1	28	0.27601019	0.542250952	15.38735781	0.096104492	2.776023644	18.8017369
1	1.2	3.1	29	0.275554817	0.561553303	15.37532055	0.096093583	2.773850997	18.80681843
1	1.2	3.1	19	0.282122347	0.368332363	15.53989523	0.096202792	2.803555638	18.80798603
1	1.1	3.6	16	0.227157373	0.310274431	15.37503502	0.099733436	3.025963048	18.81100593
1	1.2	3.1	30	0.275099443	0.580851272	15.36330211	0.096082675	2.771681749	18.81191781
1	1.2	3.1	18	0.283202059	0.348986111	15.56570154	0.096213726	2.808213504	18.81911488
1	0.9	4.8	23	0.120491268	0.445660501	14.72860496	0.104863966	3.542830824	18.82196025
1	0.9	4.8	22	0.121356765	0.426332386	14.74497474	0.104875879	3.546770339	18.82295334
1	0.9	4.8	24	0.119765715	0.464984225	14.71460328	0.104852055	3.53946121	18.82390077
1	0.9	4.8	25	0.119082655	0.48430356	14.70133504	0.104840147	3.536268102	18.82674685
1	0.9	4.8	26	0.118404243	0.503618508	14.68816789	0.104828242	3.533099325	18.82971396
1	1.2	3.1	17	0.284351022	0.32963546	15.59309865	0.096224663	2.813158501	18.83211727
1	1	4.2	27	0.159060637	0.52293134	14.96640078	0.103084972	3.240052424	18.83246951
1	1	4.2	26	0.159842444	0.503620695	14.98230011	0.103096678	3.243496094	18.83251358
1	0.9	4.8	21	0.122632495	0.406999879	14.76826416	0.104887795	3.552375121	18.83252695
1	1	4.2	25	0.160639348	0.484305664	14.99850212	0.103108386	3.247005321	18.83292149
1	1.1	3.6	15	0.228841607	0.290915352	15.41080838	0.099744775	3.03300689	18.8344754
1	1	4.2	28	0.158377577	0.5422376	14.95228273	0.103073269	3.236994567	18.83458816
1	0.9	4.8	27	0.117835026	0.522929069	14.67683447	0.10481634	3.53037185	18.83495173
1	1	4.2	24	0.161548475	0.464986245	15.01674243	0.103120097	3.250956026	18.83580479
1	1	4.2	29	0.157732878	0.561539477	14.93886902	0.103061568	3.234089265	18.83755933
1	0.9	4.8	28	0.117265809	0.542235246	14.66551855	0.10480444	3.527648583	18.84020681
1	1	4.2	23	0.1626831	0.445662437	15.03906376	0.103131811	3.25579065	18.84364866
1	0.9	4.8	29	0.116696593	0.56153704	14.65422006	0.104792543	3.524929515	18.84547916
1	0.9	4.8	20	0.124119624	0.387662978	14.79518809	0.104899713	3.558854574	18.84660535
1	1	4.2	30	0.157383729	0.580836973	14.93069351	0.10304987	3.232318515	18.84689887
1	1.2	3.1	16	0.285707065	0.31028041	15.62511022	0.096235603	2.818936378	18.85056261
1	1	4.2	22	0.163821534	0.426334238	15.06151998	0.103143528	3.260654488	18.85165223
1	0.9	4.8	30	0.1162298	0.580834452	14.64462945	0.104780649	3.52262146	18.85286601
1	1	4.2	21	0.164959967	0.407001648	15.08404339	0.103155247	3.265532879	18.85973316
1	0.9	4.8	19	0.125713431	0.368321683	14.8240145	0.104911635	3.565791878	18.8630397
1	1	4.2	20	0.166098401	0.387664663	15.1066343	0.103166969	3.27042589	18.86789182
1	1.2	3.1	15	0.287147967	0.290920958	15.65911329	0.096246545	2.825073707	18.8713545
1	1	4.2	19	0.167265312	0.368323284	15.12980908	0.103178693	3.275445364	18.87675642
1	0.9	4.8	18	0.127340671	0.348975991	14.85352123	0.104923559	3.572892903	18.88031369
1	1	4.2	18	0.168567675	0.348977508	15.15551776	0.10319042	3.28101366	18.88869935
1	0.9	4.8	17	0.129126704	0.3296259	14.88585346	0.104935486	3.580673906	18.90108875
1	1	4.2	17	0.17004547	0.329627333	15.18451561	0.10320215	3.287294364	18.90463946
1	1	4.2	16	0.171854376	0.310272759	15.21969436	0.103213883	3.294913802	18.92809481
1	0.9	4.8	16	0.131224074	0.31027141	14.92366182	0.104947415	3.589772785	18.92865343
1	0.9	4.8	15	0.133514583	0.290912519	14.96499123	0.104959347	3.599719031	18.96058213
1	1	4.2	15	0.174065113	0.290913784	15.2624434	0.103225618	3.304172903	18.9607557
1	1.1	3.7	26	0.206982328	0.503622518	15.37872943	0.101215868	3.026690485	19.0102583
1	1.1	3.7	27	0.206299268	0.522933232	15.3633471	0.101204375	3.023661676	19.01114639
1	1.1	3.7	25	0.207755537	0.484307417	15.39588815	0.101227363	3.030069069	19.011492
1	1.1	3.7	28	0.205616208	0.542239562	15.34799553	0.101192886	3.020638922	19.0120669
1	1.1	3.7	24	0.20855244	0.464987928	15.41354511	0.10123886	3.033545757	19.01331765
1	1.1	3.7	29	0.205004266	0.561541509	15.33404066	0.101181398	3.017891182	19.01465475
1	1.1	3.7	23	0.209349344	0.44566405	15.43124263	0.10125036	3.037030433	19.01518748
1	1.1	3.7	22	0.210146247	0.426335782	15.44898086	0.101261863	3.040523123	19.01710163
1	1.1	3.7	30	0.204435049	0.580839074	15.32093045	0.101169914	3.015309758	19.0182492
1	1.1	3.7	21	0.210943151	0.407003121	15.46675994	0.101273369	3.044023857	19.01906029
1	1.1	3.7	20	0.211858301	0.387666067	15.48689669	0.101284877	3.04798882	19.02383645
1	1.2	3.2	22	0.265862824	0.426343102	15.67930882	0.097920752	2.828718866	19.03229153
1	1.2	3.2	23	0.265216118	0.445671701	15.66313493	0.097909629	2.825799586	19.03251584
1	1.1	3.7	19	0.212990213	0.368324618	15.51134564	0.101296387	3.052802864	19.03376951
1	1.2	3.2	21	0.2665919	0.40701011	15.69727344	0.097931878	2.831961362	19.03417679
1	1.2	3.2	24	0.264646901	0.46499591	15.64863737	0.097898508	2.823182873	19.03471466
1	1.2	3.2	25	0.264077684	0.484315729	15.63416664	0.09788739	2.820571002	19.03694076
1	1.2	3.2	26	0.263508467	0.50363116	15.61972266	0.097876274	2.817963959	19.03919405
1	1.2	3.2	20	0.267483932	0.387672725	15.71876505	0.097943007	2.835840454	19.04022123
1	1.2	3.2	27	0.262939251	0.522942205	15.60530536	0.09786516	2.815361731	19.04147445
1	1.1	3.7	18	0.214128647	0.348978772	15.53600053	0.101307901	3.057657458	19.04394466
1	1.2	3.2	28	0.262433603	0.542248866	15.5922528	0.097854049	2.813005832	19.04536155
1	1.2	3.2	29	0.261978229	0.561551142	15.58027876	0.097842941	2.810844597	19.05051744
1	1.2	3.2	19	0.268542187	0.368330944	15.74388258	0.097954138	2.840374003	19.05054166
1	1.2	3.2	30	0.261522856	0.580849037	15.56832311	0.097831835	2.808686681	19.05569066
1	1.1	3.7	17	0.215540555	0.329628527	15.56614577	0.101319416	3.063593112	19.06068683
1	1.2	3.2	18	0.269680621	0.348984766	15.77080718	0.097965271	2.845233715	19.06299094
1	1.2	3.2	17	0.270944353	0.32963419	15.80053241	0.097976408	2.850598921	19.07874193
1	1.1	3.7	16	0.217134361	0.310273884	15.60002402	0.101330935	3.070263802	19.08189264
1	0.9	4.9	22	0.115672986	0.426332077	14.9555308	0.106172706	3.597442305	19.08547789
1	0.9	4.9	23	0.114869677	0.445660178	14.94008002	0.106160646	3.593723952	19.08562479
1	0.9	4.9	24	0.114181187	0.464983888	14.92658968	0.106148588	3.590477397	19.08819955
1	0.9	4.9	25	0.113498127	0.48430321	14.91321476	0.106136533	3.587258617	19.09091312
1	0.9	4.9	21	0.116802016	0.406999584	14.97651994	0.106184769	3.602493506	19.0921978
1	1	4.3	26	0.151889341	0.50362033	15.19549461	0.10454024	3.289672328	19.09332751
1	1	4.3	27	0.151118658	0.522930961	15.17971774	0.104528371	3.286255184	19.09343226
1	1	4.3	25	0.152686245	0.484305313	15.21177347	0.104552113	3.2931982	19.0938291
1	0.9	4.9	26	0.112848272	0.503618143	14.90041963	0.10612448	3.584179369	19.09434162
1	1	4.3	24	0.153483148	0.464985908	15.22808726	0.104563988	3.296731637	19.0943688
1	1	4.3	28	0.150435597	0.542237208	15.16553181	0.104516504	3.283182624	19.09546815
1	1	4.3	29	0.149837074	0.561539071	15.15287317	0.104504639	3.280440864	19.09935775
1	0.9	4.9	27	0.112279055	0.522928691	14.88899412	0.106112431	3.58142973	19.09946497
1	1	4.3	23	0.15448863	0.445662114	15.24818523	0.104575866	3.301084697	19.0995079
1	1.2	3.2	16	0.272428281	0.310279214	15.83514971	0.097987546	2.856847116	19.10026359
1	0.9	4.9	20	0.118197422	0.387662698	15.00208691	0.106196835	3.608646396	19.10459284
1	0.9	4.9	28	0.111709839	0.542234854	14.87758612	0.106100384	3.578684306	19.10460566
1	1.1	3.7	15	0.218794913	0.290914838	15.63538307	0.101342456	3.077226065	19.10486643
1	1	4.3	30	0.149390444	0.580836553	15.14292852	0.104492778	3.278286931	19.10654478
1	1	4.3	22	0.155627063	0.42633393	15.27073341	0.104587746	3.305968453	19.10762354
1	0.9	4.9	29	0.111168164	0.561536633	14.86665455	0.10608834	3.576053539	19.11033306
1	1	4.3	21	0.156765497	0.407001353	15.2933484	0.10459963	3.310866682	19.11581607
1	0.9	4.9	19	0.119811485	0.368321416	15.0314654	0.106208904	3.615716561	19.12171228
1	0.9	4.9	30	0.110911721	0.580834031	14.86048667	0.106076298	3.574569189	19.12196619
1	1	4.3	20	0.15790393	0.387664382	15.31603051	0.104611516	3.315779446	19.12408586
1	1.2	3.2	15	0.274174096	0.290919837	15.87563264	0.097998687	2.864154015	19.12870518
1	1	4.3	19	0.159118036	0.368323017	15.34015691	0.104623404	3.321005033	19.13410837
1	0.9	4.9	18	0.121519135	0.348975738	15.06256	0.106220976	3.62319972	19.14095643
1	1	4.3	18	0.160539061	0.348977255	15.36813755	0.104635296	3.327065416	19.14881551
1	0.9	4.9	17	0.123242437	0.329625661	15.09405242	0.10623305	3.630778618	19.16068975
1	1	4.3	17	0.162215457	0.329627094	15.40090292	0.10464719	3.334162134	19.16933933
1	0.9	4.9	16	0.125228131	0.310271186	15.1302045	0.106245127	3.639478899	19.18619971
1	1	4.3	16	0.164133843	0.310272535	15.43826704	0.104659086	3.342254905	19.19545356
1	0.9	4.9	15	0.127534896	0.290912308	15.17210075	0.106257207	3.649561559	19.21883182
1	1	4.3	15	0.166474159	0.290913573	15.48363115	0.104670986	3.352080412	19.23129612
1	1.1	3.8	26	0.196896788	0.503622153	15.59652943	0.102807895	3.069575711	19.27253519
1	1.1	3.8	25	0.197632433	0.484307066	15.61298474	0.102819571	3.072815793	19.27292717
1	1.1	3.8	27	0.196213727	0.522932854	15.58112427	0.102796222	3.066542406	19.27339575
1	1.1	3.8	24	0.198429337	0.464987591	15.63066529	0.10283125	3.076297126	19.27478126
1	1.1	3.8	28	0.195616667	0.54223917	15.56740726	0.102784552	3.0638415	19.27627248
1	1.1	3.8	23	0.19922624	0.445663728	15.64838595	0.102842931	3.079786357	19.27667897
1	1.1	3.8	22	0.200042691	0.426335473	15.66652849	0.102854614	3.083358656	19.27907723
1	1.1	3.8	29	0.195161293	0.561541103	15.55644153	0.102772884	3.061682328	19.28243784
1	1.2	3.3	26	0.250334867	0.503629222	15.82555216	0.099621333	2.855114821	19.28391754
1	1.2	3.3	25	0.2510089	0.484313864	15.84213855	0.099632647	2.858108555	19.28419362
1	1.1	3.8	21	0.200995971	0.407002827	15.68739136	0.102866301	3.087466595	19.28472709
1	1.2	3.3	24	0.25169196	0.464994119	15.85895041	0.099643963	2.861142983	19.28473147
1	1.2	3.3	27	0.24976565	0.522940193	15.81120046	0.099610021	2.852524434	19.28627511
1	1.2	3.3	23	0.252469093	0.445669985	15.87778918	0.099655282	2.864543256	19.2876577
1	1.1	3.8	30	0.19470592	0.580838654	15.54549125	0.102761219	3.059526198	19.28861732
1	1.2	3.3	22	0.253265996	0.42634146	15.89709231	0.099666604	2.868027344	19.29112772
1	1.2	3.3	28	0.249297565	0.542246779	15.79899415	0.099598712	2.850321276	19.29116092
1	1.1	3.8	20	0.202020561	0.387665786	15.70970977	0.10287799	3.091861131	19.29211468
1	1.2	3.3	21	0.2540629	0.407008542	15.91644246	0.099677928	2.871519918	19.29464885
1	1.2	3.3	29	0.248842192	0.561548982	15.78707271	0.099587406	2.848169534	19.29637863
1	1.2	3.3	20	0.254878795	0.387671231	15.93624479	0.099689255	2.875094107	19.29869938
1	1.2	3.3	30	0.248386818	0.580846803	15.77516925	0.099576102	2.846021039	19.30161319
1	1.1	3.8	19	0.203145056	0.368324351	15.73405903	0.102889682	3.096655545	19.3019286
1	1.2	3.3	19	0.256005627	0.368329525	15.96274662	0.099700585	2.879877512	19.31065424
1	1.1	3.8	18	0.204397333	0.348978519	15.76100858	0.102901376	3.101961963	19.31485044
1	1.2	3.3	18	0.257293391	0.348983421	15.99279237	0.099711917	2.88530057	19.32678827
1	1.1	3.8	17	0.205674105	0.329628289	15.78853638	0.102913073	3.107382237	19.32845998
1	1.2	3.3	17	0.258773355	0.32963292	16.02709601	0.099723251	2.891492151	19.34794434
1	0.9	5	22	0.110205443	0.426331769	15.16707814	0.1074673	3.64835283	19.34923004
1	0.9	5	23	0.109440172	0.445659855	15.15214992	0.107455092	3.644760236	19.3500251
1	1.1	3.8	16	0.207319735	0.310273659	15.82350404	0.102924773	3.114267435	19.35096991
1	0.9	5	24	0.108757112	0.464983552	15.13864311	0.107442887	3.641509715	19.35257926
1	0.9	5	21	0.111169555	0.40699929	15.18542307	0.10747951	3.652767681	19.35266955
1	1	4.4	25	0.144913573	0.484304963	15.42433255	0.105992977	3.339236806	19.35386729
1	1	4.4	24	0.145710477	0.464985572	15.44072429	0.106005015	3.342787127	19.354502
1	1	4.4	26	0.144195548	0.503619966	15.40939085	0.10598094	3.336000554	19.35499231
1	0.9	5	25	0.108074052	0.484302859	15.12516036	0.107430685	3.638264988	19.3551589
1	1	4.4	27	0.143512487	0.522930583	15.39510433	0.105968907	3.332906207	19.35691003
1	1	4.4	23	0.146589969	0.445661792	15.45864226	0.106017057	3.346668017	19.35698913
1	0.9	5	26	0.107452755	0.503617779	15.11274387	0.107418486	3.635276862	19.359057
1	1	4.4	28	0.142886499	0.542236815	15.38186467	0.105956877	3.330038601	19.36009696
1	1	4.4	22	0.147637675	0.426333621	15.47964736	0.106029101	3.351217554	19.36322763
1	0.9	5	20	0.112501048	0.387662417	15.21009	0.107491723	3.658703969	19.36394811
1	0.9	5	27	0.106899226	0.522928312	15.10148964	0.10740629	3.632568443	19.36439268
1	1	4.4	29	0.142317282	0.561538665	15.36966118	0.105944849	3.327395422	19.36454011
1	1.2	3.3	16	0.260301638	0.310278019	16.06259397	0.099734589	2.897899298	19.37050588
1	1	4.4	30	0.141869984	0.580836132	15.35965036	0.105932824	3.325227157	19.37164647
1	0.9	5	28	0.106443853	0.542234461	15.09190389	0.107394096	3.630261557	19.371794
1	1	4.4	21	0.148832462	0.407001058	15.50338072	0.106041148	3.356358011	19.37278093
1	1.1	3.8	15	0.209223343	0.290914628	15.86378994	0.102936475	3.122199803	19.37984084
1	0.9	5	19	0.11409746	0.368321149	15.23938194	0.107503939	3.665753306	19.38096034
1	0.9	5	29	0.106092257	0.561536227	15.08407482	0.107381905	3.628377429	19.38137038
1	1	4.4	20	0.150084739	0.387664102	15.52823453	0.106053198	3.361741149	19.38369298
1	0.9	5	30	0.10586457	0.580833611	15.07833517	0.107369717	3.626996138	19.39353464
1	1	4.4	19	0.151464548	0.36832275	15.55549993	0.10606525	3.367646618	19.39753455
1	1.2	3.3	15	0.262028331	0.290918716	16.10256842	0.099745928	2.905114421	19.39834749
1	0.9	5	18	0.11580511	0.348975485	15.27070347	0.107516158	3.673291077	19.40048619
1	1	4.4	18	0.153154531	0.348977002	15.58855527	0.106077306	3.374806142	19.41841572
1	0.9	5	17	0.11751276	0.329625423	15.30215408	0.107528379	3.680859912	19.42016779
1	1	4.4	17	0.154976024	0.329626856	15.62417721	0.106089364	3.382521571	19.442415
1	0.9	5	16	0.119419115	0.310270961	15.33718753	0.107540604	3.689290986	19.44429008
1	1	4.4	16	0.156855345	0.31027231	15.66103417	0.106101424	3.390504496	19.4679124
1	0.9	5	15	0.121698435	0.290912098	15.37889702	0.107552831	3.699328701	19.47669065
1	1	4.4	15	0.159199964	0.290913363	15.70673561	0.106113488	3.400403064	19.50416552
1	1.1	3.9	25	0.187539224	0.484306715	15.82526751	0.104408165	3.114614665	19.52859705
1	1.1	3.9	24	0.188331007	0.464987255	15.8428667	0.104420024	3.118079979	19.53035396
1	1.1	3.9	26	0.186954984	0.503621788	15.8117282	0.104396309	3.11194875	19.53169505
1	1.1	3.9	23	0.189201896	0.445663405	15.8620477	0.104431886	3.121856753	19.53399974
1	1.1	3.9	27	0.186429961	0.522932475	15.79935771	0.104384456	3.109512977	19.53618761
1	1.1	3.9	22	0.190204229	0.426335165	15.88384524	0.10444375	3.126148729	19.54077288
1	1.2	3.4	28	0.236663831	0.542244692	16.00913332	0.101338701	2.888250004	19.54096671
1	1.2	3.4	27	0.237346891	0.52293818	16.02579634	0.101350207	2.891257569	19.5413423
1	1.2	3.4	29	0.23604254	0.561546821	15.99379258	0.101327197	2.885481103	19.5421477
1	1.1	3.9	28	0.185974587	0.542238777	15.78835215	0.104372605	3.107345962	19.5423095
1	1.2	3.4	26	0.238118944	0.503627283	16.04436096	0.101361716	2.89460836	19.54395832
1	1.2	3.4	30	0.235567095	0.580844568	15.98151658	0.101315696	2.883265366	19.54694221
1	1.2	3.4	25	0.238931824	0.484312	16.06382725	0.101373228	2.898121897	19.54763438
1	1.1	3.9	29	0.185519214	0.561540696	15.77736193	0.104360757	3.105181966	19.54844534
1	1.1	3.9	21	0.191308878	0.407002532	15.90770944	0.104455617	3.130847634	19.55001522
1	1.2	3.4	24	0.239842571	0.464992329	16.08540436	0.101384742	2.902016422	19.55379786
1	1.1	3.9	30	0.185164109	0.580838234	15.76831914	0.104348912	3.103401425	19.55690771
1	1.2	3.4	23	0.240753318	0.445668269	16.10703954	0.101396259	2.905921428	19.5600255
1	1.1	3.9	20	0.192447312	0.387665506	15.93231016	0.104467487	3.135691563	19.56013472
1	1.2	3.4	22	0.241664064	0.426339818	16.12873302	0.101407779	2.909836958	19.56631758
1	1.1	3.9	19	0.193585745	0.368324084	15.95698713	0.104479359	3.140550504	19.57034108
1	1.2	3.4	21	0.242574811	0.407006975	16.15048504	0.101419301	2.913763054	19.57267437
1	1.2	3.4	20	0.243485558	0.387669738	16.17229584	0.101430825	2.917699758	19.57909616
1	1.1	3.9	18	0.194728678	0.348978266	15.98182977	0.104491234	3.145442066	19.58074134
1	1.2	3.4	19	0.244511987	0.368328106	16.1966386	0.101442353	2.922093466	19.58850253
1	1.1	3.9	17	0.1961626	0.32962805	16.01253092	0.104503112	3.151487179	19.59814926
1	1.2	3.4	18	0.245870077	0.348982077	16.22817034	0.101453883	2.927784734	19.60639103
1	1	4.5	24	0.138193335	0.464985235	15.65416242	0.107443276	3.389016129	19.61560706
1	1	4.5	25	0.137483359	0.484304612	15.63925931	0.107431074	3.385788235	19.61678323
1	1	4.5	23	0.139101428	0.445661469	15.67268907	0.107455481	3.393028855	19.61883488
1	1	4.5	26	0.13689947	0.503619601	15.62665932	0.107418875	3.383059177	19.62075697
1	1.1	3.9	16	0.197850261	0.310273434	16.04841413	0.104514992	3.158552651	19.62175521
1	1.2	3.4	17	0.247236197	0.32963165	16.25999818	0.101465415	2.933529449	19.62462469
1	1	4.5	27	0.136362748	0.522930204	15.61492939	0.107406678	3.380518567	19.62578484
1	1	4.5	22	0.140224198	0.426333312	15.69516633	0.107467689	3.397897251	19.62686458
1	1	4.5	28	0.135907375	0.542236423	15.60468064	0.107394484	3.37829877	19.63261032
1	1	4.5	29	0.135452001	0.561538258	15.59444535	0.107382293	3.376081886	19.63944779
1	1	4.5	21	0.141592119	0.407000763	15.72218467	0.107479899	3.403749209	19.64041455
1	1.2	3.4	16	0.248738091	0.310276823	16.29488886	0.101476951	2.939826986	19.64646962
1	1	4.5	30	0.135042844	0.580835712	15.58505291	0.107370105	3.374047558	19.64730628
1	1.1	3.9	15	0.199788426	0.290914417	16.08948351	0.104526875	3.166639289	19.65156409
1	1	4.5	20	0.143072083	0.387663821	15.75135006	0.107492113	3.410066201	19.6565722
1	1	4.5	19	0.144552046	0.368322483	15.78062391	0.107504329	3.416406683	19.67285741
1	1.2	3.4	15	0.250452476	0.290917595	16.33454924	0.101488488	2.946985422	19.67394075
1	1	4.5	18	0.146183761	0.348976749	15.81281017	0.107516547	3.423377971	19.69268144
1	1	4.5	17	0.147990699	0.329626617	15.84837948	0.107528769	3.431082001	19.71661687
1	1	4.5	16	0.150025294	0.310272085	15.88835474	0.107540993	3.439740325	19.74590815
1	1	4.5	15	0.152342273	0.290913152	15.93382822	0.10755322	3.449589518	19.78188411
1	1.1	4	25	0.177876158	0.484306365	16.04071547	0.105993283	3.15703677	19.78805189
1	1.1	4	24	0.178679012	0.464986918	16.05856083	0.106005322	3.160550554	19.79010362
1	1.1	4	26	0.177289176	0.503621424	16.02709923	0.105981247	3.154355708	19.79105761
1	1.1	4	23	0.179671872	0.445663082	16.08015803	0.106017364	3.164803084	19.79664156
1	1.1	4	27	0.176833803	0.522932097	16.01605701	0.105969214	3.152181474	19.7971398
1	1.1	4	28	0.17641705	0.542238385	16.00577769	0.105957183	3.150157457	19.80413072
1	1.1	4	22	0.180714561	0.426334856	16.10278984	0.106029408	3.169259329	19.80441343
1	1.1	4	29	0.17607552	0.56154029	15.99696619	0.105945155	3.148422456	19.81287409
1	1.1	4	21	0.181893653	0.407002237	16.12816642	0.106041455	3.174256026	19.81546614
1	1.3	3	26	0.290742247	0.503635038	16.47054829	0.098750351	2.742952938	19.81588662
1	1.3	3	25	0.291343441	0.484319458	16.48710402	0.098761566	2.745711276	19.81589632
1	1.3	3	27	0.29017303	0.522946231	16.45476399	0.098739138	2.740323127	19.81677249
1	1.3	3	28	0.289603813	0.542253039	16.43900993	0.098727928	2.737698354	19.81768925
1	1.3	3	24	0.292026501	0.46499949	16.50559453	0.098772784	2.748791966	19.81815877
1	1.3	3	23	0.292709561	0.445675133	16.52412657	0.098784005	2.751879576	19.82046528
1	1.3	3	29	0.289134324	0.561555464	16.42557983	0.098716721	2.735460776	19.82131279
1	1.1	4	30	0.17573399	0.580837813	15.98816439	0.10593313	3.146689365	19.8216247
1	1.3	3	22	0.293438163	0.426346386	16.543763	0.098795227	2.755151188	19.8240558
1	1.3	3	30	0.28867895	0.580853507	16.41249588	0.098705516	2.733280869	19.82533578
1	1.1	4	20	0.183145929	0.387665225	16.15506652	0.106053505	3.179552705	19.82833795
1	1.3	3	21	0.294312923	0.407013245	16.56686586	0.098806453	2.759000338	19.83168589
1	1.2	3.5	30	0.224719797	0.580842333	16.22207222	0.103050821	2.926684064	19.83264943
1	1.2	3.5	29	0.225402858	0.56154466	16.23869255	0.103062519	2.929683924	19.83298365
1	1.2	3.5	28	0.226085918	0.542242605	16.25534699	0.10307422	2.932689941	19.83335376
1	1.2	3.5	27	0.226768978	0.522936167	16.27203564	0.103085923	2.935702132	19.83375987
1	1.2	3.5	26	0.227503468	0.503625344	16.28983905	0.10309763	2.938915529	19.83547755
1	1.2	3.5	25	0.228300371	0.484310135	16.30899572	0.103109338	2.94237318	19.83878837
1	1.1	4	19	0.184398206	0.368323817	16.18205654	0.106065558	3.18486709	19.841313
1	1.2	3.5	24	0.229097275	0.464990539	16.32819751	0.10312105	2.945838977	19.84214808
1	1.3	3	20	0.295298509	0.387675711	16.59263455	0.098817681	2.763293641	19.84242159
1	1.2	3.5	23	0.229954385	0.445666553	16.34871856	0.103132764	2.949542891	19.84706077
1	1.2	3.5	22	0.230865132	0.426338176	16.37042925	0.10314448	2.953461527	19.85337344
1	1.3	3	19	0.296323099	0.368333782	16.61940209	0.098828911	2.767753361	19.85431815
1	1.1	4	18	0.185759532	0.348978013	16.2113025	0.106077613	3.190625675	19.8569838
1	1.2	3.5	21	0.231775879	0.407005407	16.39219771	0.1031562	2.957390589	19.85974991
1	1.2	3.5	20	0.232686625	0.387668245	16.41402416	0.103167922	2.961330119	19.86619045
1	1.3	3	18	0.297347689	0.348987455	16.64625617	0.098840144	2.7722275	19.86631127
1	1.2	3.5	19	0.233597372	0.368326687	16.43590884	0.103179647	2.965280158	19.87269533
1	1.1	4	17	0.18715524	0.329627811	16.24133979	0.106089671	3.196540074	19.87359735
1	1.3	3	17	0.298372279	0.32963673	16.67319721	0.09885138	2.776716126	19.87840145
1	1.2	3.5	18	0.234741114	0.348980732	16.4628501	0.103191374	2.970142877	19.88516508
1	1	4.6	24	0.131465328	0.464984898	15.87828768	0.108878863	3.43755988	19.88971132
1	1	4.6	25	0.130779494	0.484304261	15.86372694	0.108866497	3.434406139	19.89130384
1	1	4.6	23	0.132329603	0.445661146	15.89613391	0.108891231	3.44142523	19.89211152
1	1.3	3	16	0.299499429	0.310281606	16.70266489	0.098862618	2.781625715	19.89343483
1	1	4.6	26	0.130182687	0.503619237	15.85080965	0.108854135	3.431608356	19.89489138
1	1.1	4	16	0.18876884	0.310273209	16.27584965	0.106101732	3.203335128	19.89555972
1	1	4.6	27	0.129674846	0.522929826	15.83952671	0.108841776	3.429164561	19.90046287
1	1	4.6	22	0.133589941	0.426333003	15.92127438	0.108903601	3.446870458	19.90338145
1	1.2	3.5	17	0.236174757	0.32963038	16.49612342	0.103203104	2.976148492	19.9051054
1	1	4.6	28	0.129219473	0.542236031	15.82921009	0.108829419	3.426930062	19.9072056
1	1	4.6	29	0.1287641	0.561537852	15.8189069	0.108817065	3.424698474	19.91396029
1	1	4.6	21	0.13499517	0.407000469	15.94915839	0.108915975	3.452909912	19.91798475
1	1.3	3	15	0.301019477	0.29092208	16.74162131	0.098873859	2.788116216	19.91953347
1	1	4.6	30	0.128373678	0.580835292	15.80979058	0.108804714	3.422723952	19.92215454
1	1.1	4	15	0.190776982	0.290914206	16.31844279	0.106113795	3.211721797	19.92719259
1	1.2	3.5	16	0.237768564	0.310275627	16.53299703	0.103214837	2.982803934	19.92929143
1	1	4.6	20	0.136475134	0.38766354	15.97851945	0.108928351	3.459269284	19.93438062
1	1	4.6	19	0.137955097	0.368322216	16.00798886	0.108940731	3.465652124	19.95090393
1	1.2	3.5	15	0.239418823	0.290916473	16.57126321	0.103226572	2.989710725	19.95511698
1	1	4.6	18	0.13948925	0.348976496	16.03857481	0.108953113	3.472276797	19.96878121
1	1	4.6	17	0.141404093	0.329626378	16.07638711	0.108965497	3.480466641	19.99544563
1	1	4.6	16	0.143567117	0.31027186	16.11903821	0.108977885	3.48970453	20.02799248
1	1.1	4.1	26	0.167930144	0.503621059	16.24344894	0.107562839	3.196955368	20.0515882
1	1.1	4.1	25	0.168807478	0.484306014	16.26275411	0.107575055	3.200756593	20.05539178
1	1.1	4.1	27	0.167386784	0.522931718	16.23067385	0.107550626	3.194439929	20.05559612
1	1	4.6	15	0.145817105	0.290912941	16.16355856	0.108990276	3.499347285	20.06280906
1	1.1	4.1	28	0.166987007	0.542237993	16.22070378	0.107538416	3.192476805	20.062957
1	1.1	4.1	24	0.16986854	0.464986582	16.2856973	0.107587273	3.20527415	20.06354531
1	1.1	4.1	29	0.166645477	0.561539884	16.21187462	0.107526208	3.190738326	20.07167903
1	1.1	4.1	23	0.171006974	0.44566276	16.31022279	0.107599494	3.210103264	20.07358831
1	1.1	4.1	30	0.166320904	0.580837393	16.20338331	0.107514004	3.189066372	20.08080108
1	1.3	3.1	23	0.278859515	0.445673417	16.74778912	0.100672408	2.78914383	20.08327877
1	1.3	3.1	24	0.278261051	0.4649977	16.73131934	0.100660974	2.786399812	20.08337782
1	1.1	4.1	22	0.172145407	0.426334547	16.33482229	0.107611719	3.214946951	20.0837155
1	1.3	3.1	25	0.277691834	0.484317593	16.71555622	0.100649542	2.78377353	20.08429688
1	1.3	3.1	26	0.277122617	0.503633099	16.69982279	0.100638112	2.781152194	20.08524619
1	1.3	3.1	22	0.279542575	0.426344744	16.76625339	0.100683846	2.792220148	20.08550212
1	1.3	3.1	27	0.2765534	0.522944218	16.68411896	0.100626685	2.778535791	20.08622565
1	1.3	3.1	28	0.27601019	0.542250952	16.66904088	0.100615261	2.776023644	20.08793074
1	1.3	3.1	21	0.280250686	0.407011678	16.78534082	0.100695286	2.795400291	20.08844807
1	1.3	3.1	29	0.275554817	0.561553303	16.65600051	0.100603839	2.773850997	20.09200865
1	1.1	4.1	21	0.173283841	0.407001942	16.35949613	0.107623945	3.219805277	20.09392729
1	1.3	3.1	30	0.275099443	0.580851272	16.64298054	0.10059242	2.771681749	20.09610598
1	1.3	3.1	20	0.281161433	0.387674218	16.80919481	0.100706728	2.799374587	20.09695034
1	1.1	4.1	20	0.174422274	0.387664944	16.38424466	0.107636175	3.224678309	20.10422409
1	1.3	3.1	19	0.282122347	0.368332363	16.83428975	0.100718174	2.803555638	20.10689593
1	1.1	4.1	19	0.175684041	0.368323551	16.41151708	0.107648407	3.230048299	20.11753734
1	1.3	3.1	18	0.283202059	0.348986111	16.86224658	0.100729621	2.808213504	20.12017582
1	1.2	3.6	29	0.215038115	0.561542499	16.48272537	0.104793562	2.973730231	20.12279166
1	1.2	3.6	28	0.215721176	0.542240518	16.49940749	0.104805459	2.976741244	20.12319471
1	1.2	3.6	27	0.216404236	0.522934155	16.51612343	0.104817359	2.97975836	20.1236333
1	1.2	3.6	26	0.217101163	0.503623406	16.53316507	0.104829262	2.982834264	20.124452
1	1.2	3.6	30	0.214439636	0.580840098	16.46784236	0.104781667	2.971043948	20.12450808
1	1.2	3.6	25	0.217898067	0.484308271	16.55235011	0.104841167	2.986297037	20.12779659
1	1.2	3.6	24	0.21869497	0.464988749	16.57157975	0.104853075	2.989767859	20.13118943
1	1.1	4.1	18	0.177050161	0.34897776	16.44096	0.107660643	3.235845665	20.13344407
1	1.2	3.6	23	0.219491874	0.445664837	16.59085414	0.104864986	2.993246758	20.13463072
1	1.3	3.1	17	0.284351022	0.32963546	16.89192678	0.100741072	2.813158501	20.13546182
1	1.2	3.6	22	0.220288777	0.426336534	16.61017344	0.104876899	2.996733763	20.13812063
1	1.2	3.6	21	0.221142377	0.40700384	16.63074476	0.104888815	3.000446752	20.14308417
1	1.2	3.6	20	0.222053124	0.387666751	16.65258691	0.104900734	3.004389114	20.14954351
1	1.1	4.1	17	0.178492895	0.329627572	16.47204136	0.107672881	3.241965642	20.15130745
1	1.3	3.1	16	0.285707065	0.31028041	16.92660599	0.100752525	2.818936378	20.1565753
1	1.2	3.6	19	0.222991591	0.368325268	16.67507983	0.104912656	3.008448938	20.15676669
1	1.2	3.6	18	0.224120087	0.348979388	16.70171293	0.10492458	3.013256035	20.16887293
1	1.1	4.1	16	0.180109933	0.310272984	16.50674153	0.107685121	3.24879817	20.1734978
1	1	4.7	24	0.125522151	0.464984562	16.11338008	0.110311861	3.488479025	20.17715553
1	1	4.7	23	0.126284767	0.445660824	16.12949635	0.110324392	3.491969681	20.17745125
1	1	4.7	25	0.124839091	0.484303911	16.09875462	0.110299333	3.485311265	20.17866912
1	1.3	3.1	15	0.287147967	0.290920958	16.96344264	0.10076398	2.825073707	20.18020129
1	1	4.7	26	0.124156031	0.503618872	16.08415569	0.110286808	3.482149253	20.18021062
1	1	4.7	22	0.127283634	0.426332695	16.15000333	0.110336925	3.49641133	20.18308428
1	1	4.7	27	0.123562904	0.522929448	16.07122646	0.110274286	3.479348884	20.18377907
1	1	4.7	28	0.122993688	0.542235638	16.05875423	0.110261766	3.4766475	20.18789914
1	1.2	3.6	17	0.225598907	0.329629109	16.73598101	0.104936507	3.019441197	20.18998782
1	1	4.7	29	0.122470528	0.561537446	16.04714043	0.11024925	3.474132042	20.19305916
1	1	4.7	21	0.128630424	0.407000174	16.17700174	0.110349462	3.50225897	20.19661035
1	1	4.7	30	0.122098843	0.580834872	16.03829956	0.110236736	3.472217181	20.20158835
1	1.1	4.1	15	0.182155235	0.290913995	16.55023294	0.107697365	3.257361711	20.20620601
1	1.2	3.6	16	0.227130638	0.310274431	16.77153559	0.104948437	3.025858563	20.21261702
1	1	4.7	20	0.130108274	0.387663259	16.20652571	0.110362001	3.508653626	20.21320459
1	1	4.7	19	0.131687354	0.36832195	16.23804589	0.110374543	3.515480648	20.23222303
1	1.2	3.6	15	0.228814872	0.290915352	16.81055837	0.104960369	3.032901918	20.23933601
1	1	4.7	18	0.133284556	0.348976243	16.27002839	0.110387088	3.522407802	20.25179952
1	1	4.7	17	0.135207857	0.329626139	16.30827099	0.110399636	3.530690845	20.27898761
1	1	4.7	16	0.13736028	0.310271635	16.35102672	0.110412187	3.539951398	20.31166194
1	1.1	4.2	27	0.159045541	0.52293134	16.46203029	0.109128814	3.239994444	20.33408489
1	1.1	4.2	28	0.158343951	0.5422376	16.44614025	0.109116424	3.236865665	20.33435993
1	1.1	4.2	29	0.157694444	0.561539477	16.43129292	0.109104038	3.233942198	20.33587863
1	1.1	4.2	26	0.159842444	0.503620695	16.47981402	0.109141206	3.243496094	20.33607202
1	1.1	4.2	25	0.160639348	0.484305664	16.49763624	0.109153601	3.247005321	20.33810082
1	1.3	3.2	23	0.265216118	0.445671701	16.96779942	0.102555467	2.825799586	20.34182617
1	1.1	4.2	24	0.161548475	0.464986245	16.51770057	0.109165999	3.250956026	20.34280884
1	1.3	3.2	24	0.264646901	0.46499591	16.95209374	0.102543818	2.823182873	20.34281634
1	1.1	4.2	30	0.157277296	0.580836973	16.42098083	0.109091654	3.231911728	20.34282118
1	1.3	3.2	22	0.265862824	0.426343102	16.98532113	0.102567118	2.828718866	20.34295022
1	1.3	3.2	25	0.264077684	0.484315729	16.93641711	0.102532172	2.820571002	20.34383601
1	1.3	3.2	26	0.263508467	0.50363116	16.92076946	0.102520529	2.817963959	20.34488511
1	1.3	3.2	27	0.262939251	0.522942205	16.90515072	0.102508888	2.815361731	20.34596354
1	1	4.7	15	0.139587052	0.29091273	16.39542121	0.11042474	3.54956689	20.34632557
1	1.3	3.2	21	0.2665919	0.40701011	17.00478281	0.102578772	2.831961362	20.34633306
1	1.3	3.2	28	0.262433603	0.542248866	16.89101045	0.10249725	2.813005832	20.3487624
1	1.1	4.2	23	0.1626831	0.445662437	16.54225404	0.109178399	3.25579065	20.35288553
1	1.3	3.2	29	0.261978229	0.561551142	16.87803858	0.102485615	2.810844597	20.35291993
1	1.3	3.2	20	0.267483932	0.387672725	17.02806539	0.102590429	2.835840454	20.35416899
1	1.3	3.2	30	0.261522856	0.580849037	16.86508662	0.102473982	2.808686681	20.35709632
1	1.1	4.2	22	0.163821534	0.426334238	16.56695588	0.109190803	3.260654488	20.36313541
1	1.3	3.2	19	0.268542187	0.368330944	17.05527605	0.102602088	2.840374003	20.36658308
1	1.1	4.2	21	0.164959967	0.407001648	16.59173163	0.109203209	3.265532879	20.37346936
1	1.3	3.2	18	0.269680621	0.348984766	17.08444437	0.10261375	2.845233715	20.3812766
1	1.1	4.2	20	0.166098401	0.387664663	16.61658163	0.109215618	3.27042589	20.3838878
1	1.1	4.2	19	0.167265312	0.368323284	16.64207389	0.10922803	3.275445364	20.39507057
1	1.3	3.2	17	0.270944353	0.32963419	17.11664669	0.102625414	2.850598921	20.39950522
1	1.1	4.2	18	0.168567675	0.348977508	16.67035343	0.109240445	3.28101366	20.40958505
1	1.2	3.7	28	0.205616208	0.542239562	16.74261685	0.106532817	3.020638922	20.41202815
1	1.2	3.7	27	0.206299268	0.522933232	16.75936402	0.106544913	3.023661676	20.41250384
1	1.2	3.7	26	0.206982328	0.503622518	16.77614474	0.106557012	3.026690485	20.41301476
1	1.2	3.7	29	0.205004266	0.561541509	16.72739335	0.106520723	3.017891182	20.41334677
1	1.2	3.7	30	0.204435049	0.580839074	16.71309131	0.106508633	3.015309758	20.41574877
1	1.2	3.7	25	0.207755537	0.484307417	16.79486334	0.106569113	3.030069069	20.41580894
1	1.2	3.7	24	0.20855244	0.464987928	16.81412548	0.106581217	3.033545757	20.41924038
1	1.2	3.7	23	0.209349344	0.44566405	16.83343187	0.106593324	3.037030433	20.42271968
1	1.3	3.2	16	0.272428281	0.310279214	17.15414877	0.102637081	2.856847116	20.42391218
1	1.2	3.7	22	0.210146247	0.426335782	16.85278267	0.106605434	3.040523123	20.42624701
1	1.1	4.2	17	0.17004547	0.329627333	16.70225107	0.109252862	3.287294364	20.42842563
1	1.2	3.7	21	0.210943151	0.407003121	16.87217803	0.106617547	3.044023857	20.42982255
1	1.2	3.7	20	0.211858301	0.387666067	16.89414539	0.106629662	3.04798882	20.43642994
1	1.2	3.7	19	0.212990213	0.368324618	16.92081697	0.10664178	3.052802864	20.44858623
1	1.1	4.2	16	0.171854376	0.310272759	16.7409477	0.109265283	3.294913802	20.45539954
1	1.3	3.2	15	0.274174096	0.290919837	17.19800528	0.102648751	2.864154015	20.45572788
1	1.2	3.7	18	0.214128647	0.348978772	16.94771322	0.106653901	3.057657458	20.46100335
1	1	4.8	23	0.120430842	0.445660501	16.36320003	0.111755047	3.542588039	20.46320361
1	1	4.8	24	0.119705289	0.464984225	16.34764474	0.111742353	3.539218887	20.4635902
1	1	4.8	25	0.119022229	0.48430356	16.33290426	0.111729663	3.536026216	20.4649637
1	1	4.8	22	0.121296339	0.426332386	16.38138617	0.111767743	3.546527014	20.46601332
1	1	4.8	26	0.118343817	0.503618508	16.31827609	0.111716976	3.532857872	20.46646945
1	1	4.8	27	0.1177746	0.522929069	16.30568513	0.111704291	3.53013077	20.47044926
1	1	4.8	28	0.117205383	0.542235246	16.29311359	0.111691609	3.527407875	20.47444832
1	1	4.8	21	0.122572069	0.406999879	16.40725976	0.111780442	3.552131026	20.4781711
1	1	4.8	29	0.116636167	0.56153704	16.28056144	0.111678931	3.524689177	20.47846658
1	1.2	3.7	17	0.215540555	0.329628527	16.98059893	0.106666025	3.063593112	20.4804866
1	1	4.8	30	0.116169374	0.580834452	16.26990666	0.111666255	3.522381437	20.4847888
1	1.1	4.2	15	0.174065113	0.290913784	16.78797164	0.109277706	3.304172903	20.49233603
1	1	4.8	20	0.124059198	0.387662978	16.43717112	0.111793144	3.558609589	20.49523683
1	1.2	3.7	16	0.217134361	0.310273884	17.01755702	0.106678151	3.070263802	20.50477286
1	1	4.8	19	0.125653005	0.368321683	16.46919605	0.111805848	3.565545936	20.51486952
1	1.2	3.7	15	0.218768576	0.290914838	17.0555567	0.10669028	3.077122492	20.53028431
1	1	4.8	18	0.127340671	0.348975991	16.50311681	0.111818556	3.572892903	20.53680426
1	1	4.8	17	0.129126704	0.3296259	16.53904151	0.111831267	3.580673906	20.56117258
1	1	4.8	16	0.131224074	0.31027141	16.5810508	0.11184398	3.589772785	20.59293898
1	1.3	3.3	26	0.250334867	0.503629222	17.14375143	0.10439785	2.855114821	20.60689332
1	1.3	3.3	27	0.24976565	0.522940193	17.12820375	0.104385996	2.852524434	20.60805437
1	1.3	3.3	25	0.2510089	0.484313864	17.16172002	0.104409707	2.858108555	20.60855214
1	1.3	3.3	24	0.25169196	0.464994119	17.17993286	0.104421566	2.861142983	20.61049152
1	1.3	3.3	28	0.249297565	0.542246779	17.11498025	0.104374145	2.850321276	20.61192244
1	1.3	3.3	23	0.252469093	0.445669985	17.20034152	0.104433428	2.864543256	20.61498819
1	1.3	3.3	29	0.248842192	0.561548982	17.10206535	0.104362297	2.848169534	20.61614616
1	1.1	4.3	27	0.151118658	0.522930961	16.69697342	0.110703891	3.286255184	20.61686345
1	1.1	4.3	28	0.150435597	0.542237208	16.68136889	0.110691323	3.283182624	20.61748005
1	1.1	4.3	26	0.151889341	0.50362033	16.71432797	0.110716462	3.289672328	20.6183371
1	1.1	4.3	29	0.149834185	0.561539071	16.66738798	0.110678758	3.280429756	20.62003556
1	1.3	3.3	22	0.253265996	0.42634146	17.22125326	0.104445292	2.868027344	20.62006735
1	1.3	3.3	30	0.248386818	0.580846803	17.08916993	0.104350451	2.846021039	20.62038823
1	1.1	4.3	25	0.152686245	0.484305313	16.73223472	0.110729036	3.2931982	20.62046727
1	1.1	4.3	24	0.153483148	0.464985908	16.75017989	0.110741613	3.296731637	20.62263905
1	1.3	3.3	21	0.2540629	0.407008542	17.24221592	0.10445716	2.871519918	20.62520154
1	1.1	4.3	30	0.149356994	0.580836553	16.65585287	0.110666195	3.278158471	20.62551408
1	1	4.8	15	0.133514583	0.290912519	16.62697237	0.111856696	3.599719031	20.62946061
1	1.1	4.3	23	0.15448863	0.445662114	16.77228765	0.110754193	3.301084697	20.62978865
1	1.3	3.3	20	0.254878795	0.387671231	17.26366844	0.10446903	2.875094107	20.63090281
1	1.1	4.3	22	0.155627063	0.42633393	16.79709065	0.110766775	3.305968453	20.64015981
1	1.3	3.3	19	0.256005627	0.368329525	17.29237876	0.104480902	2.879877512	20.64506669
1	1.1	4.3	21	0.156765497	0.407001353	16.82196714	0.11077936	3.310866682	20.65061454
1	1.1	4.3	20	0.15790393	0.387664382	16.84691747	0.110791948	3.315779446	20.66115324
1	1.3	3.3	18	0.257293391	0.348983421	17.32492831	0.104492778	2.88530057	20.66370508
1	1.1	4.3	19	0.159118036	0.368323017	16.87345651	0.11080454	3.321005033	20.67358909
1	1.3	3.3	17	0.258773355	0.32963292	17.3620906	0.104504656	2.891492151	20.68772033
1	1.1	4.3	18	0.160539061	0.348977255	16.9042352	0.110817133	3.327065416	20.69109501
1	1.2	3.8	27	0.196213727	0.522932854	16.99693911	0.108268647	3.066542406	20.69468302
1	1.2	3.8	26	0.196896788	0.503622153	17.01374474	0.108280942	3.069575711	20.69522355
1	1.2	3.8	28	0.195616667	0.54223917	16.9819751	0.108256356	3.0638415	20.69631212
1	1.2	3.8	25	0.197632433	0.484307066	17.03169599	0.108293239	3.072815793	20.69711209
1	1.2	3.8	24	0.198429337	0.464987591	17.05098387	0.108305539	3.076297126	20.70057412
1	1.2	3.8	29	0.195161293	0.561541103	16.97001249	0.108244067	3.061682328	20.70147998
1	1.2	3.8	23	0.19922624	0.445663728	17.07031549	0.108317842	3.079786357	20.70408342
1	1.2	3.8	30	0.19470592	0.580838654	16.95806672	0.10823178	3.059526198	20.70666336
1	1.2	3.8	22	0.200042691	0.426335473	17.09010735	0.108330148	3.083358656	20.70813163
1	1.3	3.3	16	0.260301638	0.310278019	17.40054672	0.104516536	2.897899298	20.71324057
1	1.1	4.3	17	0.162215457	0.329627094	16.94027711	0.11082973	3.334162134	20.71489607
1	1.2	3.8	21	0.200995971	0.407002827	17.11286685	0.108342456	3.087466595	20.71567873
1	1.2	3.8	20	0.202020561	0.387665786	17.13721421	0.108354768	3.091861131	20.72509589
1	1.2	3.8	19	0.203145056	0.368324351	17.16377703	0.108367082	3.096655545	20.73712401
1	1.3	3.3	15	0.262028331	0.290918716	17.44385237	0.10452842	2.905114421	20.74441393
1	1.1	4.3	16	0.164133843	0.310272535	16.98137764	0.11084233	3.342254905	20.74474741
1	1	4.9	23	0.114807015	0.445660178	16.59812161	0.113183273	3.593470187	20.75043525
1	1	4.9	24	0.114118525	0.464983888	16.58313446	0.113170418	3.59022409	20.75151286
1	1	4.9	22	0.115610324	0.426332077	16.61528673	0.113196132	3.597188015	20.75200295
1	1.2	3.8	18	0.204397333	0.348978519	17.19317654	0.108379399	3.101961963	20.75249642
1	1	4.9	25	0.113435465	0.48430321	16.56827554	0.113157565	3.587005764	20.75274208
1	1	4.9	26	0.11278561	0.503618143	16.55406073	0.113144716	3.58392695	20.75475054
1	1	4.9	27	0.112216393	0.522928691	16.5413675	0.113131869	3.581177698	20.75860576
1	1	4.9	21	0.116739355	0.406999584	16.6386047	0.113208993	3.602238501	20.76105177
1	1	4.9	28	0.111647177	0.542234854	16.52869373	0.113119025	3.57843266	20.76248027
1	1	4.9	29	0.111139408	0.561536633	16.51717697	0.113106185	3.57593822	20.767758
1	1.2	3.8	17	0.205674105	0.329628289	17.22320687	0.108391718	3.107382237	20.76860911
1	1	4.9	20	0.11813476	0.387662698	16.66700841	0.113221857	3.608390519	20.77628348
1	1	4.9	30	0.110911721	0.580834031	16.51085619	0.113093347	3.574569189	20.77935275
1	1.1	4.3	15	0.166474159	0.290913573	17.03127817	0.110854932	3.352080412	20.78512709
1	1.2	3.8	16	0.207319735	0.310273659	17.26135341	0.108404041	3.114267435	20.79429854
1	1	4.9	19	0.119811485	0.368321416	16.70083256	0.113234724	3.615716561	20.79810526
1	1	4.9	18	0.121519135	0.348975738	16.73538211	0.113247594	3.62319972	20.82080516
1	1.2	3.8	15	0.209223343	0.290914628	17.30530166	0.108416366	3.122199803	20.82683245
1	1	4.9	17	0.123242437	0.329625661	16.77037369	0.113260467	3.630778618	20.84403844
1	1	4.9	16	0.125228131	0.310271186	16.81054267	0.113273343	3.639478899	20.8735661
1	1.3	3.4	29	0.23604254	0.561546821	17.32601188	0.106234114	2.885481103	20.87927392
1	1.3	3.4	28	0.236663831	0.542244692	17.34263101	0.106246175	2.888250004	20.87937188
1	1.3	3.4	27	0.237346891	0.52293818	17.36068262	0.106258239	2.891257569	20.88113661
1	1.3	3.4	30	0.235567095	0.580844568	17.31271288	0.106222056	2.883265366	20.88304487
1	1.3	3.4	26	0.238118944	0.503627283	17.38079429	0.106270305	2.89460836	20.88530024
1	1.3	3.4	25	0.238931824	0.484312	17.40188277	0.106282374	2.898121897	20.89059905
1	1.3	3.4	24	0.239842571	0.464992329	17.42525798	0.106294446	2.902016422	20.89856117
1	1.1	4.4	26	0.144195548	0.503619966	16.94961384	0.112288716	3.336000554	20.90152307
1	1.1	4.4	25	0.144913573	0.484304963	16.9660497	0.112301469	3.339236806	20.90189294
1	1.1	4.4	27	0.143512487	0.522930583	16.93389866	0.112275967	3.332906207	20.90201142
1	1.1	4.4	28	0.142886499	0.542236815	16.91933504	0.11226322	3.330038601	20.90387368
1	1.1	4.4	24	0.145710477	0.464985572	16.98408062	0.112314224	3.342787127	20.90416754
1	1.3	3.4	23	0.240753318	0.445668269	17.44869609	0.106306521	2.905921428	20.9065923
1	1.1	4.4	29	0.142317282	0.561538665	16.9059112	0.112250476	3.327395422	20.90709576
1	1.1	4.4	23	0.146589969	0.445661792	17.00379039	0.112326982	3.346668017	20.90844718
1	1	4.9	15	0.127534896	0.290912308	16.85709405	0.113286222	3.649561559	20.91085414
1	1.1	4.4	30	0.141869984	0.580836132	16.89489929	0.112237736	3.325227157	20.91320032
1	1.3	3.4	22	0.241664064	0.426339818	17.47219736	0.106318598	2.909836958	20.91469273
1	1.1	4.4	22	0.147637675	0.426333621	17.02689599	0.112339743	3.351217554	20.91678691
1	1.3	3.4	21	0.242574811	0.407006975	17.49576205	0.106330678	2.913763054	20.92286275
1	1.1	4.4	21	0.148832462	0.407001058	17.05300269	0.112352508	3.356358011	20.92871426
1	1.3	3.4	20	0.243485558	0.387669738	17.51939041	0.106342761	2.917699758	20.93110267
1	1.1	4.4	20	0.150084739	0.387664102	17.08034188	0.112365274	3.361741149	20.94211241
1	1.3	3.4	19	0.244511987	0.368328106	17.54576174	0.106354846	2.922093466	20.94253816
1	1.1	4.4	19	0.151464548	0.36832275	17.11033382	0.112378044	3.367646618	20.95868124
1	1.3	3.4	18	0.245870077	0.348982077	17.57992111	0.106366935	2.927784734	20.96305486
1	1.2	3.9	25	0.187539224	0.484306715	17.26327719	0.11001359	3.114614665	20.97221216
1	1.2	3.9	26	0.186954984	0.503621788	17.24850704	0.110001097	3.11194875	20.97407867
1	1.2	3.9	24	0.188331007	0.464987255	17.28247631	0.110026086	3.118079979	20.97556963
1	1.2	3.9	27	0.186429961	0.522932475	17.23501195	0.109988608	3.109512977	20.97744601
1	1.2	3.9	23	0.189201896	0.445663405	17.30340103	0.110038584	3.121856753	20.98095978
1	1.2	3.9	28	0.185974587	0.542238777	17.22300589	0.109976121	3.107345962	20.98256675
1	1.1	4.4	18	0.153154531	0.348977002	17.1466947	0.112390817	3.374806142	20.98286866
1	1.3	3.4	17	0.247236197	0.32963165	17.61440127	0.106379026	2.933529449	20.9839414
1	1.2	3.9	29	0.185519214	0.561540696	17.21101655	0.109963636	3.105181966	20.98770285
1	1.2	3.9	22	0.190204229	0.426335165	17.32718017	0.110051085	3.126148729	20.98971515
1	1.2	3.9	30	0.185164109	0.580838234	17.2011517	0.109951155	3.103401425	20.99534251
1	1.2	3.9	21	0.191308878	0.407002532	17.35321384	0.110063589	3.130847634	21.0011276
1	1.3	3.4	16	0.248738091	0.310276823	17.65219952	0.10639112	2.939826986	21.00869444
1	1.1	4.4	17	0.154976024	0.329626856	17.18587883	0.112403593	3.382521571	21.01043085
1	1.2	3.9	20	0.192447312	0.387665506	17.380051	0.110076096	3.135691563	21.01348416
1	1.2	3.9	19	0.193585745	0.368324084	17.40697132	0.110088606	3.140550504	21.02593452
1	1.2	3.9	18	0.194728678	0.348978266	17.43407239	0.110101118	3.145442066	21.03859384
1	1.3	3.4	15	0.250452476	0.290917595	17.69516493	0.106403216	2.946985422	21.03947116
1	1.1	4.4	16	0.156855345	0.31027231	17.22642149	0.112416371	3.390504496	21.03961466
1	1	5	23	0.109440172	0.445659855	16.83492646	0.114609146	3.644760236	21.0399557
1	1	5	22	0.110205443	0.426331769	16.85151338	0.114622166	3.64835283	21.04082015
1	1	5	24	0.108757112	0.464983552	16.8199189	0.114596128	3.641509715	21.04100829
1	1	5	25	0.108074052	0.484302859	16.80493807	0.114583114	3.638264988	21.04208903
1	1	5	26	0.107452755	0.503617779	16.79114197	0.114570102	3.635276862	21.04460672
1	1	5	21	0.111169555	0.40699929	16.87189664	0.114635189	3.652767681	21.0462988
1	1	5	27	0.106899226	0.522928312	16.77863727	0.114557094	3.632568443	21.04869112
1	1	5	28	0.106443853	0.542234461	16.76798643	0.114544088	3.630261557	21.05502654
1	1.2	3.9	17	0.1961626	0.32962805	17.46756455	0.110113634	3.151487179	21.05879341
1	1	5	20	0.112501048	0.387662417	16.89930433	0.114648216	3.658703969	21.06031893
1	1	5	29	0.106092257	0.561536227	16.75928746	0.114531086	3.628377429	21.06373221
1	1	5	30	0.10586457	0.580833611	16.75291008	0.114518086	3.626996138	21.07525791
1	1.1	4.4	15	0.159199964	0.290913363	17.27669307	0.112429153	3.400403064	21.08043865
1	1	5	19	0.11409746	0.368321149	16.93185094	0.114661245	3.665753306	21.08058664
1	1.2	3.9	16	0.197850261	0.310273434	17.50670987	0.110126152	3.158552651	21.08566211
1	1.4	3	28	0.289603813	0.542253039	17.7029983	0.103076203	2.737698354	21.0860259
1	1.4	3	27	0.29017303	0.522946231	17.71996422	0.103087907	2.740323127	21.08632148
1	1.4	3	26	0.290742247	0.503635038	17.7369627	0.103099614	2.742952938	21.08665029
1	1.4	3	25	0.291343441	0.484319458	17.75479195	0.103111323	2.745711276	21.087934
1	1.4	3	29	0.289134324	0.561555464	17.68853512	0.103064502	2.735460776	21.08861587
1	1.4	3	24	0.292026501	0.46499949	17.7747048	0.103123035	2.748791966	21.09161929
1	1.4	3	30	0.28867895	0.580853507	17.67444472	0.103052804	2.733280869	21.0916319
1	1.4	3	23	0.292709561	0.445675133	17.79466238	0.103134749	2.751879576	21.09535184
1	1.4	3	22	0.293438163	0.426346386	17.81580931	0.103146467	2.755151188	21.10045335
1	1	5	18	0.11580511	0.348975485	16.96665264	0.114674277	3.673291077	21.10359348
1	1.4	3	21	0.294312923	0.407013245	17.84068931	0.103158186	2.759000338	21.10986108
1	1.2	3.9	15	0.199788426	0.290914417	17.55151283	0.110138673	3.166639289	21.11920521
1	1.4	3	20	0.295298509	0.387675711	17.86844021	0.103169909	2.763293641	21.12257947
1	1	5	17	0.11751276	0.329625423	17.00159775	0.114687312	3.680859912	21.1267704
1	1.4	3	19	0.296323099	0.368333782	17.89726679	0.103181634	2.767753361	21.13653557
1	1.4	3	18	0.297347689	0.348987455	17.92618657	0.103193362	2.7722275	21.15059488
1	1	5	16	0.119419115	0.310270961	17.04052381	0.11470035	3.689290986	21.1547861
1	1.4	3	17	0.298372279	0.32963673	17.95519999	0.103205092	2.776716126	21.16475794
1	1.4	3	16	0.299499429	0.310281606	17.98693442	0.103216826	2.781625715	21.18205856
1	1.1	4.5	25	0.137483359	0.484304612	17.20246914	0.113871	3.385788235	21.18643299
1	1.1	4.5	24	0.138193335	0.464985235	17.21886256	0.113883934	3.389016129	21.18674786
1	1.3	3.5	30	0.224719797	0.580842333	17.57331482	0.108089009	2.926684064	21.18893022
1	1.1	4.5	26	0.13689947	0.503619601	17.18860915	0.11385807	3.383059177	21.189146
1	1.3	3.5	29	0.225402858	0.56154466	17.59132018	0.108101279	2.929683924	21.19065004
1	1	5	15	0.121698435	0.290912098	17.08686768	0.114713391	3.699328701	21.19182187
1	1.1	4.5	23	0.139101428	0.445661469	17.23924188	0.11389687	3.393028855	21.19182907
1	1.3	3.5	28	0.226085918	0.542242605	17.60936249	0.108113552	2.932689941	21.19240859
1	1.1	4.5	27	0.136362748	0.522930204	17.17570623	0.113845142	3.380518567	21.19300014
1	1.3	3.5	27	0.226768978	0.522936167	17.62744186	0.108125828	2.935702132	21.19420599
1	1.3	3.5	26	0.227503468	0.503625344	17.64672889	0.108138106	2.938915529	21.19740787
1	1.1	4.5	28	0.135907375	0.542236423	17.16443261	0.113832217	3.37829877	21.19880002
1	1.1	4.5	22	0.140224198	0.426333312	17.26396686	0.11390981	3.397897251	21.20210724
1	1.3	3.5	25	0.228300371	0.484310135	17.66748194	0.108150387	2.94237318	21.20231565
1	1.1	4.5	29	0.135452001	0.561538258	17.15317378	0.113819295	3.376081886	21.20461322
1	1.3	3.5	24	0.229097275	0.464990539	17.68828389	0.108162671	2.945838977	21.20727608
1	1.4	3	15	0.301019477	0.29092208	18.02888749	0.103228561	2.788116216	21.21115435
1	1.1	4.5	30	0.135042844	0.580835712	17.1428421	0.113806376	3.374047558	21.21153175
1	1.3	3.5	23	0.229954385	0.445666553	17.71051503	0.108174958	2.949542891	21.21389943
1	1.1	4.5	21	0.141592119	0.407000763	17.29368704	0.113922752	3.403749209	21.21835977
1	1.3	3.5	22	0.230865132	0.426338176	17.73403494	0.108187247	2.953461527	21.22202189
1	1.3	3.5	21	0.231775879	0.407005407	17.75761744	0.10819954	2.957390589	21.23021297
1	1.1	4.5	20	0.143072083	0.387663821	17.32576897	0.113935698	3.410066201	21.23743469
1	1.3	3.5	20	0.232686625	0.387668245	17.78126276	0.108211835	2.961330119	21.23847296
1	1.3	3.5	19	0.233597372	0.368326687	17.80497116	0.108224133	2.965280158	21.24680214
1	1.2	4	25	0.177876158	0.484306365	17.49831133	0.11173031	3.15703677	21.25138478
1	1.2	4	26	0.177289176	0.503621424	17.48345725	0.111717623	3.154355708	21.25315201
1	1.2	4	24	0.178679012	0.464986918	17.51777899	0.111743001	3.160550554	21.25505946
1	1.1	4.5	19	0.144552046	0.368322483	17.3579702	0.113948646	3.416406683	21.25664801
1	1.2	4	27	0.176833803	0.522932097	17.47141119	0.111704938	3.152181474	21.2582297
1	1.3	3.5	18	0.234741114	0.348980732	17.83415752	0.108236434	2.970142877	21.26151757
1	1.2	4	23	0.179671872	0.445663082	17.54133958	0.111755694	3.164803084	21.26356144
1	1.2	4	28	0.17641705	0.542238385	17.46019739	0.111692256	3.150157457	21.26428549
1	1.2	4	29	0.17607552	0.56154029	17.45058485	0.111679577	3.148422456	21.27222717
1	1.2	4	22	0.180714561	0.426334856	17.56602882	0.11176839	3.169259329	21.2733914
1	1.1	4.5	18	0.146183761	0.348976749	17.39337509	0.113961597	3.423377971	21.2796914
1	1.2	4	30	0.17573399	0.580837813	17.44098288	0.111666901	3.146689365	21.28017696
1	1.3	3.5	17	0.236174757	0.32963038	17.87020362	0.108248737	2.976148492	21.28423123
1	1.2	4	21	0.181893653	0.407002237	17.59371237	0.111781089	3.174256026	21.28675172
1	1.2	4	20	0.183145929	0.387665225	17.62305793	0.111793791	3.179552705	21.30206965
1	1.1	4.5	17	0.147990699	0.329626617	17.43250133	0.113974551	3.431082001	21.3071845
1	1.3	3.5	16	0.237768564	0.310275627	17.91015004	0.108261043	2.982803934	21.31149064
1	1.2	4	19	0.184398206	0.368323817	17.65250158	0.111806496	3.18486709	21.31749899
1	1.2	4	18	0.185759532	0.348978013	17.68440628	0.111819204	3.190625675	21.33582917
1	1.1	4.5	16	0.150025294	0.310272085	17.47647412	0.113987508	3.439740325	21.34047404
1	1.3	3.5	15	0.239418823	0.290916473	17.95160506	0.108273353	2.989710725	21.34050561
1	1.2	4	17	0.18715524	0.329627811	17.71717423	0.111831915	3.196540074	21.35517403
1	1.4	3.1	27	0.2765534	0.522944218	17.96696188	0.105107618	2.778535791	21.3735495
1	1.4	3.1	26	0.277122617	0.503633099	17.98387369	0.105119554	2.781152194	21.37377854
1	1.4	3.1	25	0.277691834	0.484317593	18.00081739	0.105131492	2.78377353	21.37404
1	1.4	3.1	28	0.27601019	0.542250952	17.95072395	0.105095685	2.776023644	21.37409423
1	1.4	3.1	24	0.278261051	0.4649977	18.01779305	0.105143434	2.786399812	21.374334
1	1.4	3.1	23	0.278859515	0.445673417	18.03552974	0.105155378	2.78914383	21.37550236
1	1.4	3.1	29	0.275554817	0.561553303	17.93668047	0.105083755	2.773850997	21.37716853
1	1.4	3.1	22	0.279542575	0.426344744	18.05541434	0.105167324	2.792220148	21.37914656
1	1.4	3.1	30	0.275099443	0.580851272	17.92265897	0.105071827	2.771681749	21.38026381
1	1.2	4	16	0.18876884	0.310273209	17.75482134	0.111844628	3.203335128	21.38027431
1	1.1	4.5	15	0.152342273	0.290913152	17.52649494	0.114000469	3.449589518	21.38099808
1	1.4	3.1	21	0.280250686	0.407011678	18.07597003	0.105179274	2.795400291	21.38356128
1	1.4	3.1	20	0.281161433	0.387674218	18.10165895	0.105191226	2.799374587	21.39389898
1	1.4	3.1	19	0.282122347	0.368332363	18.12868427	0.105203181	2.803555638	21.40577546
1	1.2	4	15	0.190776982	0.290914206	17.80128659	0.111857345	3.211721797	21.41577994
1	1.4	3.1	18	0.283202059	0.348986111	18.15879163	0.105215138	2.808213504	21.42120638
1	1.4	3.1	17	0.284351022	0.32963546	18.19075492	0.105227099	2.813158501	21.43877598
1	1.4	3.1	16	0.285707065	0.31028041	18.22810176	0.105239062	2.818936378	21.46255761
1	1.1	4.6	24	0.131465328	0.464984898	17.46540035	0.115450838	3.43755988	21.48339597
1	1.1	4.6	25	0.130779494	0.484304261	17.44938353	0.115437727	3.434406139	21.48353166
1	1.1	4.6	26	0.130182687	0.503619237	17.43517451	0.115424618	3.431608356	21.48582672
1	1.1	4.6	23	0.132329603	0.445661146	17.4850312	0.115463953	3.44142523	21.48758153
1	1.4	3.1	15	0.287147967	0.290920958	18.267772	0.105251027	2.825073707	21.48901769
1	1.1	4.6	27	0.129674846	0.522929826	17.42276328	0.115411513	3.429164561	21.49026918
1	1.1	4.6	28	0.129219473	0.542236031	17.41141499	0.11539841	3.426930062	21.4959795
1	1.3	3.6	29	0.215038115	0.561542499	17.85568906	0.10996399	2.973730231	21.50092578
1	1.1	4.6	22	0.133589941	0.426333003	17.51268572	0.11547707	3.446870458	21.50136625
1	1.3	3.6	30	0.214439636	0.580840098	17.83956581	0.109951508	2.971043948	21.50140136
1	1.1	4.6	29	0.1287641	0.561537852	17.40008149	0.115385311	3.424698474	21.50170312
1	1.3	3.6	28	0.215721176	0.542240518	17.87376136	0.109976474	2.976741244	21.5027196
1	1.3	3.6	27	0.216404236	0.522934155	17.8918703	0.109988961	2.97975836	21.50455177
1	1.3	3.6	26	0.217101163	0.503623406	17.91033208	0.110001451	2.982834264	21.5067912
1	1.1	4.6	30	0.128373678	0.580835292	17.39005354	0.115372214	3.422723952	21.508985
1	1.3	3.6	25	0.217898067	0.484308271	17.93111587	0.110013944	2.986297037	21.51173512
1	1.3	3.6	24	0.21869497	0.464988749	17.95194798	0.110026439	2.989767859	21.51673102
1	1.1	4.6	21	0.13499517	0.407000469	17.54335813	0.115490191	3.452909912	21.5187587
1	1.3	3.6	23	0.219491874	0.445664837	17.97282857	0.110038938	2.993246758	21.5217791
1	1.3	3.6	22	0.220288777	0.426336534	17.9937578	0.110051439	2.996733763	21.52687954
1	1.2	4.1	26	0.167930144	0.503621059	17.71947511	0.113430652	3.196955368	21.53348219
1	1.3	3.6	21	0.221142377	0.40700384	18.01604341	0.110063943	3.000446752	21.53355795
1	1.2	4.1	27	0.167386784	0.522931718	17.70553865	0.113417773	3.194439929	21.53632807
1	1.1	4.6	20	0.136475134	0.38766354	17.57565529	0.115503314	3.459269284	21.53809143
1	1.2	4.1	25	0.168807478	0.484306014	17.74053531	0.113443535	3.200756593	21.53904145
1	1.3	3.6	20	0.222053124	0.387666751	18.03970573	0.11007645	3.004389114	21.54183805
1	1.2	4.1	28	0.166987007	0.542237993	17.69466222	0.113404897	3.192476805	21.54278191
1	1.2	4.1	24	0.16986854	0.464986582	17.76556424	0.11345642	3.20527415	21.54928139
1	1.2	4.1	29	0.166645477	0.561539884	17.6850304	0.113392023	3.190738326	21.55070063
1	1.3	3.6	19	0.222991591	0.368325268	18.06407307	0.11008896	3.008448938	21.55093623
1	1.1	4.6	19	0.137955097	0.368322216	17.60807165	0.115516441	3.465652124	21.55756243
1	1.2	4.1	30	0.166320904	0.580837393	17.67576716	0.113379153	3.189066372	21.55905008
1	1.2	4.1	23	0.171006974	0.44566276	17.79231931	0.113469308	3.210103264	21.56155465
1	1.3	3.6	18	0.224120087	0.348979388	18.09292559	0.110101472	3.013256035	21.56526248
1	1.2	4.1	22	0.172145407	0.426334547	17.81915513	0.113482198	3.214946951	21.57391883
1	1.1	4.6	18	0.13948925	0.348976496	17.64171619	0.11552957	3.472276797	21.57849905
1	1.2	4.1	21	0.173283841	0.407001942	17.84607205	0.113495092	3.219805277	21.58637436
1	1.3	3.6	17	0.225598907	0.329629109	18.13004934	0.110113988	3.019441197	21.58923363
1	1.2	4.1	20	0.174422274	0.387664944	17.87307045	0.113507989	3.224678309	21.59892169
1	1.1	4.6	17	0.141404093	0.329626378	17.68330972	0.115542703	3.480466641	21.60894545
1	1.2	4.1	19	0.175684041	0.368323551	17.90282218	0.113520889	3.230048299	21.61471492
1	1.3	3.6	16	0.227130638	0.310274431	18.1685668	0.110126506	3.025858563	21.6148263
1	1.2	4.1	18	0.177050161	0.34897776	17.93494173	0.113533792	3.235845665	21.63329895
1	1.3	3.6	15	0.228814872	0.290915352	18.21084149	0.110139027	3.032901918	21.64479779
1	1.1	4.6	16	0.143567117	0.31027186	17.73022593	0.115555838	3.48970453	21.64575816
1	1.4	3.2	27	0.262939251	0.522942205	18.20499608	0.107121784	2.815361731	21.6504218
1	1.4	3.2	26	0.263508467	0.50363116	18.22181627	0.107133948	2.817963959	21.65054534
1	1.4	3.2	25	0.264077684	0.484315729	18.23866758	0.107146115	2.820571002	21.65070043
1	1.4	3.2	24	0.264646901	0.46499591	18.2555501	0.107158285	2.823182873	21.65088717
1	1.4	3.2	23	0.265216118	0.445671701	18.27246391	0.107170458	2.825799586	21.65110566
1	1.4	3.2	28	0.262433603	0.542248866	18.1897681	0.107109622	2.813005832	21.65213242
1	1.4	3.2	22	0.265862824	0.426343102	18.29133345	0.107182634	2.828718866	21.65357805
1	1.2	4.1	17	0.178492895	0.329627572	17.96884866	0.113546697	3.241965642	21.65398857
1	1.4	3.2	29	0.261978229	0.561551142	18.17579839	0.107097463	2.810844597	21.65529159
1	1.4	3.2	21	0.2665919	0.40701011	18.31229218	0.107194812	2.831961362	21.65845847
1	1.4	3.2	30	0.261522856	0.580849037	18.16185013	0.107085307	2.808686681	21.65847115
1	1.4	3.2	20	0.267483932	0.387672725	18.33736572	0.107206993	2.835840454	21.6680859
1	1.2	4.1	16	0.180109933	0.310272984	18.00670339	0.113559606	3.24879817	21.67933415
1	1.4	3.2	19	0.268542187	0.368330944	18.36666951	0.107219177	2.840374003	21.68259363
1	1.1	4.6	15	0.145817105	0.290912941	17.77919832	0.115568976	3.499347285	21.68502752
1	1.4	3.2	18	0.269680621	0.348984766	18.39808155	0.107231364	2.845233715	21.69953139
1	1.2	4.1	15	0.182155235	0.290913995	18.05414857	0.113572517	3.257361711	21.7159968
1	1.4	3.2	17	0.270944353	0.32963419	18.43276098	0.107243553	2.850598921	21.72023764
1	1.4	3.2	16	0.272428281	0.310279214	18.47314783	0.107255745	2.856847116	21.74752991
1	1.4	3.2	15	0.274174096	0.290919837	18.52037791	0.10726794	2.864154015	21.7827197
1	1.1	4.7	24	0.125522151	0.464984562	17.72400199	0.117015028	3.488479025	21.79448061
1	1.1	4.7	25	0.124839091	0.484303911	17.70791398	0.117001739	3.485311265	21.79453089
1	1.1	4.7	26	0.124156031	0.503618872	17.69185515	0.116988453	3.482149253	21.79461173
1	1.1	4.7	23	0.126284767	0.445660824	17.74172989	0.117028321	3.491969681	21.79638871
1	1.1	4.7	27	0.123562904	0.522929448	17.677633	0.11697517	3.479348884	21.7968865
1	1.1	4.7	28	0.122993688	0.542235638	17.66391355	0.11696189	3.4766475	21.79975858
1	1.1	4.7	29	0.122470528	0.561537446	17.65113837	0.116948613	3.474132042	21.80375647
1	1.1	4.7	22	0.127283634	0.426332695	17.76428757	0.117041616	3.49641133	21.80407321
1	1.1	4.7	30	0.122098843	0.580834872	17.64141342	0.116935339	3.472217181	21.81140081
1	1.3	3.7	28	0.205616208	0.542239562	18.13723817	0.111835357	3.020638922	21.81195201
1	1.3	3.7	29	0.205004266	0.561541509	18.12074605	0.111822662	3.017891182	21.8120014
1	1.3	3.7	30	0.204435049	0.580839074	18.10525217	0.11180997	3.015309758	21.81321097
1	1.3	3.7	27	0.206299268	0.522933232	18.15538094	0.111848055	3.023661676	21.8138239
1	1.3	3.7	26	0.206982328	0.503622518	18.17356006	0.111860756	3.026690485	21.81573382
1	1.3	3.7	25	0.207755537	0.484307417	18.19383854	0.11187346	3.030069069	21.82008849
1	1.1	4.7	21	0.128630424	0.407000174	17.79398582	0.117054914	3.50225897	21.82029987
1	1.3	3.7	24	0.20855244	0.464987928	18.21470586	0.111886167	3.033545757	21.82512571
1	1.3	3.7	23	0.209349344	0.44566405	18.23562111	0.111898877	3.037030433	21.83021447
1	1.2	4.2	28	0.158343951	0.5422376	17.9405929	0.11511417	3.236865665	21.83481034
1	1.2	4.2	29	0.157694444	0.561539477	17.92439582	0.115101103	3.233942198	21.83497859
1	1.3	3.7	22	0.210146247	0.426335782	18.25658448	0.111911589	3.040523123	21.83535497
1	1.2	4.2	27	0.159045541	0.52293134	17.9579275	0.115127241	3.239994444	21.83598052
1	1.2	4.2	26	0.159842444	0.503620695	17.97732793	0.115140314	3.243496094	21.83958504
1	1.1	4.7	20	0.130108274	0.387663259	17.82646218	0.117068215	3.508653626	21.83984728
1	1.3	3.7	21	0.210943151	0.407003121	18.27759611	0.111924305	3.044023857	21.8405474
1	1.2	4.2	30	0.157277296	0.580836973	17.91314626	0.115088038	3.231911728	21.840983
1	1.2	4.2	25	0.160639348	0.484305664	17.99677035	0.11515339	3.247005321	21.84323472
1	1.3	3.7	20	0.211858301	0.387666067	18.30139409	0.111937023	3.04798882	21.848986
1	1.2	4.2	24	0.161548475	0.464986245	18.01865871	0.11516647	3.250956026	21.84976745
1	1.1	4.7	19	0.131687354	0.36832195	17.86113438	0.11708152	3.515480648	21.8620185
1	1.2	4.2	23	0.1626831	0.445662437	18.04544432	0.115179552	3.25579065	21.86207696
1	1.3	3.7	19	0.212990213	0.368324618	18.3302883	0.111949744	3.052802864	21.86336553
1	1.2	4.2	22	0.163821534	0.426334238	18.07239177	0.115192637	3.260654488	21.87457314
1	1.3	3.7	18	0.214128647	0.348978772	18.3594259	0.111962468	3.057657458	21.8780246
1	1.1	4.7	18	0.133284556	0.348976243	17.89631513	0.117094827	3.522407802	21.884794
1	1.2	4.2	21	0.164959967	0.407001648	18.09941987	0.115205725	3.265532879	21.88716012
1	1.2	4.2	20	0.166098401	0.387664663	18.12652895	0.115218816	3.27042589	21.89983832
1	1.3	3.7	17	0.215540555	0.329628527	18.3950521	0.111975195	3.063593112	21.90024893
1	1.2	4.2	19	0.167265312	0.368323284	18.1543387	0.11523191	3.275445364	21.91333926
1	1.1	4.7	17	0.135207857	0.329626139	17.93838198	0.117108137	3.530690845	21.91580711
1	1.3	3.7	16	0.217134361	0.310273884	18.43509002	0.111987925	3.070263802	21.92761563
1	1.4	3.3	27	0.24976565	0.522940193	18.44520704	0.109130661	2.852524434	21.92980232
1	1.4	3.3	26	0.250334867	0.503629222	18.46195069	0.109143054	2.855114821	21.92983779
1	1.2	4.2	18	0.168567675	0.348977508	18.18518911	0.115245008	3.28101366	21.93042529
1	1.4	3.3	28	0.249297565	0.542246779	18.43096634	0.109118271	2.850321276	21.93265267
1	1.4	3.3	25	0.2510089	0.484313864	18.48130148	0.109155449	2.858108555	21.93287935
1	1.4	3.3	29	0.248842192	0.561548982	18.41705799	0.109105884	2.848169534	21.93588239
1	1.4	3.3	24	0.25169196	0.464994119	18.50091531	0.109167847	2.861142983	21.93622026
1	1.4	3.3	30	0.248386818	0.580846803	18.40317062	0.1090935	2.846021039	21.93913196
1	1.4	3.3	23	0.252469093	0.445669985	18.52289387	0.109180248	2.864543256	21.94228736
1	1.4	3.3	22	0.253265996	0.42634146	18.5454142	0.109192652	2.868027344	21.94897565
1	1.2	4.2	17	0.17004547	0.329627333	18.21998653	0.115258108	3.287294364	21.95216634
1	1.1	4.7	16	0.13736028	0.310271635	17.98541329	0.117121451	3.539951398	21.95275778
1	1.4	3.3	21	0.2540629	0.407008542	18.56798937	0.109205059	2.871519918	21.95572289
1	1.3	3.7	15	0.218768576	0.290914838	18.47625634	0.112000658	3.077122492	21.95629433
1	1.4	3.3	20	0.254878795	0.387671231	18.59109209	0.109217468	2.875094107	21.96307489
1	1.4	3.3	19	0.256005627	0.368329525	18.62201089	0.109229881	2.879877512	21.97944781
1	1.2	4.2	16	0.171854376	0.310272759	18.26220103	0.115271211	3.294913802	21.98265881
1	1.1	4.7	15	0.139587052	0.29091273	18.03424723	0.117134767	3.54956689	21.99186161
1	1.4	3.3	18	0.257293391	0.348983421	18.65706426	0.109242296	2.88530057	22.00059055
1	1.2	4.2	15	0.174065113	0.290913784	18.31349988	0.115284317	3.304172903	22.02387088
1	1.4	3.3	17	0.258773355	0.32963292	18.69708518	0.109254714	2.891492151	22.02746497
1	1.4	3.3	16	0.260301638	0.310278019	18.73849947	0.109267135	2.897899298	22.05594392
1	1.4	3.3	15	0.262028331	0.290918716	18.78513632	0.109279558	2.905114421	22.09044902
1	1.1	4.8	25	0.119022229	0.48430356	17.96547858	0.118563124	3.536026216	22.10437148
1	1.1	4.8	26	0.118343817	0.503618508	17.9493876	0.11854966	3.532857872	22.10441364
1	1.1	4.8	24	0.119705289	0.464984225	17.98169311	0.11857659	3.539218887	22.10447281
1	1.1	4.8	23	0.120430842	0.445660501	17.99880393	0.11859006	3.542588039	22.10564253
1	1.1	4.8	27	0.1177746	0.522929069	17.93553754	0.1185362	3.53013077	22.10713358
1	1.1	4.8	28	0.117205383	0.542235246	17.92170885	0.118522743	3.527407875	22.10987472
1	1.1	4.8	22	0.121296339	0.426332386	18.01880869	0.118603532	3.546527014	22.11027162
1	1.1	4.8	29	0.116636167	0.56153704	17.90790148	0.118509288	3.524689177	22.11263698
1	1.3	3.8	27	0.196213727	0.522932854	18.41275395	0.113703176	3.066542406	22.11593239
1	1.3	3.8	28	0.195616667	0.54223917	18.39654294	0.113690267	3.0638415	22.11631388
1	1.3	3.8	26	0.196896788	0.503622153	18.43096006	0.113716087	3.069575711	22.11787401
1	1.1	4.8	30	0.116169374	0.580834452	17.89618122	0.118495837	3.522381437	22.11789295
1	1.3	3.8	29	0.195161293	0.561541103	18.38358344	0.113677361	3.061682328	22.12048424
1	1.3	3.8	25	0.197632433	0.484307066	18.45040724	0.113729002	3.072815793	22.1212591
1	1.3	3.8	30	0.19470592	0.580838654	18.3706422	0.113664458	3.059526198	22.12467151
1	1.1	4.8	21	0.122572069	0.406999879	18.04726963	0.118617008	3.552131026	22.12501754
1	1.3	3.8	24	0.198429337	0.464987591	18.47130244	0.113741919	3.076297126	22.12632907
1	1.3	3.8	23	0.19922624	0.445663728	18.49224503	0.11375484	3.079786357	22.13144996
1	1.3	3.8	22	0.200042691	0.426335473	18.51368621	0.113767763	3.083358656	22.13714811
1	1.2	4.3	28	0.150435597	0.542237208	18.19720598	0.116820196	3.283182624	22.139446
1	1.2	4.3	27	0.151118658	0.522930961	18.21422909	0.11683346	3.286255184	22.1402487
1	1.2	4.3	29	0.149834185	0.561539071	18.18195407	0.116806935	3.280429756	22.14072983
1	1.2	4.3	26	0.151889341	0.50362033	18.23316134	0.116846727	3.289672328	22.14330072
1	1.1	4.8	20	0.124059198	0.387662978	18.08017213	0.118630487	3.558609589	22.14507518
1	1.2	4.3	30	0.149356994	0.580836553	18.16937031	0.116793677	3.278158471	22.14515901
1	1.3	3.8	21	0.200995971	0.407002827	18.53834234	0.113780689	3.087466595	22.14659245
1	1.2	4.3	25	0.152686245	0.484305313	18.25269597	0.116859997	3.2931982	22.14705948
1	1.2	4.3	24	0.153483148	0.464985908	18.27227251	0.11687327	3.296731637	22.15086333
1	1.3	3.8	20	0.202020561	0.387665786	18.56471864	0.113793619	3.091861131	22.15803918
1	1.2	4.3	23	0.15448863	0.445662114	18.29639007	0.116886546	3.301084697	22.16002343
1	1.1	4.8	19	0.125653005	0.368321683	18.11539956	0.118643969	3.565545936	22.16791115
1	1.3	3.8	19	0.203145056	0.368324351	18.59349503	0.113806551	3.096655545	22.17228148
1	1.2	4.3	22	0.155627063	0.42633393	18.32344789	0.116899825	3.305968453	22.1726501
1	1.2	4.3	21	0.156765497	0.407001353	18.35058588	0.116913107	3.310866682	22.18536703
1	1.3	3.8	18	0.204397333	0.348978519	18.62534451	0.113819486	3.101961963	22.19010447
1	1.1	4.8	18	0.127340671	0.348975991	18.1527124	0.118657454	3.572892903	22.19323874
1	1.2	4.3	20	0.15790393	0.387664382	18.37780442	0.116926393	3.315779446	22.19817464
1	1.3	3.8	17	0.205674105	0.329628289	18.65787736	0.113832424	3.107382237	22.20872031
1	1.2	4.3	19	0.159118036	0.368323017	18.4067561	0.116939681	3.321005033	22.21302383
1	1.4	3.4	29	0.23604254	0.561546821	18.65823118	0.111109257	2.885481103	22.21636836
1	1.4	3.4	28	0.236663831	0.542244692	18.6761287	0.111121871	2.888250004	22.21774527
1	1.4	3.4	30	0.235567095	0.580844568	18.64390918	0.111096645	2.883265366	22.21911576
1	1.4	3.4	27	0.237346891	0.52293818	18.6955689	0.111134489	2.891257569	22.22089914
1	1.1	4.8	17	0.129126704	0.3296259	18.19222956	0.118670941	3.580673906	22.2212003
1	1.4	3.4	26	0.238118944	0.503627283	18.71722762	0.111147109	2.89460836	22.22661037
1	1.2	4.3	18	0.160539061	0.348977255	18.44033286	0.116952972	3.327065416	22.2333285
1	1.4	3.4	25	0.238931824	0.484312	18.7399383	0.111159732	2.898121897	22.23353192
1	1.3	3.8	16	0.207319735	0.310273659	18.69920278	0.113845365	3.114267435	22.23758923
1	1.4	3.4	24	0.239842571	0.464992329	18.76511159	0.111172357	2.902016422	22.2432927
1	1.4	3.4	23	0.240753318	0.445668269	18.79035263	0.111184986	2.905921428	22.25312731
1	1.1	4.8	16	0.131224074	0.31027141	18.23843978	0.118684432	3.589772785	22.25716841
1	1.2	4.3	17	0.162215457	0.329627094	18.4796513	0.116966266	3.334162134	22.26040679
1	1.4	3.4	22	0.241664064	0.426339818	18.81566169	0.111197618	2.909836958	22.26303609
1	1.4	3.4	21	0.242574811	0.407006975	18.84103905	0.111210252	2.913763054	22.27301933
1	1.3	3.8	15	0.209223343	0.290914628	18.74681338	0.113858309	3.122199803	22.27378612
1	1.4	3.4	20	0.243485558	0.387669738	18.86648498	0.111222889	2.917699758	22.28307737
1	1.2	4.3	16	0.164133843	0.310272535	18.52448824	0.116979563	3.342254905	22.29399525
1	1.4	3.4	19	0.244511987	0.368328106	18.89488487	0.11123553	2.922093466	22.29654197
1	1.1	4.8	15	0.133514583	0.290912519	18.2889535	0.118697927	3.599719031	22.29828298
1	1.4	3.4	18	0.245870077	0.348982077	18.93167189	0.111248173	2.927784734	22.31968688
1	1.2	4.3	15	0.166474159	0.290913573	18.57892518	0.116992864	3.352080412	22.33891203
1	1.4	3.4	17	0.247236197	0.32963165	18.96880437	0.111260819	2.933529449	22.34322629
1	1.5	3	28	0.289603813	0.542253039	18.96698668	0.107397775	2.737698354	22.35433585
1	1.5	3	27	0.29017303	0.522946231	18.98516445	0.10740997	2.740323127	22.35584378
1	1.5	3	29	0.289134324	0.561555464	18.95149042	0.107385584	2.735460776	22.35589224
1	1.5	3	26	0.290742247	0.503635038	19.00337711	0.107422167	2.742952938	22.35738725
1	1.5	3	30	0.28867895	0.580853507	18.93639356	0.107373395	2.733280869	22.35790133
1	1.5	3	25	0.291343441	0.484319458	19.02247987	0.107434367	2.745711276	22.35994497
1	1.5	3	24	0.292026501	0.46499949	19.04381507	0.10744657	2.748791966	22.36505309
1	1.5	3	23	0.292709561	0.445675133	19.0651982	0.107458776	2.751879576	22.37021168
1	1.4	3.4	16	0.248738091	0.310276823	19.00951017	0.111273467	2.939826986	22.37088745
1	1.5	3	22	0.293438163	0.426346386	19.08785562	0.107470984	2.755151188	22.37682418
1	1.5	3	21	0.294312923	0.407013245	19.11451276	0.107483196	2.759000338	22.38800954
1	1.5	3	20	0.295298509	0.387675711	19.14424587	0.10749541	2.763293641	22.40271063
1	1.4	3.4	15	0.250452476	0.290917595	19.05578062	0.111286119	2.946985422	22.40496975
1	1.3	3.9	25	0.187539224	0.484306715	18.70128687	0.115580614	3.114614665	22.41578887
1	1.1	4.9	25	0.113435465	0.48430321	18.22438699	0.120121962	3.587005764	22.41581793
1	1.1	4.9	24	0.114118525	0.464983888	18.24073181	0.120135606	3.59022409	22.4160754
1	1.1	4.9	26	0.11278561	0.503618143	18.2087507	0.120108322	3.58392695	22.41640412
1	1.3	3.9	26	0.186954984	0.503621788	18.68528588	0.115567489	3.11194875	22.4164239
1	1.1	4.9	23	0.114807015	0.445660178	18.25721767	0.120149252	3.593470187	22.41649729
1	1.3	3.9	27	0.186429961	0.522932475	18.6706662	0.115554367	3.109512977	22.41866602
1	1.5	3	19	0.296323099	0.368333782	19.17513149	0.107507626	2.767753361	22.41872626
1	1.1	4.9	27	0.112216393	0.522928691	18.19478815	0.120094684	3.581177698	22.41898922
1	1.1	4.9	22	0.115610324	0.426332077	18.2760993	0.120162902	3.597188015	22.41978229
1	1.3	3.9	24	0.188331007	0.464987255	18.72208592	0.115593742	3.118079979	22.4207469
1	1.1	4.9	28	0.111647177	0.542234854	18.18084701	0.12008105	3.57843266	22.42159557
1	1.3	3.9	28	0.185974587	0.542238777	18.65765963	0.115541248	3.107345962	22.42278562
1	1.1	4.9	29	0.111139408	0.561536633	18.16817856	0.120067419	3.57593822	22.42572084
1	1.3	3.9	29	0.185519214	0.561540696	18.64467118	0.115528132	3.105181966	22.42692198
1	1.3	3.9	23	0.189201896	0.445663405	18.74475437	0.115606873	3.121856753	22.4278814
1	1.1	4.9	21	0.116739355	0.406999584	18.30174906	0.120176555	3.602238501	22.4311637
1	1.3	3.9	30	0.185164109	0.580838234	18.63398425	0.11551502	3.103401425	22.43373893
1	1.5	3	18	0.297347689	0.348987455	19.20611697	0.107519846	2.7722275	22.43485177
1	1.1	4.9	30	0.110911721	0.580834031	18.1612257	0.120053791	3.574569189	22.43668271
1	1.3	3.9	22	0.190204229	0.426335165	18.7705151	0.115620006	3.126148729	22.438619
1	1.2	4.4	27	0.143512487	0.522930583	18.472693	0.118536543	3.332906207	22.44706633
1	1.2	4.4	28	0.142886499	0.542236815	18.45680541	0.118523086	3.330038601	22.44760391
1	1.2	4.4	26	0.144195548	0.503619966	18.48983682	0.118550004	3.336000554	22.44800735
1	1.1	4.9	20	0.11813476	0.387662698	18.33299315	0.120190211	3.608390519	22.44923658
1	1.2	4.4	29	0.142317282	0.561538665	18.44216121	0.118509631	3.327395422	22.44960493
1	1.2	4.4	25	0.144913573	0.484304963	18.50776685	0.118563467	3.339236806	22.44987209
1	1.5	3	17	0.298372279	0.32963673	19.23720278	0.107532068	2.776716126	22.4510877
1	1.3	3.9	21	0.191308878	0.407002532	18.79871824	0.115633143	3.130847634	22.45220155
1	1.2	4.4	24	0.145710477	0.464985572	18.52743695	0.118576934	3.342787127	22.45378658
1	1.2	4.4	30	0.141869984	0.580836132	18.43014823	0.11849618	3.325227157	22.4547077
1	1.2	4.4	23	0.146589969	0.445661792	18.54893851	0.118590403	3.346668017	22.45985873
1	1.3	3.9	20	0.192447312	0.387665506	18.82779183	0.115646283	3.135691563	22.46679518
1	1.2	4.4	22	0.147637675	0.426333621	18.57414463	0.118603876	3.351217554	22.47029968
1	1.5	3	16	0.299499429	0.310281606	19.27120395	0.107544293	2.781625715	22.47065556
1	1.1	4.9	19	0.119811485	0.368321416	18.37019971	0.12020387	3.615716561	22.47444156
1	1.3	3.9	19	0.193585745	0.368324084	18.85695552	0.115659426	3.140550504	22.48148953
1	1.2	4.4	21	0.148832462	0.407001058	18.60262466	0.118617352	3.356358011	22.48460108
1	1.3	3.9	18	0.194728678	0.348978266	18.886315	0.115672571	3.145442066	22.49640791
1	1.2	4.4	20	0.150084739	0.387664102	18.63244923	0.118630831	3.361741149	22.50048532
1	1.1	4.9	18	0.121519135	0.348975738	18.40820422	0.120217532	3.62319972	22.50059721
1	1.5	3	15	0.301019477	0.29092208	19.31615367	0.107556521	2.788116216	22.50274848
1	1.3	3.9	17	0.1961626	0.32962805	18.92259817	0.11568572	3.151487179	22.51939912
1	1.2	4.4	19	0.151464548	0.36832275	18.66516772	0.118644312	3.367646618	22.5197814
1	1.1	4.9	17	0.123242437	0.329625661	18.44669496	0.120231197	3.630778618	22.52733044
1	1.4	3.5	30	0.224719797	0.580842333	18.92455742	0.113094963	2.926684064	22.54517878
1	1.2	4.4	18	0.153154531	0.348977002	18.70483412	0.118657797	3.374806142	22.54727507
1	1.4	3.5	29	0.225402858	0.56154466	18.94394781	0.113107801	2.929683924	22.54828419
1	1.3	3.9	16	0.197850261	0.310273434	18.96500561	0.115698872	3.158552651	22.54953057
1	1.4	3.5	28	0.226085918	0.542242605	18.96337799	0.113120642	2.932689941	22.55143118
1	1.4	3.5	27	0.226768978	0.522936167	18.98284808	0.113133487	2.935702132	22.55461987
1	1.4	3.5	26	0.227503468	0.503625344	19.00361873	0.113146334	2.938915529	22.55930593
1	1.1	4.9	16	0.125228131	0.310271186	18.49088084	0.120244865	3.639478899	22.56087579
1	1.4	3.5	25	0.228300371	0.484310135	19.02596817	0.113159184	2.94237318	22.56581067
1	1.4	3.5	24	0.229097275	0.464990539	19.04837027	0.113172037	2.945838977	22.57237182
1	1.2	4.4	17	0.154976024	0.329626856	18.74758045	0.118671285	3.382521571	22.57840016
1	1.4	3.5	23	0.229954385	0.445666553	19.07231149	0.113184892	2.949542891	22.58070583
1	1.3	3.9	15	0.199788426	0.290914417	19.01354215	0.115712026	3.166639289	22.58680788
1	1.4	3.5	22	0.230865132	0.426338176	19.09764063	0.113197751	2.953461527	22.59063808
1	1.4	3.5	21	0.231775879	0.407005407	19.12303716	0.113210613	2.957390589	22.60064377
1	1.1	4.9	15	0.127534896	0.290912308	18.54208736	0.120258537	3.649561559	22.60281976
1	1.4	3.5	20	0.232686625	0.387668245	19.14850135	0.113223477	2.961330119	22.61072319
1	1.2	4.4	16	0.156855345	0.31027231	18.7918088	0.118684776	3.390504496	22.61127039
1	1.4	3.5	19	0.233597372	0.368326687	19.17403348	0.113236345	2.965280158	22.62087667
1	1.4	3.5	18	0.234741114	0.348980732	19.20546495	0.113249215	2.970142877	22.63783777
1	1.2	4.4	15	0.159199964	0.290913363	18.84665053	0.118698271	3.400403064	22.65666523
1	1.5	3.1	28	0.27601019	0.542250952	19.23240702	0.109548965	2.776023644	22.66023058
1	1.5	3.1	27	0.2765534	0.522944218	19.2498048	0.109561404	2.778535791	22.66084621
1	1.5	3.1	26	0.277122617	0.503633099	19.2679246	0.109573845	2.781152194	22.66228374
1	1.5	3.1	29	0.275554817	0.561553303	19.21736044	0.109536529	2.773850997	22.66230127
1	1.4	3.5	17	0.236174757	0.32963038	19.24428383	0.113262089	2.976148492	22.66332479
1	1.5	3.1	25	0.277691834	0.484317593	19.28607856	0.10958629	2.78377353	22.66375597
1	1.5	3.1	30	0.275099443	0.580851272	19.20233739	0.109524096	2.771681749	22.66439451
1	1.5	3.1	24	0.278261051	0.4649977	19.30426677	0.109598737	2.786399812	22.66526302
1	1.5	3.1	23	0.278859515	0.445673417	19.32327036	0.109611187	2.78914383	22.6676988
1	1.5	3.1	22	0.279542575	0.426344744	19.34457529	0.10962364	2.792220148	22.67276382
1	1.5	3.1	21	0.280250686	0.407011678	19.36659925	0.109636096	2.795400291	22.67864731
1	1.5	3.1	20	0.281161433	0.387674218	19.39412309	0.109648554	2.799374587	22.69082045
1	1.4	3.5	16	0.237768564	0.310275627	19.28730304	0.113274965	2.982803934	22.69365756
1	1.5	3.1	19	0.282122347	0.368332363	19.42307879	0.109661016	2.803555638	22.70462781
1	1.3	4	25	0.177876158	0.484306365	18.95590719	0.117428447	3.15703677	22.71467877
1	1.3	4	26	0.177289176	0.503621424	18.93981528	0.117415112	3.154355708	22.71520752
1	1.3	4	27	0.176833803	0.522932097	18.92676538	0.11740178	3.152181474	22.71928073
1	1.3	4	24	0.178679012	0.464986918	18.97699716	0.117441784	3.160550554	22.71997641
1	1.5	3.1	18	0.283202059	0.348986111	19.45533667	0.10967348	2.808213504	22.72220977
1	1.3	4	28	0.17641705	0.542238385	18.91461709	0.117388452	3.150157457	22.72440138
1	1.4	3.5	15	0.239418823	0.290916473	19.33194691	0.113287844	2.989710725	22.72586195
1	1.1	5	25	0.108074052	0.484302859	18.48471578	0.121678331	3.638264988	22.72896196
1	1.1	5	24	0.108757112	0.464983552	18.50119468	0.121692152	3.641509715	22.7293801
1	1.1	5	23	0.109440172	0.445659855	18.51770301	0.121705975	3.644760236	22.72982908
1	1.1	5	26	0.107452755	0.503617779	18.46954007	0.121664514	3.635276862	22.73009922
1	1.3	4	23	0.179671872	0.445663082	19.00252113	0.117455125	3.164803084	22.73044242
1	1.3	4	29	0.17607552	0.56154029	18.9042035	0.117375126	3.148422456	22.73154137
1	1.1	5	22	0.110205443	0.426331769	18.53594862	0.121719802	3.64835283	22.73235302
1	1.1	5	27	0.106899226	0.522928312	18.45578489	0.1216507	3.632568443	22.73293235
1	1.1	5	28	0.106443853	0.542234461	18.44406898	0.121636889	3.630261557	22.73820188
1	1.3	4	30	0.17573399	0.580837813	18.89380137	0.117361804	3.146689365	22.73869036
1	1.1	5	21	0.111169555	0.40699929	18.5583702	0.121733631	3.652767681	22.7398708
1	1.5	3.1	17	0.284351022	0.32963546	19.48958306	0.109685947	2.813158501	22.74206297
1	1.3	4	22	0.180714561	0.426334856	19.02926781	0.117468469	3.169259329	22.74233046
1	1.1	5	29	0.106092257	0.561536227	18.43450011	0.121623082	3.628377429	22.74603685
1	1.2	4.5	25	0.137483359	0.484304612	18.76567897	0.120263907	3.385788235	22.75603573
1	1.1	5	20	0.112501048	0.387662417	18.58851866	0.121747464	3.658703969	22.75663251
1	1.1	5	30	0.10586457	0.580833611	18.42748499	0.121609277	3.626996138	22.75692401
1	1.2	4.5	26	0.13689947	0.503619601	18.75055898	0.120250251	3.383059177	22.75748801
1	1.2	4.5	24	0.138193335	0.464985235	18.7835627	0.120277567	3.389016129	22.75784163
1	1.3	4	21	0.181893653	0.407002237	19.05925832	0.117481816	3.174256026	22.7579984
1	1.2	4.5	27	0.136362748	0.522930204	18.73648307	0.120236597	3.380518567	22.76016844
1	1.2	4.5	23	0.139101428	0.445661469	18.80579469	0.12029123	3.393028855	22.76477624
1	1.2	4.5	28	0.135907375	0.542236423	18.72418457	0.120222947	3.37829877	22.76494271
1	1.5	3.1	16	0.285707065	0.31028041	19.52959753	0.109698417	2.818936378	22.76851273
1	1.2	4.5	29	0.135452001	0.561538258	18.71190222	0.120209299	3.376081886	22.76973166
1	1.2	4.5	30	0.135042844	0.580835712	18.70063129	0.120195655	3.374047558	22.77571021
1	1.3	4	20	0.183145929	0.387665225	19.09104934	0.117495166	3.179552705	22.77576243
1	1.2	4.5	22	0.140224198	0.426333312	18.8327674	0.120304896	3.397897251	22.77730286
1	1.1	5	19	0.11409746	0.368321149	18.62431993	0.1217613	3.665753306	22.78015569
1	1.3	4	19	0.184398206	0.368323817	19.12294663	0.117508518	3.18486709	22.79364606
1	1.2	4.5	21	0.141592119	0.407000763	18.86518941	0.120318565	3.403749209	22.79625795
1	1.5	3.1	15	0.287147967	0.290920958	19.57210136	0.10971089	2.825073707	22.79780691
1	1.1	5	18	0.11580511	0.348975485	18.6626018	0.121775139	3.673291077	22.8066435
1	1.3	4	18	0.185759532	0.348978013	19.15751005	0.117521874	3.190625675	22.81463561
1	1.2	4.5	20	0.143072083	0.387663821	18.90018788	0.120332237	3.410066201	22.81825014
1	1.1	5	17	0.11751276	0.329625423	18.70104143	0.121788982	3.680859912	22.83331575
1	1.3	4	17	0.18715524	0.329627811	19.19300867	0.117535233	3.196540074	22.83671178
1	1.2	4.5	19	0.144552046	0.368322483	18.93531649	0.120345912	3.416406683	22.84039157
1	1.3	4	16	0.18876884	0.310273209	19.23379304	0.117548595	3.203335128	22.86494997
1	1.1	5	16	0.119419115	0.310270961	18.74386009	0.121802827	3.689290986	22.86522486
1	1.2	4.5	18	0.146183761	0.348976749	18.97394	0.12035959	3.423377971	22.86665431
1	1.4	3.6	30	0.214439636	0.580840098	19.21128926	0.115088658	2.971043948	22.87826196
1	1.4	3.6	29	0.215038115	0.561542499	19.22865276	0.115101722	2.973730231	22.87902721
1	1.4	3.6	28	0.215721176	0.542240518	19.24811524	0.11511479	2.976741244	22.88221179
1	1.4	3.6	27	0.216404236	0.522934155	19.26761717	0.11512786	2.97975836	22.88543754
1	1.4	3.6	26	0.217101163	0.503623406	19.28749908	0.115140934	2.982834264	22.88909768
1	1.4	3.6	25	0.217898067	0.484308271	19.30988163	0.11515401	2.986297037	22.89564095
1	1.2	4.5	17	0.147990699	0.329626617	19.01662318	0.120373272	3.431082001	22.89770507
1	1.4	3.6	24	0.21869497	0.464988749	19.33231621	0.11516709	2.989767859	22.9022399
1	1.3	4	15	0.190776982	0.290914206	19.28413039	0.11756196	3.211721797	22.90432835
1	1.1	5	15	0.121698435	0.290912098	18.79483835	0.121816676	3.699328701	22.90689583
1	1.4	3.6	23	0.219491874	0.445664837	19.35480299	0.115180172	2.993246758	22.90889476
1	1.4	3.6	22	0.220288777	0.426336534	19.37734217	0.115193257	2.996733763	22.91560573
1	1.4	3.6	21	0.221142377	0.40700384	19.40134206	0.115206346	3.000446752	22.923999
1	1.4	3.6	20	0.222053124	0.387666751	19.42682456	0.115219437	3.004389114	22.93409986
1	1.2	4.5	16	0.150025294	0.310272085	19.06459349	0.120386956	3.439740325	22.93499286
1	1.4	3.6	19	0.222991591	0.368325268	19.4530663	0.115232531	3.008448938	22.94507304
1	1.5	3.2	27	0.262939251	0.522942205	19.50484144	0.111707097	2.815361731	22.95485248
1	1.5	3.2	28	0.262433603	0.542248866	19.48852575	0.111694415	2.813005832	22.95547486
1	1.5	3.2	26	0.263508467	0.50363116	19.52286307	0.111719782	2.817963959	22.95617798
1	1.5	3.2	25	0.264077684	0.484315729	19.54091805	0.11173247	2.820571002	22.95753725
1	1.5	3.2	29	0.261978229	0.561551142	19.4735582	0.111681735	2.810844597	22.95763568
1	1.5	3.2	24	0.264646901	0.46499591	19.55900646	0.111745161	2.823182873	22.95893041
1	1.5	3.2	30	0.261522856	0.580849037	19.45861364	0.111669059	2.808686681	22.95981841
1	1.5	3.2	23	0.265216118	0.445671701	19.57712841	0.111757855	2.825799586	22.96035755
1	1.4	3.6	18	0.224120087	0.348979388	19.48413825	0.115245628	3.013256035	22.9616193
1	1.5	3.2	22	0.265862824	0.426343102	19.59734577	0.111770552	2.828718866	22.96417829
1	1.5	3.2	21	0.2665919	0.40701011	19.61980155	0.111783252	2.831961362	22.97055628
1	1.2	4.5	15	0.152342273	0.290913152	19.11916166	0.120400644	3.449589518	22.98006497
1	1.5	3.2	20	0.267483932	0.387672725	19.64666606	0.111795954	2.835840454	22.98197519
1	1.4	3.6	17	0.225598907	0.329629109	19.52411767	0.115258729	3.019441197	22.98844671
1	1.5	3.2	19	0.268542187	0.368330944	19.67806298	0.11180866	2.840374003	22.99857658
1	1.3	4.1	26	0.167930144	0.503621059	19.19550129	0.119259097	3.196955368	23.01533681
1	1.4	3.6	16	0.227130638	0.310274431	19.56559802	0.115271832	3.025858563	23.01700284
1	1.3	4.1	27	0.167386784	0.522931718	19.18040346	0.119245556	3.194439929	23.01702066
1	1.5	3.2	18	0.269680621	0.348984766	19.71171873	0.111821368	2.845233715	23.01775858
1	1.3	4.1	28	0.166987007	0.542237993	19.16862065	0.119232018	3.192476805	23.02256747
1	1.3	4.1	25	0.168807478	0.484306014	19.2183165	0.119272641	3.200756593	23.02265175
1	1.3	4.1	29	0.166645477	0.561539884	19.15818618	0.119218483	3.190738326	23.02968288
1	1.3	4.1	24	0.16986854	0.464986582	19.24543118	0.119286188	3.20527415	23.0349781
1	1.3	4.1	30	0.166320904	0.580837393	19.14815101	0.119204952	3.189066372	23.03725972
1	1.5	3.2	17	0.270944353	0.32963419	19.74887526	0.111834079	2.850598921	23.04094245
1	1.3	4.1	23	0.171006974	0.44566276	19.27441584	0.119299739	3.210103264	23.0494816
1	1.4	3.6	15	0.228814872	0.290915352	19.6111246	0.115284938	3.032901918	23.05022681
1	1.3	4.1	22	0.172145407	0.426334547	19.30348797	0.119313292	3.214946951	23.06408276
1	1.5	3.2	16	0.272428281	0.310279214	19.79214689	0.111846793	2.856847116	23.07112002
1	1.2	4.6	25	0.130779494	0.484304261	19.03504013	0.121961417	3.434406139	23.07571195
1	1.2	4.6	26	0.130182687	0.503619237	19.01953938	0.121947568	3.431608356	23.07671454
1	1.2	4.6	24	0.131465328	0.464984898	19.05251302	0.12197527	3.43755988	23.07703307
1	1.3	4.1	21	0.173283841	0.407001942	19.33264797	0.119326848	3.219805277	23.07878204
1	1.2	4.6	27	0.129674846	0.522929826	19.00599985	0.121933722	3.429164561	23.08002796
1	1.2	4.6	23	0.132329603	0.445661146	19.07392849	0.121989125	3.44142523	23.08300399
1	1.2	4.6	28	0.129219473	0.542236031	18.9936199	0.121919879	3.426930062	23.08470588
1	1.2	4.6	29	0.1287641	0.561537852	18.98125608	0.121906039	3.424698474	23.08939844
1	1.3	4.1	20	0.174422274	0.387664944	19.36189624	0.119340408	3.224678309	23.0935799
1	1.2	4.6	30	0.128373678	0.580835292	18.9703165	0.121892202	3.422723952	23.09576794
1	1.2	4.6	22	0.133589941	0.426333003	19.10409706	0.122002984	3.446870458	23.09930351
1	1.5	3.2	15	0.274174096	0.290919837	19.84275055	0.11185951	2.864154015	23.10968391
1	1.3	4.1	19	0.175684041	0.368323551	19.39412728	0.11935397	3.230048299	23.1118531
1	1.2	4.6	21	0.13499517	0.407000469	19.13755787	0.122016846	3.452909912	23.1194851
1	1.3	4.1	18	0.177050161	0.34897776	19.42892346	0.119367536	3.235845665	23.13311442
1	1.2	4.6	20	0.136475134	0.38766354	19.17279114	0.122030711	3.459269284	23.14175467
1	1.3	4.1	17	0.178492895	0.329627572	19.46565597	0.119381105	3.241965642	23.15663028
1	1.2	4.6	19	0.137955097	0.368322216	19.20815443	0.12204458	3.465652124	23.16417335
1	1.3	4.1	16	0.180109933	0.310272984	19.50666526	0.119394676	3.24879817	23.18513109
1	1.2	4.6	18	0.13948925	0.348976496	19.24485757	0.122058451	3.472276797	23.18816931
1	1.4	3.7	29	0.205004266	0.561541509	19.51409875	0.117091455	3.017891182	23.21062289
1	1.4	3.7	30	0.204435049	0.580839074	19.49741303	0.117078164	3.015309758	23.21064002
1	1.4	3.7	28	0.205616208	0.542239562	19.53185949	0.117104748	3.020638922	23.21184272
1	1.4	3.7	27	0.206299268	0.522933232	19.55139786	0.117118044	3.023661676	23.21511081
1	1.4	3.7	26	0.206982328	0.503622518	19.57097537	0.117131344	3.026690485	23.21841972
1	1.2	4.6	17	0.141404093	0.329626378	19.29023233	0.122072325	3.480466641	23.22239768
1	1.4	3.7	25	0.207755537	0.484307417	19.59281374	0.117144646	3.030069069	23.22433487
1	1.3	4.1	15	0.182155235	0.290913995	19.55806421	0.119408251	3.257361711	23.22574816
1	1.4	3.7	24	0.20855244	0.464987928	19.61528623	0.117157952	3.033545757	23.23097787
1	1.4	3.7	23	0.209349344	0.44566405	19.63781035	0.11717126	3.037030433	23.2376761
1	1.4	3.7	22	0.210146247	0.426335782	19.66038628	0.117184572	3.040523123	23.24442976
1	1.4	3.7	21	0.210943151	0.407003121	19.6830142	0.117197886	3.044023857	23.25123906
1	1.5	3.3	27	0.24976565	0.522940193	19.76221033	0.113847316	2.852524434	23.25152227
1	1.5	3.3	26	0.250334867	0.503629222	19.78014995	0.113860245	2.855114821	23.25275424
1	1.5	3.3	28	0.249297565	0.542246779	19.74695244	0.113834391	2.850321276	23.25335488
1	1.5	3.3	29	0.248842192	0.561548982	19.73205063	0.113821469	2.848169534	23.25559062
1	1.5	3.3	25	0.2510089	0.484313864	19.80088294	0.113873176	2.858108555	23.25717854
1	1.5	3.3	30	0.248386818	0.580846803	19.71717131	0.113808549	2.846021039	23.2578477
1	1.4	3.7	20	0.211858301	0.387666067	19.70864279	0.117211204	3.04798882	23.26150888
1	1.5	3.3	24	0.25169196	0.464994119	19.82189776	0.11388611	2.861142983	23.26192097
1	1.2	4.6	16	0.143567117	0.31027186	19.34141365	0.122086203	3.48970453	23.26347624
1	1.5	3.3	23	0.252469093	0.445669985	19.84544622	0.113899047	2.864543256	23.26955851
1	1.5	3.3	22	0.253265996	0.42634146	19.86957514	0.113911987	2.868027344	23.27785593
1	1.4	3.7	19	0.212990213	0.368324618	19.73975963	0.117224525	3.052802864	23.27811164
1	1.5	3.3	21	0.2540629	0.407008542	19.89376283	0.11392493	2.871519918	23.28621622
1	1.4	3.7	18	0.214128647	0.348978772	19.77113859	0.117237848	3.057657458	23.29501267
1	1.5	3.3	20	0.254878795	0.387671231	19.91851574	0.113937876	2.875094107	23.29521895
1	1.2	4.6	15	0.145817105	0.290912941	19.39483807	0.122100084	3.499347285	23.30719838
1	1.5	3.3	19	0.256005627	0.368329525	19.95164303	0.113950824	2.879877512	23.31380089
1	1.4	3.7	17	0.215540555	0.329628527	19.80950526	0.117251175	3.063593112	23.31997807
1	1.3	4.2	29	0.157694444	0.561539477	19.41749872	0.121058336	3.233942198	23.33403873
1	1.3	4.2	28	0.158343951	0.5422376	19.43504556	0.121072079	3.236865665	23.33522091
1	1.5	3.3	18	0.257293391	0.348983421	19.98920021	0.113963776	2.88530057	23.33744797
1	1.3	4.2	27	0.159045541	0.52293134	19.45382471	0.121085826	3.239994444	23.33783631
1	1.3	4.2	30	0.157277296	0.580836973	19.4053117	0.121044595	3.231911728	23.339105
1	1.3	4.2	26	0.159842444	0.503620695	19.47484184	0.121099576	3.243496094	23.34305821
1	1.3	4.2	25	0.160639348	0.484305664	19.49590446	0.121113329	3.247005321	23.34832877
1	1.4	3.7	16	0.217134361	0.310273884	19.85262302	0.117264505	3.070263802	23.35042521
1	1.3	4.2	24	0.161548475	0.464986245	19.51961685	0.121127085	3.250956026	23.35668621
1	1.5	3.3	17	0.258773355	0.32963292	20.03207977	0.113976731	2.891492151	23.36718157
1	1.3	4.2	23	0.1626831	0.445662437	19.54863459	0.121140845	3.25579065	23.37122853
1	1.4	3.7	15	0.218768576	0.290914838	19.89695598	0.117277837	3.077122492	23.38227115
1	1.3	4.2	22	0.163821534	0.426334238	19.57782767	0.121154607	3.260654488	23.38597101
1	1.5	3.3	16	0.260301638	0.310278019	20.07645222	0.113989688	2.897899298	23.39861922
1	1.3	4.2	21	0.164959967	0.407001648	19.60710811	0.121168373	3.265532879	23.400811
1	1.2	4.7	26	0.124156031	0.503618872	19.29955462	0.123642051	3.482149253	23.4089648
1	1.2	4.7	27	0.123562904	0.522929448	19.28403955	0.123628012	3.479348884	23.40994589
1	1.2	4.7	25	0.124839091	0.484303911	19.31707334	0.123656093	3.485311265	23.41034461
1	1.2	4.7	28	0.122993688	0.542235638	19.26907288	0.123613977	3.4766475	23.41156999
1	1.2	4.7	24	0.125522151	0.464984562	19.3346239	0.123670138	3.488479025	23.41175762
1	1.2	4.7	29	0.122470528	0.561537446	19.25513631	0.123599945	3.474132042	23.41440574
1	1.2	4.7	23	0.126284767	0.445660824	19.35396342	0.123684186	3.491969681	23.41527812
1	1.3	4.2	20	0.166098401	0.387664663	19.63647628	0.121182142	3.27042589	23.41574898
1	1.2	4.7	30	0.122098843	0.580834872	19.24452727	0.123585916	3.472217181	23.42116524
1	1.2	4.7	22	0.127283634	0.426332695	19.3785718	0.123698237	3.49641133	23.42501406
1	1.3	4.2	19	0.167265312	0.368323284	19.6666035	0.121195913	3.275445364	23.43156807
1	1.5	3.3	15	0.262028331	0.290918716	20.12642028	0.114002649	2.905114421	23.43645606
1	1.2	4.7	21	0.128630424	0.407000174	19.41096989	0.123712292	3.50225897	23.44394133
1	1.3	4.2	18	0.168567675	0.348977508	19.70002479	0.121209688	3.28101366	23.45122564
1	1.2	4.7	20	0.130108274	0.387663259	19.44639865	0.12372635	3.508653626	23.46644188
1	1.3	4.2	17	0.17004547	0.329627333	19.73772199	0.121223466	3.287294364	23.47586716
1	1.2	4.7	19	0.131687354	0.36832195	19.48422287	0.12374041	3.515480648	23.49176588
1	1.3	4.2	16	0.171854376	0.310272759	19.78345437	0.121237248	3.294913802	23.50987818
1	1.2	4.7	18	0.133284556	0.348976243	19.52260186	0.123754475	3.522407802	23.51774038
1	1.4	3.8	28	0.195616667	0.54223917	19.81111078	0.119090583	3.0638415	23.53628203
1	1.4	3.8	27	0.196213727	0.522932854	19.82856879	0.119104105	3.066542406	23.53714816
1	1.4	3.8	29	0.195161293	0.561541103	19.7971544	0.119077065	3.061682328	23.5394549
1	1.4	3.8	26	0.196896788	0.503622153	19.84817537	0.11911763	3.069575711	23.54049086
1	1.4	3.8	30	0.19470592	0.580838654	19.78321768	0.119063549	3.059526198	23.54264608
1	1.4	3.8	25	0.197632433	0.484307066	19.86911849	0.119131158	3.072815793	23.54537251
1	1.4	3.8	24	0.198429337	0.464987591	19.89162101	0.119144689	3.076297126	23.55205042
1	1.2	4.7	17	0.135207857	0.329626139	19.56849298	0.123768542	3.530690845	23.55257851
1	1.5	3.4	29	0.23604254	0.561546821	19.99045048	0.115955976	2.885481103	23.55343438
1	1.5	3.4	30	0.235567095	0.580844568	19.97510548	0.115942814	2.883265366	23.55515823
1	1.3	4.2	15	0.174065113	0.290913784	19.83902812	0.121251032	3.304172903	23.55536584
1	1.5	3.4	28	0.236663831	0.542244692	20.0096264	0.11596914	2.888250004	23.55609023
1	1.4	3.8	23	0.19922624	0.445663728	19.91417457	0.119158224	3.079786357	23.55878288
1	1.5	3.4	27	0.237346891	0.52293818	20.03045518	0.115982308	2.891257569	23.56063324
1	1.4	3.8	22	0.200042691	0.426335473	19.93726508	0.119171761	3.083358656	23.56613097
1	1.5	3.4	26	0.238118944	0.503627283	20.05366095	0.115995479	2.89460836	23.56789207
1	1.5	3.4	25	0.238931824	0.484312	20.07799382	0.116008652	2.898121897	23.57643637
1	1.4	3.8	21	0.200995971	0.407002827	19.96381783	0.119185301	3.087466595	23.57747255
1	1.5	3.4	24	0.239842571	0.464992329	20.1049652	0.116021829	2.902016422	23.58799578
1	1.4	3.8	20	0.202020561	0.387665786	19.99222307	0.119198845	3.091861131	23.59094884
1	1.2	4.7	16	0.13736028	0.310271635	19.61979987	0.123782612	3.539951398	23.59380551
1	1.5	3.4	23	0.240753318	0.445668269	20.13200918	0.116035008	2.905921428	23.59963388
1	1.4	3.8	19	0.203145056	0.368324351	20.02321303	0.119212391	3.096655545	23.60740532
1	1.5	3.4	22	0.241664064	0.426339818	20.15912603	0.116048191	2.909836958	23.61135099
1	1.6	3	28	0.289603813	0.542253039	20.23097506	0.111695275	2.737698354	23.62262173
1	1.6	3	29	0.289134324	0.561555464	20.21444571	0.111682595	2.735460776	23.62314455
1	1.5	3.4	21	0.242574811	0.407006975	20.18631605	0.116061377	2.913763054	23.62314746
1	1.6	3	30	0.28867895	0.580853507	20.19834239	0.111669918	2.733280869	23.62414669
1	1.6	3	27	0.29017303	0.522946231	20.25036468	0.111707957	2.740323127	23.62534199
1	1.4	3.8	18	0.204397333	0.348978519	20.05751247	0.119225941	3.101961963	23.62767889
1	1.6	3	26	0.290742247	0.503635038	20.26979151	0.111720642	2.742952938	23.62810013
1	1.6	3	25	0.291343441	0.484319458	20.29016779	0.111733331	2.745711276	23.63193186
1	1.5	3.4	20	0.243485558	0.387669738	20.21357955	0.116074565	2.917699758	23.63502361
1	1.2	4.7	15	0.139587052	0.29091273	19.67307325	0.123796686	3.54956689	23.63734955
1	1.6	3	24	0.292026501	0.46499949	20.31292534	0.111746022	2.748791966	23.63846282
1	1.6	3	23	0.292709561	0.445675133	20.33573401	0.111758716	2.751879576	23.64504743
1	1.4	3.8	17	0.205674105	0.329628289	20.09254785	0.119239493	3.107382237	23.64879787
1	1.5	3.4	19	0.244511987	0.368328106	20.24400801	0.116087757	2.922093466	23.65051733
1	1.6	3	22	0.293438163	0.426346386	20.35990193	0.111771413	2.755151188	23.65317091
1	1.3	4.3	28	0.150435597	0.542237208	19.71304306	0.12290876	3.283182624	23.66137165
1	1.3	4.3	29	0.149834185	0.561539071	19.69652016	0.122894808	3.280429756	23.66138379
1	1.3	4.3	27	0.151118658	0.522930961	19.73148476	0.122922715	3.286255184	23.66359363
1	1.3	4.3	30	0.149356994	0.580836553	19.68288775	0.122880859	3.278158471	23.66476363
1	1.6	3	21	0.294312923	0.407013245	20.38833621	0.111784113	2.759000338	23.66613391
1	1.3	4.3	26	0.151889341	0.50362033	19.7519947	0.122936674	3.289672328	23.66822403
1	1.3	4.3	25	0.152686245	0.484305313	19.77315721	0.122950636	3.2931982	23.67361136
1	1.5	3.4	18	0.245870077	0.348982077	20.28342267	0.116100951	2.927784734	23.67629043
1	1.3	4.3	24	0.153483148	0.464985908	19.79436514	0.1229646	3.296731637	23.67904729
1	1.4	3.8	16	0.207319735	0.310273659	20.13705214	0.119253049	3.114267435	23.68084629
1	1.6	3	20	0.295298509	0.387675711	20.42005153	0.111796815	2.763293641	23.6828177
1	1.3	4.3	23	0.15448863	0.445662114	19.82049249	0.122978569	3.301084697	23.69021787
1	1.6	3	19	0.296323099	0.368333782	20.45299619	0.111809521	2.767753361	23.70089285
1	1.5	3.4	17	0.247236197	0.32963165	20.32320747	0.116114149	2.933529449	23.70248272
1	1.3	4.3	22	0.155627063	0.42633393	19.84980513	0.12299254	3.305968453	23.70510005
1	1.6	3	18	0.297347689	0.348987455	20.48604736	0.11182223	2.7722275	23.71908455
1	1.3	4.3	21	0.156765497	0.407001353	19.87920462	0.123006514	3.310866682	23.72007917
1	1.4	3.8	15	0.209223343	0.290914628	20.1883251	0.119266608	3.122199803	23.72070614
1	1.5	3.4	16	0.248738091	0.310276823	20.36682083	0.116127349	2.939826986	23.73305198
1	1.3	4.3	20	0.15790393	0.387664382	19.90869137	0.123020492	3.315779446	23.73515569
1	1.6	3	17	0.298372279	0.32963673	20.51920556	0.111834941	2.776716126	23.73739336
1	1.2	4.8	26	0.118343817	0.503618508	19.58049911	0.125333789	3.532857872	23.74230928
1	1.2	4.8	25	0.119022229	0.48430356	19.59805291	0.125348023	3.536026216	23.74373071
1	1.2	4.8	27	0.1177746	0.522929069	19.56538996	0.125319559	3.53013077	23.74376936
1	1.2	4.8	28	0.117205383	0.542235246	19.55030411	0.125305331	3.527407875	23.74525257
1	1.2	4.8	24	0.119705289	0.464984225	19.61574148	0.12536226	3.539218887	23.74530686
1	1.2	4.8	29	0.116636167	0.56153704	19.53524152	0.125291107	3.524689177	23.74675885
1	1.2	4.8	23	0.120430842	0.445660501	19.63440783	0.125376501	3.542588039	23.74803287
1	1.2	4.8	30	0.116169374	0.580834452	19.52245579	0.125276886	3.522381437	23.75094856
1	1.3	4.3	19	0.159118036	0.368323017	19.94005569	0.123034472	3.321005033	23.75241821
1	1.2	4.8	22	0.121296339	0.426332386	19.65623121	0.125390744	3.546527014	23.75448135
1	1.6	3	16	0.299499429	0.310281606	20.55547348	0.111847655	2.781625715	23.75922845
1	1.5	3.4	15	0.250452476	0.290917595	20.4163963	0.116140553	2.946985422	23.77043987
1	1.2	4.8	21	0.122572069	0.406999879	19.68727951	0.125404991	3.552131026	23.7718154
1	1.3	4.3	18	0.160539061	0.348977255	19.97643051	0.123048456	3.327065416	23.77552164
1	1.6	3	15	0.301019477	0.29092208	20.60341984	0.111860372	2.788116216	23.79431851
1	1.2	4.8	20	0.124059198	0.387662978	19.72317314	0.125419241	3.558609589	23.79486495
1	1.3	4.3	17	0.162215457	0.329627094	20.01902549	0.123062444	3.334162134	23.80587716
1	1.2	4.8	19	0.125653005	0.368321683	19.76160306	0.125433495	3.565545936	23.82090418
1	1.3	4.3	16	0.164133843	0.310272535	20.06759885	0.123076434	3.342254905	23.84320272
1	1.2	4.8	18	0.127340671	0.348975991	19.80230798	0.125447751	3.572892903	23.84962462
1	1.4	3.9	26	0.186954984	0.503621788	20.12206471	0.121099839	3.11194875	23.85873509
1	1.4	3.9	25	0.187539224	0.484306715	20.13929656	0.121113592	3.114614665	23.85933153
1	1.4	3.9	27	0.186429961	0.522932475	20.10632045	0.121086089	3.109512977	23.85985199
1	1.4	3.9	28	0.185974587	0.542238777	20.09231337	0.121072342	3.107345962	23.86297046
1	1.4	3.9	24	0.188331007	0.464987255	20.16169553	0.121127349	3.118079979	23.86589011
1	1.4	3.9	29	0.185519214	0.561540696	20.07832581	0.121058598	3.105181966	23.86610707
1	1.4	3.9	30	0.185164109	0.580838234	20.06681681	0.121044858	3.103401425	23.87210133
1	1.4	3.9	23	0.189201896	0.445663405	20.18610771	0.121141108	3.121856753	23.87476897
1	1.2	4.8	17	0.129126704	0.3296259	19.84541761	0.125462011	3.580673906	23.88117942
1	1.4	3.9	22	0.190204229	0.426335165	20.21385003	0.12115487	3.126148729	23.8874888
1	1.3	4.3	15	0.166474159	0.290913573	20.1265722	0.123090427	3.352080412	23.89265661
1	1.5	3.5	30	0.224719797	0.580842333	20.27580002	0.118072081	2.926684064	23.9013985
1	1.4	3.9	21	0.191308878	0.407002532	20.24422265	0.121168636	3.130847634	23.90324145
1	1.5	3.5	29	0.225402858	0.56154466	20.29657544	0.118085485	2.929683924	23.90588951
1	1.5	3.5	28	0.226085918	0.542242605	20.31739349	0.118098891	2.932689941	23.91042493
1	1.5	3.5	27	0.226768978	0.522936167	20.3382543	0.1181123	2.935702132	23.9150049
1	1.4	3.9	20	0.192447312	0.387665506	20.27553266	0.121182405	3.135691563	23.92007214
1	1.5	3.5	26	0.227503468	0.503625344	20.36050856	0.118125713	2.938915529	23.92117515
1	1.2	4.8	16	0.131224074	0.31027141	19.89582876	0.125476274	3.589772785	23.92134923
1	1.5	3.5	25	0.228300371	0.484310135	20.3844544	0.118139128	2.94237318	23.92927684
1	1.4	3.9	19	0.193585745	0.368324084	20.30693971	0.121196177	3.140550504	23.93701048
1	1.5	3.5	24	0.229097275	0.464990539	20.40845664	0.118152547	2.945838977	23.93743871
1	1.6	3.1	28	0.27601019	0.542250952	20.51409008	0.113977774	2.776023644	23.94634245
1	1.6	3.1	29	0.275554817	0.561553303	20.4980404	0.113964836	2.773850997	23.94740954
1	1.5	3.5	23	0.229954385	0.445666553	20.43410795	0.118165968	2.949542891	23.94748337
1	1.6	3.1	27	0.2765534	0.522944218	20.53264772	0.113990716	2.778535791	23.94811844
1	1.6	3.1	30	0.275099443	0.580851272	20.48201582	0.1139519	2.771681749	23.94850074
1	1.6	3.1	26	0.277122617	0.503633099	20.55197551	0.114003661	2.781152194	23.95076446
1	1.6	3.1	25	0.277691834	0.484317593	20.57133973	0.114016608	2.78377353	23.95344746
1	1.4	3.9	18	0.194728678	0.348978266	20.33855762	0.121209952	3.145442066	23.9541879
1	1.6	3.1	24	0.278261051	0.4649977	20.59074049	0.114029559	2.786399812	23.95616756
1	1.5	3.5	22	0.230865132	0.426338176	20.46124632	0.118179393	2.953461527	23.95922541
1	1.6	3.1	23	0.278859515	0.445673417	20.61101099	0.114042512	2.78914383	23.95987075
1	1.6	3.1	22	0.279542575	0.426344744	20.63373624	0.114055468	2.792220148	23.9663566
1	1.2	4.8	15	0.133514583	0.290912519	19.95093464	0.12549054	3.599719031	23.96705673
1	1.5	3.5	21	0.231775879	0.407005407	20.48845689	0.118192821	2.957390589	23.9710457
1	1.6	3.1	21	0.280250686	0.407011678	20.65722847	0.114068428	2.795400291	23.97370886
1	1.4	3.9	17	0.1961626	0.32962805	20.3776318	0.12122373	3.151487179	23.97997076
1	1.5	3.5	20	0.232686625	0.387668245	20.51573995	0.118206251	2.961330119	23.98294456
1	1.6	3.1	20	0.281161433	0.387674218	20.68658723	0.11408139	2.799374587	23.98771742
1	1.3	4.4	28	0.142886499	0.542236815	19.99427577	0.124742177	3.330038601	23.99129337
1	1.3	4.4	29	0.142317282	0.561538665	19.97841123	0.124728017	3.327395422	23.99207333
1	1.3	4.4	27	0.143512487	0.522930583	20.01148733	0.124756341	3.332906207	23.99208046
1	1.3	4.4	26	0.144195548	0.503619966	20.03005981	0.124770507	3.336000554	23.99445083
1	1.5	3.5	19	0.233597372	0.368326687	20.5430958	0.118219685	2.965280158	23.99492233
1	1.3	4.4	30	0.141869984	0.580836132	19.96539716	0.12471386	3.325227157	23.99617431
1	1.3	4.4	25	0.144913573	0.484304963	20.04948401	0.124784677	3.339236806	23.99781045
1	1.3	4.4	24	0.145710477	0.464985572	20.07079328	0.12479885	3.342787127	24.00336482
1	1.6	3.1	19	0.282122347	0.368332363	20.71747331	0.114094355	2.803555638	24.00345567
1	1.3	4.4	23	0.146589969	0.445661792	20.09408664	0.124813027	3.346668017	24.01122948
1	1.4	3.9	16	0.197850261	0.310273434	20.42330135	0.121237511	3.158552651	24.01336494
1	1.5	3.5	18	0.234741114	0.348980732	20.57677237	0.118233122	2.970142877	24.01412911
1	1.6	3.1	18	0.283202059	0.348986111	20.75188172	0.114107323	2.808213504	24.02318865
1	1.3	4.4	22	0.147637675	0.426333621	20.12139326	0.124827206	3.351217554	24.02377164
1	1.3	4.4	21	0.148832462	0.407001058	20.15224663	0.124841389	3.356358011	24.04044709
1	1.5	3.5	17	0.236174757	0.32963038	20.61836403	0.118246562	2.976148492	24.04238946
1	1.6	3.1	17	0.284351022	0.32963546	20.7884112	0.114120294	2.813158501	24.04532545
1	1.4	3.9	15	0.199788426	0.290914417	20.47557147	0.121251296	3.166639289	24.05437647
1	1.3	4.4	20	0.150084739	0.387664102	20.18455659	0.124855575	3.361741149	24.05881741
1	1.6	3.1	16	0.285707065	0.31028041	20.83109329	0.114133268	2.818936378	24.07444335
1	1.5	3.5	16	0.237768564	0.310275627	20.66445604	0.118260005	2.982803934	24.07579561
1	1.2	4.9	26	0.11278561	0.503618143	19.86344068	0.127022868	3.58392695	24.07800864
1	1.2	4.9	25	0.113435465	0.48430321	19.88049844	0.127037294	3.587005764	24.07884471
1	1.2	4.9	27	0.112216393	0.522928691	19.8482088	0.127008446	3.581177698	24.07932364
1	1.2	4.9	24	0.114118525	0.464983888	19.89832916	0.127051723	3.59022409	24.08058886
1	1.2	4.9	28	0.111647177	0.542234854	19.83300028	0.126994027	3.57843266	24.08066182
1	1.3	4.4	19	0.151464548	0.36832275	20.22000161	0.124869765	3.367646618	24.08084074
1	1.2	4.9	23	0.114807015	0.445660178	19.91631373	0.127066155	3.593470187	24.08251025
1	1.2	4.9	29	0.111139408	0.561536633	19.81918016	0.126979611	3.57593822	24.08363462
1	1.2	4.9	22	0.115610324	0.426332077	19.93691187	0.127080591	3.597188015	24.08751256
1	1.2	4.9	30	0.110911721	0.580834031	19.81159522	0.126965198	3.574569189	24.09396364
1	1.2	4.9	21	0.116739355	0.406999584	19.96489343	0.12709503	3.602238501	24.10122655
1	1.6	3.1	15	0.287147967	0.290920958	20.87643072	0.114146245	2.825073707	24.10657163
1	1.5	3.5	15	0.239418823	0.290916473	20.71228876	0.118273451	2.989710725	24.11118941
1	1.3	4.4	18	0.153154531	0.348977002	20.26297355	0.124883957	3.374806142	24.11164065
1	1.2	4.9	20	0.11813476	0.387662698	19.99897789	0.127109472	3.608390519	24.12214058
1	1.3	4.4	17	0.154976024	0.329626856	20.30928207	0.124898153	3.382521571	24.14632865
1	1.2	4.9	19	0.119811485	0.368321416	20.03956687	0.127123917	3.615716561	24.15072876
1	1.4	4	26	0.177289176	0.503621424	20.3961733	0.123078127	3.154355708	24.17722856
1	1.4	4	25	0.177876158	0.484306365	20.41350305	0.123092104	3.15703677	24.17793829
1	1.4	4	27	0.176833803	0.522932097	20.38211956	0.123064152	3.152181474	24.18029728
1	1.2	4.9	18	0.121519135	0.348975738	20.08102633	0.127138366	3.62319972	24.18034016
1	1.3	4.4	16	0.156855345	0.31027231	20.35719612	0.124912352	3.390504496	24.18288528
1	1.4	4	28	0.17641705	0.542238385	20.36903679	0.12305018	3.150157457	24.18448281
1	1.4	4	24	0.178679012	0.464986918	20.43621532	0.123106085	3.160550554	24.18485888
1	1.4	4	29	0.17607552	0.56154029	20.35782215	0.123036212	3.148422456	24.19082111
1	1.4	4	30	0.17573399	0.580837813	20.34661986	0.123022247	3.146689365	24.19716929
1	1.4	4	23	0.179671872	0.445663082	20.46370267	0.123120069	3.164803084	24.19728891
1	1.2	4.9	17	0.123242437	0.329625661	20.12301623	0.127152818	3.630778618	24.21057333
1	1.4	4	22	0.180714561	0.426334856	20.49250679	0.123134057	3.169259329	24.21123503
1	1.4	4	21	0.181893653	0.407002237	20.52480426	0.123148047	3.174256026	24.22921058
1	1.3	4.4	15	0.159199964	0.290913363	20.41660799	0.124926554	3.400403064	24.23285097
1	1.2	4.9	16	0.125228131	0.310271186	20.171219	0.127167273	3.639478899	24.24813636
1	1.4	4	20	0.183145929	0.387665225	20.55904075	0.123162041	3.179552705	24.24942072
1	1.5	3.6	30	0.214439636	0.580840098	20.5830127	0.120196563	2.971043948	24.25509331
1	1.5	3.6	29	0.215038115	0.561542499	20.60161646	0.120210207	2.973730231	24.25709939
1	1.6	3.2	28	0.262433603	0.542248866	20.7872834	0.116254346	2.813005832	24.25879244
1	1.6	3.2	27	0.262939251	0.522942205	20.80468681	0.116267546	2.815361731	24.25925829
1	1.6	3.2	29	0.261978229	0.561551142	20.77131802	0.116241149	2.810844597	24.2599549
1	1.6	3.2	30	0.261522856	0.580849037	20.75537715	0.116227954	2.808686681	24.26114082
1	1.5	3.6	28	0.215721176	0.542240518	20.62246911	0.120223855	2.976741244	24.26167473
1	1.6	3.2	26	0.263508467	0.50363116	20.82390988	0.116280749	2.817963959	24.26178575
1	1.6	3.2	25	0.264077684	0.484315729	20.84316852	0.116293955	2.820571002	24.26434921
1	1.5	3.6	27	0.216404236	0.522934155	20.64336404	0.120237505	2.97975836	24.26629406
1	1.6	3.2	24	0.264646901	0.46499591	20.86246283	0.116307164	2.823182873	24.26694877
1	1.6	3.2	23	0.265216118	0.445671701	20.8817929	0.116320376	2.825799586	24.26958456
1	1.4	4	19	0.184398206	0.368323817	20.59339168	0.123176038	3.18486709	24.26975863
1	1.5	3.6	26	0.217101163	0.503623406	20.66466609	0.120251159	2.982834264	24.27137492
1	1.6	3.2	22	0.265862824	0.426343102	20.90335809	0.116333591	2.828718866	24.27475365
1	1.5	3.6	25	0.217898067	0.484308271	20.68864739	0.120264816	2.986297037	24.27951751
1	1.6	3.2	21	0.2665919	0.40701011	20.92731092	0.116346809	2.831961362	24.28262921
1	1.5	3.6	24	0.21869497	0.464988749	20.71268444	0.120278476	2.989767859	24.28771952
1	1.4	4	18	0.185759532	0.348978013	20.63061382	0.123190038	3.190625675	24.29340755
1	1.2	4.9	15	0.127534896	0.290912308	20.22708066	0.127181732	3.649561559	24.29473626
1	1.6	3.2	20	0.267483932	0.387672725	20.9559664	0.11636003	2.835840454	24.29583961
1	1.5	3.6	23	0.219491874	0.445664837	20.73677742	0.120292139	2.993246758	24.29598116
1	1.5	3.6	22	0.220288777	0.426336534	20.76092654	0.120305805	2.996733763	24.30430265
1	1.5	3.6	21	0.221142377	0.40700384	20.78664071	0.120319474	3.000446752	24.31441077
1	1.6	3.2	19	0.268542187	0.368330944	20.98945644	0.116373254	2.840374003	24.31453464
1	1.4	4	17	0.18715524	0.329627811	20.6688431	0.123204041	3.196540074	24.31821503
1	1.3	4.5	25	0.137483359	0.484304612	20.32888881	0.126615565	3.385788235	24.32559722
1	1.3	4.5	26	0.13689947	0.503619601	20.31250882	0.126601187	3.383059177	24.32578878
1	1.5	3.6	20	0.222053124	0.387666751	20.81394339	0.120333146	3.004389114	24.3263324
1	1.3	4.5	27	0.136362748	0.522930204	20.29725991	0.126586812	3.380518567	24.32729549
1	1.3	4.5	24	0.138193335	0.464985235	20.34826284	0.126629946	3.389016129	24.32889415
1	1.3	4.5	28	0.135907375	0.542236423	20.28393654	0.126572441	3.37829877	24.33104417
1	1.3	4.5	29	0.135452001	0.561538258	20.27063065	0.126558073	3.376081886	24.33480887
1	1.6	3.2	18	0.269680621	0.348984766	21.02535591	0.116386482	2.845233715	24.33596088
1	1.3	4.5	23	0.139101428	0.445661469	20.37234749	0.12664433	3.393028855	24.33768215
1	1.5	3.6	19	0.222991591	0.368325268	20.84205954	0.120346822	3.008448938	24.33918057
1	1.3	4.5	30	0.135042844	0.580835712	20.25842048	0.126543708	3.374047558	24.33984746
1	1.4	4	16	0.18876884	0.310273209	20.71276473	0.123218048	3.203335128	24.34959112
1	1.3	4.5	22	0.140224198	0.426333312	20.40156793	0.126658718	3.397897251	24.35245721
1	1.5	3.6	18	0.224120087	0.348979388	20.87535091	0.1203605	3.013256035	24.35794683
1	1.6	3.2	17	0.270944353	0.32963419	21.06498954	0.116399712	2.850598921	24.36162237
1	1.3	4.5	21	0.141592119	0.407000763	20.43669178	0.126673109	3.403749209	24.37411486
1	1.5	3.6	17	0.225598907	0.329629109	20.91818601	0.120374182	3.019441197	24.3876305
1	1.4	4	15	0.190776982	0.290914206	20.76697419	0.123232057	3.211721797	24.39284225
1	1.6	3.2	16	0.272428281	0.310279214	21.11114595	0.116412945	2.856847116	24.39468523
1	1.3	4.5	20	0.143072083	0.387663821	20.47460678	0.126687503	3.410066201	24.39902431
1	1.2	5	26	0.107452755	0.503617779	20.14793817	0.128709369	3.635276862	24.41554218
1	1.2	5	25	0.108074052	0.484302859	20.16449348	0.128723986	3.638264988	24.41578532
1	1.2	5	27	0.106899226	0.522928312	20.13293252	0.128694755	3.632568443	24.41712403
1	1.2	5	24	0.108757112	0.464983552	20.18247047	0.128738607	3.641509715	24.41770235
1	1.5	3.6	16	0.227130638	0.310274431	20.96262923	0.120387867	3.025858563	24.41915009
1	1.2	5	23	0.109440172	0.445659855	20.20047956	0.128753231	3.644760236	24.41965288
1	1.2	5	28	0.106443853	0.542234461	20.12015152	0.128680145	3.630261557	24.42132768
1	1.2	5	22	0.110205443	0.426331769	20.22038386	0.128767858	3.64835283	24.42383631
1	1.3	4.5	19	0.144552046	0.368322483	20.51266278	0.126701901	3.416406683	24.42409385
1	1.2	5	29	0.106092257	0.561536227	20.10971276	0.128665537	3.628377429	24.42829195
1	1.2	5	21	0.111169555	0.40699929	20.24484376	0.128782488	3.652767681	24.43339322
1	1.6	3.2	15	0.274174096	0.290919837	21.16512318	0.116426181	2.864154015	24.43662322
1	1.2	5	30	0.10586457	0.580833611	20.10205989	0.128650933	3.626996138	24.43854058
1	1.2	5	20	0.112501048	0.387662417	20.277733	0.128797122	3.658703969	24.4528965
1	1.3	4.5	18	0.146183761	0.348976749	20.55450492	0.126716301	3.423377971	24.45357594
1	1.5	3.6	15	0.228814872	0.290915352	21.01140772	0.120401555	3.032901918	24.45562654
1	1.2	5	19	0.11409746	0.368321149	20.31678892	0.128811759	3.665753306	24.47967514
1	1.3	4.5	17	0.147990699	0.329626617	20.60074503	0.126730705	3.431082001	24.48818435
1	1.4	4.1	26	0.167930144	0.503621059	20.67152747	0.125052638	3.196955368	24.49715653
1	1.4	4.1	27	0.167386784	0.522931718	20.65526826	0.12503844	3.194439929	24.49767835
1	1.4	4.1	28	0.166987007	0.542237993	20.64257909	0.125024244	3.192476805	24.50231813
1	1.4	4.1	25	0.168807478	0.484306014	20.69609769	0.12506684	3.200756593	24.50622714
1	1.4	4.1	29	0.166645477	0.561539884	20.63134197	0.125010052	3.190738326	24.50863023
1	1.2	5	18	0.11580511	0.348975485	20.35855096	0.1288264	3.673291077	24.50964393
1	1.4	4.1	30	0.166320904	0.580837393	20.62053485	0.124995862	3.189066372	24.51543448
1	1.4	4.1	24	0.16986854	0.464986582	20.72529811	0.125081046	3.20527415	24.52063989
1	1.3	4.5	16	0.150025294	0.310272085	20.65271287	0.126745113	3.439740325	24.52947039
1	1.4	4.1	23	0.171006974	0.44566276	20.75651237	0.125095254	3.210103264	24.53737365
1	1.2	5	17	0.11751276	0.329625423	20.40048511	0.128841044	3.680859912	24.53981148
1	1.4	4.1	22	0.172145407	0.426334547	20.78782082	0.125109466	3.214946951	24.55421178
1	1.4	4.1	21	0.173283841	0.407001942	20.81922389	0.125123681	3.219805277	24.57115479
1	1.6	3.3	27	0.24976565	0.522940193	21.07921361	0.118538721	2.852524434	24.57321696
1	1.6	3.3	28	0.249297565	0.542246779	21.06293853	0.118525264	2.850321276	24.57403185
1	1.6	3.3	29	0.248842192	0.561548982	21.04704327	0.118511809	2.848169534	24.5752736
1	1.2	5	16	0.119419115	0.310270961	20.44719637	0.128855691	3.689290986	24.57561401
1	1.6	3.3	26	0.250334867	0.503629222	21.09834922	0.118552182	2.855114821	24.57564544
1	1.6	3.3	30	0.248386818	0.580846803	21.031172	0.118498357	2.846021039	24.57653819
1	1.3	4.5	15	0.152342273	0.290913152	20.71182838	0.126759523	3.449589518	24.57909058
1	1.6	3.3	25	0.2510089	0.484313864	21.12046441	0.118565646	2.858108555	24.58145247
1	1.6	3.3	24	0.25169196	0.464994119	21.14288021	0.118579113	2.861142983	24.58759642
1	1.4	4.1	20	0.174422274	0.387664944	20.85072202	0.125137899	3.224678309	24.58820317
1	1.6	3.3	23	0.252469093	0.445669985	21.16799857	0.118592584	2.864543256	24.59680439
1	1.6	3.3	22	0.253265996	0.42634146	21.19373608	0.118606057	2.868027344	24.60671094
1	1.5	3.7	30	0.204435049	0.580839074	20.88957389	0.122316711	3.015309758	24.60803943
1	1.4	4.1	19	0.175684041	0.368323551	20.88543238	0.12515212	3.230048299	24.60895635
1	1.5	3.7	29	0.205004266	0.561541509	20.90745144	0.122330596	3.017891182	24.60921473
1	1.5	3.7	28	0.205616208	0.542239562	20.92648081	0.122344484	3.020638922	24.61170378
1	1.5	3.7	27	0.206299268	0.522933232	20.94741478	0.122358376	3.023661676	24.61636806
1	1.6	3.3	21	0.2540629	0.407008542	21.21953628	0.118619533	2.871519918	24.61668428
1	1.5	3.7	26	0.206982328	0.503622518	20.96839068	0.12237227	3.026690485	24.62107595
1	1.2	5	15	0.121698435	0.290912098	20.50280902	0.128870341	3.699328701	24.62192016
1	1.6	3.3	20	0.254878795	0.387671231	21.24593939	0.118633012	2.875094107	24.62733774
1	1.5	3.7	25	0.207755537	0.484307417	20.99178893	0.122386168	3.030069069	24.62855158
1	1.4	4.1	18	0.177050161	0.34897776	20.92290519	0.125166345	3.235845665	24.63289496
1	1.5	3.7	24	0.20855244	0.464987928	21.0158666	0.122400069	3.033545757	24.63680036
1	1.5	3.7	23	0.209349344	0.44566405	21.03999959	0.122413973	3.037030433	24.64510805
1	1.6	3.3	19	0.256005627	0.368329525	21.28127516	0.118646495	2.879877512	24.64812869
1	1.5	3.7	22	0.210146247	0.426335782	21.06418809	0.12242788	3.040523123	24.65347487
1	1.4	4.1	17	0.178492895	0.329627572	20.96246327	0.125180573	3.241965642	24.65923706
1	1.5	3.7	21	0.210943151	0.407003121	21.08843228	0.12244179	3.044023857	24.66190105
1	1.3	4.6	26	0.130182687	0.503619237	20.60390424	0.128428818	3.431608356	24.66756065
1	1.3	4.6	25	0.130779494	0.484304261	20.62069672	0.128443403	3.434406139	24.66785053
1	1.3	4.6	27	0.129674846	0.522929826	20.58923642	0.128414236	3.429164561	24.66974505
1	1.3	4.6	24	0.131465328	0.464984898	20.63962569	0.128457992	3.43755988	24.67062846
1	1.3	4.6	28	0.129219473	0.542236031	20.57582481	0.128399657	3.426930062	24.67339056
1	1.5	3.7	20	0.211858301	0.387666067	21.11589149	0.122455704	3.04798882	24.67400208
1	1.6	3.3	18	0.257293391	0.348983421	21.32133615	0.11865998	2.88530057	24.67428013
1	1.3	4.6	29	0.1287641	0.561537852	20.56243067	0.128385081	3.424698474	24.67705207
1	1.3	4.6	23	0.132329603	0.445661146	20.66282578	0.128472584	3.44142523	24.67838474
1	1.3	4.6	30	0.128373678	0.580835292	20.55057945	0.128370509	3.422723952	24.68250921
1	1.4	4.1	16	0.180109933	0.310272984	21.00662713	0.125194804	3.24879817	24.69089309
1	1.5	3.7	19	0.212990213	0.368324618	21.14923096	0.12246962	3.052802864	24.69282807
1	1.3	4.6	22	0.133589941	0.426333003	20.6955084	0.128487179	3.446870458	24.69719904
1	1.6	3.3	17	0.258773355	0.32963292	21.36707435	0.118673469	2.891492151	24.70687289
1	1.5	3.7	18	0.214128647	0.348978772	21.18285127	0.12248354	3.057657458	24.71197104
1	1.3	4.6	21	0.13499517	0.407000469	20.73175761	0.128501778	3.452909912	24.72016977
1	1.4	4.1	15	0.182155235	0.290913995	21.06197984	0.125209038	3.257361711	24.73546458
1	1.5	3.7	17	0.215540555	0.329628527	21.22395842	0.122497463	3.063593112	24.73967752
1	1.6	3.3	16	0.260301638	0.310278019	21.41440496	0.11868696	2.897899298	24.74126924
1	1.3	4.6	20	0.136475134	0.38766354	20.76992698	0.12851638	3.459269284	24.74537619
1	1.3	4.6	19	0.137955097	0.368322216	20.80823722	0.128530985	3.465652124	24.77074254
1	1.5	3.7	16	0.217134361	0.310273884	21.27015602	0.122511389	3.070263802	24.7732051
1	1.6	3.3	15	0.262028331	0.290918716	21.46770423	0.118700455	2.905114421	24.78243782
1	1.3	4.6	18	0.13948925	0.348976496	20.84799895	0.128545594	3.472276797	24.79779783
1	1.5	3.7	15	0.218768576	0.290914838	21.31765562	0.122525318	3.077122492	24.80821827
1	1.4	4.2	29	0.157694444	0.561539477	20.91060162	0.126980254	3.233942198	24.83306355
1	1.4	4.2	28	0.158343951	0.5422376	20.92949822	0.12699467	3.236865665	24.83559616
1	1.3	4.6	17	0.141404093	0.329626378	20.89715495	0.128560206	3.480466641	24.83580817
1	1.4	4.2	30	0.157277296	0.580836973	20.89747714	0.126965841	3.231911728	24.83719168
1	1.4	4.2	27	0.159045541	0.52293134	20.94972191	0.127009089	3.239994444	24.83965679
1	1.4	4.2	26	0.159842444	0.503620695	20.97235575	0.127023512	3.243496094	24.84649606
1	1.4	4.2	25	0.160639348	0.484305664	20.99503857	0.127037938	3.247005321	24.8533875
1	1.4	4.2	24	0.161548475	0.464986245	21.020575	0.127052367	3.250956026	24.86356963
1	1.4	4.2	23	0.1626831	0.445662437	21.05182487	0.127066799	3.25579065	24.88034476
1	1.3	4.6	16	0.143567117	0.31027186	20.95260137	0.128574821	3.48970453	24.88115258
1	1.7	3	30	0.28867895	0.580853507	21.46029123	0.115944599	2.733280869	24.89037021
1	1.7	3	29	0.289134324	0.561555464	21.47740101	0.115957761	2.735460776	24.89037501
1	1.6	3.4	29	0.23604254	0.561546821	21.32266978	0.12077707	2.885481103	24.89047477
1	1.7	3	28	0.289603813	0.542253039	21.49496344	0.115970926	2.737698354	24.89088576
1	1.6	3.4	30	0.235567095	0.580844568	21.30630178	0.120763362	2.883265366	24.89117507
1	1.6	3.4	28	0.236663831	0.542244692	21.34312409	0.120790782	2.888250004	24.89440957
1	1.7	3	27	0.29017303	0.522946231	21.51556491	0.115984094	2.740323127	24.89481836
1	1.4	4.2	22	0.163821534	0.426334238	21.08326357	0.127081235	3.260654488	24.89733353
1	1.7	3	26	0.290742247	0.503635038	21.53620592	0.115997265	2.742952938	24.89879116
1	1.6	3.4	27	0.237346891	0.52293818	21.36534146	0.120804498	2.891257569	24.9003417
1	1.7	3	25	0.291343441	0.484319458	21.55785572	0.116010439	2.745711276	24.90389689
1	1.6	3.4	26	0.238118944	0.503627283	21.39009428	0.120818216	2.89460836	24.90914814
1	1.7	3	24	0.292026501	0.46499949	21.58203561	0.116023616	2.748791966	24.91185068
1	1.4	4.2	21	0.164959967	0.407001648	21.11479634	0.127095674	3.265532879	24.91442654
1	1.6	3.4	25	0.238931824	0.484312	21.41604934	0.120831937	2.898121897	24.91931517
1	1.7	3	23	0.292709561	0.445675133	21.60626982	0.116036796	2.751879576	24.91986133
1	1.3	4.6	15	0.145817105	0.290912941	21.01047783	0.12858944	3.499347285	24.9293275
1	1.7	3	22	0.293438163	0.426346386	21.63194823	0.116049979	2.755151188	24.92949579
1	1.4	4.2	20	0.166098401	0.387664663	21.14642361	0.127110116	3.27042589	24.93162428
1	1.6	3.4	24	0.239842571	0.464992329	21.44481882	0.120845661	2.902016422	24.93267323
1	1.7	3	21	0.294312923	0.407013245	21.66215966	0.116063165	2.759000338	24.94423641
1	1.6	3.4	23	0.240753318	0.445668269	21.47366572	0.120859389	2.905921428	24.94611481
1	1.4	4.2	19	0.167265312	0.368323284	21.17886831	0.127124562	3.275445364	24.94976152
1	1.5	3.8	28	0.195616667	0.54223917	21.22567862	0.124460847	3.0638415	24.95622014
1	1.5	3.8	27	0.196213727	0.522932854	21.24438364	0.124474979	3.066542406	24.95833388
1	1.5	3.8	29	0.195161293	0.561541103	21.21072536	0.124446719	3.061682328	24.95839551
1	1.6	3.4	22	0.241664064	0.426339818	21.50259036	0.12087312	2.909836958	24.95964026
1	1.5	3.8	30	0.19470592	0.580838654	21.19579316	0.124432594	3.059526198	24.9605906
1	1.7	3	20	0.295298509	0.387675711	21.69585719	0.116076354	2.763293641	24.96290289
1	1.5	3.8	26	0.196896788	0.503622153	21.26539068	0.124489114	3.069575711	24.96307766
1	1.5	3.8	25	0.197632433	0.484307066	21.28782974	0.124503252	3.072815793	24.96945585
1	1.4	4.2	18	0.168567675	0.348977508	21.21486046	0.127139011	3.28101366	24.97199064
1	1.6	3.4	21	0.242574811	0.407006975	21.53159306	0.120886853	2.913763054	24.97324994
1	1.5	3.8	24	0.198429337	0.464987591	21.31193958	0.124517393	3.076297126	24.97774169
1	1.7	3	19	0.296323099	0.368333782	21.73086089	0.116089546	2.767753361	24.98303758
1	1.5	3.8	23	0.19922624	0.445663728	21.33610412	0.124531538	3.079786357	24.98608574
1	1.6	3.4	20	0.243485558	0.387669738	21.56067412	0.12090059	2.917699758	24.98694421
1	1.5	3.8	22	0.200042691	0.426335473	21.36084394	0.124545685	3.083358656	24.99508375
1	1.4	4.2	17	0.17004547	0.329627333	21.25545746	0.127153463	3.287294364	24.99953262
1	1.7	3	18	0.297347689	0.348987455	21.76597776	0.116102741	2.7722275	25.00329546
1	1.6	3.4	19	0.244511987	0.368328106	21.59313114	0.12091433	2.922093466	25.00446704
1	1.5	3.8	21	0.200995971	0.407002827	21.38929331	0.124559836	3.087466595	25.00832257
1	1.3	4.7	27	0.123562904	0.522929448	20.89044609	0.130238709	3.479348884	25.02296313
1	1.3	4.7	26	0.124156031	0.503618872	20.90725409	0.130253498	3.482149253	25.02327571
1	1.3	4.7	28	0.122993688	0.542235638	20.8742322	0.130223923	3.4766475	25.02333926
1	1.7	3	17	0.298372279	0.32963673	21.80120835	0.116115938	2.776716126	25.02367715
1	1.5	3.8	20	0.202020561	0.387665786	21.41972751	0.12457399	3.091861131	25.02382842
1	1.3	4.7	29	0.122470528	0.561537446	20.85913425	0.13020914	3.474132042	25.02501288
1	1.3	4.7	25	0.124839091	0.484303911	20.9262327	0.130268291	3.485311265	25.02611617
1	1.3	4.7	24	0.125522151	0.464984562	20.94524581	0.130283087	3.488479025	25.02899248
1	1.3	4.7	30	0.122098843	0.580834872	20.84764113	0.130194361	3.472217181	25.03088754
1	1.6	3.4	18	0.245870077	0.348982077	21.63517345	0.120928074	2.927784734	25.03286833
1	1.3	4.7	23	0.126284767	0.445660824	20.96619696	0.130297886	3.491969681	25.03412535
1	1.4	4.2	16	0.171854376	0.310272759	21.30470771	0.127167918	3.294913802	25.03706219
1	1.5	3.8	19	0.203145056	0.368324351	21.45293104	0.124588148	3.096655545	25.04249908
1	1.3	4.7	22	0.127283634	0.426332695	20.99285603	0.130312689	3.49641133	25.04591274
1	1.7	3	16	0.299499429	0.310281606	21.83974301	0.116129139	2.781625715	25.04777947
1	1.6	3.4	17	0.247236197	0.32963165	21.67761057	0.12094182	2.933529449	25.06171349
1	1.5	3.8	18	0.204397333	0.348978519	21.48968043	0.124602308	3.101961963	25.06522322
1	1.3	4.7	21	0.128630424	0.407000174	21.02795396	0.130327495	3.50225897	25.0675406
1	1.7	3	15	0.301019477	0.29092208	21.89068602	0.116142343	2.788116216	25.08586666
1	1.4	4.2	15	0.174065113	0.290913784	21.36455636	0.127182377	3.304172903	25.08682542
1	1.5	3.8	17	0.205674105	0.329628289	21.52721834	0.124616472	3.107382237	25.08884533
1	1.3	4.7	20	0.130108274	0.387663259	21.06633512	0.130342304	3.508653626	25.09299431
1	1.6	3.4	16	0.248738091	0.310276823	21.72413148	0.120955569	2.939826986	25.09519086
1	1.3	4.7	19	0.131687354	0.36832195	21.10731136	0.130357117	3.515480648	25.12147107
1	1.5	3.8	16	0.207319735	0.310273659	21.57490151	0.124630639	3.114267435	25.12407324
1	1.6	3.4	15	0.250452476	0.290917595	21.77701199	0.120969322	2.946985422	25.13588433
1	1.3	4.7	18	0.133284556	0.348976243	21.1488886	0.130371933	3.522407802	25.15064458
1	1.5	3.8	15	0.209223343	0.290914628	21.62983682	0.124644809	3.122199803	25.16759606
1	1.4	4.3	29	0.149834185	0.561539071	21.21108625	0.128946949	3.280429756	25.18200202
1	1.4	4.3	28	0.150435597	0.542237208	21.22888014	0.128961588	3.283182624	25.18326156
1	1.4	4.3	30	0.149356994	0.580836553	21.19640519	0.128932313	3.278158471	25.18433253
1	1.4	4.3	27	0.151118658	0.522930961	21.24874044	0.12897623	3.286255184	25.18690281
1	1.3	4.7	17	0.135207857	0.329626139	21.19860398	0.130386753	3.530690845	25.18930772
1	1.4	4.3	26	0.151889341	0.50362033	21.27082806	0.128990876	3.289672328	25.19311159
1	1.4	4.3	25	0.152686245	0.484305313	21.29361846	0.129005526	3.2931982	25.2001275
1	1.4	4.3	24	0.153483148	0.464985908	21.31645777	0.129020178	3.296731637	25.20719549
1	1.4	4.3	23	0.15448863	0.445662114	21.34459492	0.129034834	3.301084697	25.22037656
1	1.7	3.1	28	0.27601019	0.542250952	21.79577315	0.118384375	2.776023644	25.23243212
1	1.7	3.1	29	0.275554817	0.561553303	21.77872036	0.118370936	2.773850997	25.2324956
1	1.7	3.1	30	0.275099443	0.580851272	21.76169424	0.1183575	2.771681749	25.23258477
1	1.3	4.7	16	0.13736028	0.310271635	21.25418644	0.130401576	3.539951398	25.23481105
1	1.7	3.1	27	0.2765534	0.522944218	21.81549064	0.118397817	2.778535791	25.23536846
1	1.4	4.3	22	0.155627063	0.42633393	21.37616237	0.129049493	3.305968453	25.23751425
1	1.7	3.1	26	0.277122617	0.503633099	21.83602641	0.118411262	2.781152194	25.23922297
1	1.7	3.1	25	0.277691834	0.484317593	21.8566009	0.11842471	2.78377353	25.24311673
1	1.7	3.1	24	0.278261051	0.4649977	21.87721421	0.118438161	2.786399812	25.24704988
1	1.7	3.1	23	0.278859515	0.445673417	21.89875161	0.118451615	2.78914383	25.25202047
1	1.4	4.3	21	0.156765497	0.407001353	21.40782336	0.129064156	3.310866682	25.25475556
1	1.6	3.5	30	0.224719797	0.580842333	21.62704262	0.123023204	2.926684064	25.25759222
1	1.7	3.1	22	0.279542575	0.426344744	21.9228972	0.118465072	2.792220148	25.25992716
1	1.6	3.5	29	0.225402858	0.56154466	21.64920307	0.12303717	2.929683924	25.26346882
1	1.7	3.1	21	0.280250686	0.407011678	21.94785768	0.118478533	2.795400291	25.26874818
1	1.6	3.5	28	0.226085918	0.542242605	21.67140899	0.123051138	2.932689941	25.26939267
1	1.4	4.3	20	0.15790393	0.387664382	21.43957832	0.129078822	3.315779446	25.27210097
1	1.6	3.5	27	0.226768978	0.522936167	21.69366053	0.12306511	2.935702132	25.27536393
1	1.3	4.7	15	0.139587052	0.29091273	21.31189927	0.130416402	3.54956689	25.28279529
1	1.6	3.5	26	0.227503468	0.503625344	21.7173984	0.123079085	2.938915529	25.28301836
1	1.7	3.1	20	0.281161433	0.387674218	21.97905137	0.118491996	2.799374587	25.28459217
1	1.4	4.3	19	0.159118036	0.368323017	21.47335528	0.129093491	3.321005033	25.29177682
1	1.6	3.5	25	0.228300371	0.484310135	21.74294062	0.123093063	2.94237318	25.292717
1	1.5	3.9	27	0.186429961	0.522932475	21.54197469	0.126587362	3.109512977	25.30100751
1	1.5	3.9	26	0.186954984	0.503621788	21.55884355	0.126601737	3.11194875	25.30101582
1	1.7	3.1	19	0.282122347	0.368332363	22.01186783	0.118505463	2.803555638	25.3022613
1	1.6	3.5	24	0.229097275	0.464990539	21.76854302	0.123107044	2.945838977	25.30247958
1	1.5	3.9	25	0.187539224	0.484306715	21.57730624	0.126616115	3.114614665	25.30284373
1	1.5	3.9	28	0.185974587	0.542238777	21.52696712	0.126572991	3.107345962	25.30312485
1	1.5	3.9	29	0.185519214	0.561540696	21.51198044	0.126558623	3.105181966	25.30526173
1	1.5	3.9	30	0.185164109	0.580838234	21.49964937	0.126544258	3.103401425	25.31043328
1	1.5	3.9	24	0.188331007	0.464987255	21.60130514	0.126630496	3.118079979	25.31100287
1	1.6	3.5	23	0.229954385	0.445666553	21.79590442	0.123121028	2.949542891	25.31423489
1	1.4	4.3	18	0.160539061	0.348977255	21.51252817	0.129108164	3.327065416	25.317679
1	1.5	3.9	23	0.189201896	0.445663405	21.62746104	0.126644881	3.121856753	25.32162608
1	1.7	3.1	18	0.283202059	0.348986111	22.04842676	0.118518932	2.808213504	25.32414531
1	1.6	3.5	22	0.230865132	0.426338176	21.82485201	0.123135016	2.953461527	25.32778672
1	1.5	3.9	22	0.190204229	0.426335165	21.65718496	0.126659268	3.126148729	25.33632812
1	1.6	3.5	21	0.231775879	0.407005407	21.85387661	0.123149007	2.957390589	25.34142162
1	1.7	3.1	17	0.284351022	0.32963546	22.08723933	0.118532405	2.813158501	25.3485657
1	1.4	4.3	17	0.162215457	0.329627094	21.55839968	0.12912284	3.334162134	25.35131175
1	1.5	3.9	21	0.191308878	0.407002532	21.68972705	0.126673659	3.130847634	25.35425088
1	1.6	3.5	20	0.232686625	0.387668245	21.88297855	0.123163	2.961330119	25.35513991
1	1.6	3.5	19	0.233597372	0.368326687	21.91215812	0.123176998	2.965280158	25.36894196
1	1.5	3.9	20	0.192447312	0.387665506	21.72327349	0.126688054	3.135691563	25.37331862
1	1.3	4.8	26	0.118343817	0.503618508	21.21161062	0.132075321	3.532857872	25.38016232
1	1.7	3.1	16	0.285707065	0.31028041	22.13258906	0.11854588	2.818936378	25.38035173
1	1.3	4.8	27	0.1177746	0.522929069	21.19524237	0.132060325	3.53013077	25.38036254
1	1.3	4.8	28	0.117205383	0.542235246	21.17889937	0.132045333	3.527407875	25.38058783
1	1.3	4.8	29	0.116636167	0.56153704	21.16258157	0.132030343	3.524689177	25.38083813
1	1.3	4.8	25	0.119022229	0.48430356	21.23062724	0.132090321	3.536026216	25.38304733
1	1.3	4.8	30	0.116169374	0.580834452	21.14873036	0.132015357	3.522381437	25.3839616
1	1.3	4.8	24	0.119705289	0.464984225	21.24978986	0.132105324	3.539218887	25.38609829
1	1.3	4.8	23	0.120430842	0.445660501	21.27001174	0.13212033	3.542588039	25.39038061
1	1.6	3.5	18	0.234741114	0.348980732	21.9480798	0.123190998	2.970142877	25.39039441
1	1.4	4.3	16	0.164133843	0.310272535	21.61070945	0.129137519	3.342254905	25.39237441
1	1.5	3.9	19	0.193585745	0.368324084	21.7569239	0.126702451	3.140550504	25.39250094
1	1.3	4.8	22	0.121296339	0.426332386	21.29365373	0.13213534	3.546527014	25.39864847
1	1.5	3.9	18	0.194728678	0.348978266	21.79080023	0.126716852	3.145442066	25.41193742
1	1.7	3.1	15	0.287147967	0.290920958	22.18076007	0.118559359	2.825073707	25.4153141
1	1.3	4.8	21	0.122572069	0.406999879	21.32728938	0.132150353	3.552131026	25.41857064
1	1.6	3.5	17	0.236174757	0.32963038	21.99244423	0.123205001	2.976148492	25.4214281
1	1.5	3.9	17	0.1961626	0.32962805	21.83266543	0.126731256	3.151487179	25.44051192
1	1.3	4.8	20	0.124059198	0.387662978	21.36617415	0.13216537	3.558609589	25.44461209
1	1.4	4.3	15	0.166474159	0.290913573	21.67421921	0.129152202	3.352080412	25.4463654
1	1.6	3.5	16	0.237768564	0.310275627	22.04160904	0.123219008	2.982803934	25.45790761
1	1.3	4.8	19	0.125653005	0.368321683	21.40780657	0.13218039	3.565545936	25.47385458
1	1.5	3.9	16	0.197850261	0.310273434	21.88159709	0.126745664	3.158552651	25.47716884
1	1.6	3.5	15	0.239418823	0.290916473	22.09263061	0.123233018	2.989710725	25.49649083
1	1.3	4.8	18	0.127340671	0.348975991	21.45190356	0.132195413	3.572892903	25.50596787
1	1.5	3.9	15	0.199788426	0.290914417	21.93760079	0.126760075	3.166639289	25.52191457
1	1.4	4.4	29	0.142317282	0.561538665	21.51466125	0.130910257	3.327395422	25.53450559
1	1.4	4.4	28	0.142886499	0.542236815	21.53174614	0.130925119	3.330038601	25.53494667
1	1.4	4.4	27	0.143512487	0.522930583	21.55028166	0.130939984	3.332906207	25.53705844
1	1.4	4.4	30	0.141869984	0.580836132	21.5006461	0.130895398	3.325227157	25.53760479
1	1.4	4.4	26	0.144195548	0.503619966	21.57028279	0.130954853	3.336000554	25.54085817
1	1.3	4.8	17	0.129126704	0.3296259	21.49860566	0.13221044	3.580673906	25.5411159
1	1.4	4.4	25	0.144913573	0.484304963	21.59120116	0.130969726	3.339236806	25.54571266
1	1.4	4.4	24	0.145710477	0.464985572	21.6141496	0.130984601	3.342787127	25.5529069
1	1.7	3.2	28	0.262433603	0.542248866	22.08604105	0.120791712	2.813005832	25.56208746
1	1.7	3.2	29	0.261978229	0.561551142	22.06907783	0.120778	2.810844597	25.56225157
1	1.7	3.2	30	0.261522856	0.580849037	22.05214065	0.120764291	2.808686681	25.56244066
1	1.4	4.4	23	0.146589969	0.445661792	21.63923477	0.13099948	3.346668017	25.56256406
1	1.7	3.2	27	0.262939251	0.522942205	22.10453217	0.120805427	2.815361731	25.56364154
1	1.7	3.2	26	0.263508467	0.50363116	22.12495668	0.120819146	2.817963959	25.56737095
1	1.7	3.2	25	0.264077684	0.484315729	22.14541899	0.120832867	2.820571002	25.57113859
1	1.7	3.2	24	0.264646901	0.46499591	22.16591919	0.120846592	2.823182873	25.57494457
1	1.4	4.4	22	0.147637675	0.426333621	21.6686419	0.131014363	3.351217554	25.57720743
1	1.7	3.2	23	0.265216118	0.445671701	22.1864574	0.12086032	2.825799586	25.578789
1	1.7	3.2	22	0.265862824	0.426343102	22.2093704	0.120874051	2.828718866	25.58530642
1	1.3	4.8	16	0.131224074	0.31027141	21.55321774	0.13222547	3.589772785	25.58548741
1	1.7	3.2	21	0.2665919	0.40701011	22.2348203	0.120887785	2.831961362	25.59467955
1	1.4	4.4	21	0.148832462	0.407001058	21.7018686	0.131029249	3.356358011	25.59625692
1	1.7	3.2	20	0.267483932	0.387672725	22.26526674	0.120901522	2.835840454	25.60968144
1	1.4	4.4	20	0.150084739	0.387664102	21.73666394	0.131044138	3.361741149	25.61711333
1	1.7	3.2	19	0.268542187	0.368330944	22.30084991	0.120915262	2.840374003	25.63047011
1	1.6	3.6	30	0.214439636	0.580840098	21.95473615	0.125278104	2.971043948	25.6318983
1	1.6	3.6	29	0.215038115	0.561542499	21.97458015	0.125292325	2.973730231	25.63514521
1	1.3	4.8	15	0.133514583	0.290912519	21.61291578	0.132240504	3.599719031	25.63578783
1	1.5	4	26	0.177289176	0.503621424	21.85253132	0.128710301	3.154355708	25.63921875
1	1.6	3.6	28	0.215721176	0.542240518	21.99682299	0.12530655	2.976741244	25.6411113
1	1.5	4	25	0.177876158	0.484306365	21.87109891	0.128724918	3.15703677	25.64116697
1	1.5	4	27	0.176833803	0.522932097	21.83747374	0.128695687	3.152181474	25.641283
1	1.4	4.4	19	0.151464548	0.36832275	21.7748355	0.13105903	3.367646618	25.6418639
1	1.5	4	28	0.17641705	0.542238385	21.82345649	0.128681076	3.150157457	25.64453341
1	1.6	3.6	27	0.216404236	0.522934155	22.01911091	0.125320777	2.97975836	25.6471242
1	1.5	4	24	0.178679012	0.464986918	21.89543349	0.128739539	3.160550554	25.6497105
1	1.5	4	29	0.17607552	0.56154029	21.81144081	0.128666468	3.148422456	25.65007002
1	1.6	3.6	26	0.217101163	0.503623406	22.04183309	0.125335008	2.982834264	25.65362577
1	1.7	3.2	18	0.269680621	0.348984766	22.33899309	0.120929005	2.845233715	25.65414058
1	1.5	4	30	0.17573399	0.580837813	21.79943835	0.128651864	3.146689365	25.6556174
1	1.6	3.6	25	0.217898067	0.484308271	22.06741315	0.125349243	2.986297037	25.6633677
1	1.5	4	23	0.179671872	0.445663082	21.92488422	0.128754163	3.164803084	25.66410455
1	1.6	3.6	24	0.21869497	0.464988749	22.09305267	0.12536348	2.989767859	25.67317275
1	1.4	4.4	18	0.153154531	0.348977002	21.82111298	0.131073926	3.374806142	25.67597005
1	1.5	4	22	0.180714561	0.426334856	21.95574578	0.12876879	3.169259329	25.68010875
1	1.7	3.2	17	0.270944353	0.32963419	22.38110383	0.120942752	2.850598921	25.68227969
1	1.6	3.6	23	0.219491874	0.445664837	22.11875185	0.125377721	2.993246758	25.68304117
1	1.6	3.6	22	0.220288777	0.426336534	22.14451091	0.125391964	2.996733763	25.69297318
1	1.5	4	21	0.181893653	0.407002237	21.99035021	0.128783421	3.174256026	25.7003919
1	1.6	3.6	21	0.221142377	0.40700384	22.17193935	0.125406212	3.000446752	25.70479616
1	1.4	4.4	17	0.154976024	0.329626856	21.87098369	0.131088826	3.382521571	25.71422094
1	1.7	3.2	16	0.272428281	0.310279214	22.43014501	0.120956501	2.856847116	25.71822784
1	1.6	3.6	20	0.222053124	0.387666751	22.20106221	0.125420462	3.004389114	25.71853854
1	1.5	4	20	0.183145929	0.387665225	22.02703216	0.128798055	3.179552705	25.72304815
1	1.6	3.6	19	0.222991591	0.368325268	22.23105277	0.125434715	3.008448938	25.7332617
1	1.3	4.9	26	0.11278561	0.503618143	21.51813065	0.133894377	3.58392695	25.73957012
1	1.3	4.9	27	0.112216393	0.522928691	21.50162945	0.133879174	3.581177698	25.73961502
1	1.3	4.9	28	0.111647177	0.542234854	21.48515355	0.133863975	3.57843266	25.73968504
1	1.3	4.9	29	0.111139408	0.561536633	21.47018176	0.133848779	3.57593822	25.74150539
1	1.3	4.9	25	0.113435465	0.48430321	21.5366099	0.133909583	3.587005764	25.74182845
1	1.3	4.9	24	0.114118525	0.464983888	21.5559265	0.133924793	3.59022409	25.74505928
1	1.5	4	19	0.184398206	0.368323817	22.06383673	0.128812693	3.18486709	25.74584033
1	1.3	4.9	23	0.114807015	0.445660178	21.57540979	0.133940006	3.593470187	25.74848016
1	1.3	4.9	30	0.110911721	0.580834031	21.46196474	0.133833587	3.574569189	25.75120155
1	1.6	3.6	18	0.224120087	0.348979388	22.26656357	0.125448972	3.013256035	25.75424797
1	1.4	4.4	16	0.156855345	0.31027231	21.92258344	0.131103728	3.390504496	25.75446397
1	1.3	4.9	22	0.115610324	0.426332077	21.59772445	0.133955222	3.597188015	25.75519976
1	1.7	3.2	15	0.274174096	0.290919837	22.48749582	0.120970254	2.864154015	25.76353993
1	1.3	4.9	21	0.116739355	0.406999584	21.6280378	0.133970442	3.602238501	25.77124633
1	1.5	4	18	0.185759532	0.348978013	22.10371759	0.128827333	3.190625675	25.77214862
1	1.6	3.6	17	0.225598907	0.329629109	22.31225434	0.125463232	3.019441197	25.78678788
1	1.3	4.9	20	0.11813476	0.387662698	21.66496263	0.133985665	3.608390519	25.79500151
1	1.5	4	17	0.18715524	0.329627811	22.14467754	0.128841977	3.196540074	25.7996874
1	1.4	4.4	15	0.159199964	0.290913363	21.98656545	0.131118635	3.400403064	25.80900051
1	1.6	3.6	16	0.227130638	0.310274431	22.35966045	0.125477496	3.025858563	25.82127094
1	1.3	4.9	19	0.119811485	0.368321416	21.70893403	0.134000892	3.615716561	25.82697289
1	1.5	4	16	0.18876884	0.310273209	22.19173643	0.128856625	3.203335128	25.83420139
1	1.3	4.9	18	0.121519135	0.348975738	21.75384845	0.134016122	3.62319972	25.86004003
1	1.6	3.6	15	0.228814872	0.290915352	22.41169083	0.125491762	3.032901918	25.86099987
1	1.5	4	15	0.190776982	0.290914206	22.24981798	0.128871275	3.211721797	25.88132526
1	1.3	4.9	17	0.123242437	0.329625661	21.7993375	0.134031356	3.630778618	25.89377314
1	1.4	4.5	26	0.13689947	0.503619601	21.87445865	0.132915557	3.383059177	25.89405298
1	1.4	4.5	27	0.136362748	0.522930204	21.85803675	0.132900466	3.380518567	25.89438598
1	1.7	3.3	28	0.249297565	0.542246779	22.37892463	0.123193222	2.850321276	25.8946859
1	1.7	3.3	27	0.24976565	0.522940193	22.3962169	0.12320721	2.852524434	25.89488874
1	1.7	3.3	29	0.248842192	0.561548982	22.36203592	0.123179237	2.848169534	25.89493367
1	1.4	4.5	25	0.137483359	0.484304612	21.89209864	0.132930652	3.385788235	25.89512214
1	1.7	3.3	30	0.248386818	0.580846803	22.34517268	0.123165256	2.846021039	25.89520578
1	1.4	4.5	28	0.135907375	0.542236423	21.8436885	0.132885378	3.37829877	25.89710907
1	1.7	3.3	26	0.250334867	0.503629222	22.41654848	0.123221201	2.855114821	25.89851372
1	1.4	4.5	29	0.135452001	0.561538258	21.82935909	0.132870293	3.376081886	25.89984952
1	1.4	4.5	24	0.138193335	0.464985235	21.91296298	0.132945751	3.389016129	25.8999101
1	1.4	4.5	30	0.135042844	0.580835712	21.81620967	0.132855212	3.374047558	25.90394815
1	1.7	3.3	25	0.2510089	0.484313864	22.44004587	0.123235195	2.858108555	25.90570348
1	1.4	4.5	23	0.139101428	0.445661469	21.9389003	0.132960853	3.393028855	25.91055148
1	1.7	3.3	24	0.25169196	0.464994119	22.46386266	0.123249193	2.861142983	25.91324895
1	1.7	3.3	23	0.252469093	0.445669985	22.49055092	0.123263193	2.864543256	25.92402735
1	1.4	4.5	22	0.140224198	0.426333312	21.97036846	0.132975958	3.397897251	25.92757498
1	1.3	4.9	16	0.125228131	0.310271186	21.85155717	0.134046593	3.639478899	25.93535385
1	1.7	3.3	22	0.253265996	0.42634146	22.51789703	0.123277197	2.868027344	25.93554303
1	1.7	3.3	21	0.2540629	0.407008542	22.54530974	0.123291204	2.871519918	25.9471294
1	1.4	4.5	21	0.141592119	0.407000763	22.00819414	0.132991066	3.403749209	25.95193518
1	1.7	3.3	20	0.254878795	0.387671231	22.57336303	0.123305214	2.875094107	25.95943359
1	1.5	4.1	27	0.167386784	0.522931718	22.13013307	0.130800103	3.194439929	25.97830482
1	1.5	4.1	26	0.167930144	0.503621059	22.14755364	0.130814956	3.196955368	25.97894502
1	1.4	4.5	20	0.143072083	0.387663821	22.04902569	0.133006179	3.410066201	25.97976189
1	1.5	4.1	28	0.166987007	0.542237993	22.11653752	0.130785254	3.192476805	25.98203757
1	1.7	3.3	19	0.256005627	0.368329525	22.6109073	0.123319228	2.879877512	25.98243356
1	1.3	4.9	15	0.127534896	0.290912308	21.91207397	0.134061834	3.649561559	25.98660967
1	1.5	4.1	29	0.166645477	0.561539884	22.10449775	0.130770407	3.190738326	25.98754637
1	1.5	4.1	25	0.168807478	0.484306014	22.17387888	0.130829813	3.200756593	25.9897713
1	1.5	4.1	30	0.166320904	0.580837393	22.0929187	0.130755564	3.189066372	25.99357803
1	1.6	3.7	30	0.204435049	0.580839074	22.28173474	0.12752853	3.015309758	26.00541211
1	1.5	4.1	24	0.16986854	0.464986582	22.20516505	0.130844673	3.20527415	26.00627046
1	1.4	4.5	19	0.144552046	0.368322483	22.09000908	0.133021294	3.416406683	26.00775954
1	1.6	3.7	29	0.205004266	0.561541509	22.30080414	0.127543007	3.017891182	26.00777984
1	1.7	3.3	18	0.257293391	0.348983421	22.6534721	0.123333244	2.88530057	26.01108934
1	1.6	3.7	28	0.205616208	0.542239562	22.32110213	0.127557487	3.020638922	26.01153811
1	1.6	3.7	27	0.206299268	0.522933232	22.3434317	0.12757197	3.023661676	26.01759857
1	1.6	3.7	26	0.206982328	0.503622518	22.36580599	0.127586457	3.026690485	26.02370545
1	1.5	4.1	23	0.171006974	0.44566276	22.23860889	0.130859536	3.210103264	26.02523445
1	1.6	3.7	25	0.207755537	0.484307417	22.39076413	0.127600947	3.030069069	26.03274156
1	1.4	4.5	18	0.146183761	0.348976749	22.13506984	0.133036413	3.423377971	26.04046097
1	1.6	3.7	24	0.20855244	0.464987928	22.41644698	0.12761544	3.033545757	26.0425961
1	1.5	4.1	22	0.172145407	0.426334547	22.27215366	0.130874402	3.214946951	26.04430956
1	1.7	3.3	17	0.258773355	0.32963292	22.70206894	0.123347264	2.891492151	26.04654127
1	1.6	3.7	23	0.209349344	0.44566405	22.44218883	0.127629936	3.037030433	26.05251325
1	1.6	3.7	22	0.210146247	0.426335782	22.46798989	0.127644436	3.040523123	26.06249324
1	1.5	4.1	21	0.173283841	0.407001942	22.30579981	0.130889272	3.219805277	26.06349631
1	1.6	3.7	21	0.210943151	0.407003121	22.49385037	0.127658939	3.044023857	26.07253629
1	1.4	4.5	17	0.147990699	0.329626617	22.18486688	0.133051536	3.431082001	26.07862703
1	1.5	4.1	20	0.174422274	0.387664944	22.33954781	0.130904146	3.224678309	26.08279521
1	1.7	3.3	16	0.260301638	0.310278019	22.75235771	0.123361287	2.897899298	26.08389631
1	1.6	3.7	20	0.211858301	0.387666067	22.52314018	0.127673445	3.04798882	26.08646852
1	1.3	5	26	0.107452755	0.503617779	21.82633626	0.135710749	3.635276862	26.10094165
1	1.3	5	27	0.106899226	0.522928312	21.81008015	0.13569534	3.632568443	26.10127224
1	1.3	5	25	0.108074052	0.484302859	21.84427119	0.135726161	3.638264988	26.1025652
1	1.3	5	28	0.106443853	0.542234461	21.79623406	0.135679934	3.630261557	26.10441001
1	1.3	5	24	0.108757112	0.464983552	21.86374626	0.135741577	3.641509715	26.10598111
1	1.5	4.1	19	0.175684041	0.368323551	22.37673748	0.130919022	3.230048299	26.10602835
1	1.6	3.7	19	0.212990213	0.368324618	22.55870229	0.127687955	3.052802864	26.10751773
1	1.3	5	23	0.109440172	0.445659855	21.8832561	0.135756996	3.644760236	26.10943319
1	1.3	5	29	0.106092257	0.561536227	21.7849254	0.135664533	3.628377429	26.11050359
1	1.3	5	22	0.110205443	0.426331769	21.9048191	0.135772419	3.64835283	26.11527611
1	1.3	5	30	0.10586457	0.580833611	21.7766348	0.135649134	3.626996138	26.12011368
1	1.4	4.5	16	0.150025294	0.310272085	22.24083224	0.133066661	3.439740325	26.12391131
1	1.3	5	21	0.111169555	0.40699929	21.93131733	0.135787846	3.652767681	26.12687214
1	1.7	3.3	15	0.262028331	0.290918716	22.80898818	0.123375313	2.905114421	26.12839663
1	1.6	3.7	18	0.214128647	0.348978772	22.59456396	0.127702468	3.057657458	26.12890266
1	1.5	4.1	18	0.177050161	0.34897776	22.41688692	0.130933903	3.235845665	26.13264424
1	1.3	5	20	0.112501048	0.387662417	21.96694733	0.135803275	3.658703969	26.14911699
1	1.8	3	30	0.28867895	0.580853507	22.72224007	0.120199338	2.733280869	26.15657378
1	1.8	3	29	0.289134324	0.561555464	22.7403563	0.120212983	2.735460776	26.15758553
1	1.8	3	28	0.289603813	0.542253039	22.75895182	0.120226631	2.737698354	26.15912984
1	1.6	3.7	17	0.215540555	0.329628527	22.63841158	0.127716984	3.063593112	26.1593502
1	1.5	4.1	17	0.178492895	0.329627572	22.45927058	0.130948786	3.241965642	26.16181258
1	1.8	3	27	0.29017303	0.522946231	22.78076514	0.120240282	2.740323127	26.16427478
1	1.8	3	26	0.290742247	0.503635038	22.80262033	0.120253936	2.742952938	26.16946224
1	1.8	3	25	0.291343441	0.484319458	22.82554364	0.120267594	2.745711276	26.17584197
1	1.4	4.5	15	0.152342273	0.290913152	22.3044951	0.133081791	3.449589518	26.17807956
1	1.3	5	19	0.11409746	0.368321149	22.00925792	0.135818709	3.665753306	26.17915108
1	1.8	3	24	0.292026501	0.46499949	22.85114588	0.120281254	2.748791966	26.18521859
1	1.8	3	23	0.292709561	0.445675133	22.87680564	0.120294918	2.751879576	26.19465526
1	1.6	3.7	16	0.217134361	0.310273884	22.68768903	0.127731503	3.070263802	26.19595821
1	1.5	4.1	16	0.180109933	0.310272984	22.50658899	0.130963673	3.24879817	26.19662382
1	1.8	3	22	0.293438163	0.426346386	22.90399454	0.120308585	2.755151188	26.2058007
1	1.3	5	18	0.11580511	0.348975485	22.05450013	0.135834146	3.673291077	26.21260084
1	1.8	3	21	0.294312923	0.407013245	22.93598311	0.120322255	2.759000338	26.22231895
1	1.7	3.4	30	0.235567095	0.580844568	22.63749808	0.125560656	2.883265366	26.22716866
1	1.7	3.4	29	0.23604254	0.561546821	22.65488908	0.125574909	2.885481103	26.22749191
1	1.7	3.4	28	0.236663831	0.542244692	22.67662178	0.125589166	2.888250004	26.23270565
1	1.6	3.7	15	0.218768576	0.290914838	22.73835526	0.127746026	3.077122492	26.23413862
1	1.7	3.4	27	0.237346891	0.52293818	22.70022774	0.125603426	2.891257569	26.24002691
1	1.8	3	20	0.295298509	0.387675711	22.97166284	0.120335927	2.763293641	26.24296812
1	1.5	4.1	15	0.182155235	0.290913995	22.56589547	0.130978563	3.257361711	26.24514974
1	1.3	5	17	0.11751276	0.329625423	22.09992878	0.135849586	3.680859912	26.2462637
1	1.7	3.4	26	0.238118944	0.503627283	22.72652761	0.125617689	2.89460836	26.25038094
1	1.4	4.6	26	0.130182687	0.503619237	22.18826911	0.134873097	3.431608356	26.2583698
1	1.4	4.6	27	0.129674846	0.522929826	22.172473	0.134857783	3.429164561	26.25942517
1	1.4	4.6	25	0.130779494	0.484304261	22.20635332	0.134888414	3.434406139	26.25995213
1	1.4	4.6	28	0.129219473	0.542236031	22.15802972	0.134842473	3.426930062	26.26203829
1	1.7	3.4	25	0.238931824	0.484312	22.75410486	0.125631955	2.898121897	26.26217071
1	1.4	4.6	24	0.131465328	0.464984898	22.22673835	0.134903735	3.43755988	26.26418687
1	1.4	4.6	29	0.1287641	0.561537852	22.14360526	0.134827166	3.424698474	26.26466875
1	1.8	3	19	0.296323099	0.368333782	23.00872559	0.120349604	2.767753361	26.26516233
1	1.4	4.6	30	0.128373678	0.580835292	22.13084241	0.134811863	3.422723952	26.26921352
1	1.4	4.6	23	0.132329603	0.445661146	22.25172307	0.134919059	3.44142523	26.27372851
1	1.7	3.4	24	0.239842571	0.464992329	22.78467243	0.125646225	2.902016422	26.27732741
1	1.3	5	16	0.119419115	0.310270961	22.15053265	0.13586503	3.689290986	26.28595963
1	1.8	3	18	0.297347689	0.348987455	23.04590816	0.120363283	2.7722275	26.2874864
1	1.7	3.4	23	0.240753318	0.445668269	22.81532227	0.125660498	2.905921428	26.29257246
1	1.4	4.6	22	0.133589941	0.426333003	22.28691974	0.134934387	3.446870458	26.29505759
1	1.7	3.4	22	0.241664064	0.426339818	22.8460547	0.125674774	2.909836958	26.30790625
1	1.8	3	17	0.298372279	0.32963673	23.08321114	0.120376965	2.776716126	26.30994096
1	1.4	4.6	21	0.13499517	0.407000469	22.32595735	0.134949718	3.452909912	26.32081745
1	1.7	3.4	21	0.242574811	0.407006975	22.87687006	0.125689053	2.913763054	26.32332914
1	1.5	4.2	29	0.157694444	0.561539477	22.40370452	0.132870581	3.233942198	26.33205678
1	1.5	4.2	30	0.157277296	0.580836973	22.38964258	0.1328555	3.231911728	26.33524678
1	1.5	4.2	28	0.158343951	0.5422376	22.42395088	0.132885666	3.236865665	26.33593981
1	1.8	3	16	0.299499429	0.310281606	23.12401254	0.12039065	2.781625715	26.33631051
1	1.3	5	15	0.121698435	0.290912098	22.21077969	0.135880477	3.699328701	26.33690097
1	1.7	3.4	20	0.243485558	0.387669738	22.90776869	0.125703336	2.917699758	26.33884152
1	1.5	4.2	27	0.159045541	0.52293134	22.44561912	0.132900754	3.239994444	26.34144566
1	1.4	4.6	20	0.136475134	0.38766354	22.36706283	0.134965053	3.459269284	26.34896071
1	1.5	4.2	26	0.159842444	0.503620695	22.46986967	0.132915846	3.243496094	26.3499023
1	1.7	3.4	19	0.244511987	0.368328106	22.94225427	0.125717622	2.922093466	26.35839347
1	1.5	4.2	25	0.160639348	0.484305664	22.49417269	0.132930941	3.247005321	26.35841461
1	1.5	4.2	24	0.161548475	0.464986245	22.52153314	0.132946039	3.250956026	26.37042145
1	1.6	3.8	28	0.195616667	0.54223917	22.64024646	0.129804019	3.0638415	26.37613115
1	1.4	4.6	19	0.137955097	0.368322216	22.40832	0.134980391	3.465652124	26.37727473
1	1.6	3.8	29	0.195161293	0.561541103	22.62429631	0.129789284	3.061682328	26.37730903
1	1.8	3	15	0.301019477	0.29092208	23.1779522	0.120404339	2.788116216	26.37739483
1	1.6	3.8	30	0.19470592	0.580838654	22.60836863	0.129774552	3.059526198	26.37850804
1	1.6	3.8	27	0.196213727	0.522932854	22.66019848	0.129818757	3.066542406	26.3794925
1	1.6	3.8	26	0.196896788	0.503622153	22.68260599	0.129833499	3.069575711	26.38563736
1	1.7	3.4	18	0.245870077	0.348982077	22.98692423	0.125731911	2.927784734	26.38942295
1	1.5	4.2	23	0.1626831	0.445662437	22.55501515	0.132961141	3.25579065	26.38942938
1	1.6	3.8	25	0.197632433	0.484307066	22.70654099	0.129848244	3.072815793	26.39351209
1	1.6	3.8	24	0.198429337	0.464987591	22.73225815	0.129862992	3.076297126	26.40340586
1	1.4	4.6	18	0.13948925	0.348976496	22.45114033	0.134995733	3.472276797	26.40738935
1	1.5	4.2	22	0.163821534	0.426334238	22.58869947	0.132976247	3.260654488	26.40866444
1	1.6	3.8	23	0.19922624	0.445663728	22.75803366	0.129877744	3.079786357	26.41336148
1	1.7	3.4	17	0.247236197	0.32963165	23.03201367	0.125746203	2.933529449	26.42092097
1	1.6	3.8	22	0.200042691	0.426335473	22.7844228	0.129892499	3.083358656	26.42400943
1	1.5	4.2	21	0.164959967	0.407001648	22.62248458	0.132991355	3.265532879	26.42801047
1	1.6	3.8	21	0.200995971	0.407002827	22.8147688	0.129907257	3.087466595	26.43914548
1	1.5	4.2	20	0.166098401	0.387664663	22.65637094	0.133006468	3.27042589	26.44746796
1	1.4	4.6	17	0.141404093	0.329626378	22.50407756	0.135011078	3.480466641	26.44918165
1	1.6	3.8	20	0.202020561	0.387665786	22.84723194	0.129922019	3.091861131	26.45668088
1	1.7	3.4	16	0.248738091	0.310276823	23.08144214	0.125760499	2.939826986	26.45730644
1	1.5	4.2	19	0.167265312	0.368323284	22.69113312	0.133021583	3.275445364	26.46792335
1	1.6	3.8	19	0.203145056	0.368324351	22.88264904	0.129936784	3.096655545	26.47756572
1	1.5	4.2	18	0.168567675	0.348977508	22.72969614	0.133036702	3.28101366	26.49272401
1	1.4	4.6	16	0.143567117	0.31027186	22.56378909	0.135026426	3.48970453	26.49879191
1	1.7	3.4	15	0.250452476	0.290917595	23.13762768	0.125774798	2.946985422	26.50130549
1	1.6	3.8	18	0.204397333	0.348978519	22.92184839	0.129951553	3.101961963	26.50274043
1	1.8	3.1	30	0.275099443	0.580851272	23.04137267	0.122742829	2.771681749	26.51664852
1	1.8	3.1	29	0.275554817	0.561553303	23.05940032	0.122756762	2.773850997	26.51756139
1	1.8	3.1	28	0.27601019	0.542250952	23.07745622	0.122770699	2.776023644	26.51850151
1	1.8	3.1	27	0.2765534	0.522944218	23.09833356	0.122784639	2.778535791	26.5225982
1	1.5	4.2	17	0.17004547	0.329627333	22.77319292	0.133051825	3.287294364	26.52316644
1	1.8	3.1	26	0.277122617	0.503633099	23.12007732	0.122798582	2.781152194	26.52766119
1	1.6	3.8	17	0.205674105	0.329628289	22.96188883	0.129966325	3.107382237	26.52886568
1	1.8	3.1	25	0.277691834	0.484317593	23.14186207	0.122812529	2.78377353	26.53276572
1	1.8	3.1	24	0.278261051	0.4649977	23.16368793	0.122826478	2.786399812	26.53791192
1	1.8	3.1	23	0.278859515	0.445673417	23.18649224	0.122840431	2.78914383	26.54414991
1	1.4	4.6	15	0.145817105	0.290912941	22.62611759	0.135041779	3.499347285	26.55141959
1	1.8	3.1	22	0.279542575	0.426344744	23.21205815	0.122854387	2.792220148	26.55347743
1	1.8	3.1	21	0.280250686	0.407011678	23.2384869	0.122868346	2.795400291	26.56376721
1	1.5	4.2	16	0.171854376	0.310272759	22.82596104	0.133066951	3.294913802	26.56421455
1	1.6	3.8	16	0.207319735	0.310273659	23.01275088	0.1299811	3.114267435	26.56727307
1	1.8	3.1	20	0.281161433	0.387674218	23.27151551	0.122882308	2.799374587	26.58144662
1	1.8	3.1	19	0.282122347	0.368332363	23.30626235	0.122896274	2.803555638	26.60104663
1	1.7	3.5	30	0.224719797	0.580842333	22.97828522	0.127950735	2.926684064	26.61376235
1	1.6	3.8	15	0.209223343	0.290914628	23.07134854	0.129995879	3.122199803	26.61445885
1	1.5	4.2	15	0.174065113	0.290913784	22.8900846	0.13308208	3.304172903	26.61825336
1	1.7	3.5	29	0.225402858	0.56154466	23.0018307	0.127965259	2.929683924	26.62102454
1	1.8	3.1	18	0.283202059	0.348986111	23.3449718	0.122910242	2.808213504	26.62508166
1	1.7	3.5	28	0.226085918	0.542242605	23.02542449	0.127979787	2.932689941	26.62833682
1	1.4	4.7	28	0.122993688	0.542235638	22.47939152	0.136796507	3.4766475	26.63507117
1	1.4	4.7	29	0.122470528	0.561537446	22.4631322	0.136780978	3.474132042	26.63558266
1	1.7	3.5	27	0.226768978	0.522936167	23.04906675	0.127994319	2.935702132	26.63569936
1	1.4	4.7	27	0.123562904	0.522929448	22.49685264	0.136812039	3.479348884	26.63594301
1	1.4	4.7	26	0.124156031	0.503618872	22.51495356	0.136827575	3.482149253	26.63754926
1	1.4	4.7	30	0.122098843	0.580834872	22.45075498	0.136765453	3.472217181	26.64057249
1	1.4	4.7	25	0.124839091	0.484303911	22.53539206	0.136843114	3.485311265	26.64185035
1	1.7	3.5	26	0.227503468	0.503625344	23.07428824	0.128008853	2.938915529	26.64483797
1	1.4	4.7	24	0.125522151	0.464984562	22.55586772	0.136858657	3.488479025	26.64618996
1	1.8	3.1	17	0.284351022	0.32963546	23.38606747	0.122924214	2.813158501	26.65178565
1	1.4	4.7	23	0.126284767	0.445660824	22.5784305	0.136874203	3.491969681	26.6529352
1	1.7	3.5	25	0.228300371	0.484310135	23.10142685	0.128023391	2.94237318	26.65613356
1	1.4	4.7	22	0.127283634	0.426332695	22.60714026	0.136889753	3.49641133	26.66677404
1	1.7	3.5	24	0.229097275	0.464990539	23.12862939	0.128037932	2.945838977	26.66749684
1	1.7	3.5	23	0.229954385	0.445666553	23.15770088	0.128052477	2.949542891	26.6809628
1	1.8	3.1	16	0.285707065	0.31028041	23.43408483	0.122938189	2.818936378	26.68623981
1	1.4	4.7	21	0.128630424	0.407000174	22.64493804	0.136905306	3.50225897	26.69110249
1	1.7	3.5	22	0.230865132	0.426338176	23.18845769	0.128067025	2.953461527	26.69632442
1	1.5	4.3	29	0.149834185	0.561539071	22.72565234	0.134967124	3.280429756	26.70258829
1	1.5	4.3	30	0.149356994	0.580836553	22.70992264	0.134951805	3.278158471	26.70386946
1	1.5	4.3	28	0.150435597	0.542237208	22.74471722	0.134982447	3.283182624	26.7051195
1	1.5	4.3	27	0.151118658	0.522930961	22.76599611	0.134997773	3.286255184	26.71018003
1	1.7	3.5	21	0.231775879	0.407005407	23.21929634	0.128081576	2.957390589	26.71177391
1	1.5	4.3	26	0.151889341	0.50362033	22.78966142	0.135013103	3.289672328	26.71796718
1	1.4	4.7	20	0.130108274	0.387663259	22.68627159	0.136920863	3.508653626	26.71950934
1	1.8	3.1	15	0.287147967	0.290920958	23.48508943	0.122952167	2.825073707	26.72403626
1	1.5	4.3	25	0.152686245	0.484305313	22.81407971	0.135028436	3.2931982	26.72661166
1	1.7	3.5	20	0.232686625	0.387668245	23.25021714	0.12809613	2.961330119	26.72731164
1	1.5	4.3	24	0.153483148	0.464985908	22.83855039	0.135043773	3.296731637	26.73531171
1	1.6	3.9	27	0.186429961	0.522932475	22.97762894	0.132061186	3.109512977	26.74213558
1	1.7	3.5	19	0.233597372	0.368326687	23.28122044	0.128110688	2.965280158	26.74293797
1	1.6	3.9	28	0.185974587	0.542238777	22.96162086	0.132046193	3.107345962	26.74325179
1	1.6	3.9	26	0.186954984	0.503621788	22.99562238	0.132076182	3.11194875	26.74326911
1	1.6	3.9	29	0.185519214	0.561540696	22.94563507	0.132031203	3.105181966	26.74438894
1	1.6	3.9	25	0.187539224	0.484306715	23.01531592	0.132091182	3.114614665	26.74632848
1	1.6	3.9	30	0.185164109	0.580838234	22.93248193	0.132016217	3.103401425	26.7487378
1	1.5	4.3	23	0.15448863	0.445662114	22.86869734	0.135059113	3.301084697	26.75050326
1	1.4	4.7	19	0.131687354	0.36832195	22.73039985	0.136936424	3.515480648	26.75113887
1	1.6	3.9	24	0.188331007	0.464987255	23.04091475	0.132106185	3.118079979	26.75608817
1	1.7	3.5	18	0.234741114	0.348980732	23.31938722	0.128125249	2.970142877	26.76663608
1	1.6	3.9	23	0.189201896	0.445663405	23.06881438	0.132121191	3.121856753	26.76845573
1	1.5	4.3	22	0.155627063	0.42633393	22.90251961	0.135074457	3.305968453	26.76989645
1	1.4	4.7	18	0.133284556	0.348976243	22.77517534	0.136951988	3.522407802	26.78351137
1	1.6	3.9	22	0.190204229	0.426335165	23.10051989	0.132136201	3.126148729	26.78513999
1	1.5	4.3	21	0.156765497	0.407001353	22.93644211	0.135089804	3.310866682	26.78939994
1	1.7	3.5	17	0.236174757	0.32963038	23.36652443	0.128139813	2.976148492	26.80044312
1	1.6	3.9	21	0.191308878	0.407002532	23.13523145	0.132151214	3.130847634	26.80523283
1	1.5	4.3	20	0.15790393	0.387664382	22.97046527	0.135105155	3.315779446	26.80901425
1	1.4	4.7	17	0.135207857	0.329626139	22.82871498	0.136967555	3.530690845	26.82599952
1	1.6	3.9	20	0.192447312	0.387665506	23.17101433	0.132166231	3.135691563	26.82653763
1	1.5	4.3	19	0.159118036	0.368323017	23.00665487	0.135120509	3.321005033	26.83110343
1	1.7	3.5	16	0.237768564	0.310275627	23.41876205	0.128154381	2.982803934	26.83999599
1	1.6	3.9	19	0.193585745	0.368324084	23.2069081	0.132181251	3.140550504	26.84796394
1	1.5	4.3	18	0.160539061	0.348977255	23.04862582	0.135135866	3.327065416	26.85980436
1	1.8	3.2	30	0.261522856	0.580849037	23.34890416	0.125280032	2.808686681	26.86371991
1	1.8	3.2	29	0.261978229	0.561551142	23.36683764	0.125294254	2.810844597	26.86452764
1	1.8	3.2	28	0.262433603	0.542248866	23.3847987	0.125308479	2.813005832	26.86536188
1	1.8	3.2	27	0.262939251	0.522942205	23.40437753	0.125322707	2.815361731	26.86800418
1	1.6	3.9	18	0.194728678	0.348978266	23.24304285	0.132196275	3.145442066	26.86965946
1	1.8	3.2	26	0.263508467	0.50363116	23.42600349	0.125336938	2.817963959	26.87293555
1	1.4	4.7	16	0.13736028	0.310271635	22.88857301	0.136983126	3.539951398	26.87577917
1	1.8	3.2	25	0.264077684	0.484315729	23.44766946	0.125351173	2.820571002	26.87790736
1	1.7	3.5	15	0.239418823	0.290916473	23.47297246	0.128168952	2.989710725	26.88176861
1	1.8	3.2	24	0.264646901	0.46499591	23.46937556	0.125365411	2.823182873	26.88291975
1	1.8	3.2	23	0.265216118	0.445671701	23.49112189	0.125379652	2.825799586	26.88797283
1	1.8	3.2	22	0.265862824	0.426343102	23.51538272	0.125393896	2.828718866	26.89583859
1	1.5	4.3	17	0.162215457	0.329627094	23.09777387	0.135151227	3.334162134	26.89671433
1	1.6	3.9	17	0.1961626	0.32962805	23.28769906	0.132211302	3.151487179	26.90102559
1	1.8	3.2	21	0.2665919	0.40701011	23.54232967	0.125408144	2.831961362	26.90670928
1	1.8	3.2	20	0.267483932	0.387672725	23.57456707	0.125422394	2.835840454	26.92350265
1	1.4	4.7	15	0.139587052	0.29091273	22.95072529	0.136998701	3.54956689	26.92820361
1	1.6	3.9	16	0.197850261	0.310273434	23.33989283	0.132226332	3.158552651	26.94094524
1	1.5	4.3	16	0.164133843	0.310272535	23.15382005	0.135166592	3.342254905	26.94151409
1	1.8	3.2	19	0.268542187	0.368330944	23.61224337	0.125436648	2.840374003	26.94638497
1	1.8	3.2	18	0.269680621	0.348984766	23.65263028	0.125450906	2.845233715	26.97229966
1	1.6	3.9	15	0.199788426	0.290914417	23.39963011	0.132241366	3.166639289	26.98942518
1	1.5	4.3	15	0.166474159	0.290913573	23.22186623	0.13518196	3.352080412	27.00004217
1	1.8	3.2	17	0.270944353	0.32963419	23.69721811	0.125465166	2.850598921	27.00291639
1	1.7	3.6	30	0.214439636	0.580840098	23.3264596	0.130335718	2.971043948	27.00867936
1	1.7	3.6	29	0.215038115	0.561542499	23.34754385	0.130350513	2.973730231	27.0131671
1	1.4	4.8	29	0.116636167	0.56153704	22.78992161	0.138731827	3.524689177	27.01487965
1	1.4	4.8	28	0.117205383	0.542235246	22.80749463	0.138747577	3.527407875	27.01588533
1	1.4	4.8	27	0.1177746	0.522929069	22.82509478	0.138763331	3.53013077	27.01691795
1	1.4	4.8	30	0.116169374	0.580834452	22.77500492	0.138716081	3.522381437	27.01693689
1	1.4	4.8	26	0.118343817	0.503618508	22.84272213	0.138779088	3.532857872	27.0179776
1	1.7	3.6	28	0.215721176	0.542240518	23.37117686	0.130365312	2.976741244	27.02052393
1	1.4	4.8	25	0.119022229	0.48430356	22.86320156	0.138794849	3.536026216	27.02232619
1	1.4	4.8	24	0.119705289	0.464984225	22.88383823	0.138810613	3.539218887	27.02685196
1	1.7	3.6	27	0.216404236	0.522934155	23.39485778	0.130380114	2.97975836	27.0279304
1	1.4	4.8	23	0.120430842	0.445660501	22.90561564	0.138826381	3.542588039	27.03269056
1	1.7	3.6	26	0.217101163	0.503623406	23.4190001	0.13039492	2.982834264	27.03585269
1	1.8	3.2	16	0.272428281	0.310279214	23.74914407	0.12547943	2.856847116	27.04174983
1	1.4	4.8	22	0.121296339	0.426332386	22.93107624	0.138842153	3.546527014	27.0427778
1	1.7	3.6	25	0.217898067	0.484308271	23.44617891	0.130409728	2.986297037	27.04719394
1	1.7	3.6	24	0.21869497	0.464988749	23.4734209	0.130424541	2.989767859	27.05860204
1	1.4	4.8	21	0.122572069	0.406999879	22.96729926	0.138857928	3.552131026	27.06528809
1	1.7	3.6	23	0.219491874	0.445664837	23.50072628	0.130439356	2.993246758	27.07007723
1	1.5	4.4	29	0.142317282	0.561538665	23.05091127	0.137060162	3.327395422	27.07690552
1	1.5	4.4	28	0.142886499	0.542236815	23.06921651	0.137075722	3.330038601	27.07856765
1	1.5	4.4	30	0.141869984	0.580836132	23.03589503	0.137044605	3.325227157	27.07900293
1	1.7	3.6	22	0.220288777	0.426336534	23.52809528	0.130454175	2.996733763	27.08161976
1	1.5	4.4	27	0.143512487	0.522930583	23.089076	0.137091286	3.332906207	27.08200407
1	1.5	4.4	26	0.144195548	0.503619966	23.11050578	0.137106854	3.336000554	27.08723315
1	1.8	3.2	15	0.274174096	0.290919837	23.80986846	0.125493697	2.864154015	27.09043601
1	1.5	4.4	25	0.144913573	0.484304963	23.13291832	0.137122425	3.339236806	27.09358251
1	1.4	4.8	20	0.124059198	0.387662978	23.00917516	0.138873707	3.558609589	27.09432144
1	1.7	3.6	21	0.221142377	0.40700384	23.557238	0.130468997	3.000446752	27.09515759
1	1.6	4	26	0.177289176	0.503621424	23.30888934	0.134314672	3.154355708	27.10118114
1	1.6	4	27	0.176833803	0.522932097	23.29282793	0.134299422	3.152181474	27.10224092
1	1.5	4.4	24	0.145710477	0.464985572	23.15750593	0.137137999	3.342787127	27.10241663
1	1.6	4	25	0.177876158	0.484306365	23.32869477	0.134329926	3.15703677	27.10436784
1	1.6	4	28	0.17641705	0.542238385	23.27787619	0.134284175	3.150157457	27.10455621
1	1.6	4	29	0.17607552	0.56154029	23.26505946	0.134268931	3.148422456	27.10929114
1	1.7	3.6	20	0.222053124	0.387666751	23.58818104	0.130483823	3.004389114	27.11072073
1	1.5	4.4	23	0.146589969	0.445661792	23.18438289	0.137153577	3.346668017	27.11386628
1	1.6	4	30	0.17573399	0.580837813	23.25225684	0.134253691	3.146689365	27.11403771
1	1.6	4	24	0.178679012	0.464986918	23.35465166	0.134345184	3.160550554	27.11453431
1	1.4	4.8	19	0.125653005	0.368321683	23.05401008	0.138889489	3.565545936	27.12676718
1	1.7	3.6	19	0.222991591	0.368325268	23.62004601	0.130498652	3.008448938	27.12731887
1	1.5	4.4	22	0.147637675	0.426333621	23.21589053	0.137169159	3.351217554	27.13061087
1	1.6	4	23	0.179671872	0.445663082	23.38606577	0.134360444	3.164803084	27.13089238
1	1.6	4	22	0.180714561	0.426334856	23.41898476	0.134375709	3.169259329	27.14895466
1	1.7	3.6	18	0.224120087	0.348979388	23.65777623	0.130513484	3.013256035	27.15052514
1	1.5	4.4	21	0.148832462	0.407001058	23.25149057	0.137184744	3.356358011	27.15203439
1	1.4	4.8	18	0.127340671	0.348975991	23.10149914	0.138905275	3.572892903	27.16227331
1	1.6	4	21	0.181893653	0.407002237	23.45589616	0.134390977	3.174256026	27.1715454
1	1.5	4.4	20	0.150084739	0.387664102	23.28877129	0.137200333	3.361741149	27.17537688
1	1.7	3.6	17	0.225598907	0.329629109	23.70632268	0.13052832	3.019441197	27.1859213
1	1.6	4	20	0.183145929	0.387665225	23.49502357	0.134406248	3.179552705	27.19664775
1	1.4	4.8	17	0.129126704	0.3296259	23.15179371	0.138921065	3.580673906	27.20101458
1	1.5	4.4	19	0.151464548	0.36832275	23.32966939	0.137215925	3.367646618	27.20285469
1	1.8	3.3	30	0.248386818	0.580846803	23.65917337	0.12781124	2.846021039	27.21385245
1	1.8	3.3	29	0.248842192	0.561548982	23.67702856	0.127825748	2.848169534	27.21457282
1	1.8	3.3	28	0.249297565	0.542246779	23.69491072	0.127840261	2.850321276	27.21531904
1	1.8	3.3	27	0.24976565	0.522940193	23.71322019	0.127854776	2.852524434	27.21653959
1	1.8	3.3	26	0.250334867	0.503629222	23.73474774	0.127869295	2.855114821	27.22136108
1	1.6	4	19	0.184398206	0.368323817	23.53428178	0.134421523	3.18486709	27.22189421
1	1.7	3.6	16	0.227130638	0.310274431	23.75669166	0.130543159	3.025858563	27.22336782
1	1.8	3.3	25	0.2510089	0.484313864	23.75962733	0.127883817	2.858108555	27.22993357
1	1.8	3.3	24	0.25169196	0.464994119	23.78484511	0.127898343	2.861142983	27.23888055
1	1.5	4.4	18	0.153154531	0.348977002	23.3792524	0.137231521	3.374806142	27.24026707
1	1.4	4.8	16	0.131224074	0.31027141	23.21060672	0.138936858	3.589772785	27.24958778
1	1.6	4	18	0.185759532	0.348978013	23.57682137	0.134436801	3.190625675	27.25086186
1	1.8	3.3	23	0.252469093	0.445669985	23.81310327	0.127912872	2.864543256	27.25122938
1	1.8	3.3	22	0.253265996	0.42634146	23.84205797	0.127927404	2.868027344	27.26435418
1	1.7	3.6	15	0.228814872	0.290915352	23.81197395	0.130558002	3.032901918	27.26634922
1	1.8	3.3	21	0.2540629	0.407008542	23.87108319	0.127941939	2.871519918	27.27755359
1	1.6	4	17	0.18715524	0.329627811	23.62051197	0.134452082	3.196540074	27.28113194
1	1.5	4.4	17	0.154976024	0.329626856	23.43268531	0.13724712	3.382521571	27.28208086
1	1.8	3.3	20	0.254878795	0.387671231	23.90078668	0.127956478	2.875094107	27.2915085
1	1.4	4.8	15	0.133514583	0.290912519	23.27489691	0.138952655	3.599719031	27.30448112
1	1.8	3.3	19	0.256005627	0.368329525	23.94053943	0.12797102	2.879877512	27.31671749
1	1.6	4	16	0.18876884	0.310273209	23.67070812	0.134467368	3.203335128	27.31878383
1	1.5	4.4	16	0.156855345	0.31027231	23.48797075	0.137262723	3.390504496	27.32601028
1	1.8	3.3	18	0.257293391	0.348983421	23.98560805	0.127985565	2.88530057	27.3478776
1	1.6	4	15	0.190776982	0.290914206	23.73266178	0.134482656	3.211721797	27.36978044
1	1.5	4.4	15	0.159199964	0.290913363	23.55652291	0.137278329	3.400403064	27.38511767
1	1.8	3.3	17	0.258773355	0.32963292	24.03706352	0.128000113	2.891492151	27.38618871
1	1.4	4.9	28	0.111647177	0.542234854	23.13730683	0.140695775	3.57843266	27.39867012
1	1.4	4.9	29	0.111139408	0.561536633	23.12118335	0.140679804	3.57593822	27.39933801
1	1.4	4.9	27	0.112216393	0.522928691	23.1550501	0.14071175	3.581177698	27.39986824
1	1.4	4.9	26	0.11278561	0.503618143	23.17282062	0.140727729	3.58392695	27.40109344
1	1.7	3.7	30	0.204435049	0.580839074	23.6738956	0.132716092	3.015309758	27.40276053
1	1.4	4.9	25	0.113435465	0.48430321	23.19272135	0.140743711	3.587005764	27.40477404
1	1.7	3.7	29	0.205004266	0.561541509	23.69415684	0.132731158	3.017891182	27.40632068
1	1.4	4.9	30	0.110911721	0.580834031	23.11233426	0.140663837	3.574569189	27.40840132
1	1.4	4.9	24	0.114118525	0.464983888	23.21352385	0.140759697	3.59022409	27.40949153
1	1.7	3.7	28	0.205616208	0.542239562	23.71572345	0.132746227	3.020638922	27.41134817
1	1.4	4.9	23	0.114807015	0.445660178	23.23450585	0.140775686	3.593470187	27.41441191
1	1.7	3.7	27	0.206299268	0.522933232	23.73944861	0.132761299	3.023661676	27.41880482
1	1.9	3	30	0.28867895	0.580853507	23.98418891	0.124435776	2.733280869	27.42275906
1	1.4	4.9	22	0.115610324	0.426332077	23.25853702	0.140791679	3.597188015	27.42284879
1	1.9	3	29	0.289134324	0.561555464	24.0033116	0.124449902	2.735460776	27.42477774
1	1.7	3.7	26	0.206982328	0.503622518	23.76322131	0.132776375	3.026690485	27.42631068
1	1.8	3.3	16	0.260301638	0.310278019	24.09031046	0.128014665	2.897899298	27.42650244
1	1.9	3	28	0.289603813	0.542253039	24.0229402	0.124464031	2.737698354	27.42735562
1	1.9	3	27	0.29017303	0.522946231	24.04596537	0.124478163	2.740323127	27.43371289
1	1.7	3.7	25	0.207755537	0.484307417	23.78973932	0.132791454	3.030069069	27.43690726
1	1.9	3	26	0.290742247	0.503635038	24.06903473	0.124492299	2.742952938	27.44011501
1	1.4	4.9	21	0.116739355	0.406999584	23.29118217	0.140807676	3.602238501	27.44122793
1	1.9	3	25	0.291343441	0.484319458	24.09323157	0.124506438	2.745711276	27.44776874
1	1.7	3.7	24	0.20855244	0.464987928	23.81702735	0.132806537	3.033545757	27.44836757
1	1.9	3	24	0.292026501	0.46499949	24.12025615	0.12452058	2.748791966	27.45856819
1	1.6	4.1	27	0.167386784	0.522931718	23.60499787	0.136533622	3.194439929	27.45890314
1	1.7	3.7	23	0.209349344	0.44566405	23.84437807	0.132821623	3.037030433	27.45989418
1	1.6	4.1	26	0.167930144	0.503621059	23.62357982	0.136549126	3.196955368	27.46070537
1	1.5	4.5	27	0.136362748	0.522930204	23.41881359	0.139181412	3.380518567	27.46144377
1	1.6	4.1	28	0.166987007	0.542237993	23.59049596	0.136518122	3.192476805	27.46172888
1	1.5	4.5	26	0.13689947	0.503619601	23.43640848	0.139197217	3.383059177	27.46228447
1	1.5	4.5	28	0.135907375	0.542236423	23.40344047	0.139165611	3.37829877	27.46314127
1	1.5	4.5	25	0.137483359	0.484304612	23.45530847	0.139213025	3.385788235	27.46461434
1	1.5	4.5	29	0.135452001	0.561538258	23.38808752	0.139149813	3.376081886	27.46485748
1	1.6	4.1	29	0.166645477	0.561539884	23.57765353	0.136502624	3.190738326	27.46643437
1	1.4	4.9	20	0.11813476	0.387662698	23.33094737	0.140823676	3.608390519	27.46782426
1	1.5	4.5	30	0.135042844	0.580835712	23.37399886	0.139134019	3.374047558	27.46801615
1	1.9	3	23	0.292709561	0.445675133	24.14734145	0.124534725	2.751879576	27.46943088
1	1.5	4.5	24	0.138193335	0.464985235	23.47766313	0.139228837	3.389016129	27.47089333
1	1.7	3.7	22	0.210146247	0.426335782	23.8717917	0.132836713	3.040523123	27.47148732
1	1.6	4.1	30	0.166320904	0.580837393	23.56530255	0.136487131	3.189066372	27.47169344
1	1.6	4.1	25	0.168807478	0.484306014	23.65166008	0.136564634	3.200756593	27.47328732
1	1.8	3.3	15	0.262028331	0.290918716	24.15027213	0.12802922	2.905114421	27.47433449
1	1.9	3	22	0.293438163	0.426346386	24.17604085	0.124548873	2.755151188	27.4820873
1	1.7	3.7	21	0.210943151	0.407003121	23.89926846	0.132851806	3.044023857	27.48314724
1	1.5	4.5	23	0.139101428	0.445661469	23.50545311	0.139244652	3.393028855	27.48338808
1	1.6	4.1	24	0.16986854	0.464986582	23.68503199	0.136580145	3.20527415	27.49187287
1	1.7	3.7	20	0.211858301	0.387666067	23.93038888	0.132866902	3.04798882	27.49891067
1	1.9	3	21	0.294312923	0.407013245	24.20980656	0.124563025	2.759000338	27.50038317
1	1.5	4.5	22	0.140224198	0.426333312	23.539169	0.139260472	3.397897251	27.50266003
1	1.4	4.9	19	0.119811485	0.368321416	23.37830118	0.14083968	3.615716561	27.50317884
1	1.6	4.1	23	0.171006974	0.44566276	23.72070542	0.13659566	3.210103264	27.5130671
1	1.7	3.7	19	0.212990213	0.368324618	23.96817363	0.132882002	3.052802864	27.52218311
1	1.9	3	20	0.295298509	0.387675711	24.2474685	0.12457718	2.763293641	27.52301503
1	1.5	4.5	21	0.141592119	0.407000763	23.57969651	0.139276294	3.403749209	27.52972278
1	1.6	4.1	22	0.172145407	0.426334547	23.75648651	0.136611178	3.214946951	27.53437918
1	1.4	4.9	18	0.121519135	0.348975738	23.42667056	0.140855688	3.62319972	27.5397017
1	1.7	3.7	18	0.214128647	0.348978772	24.00627664	0.132897105	3.057657458	27.54580998
1	1.9	3	19	0.296323099	0.368333782	24.28659029	0.124591338	2.767753361	27.54726877
1	1.6	4.1	21	0.173283841	0.407001942	23.79237574	0.1366267	3.219805277	27.55580965
1	1.5	4.5	20	0.143072083	0.387663821	23.6234446	0.139292121	3.410066201	27.56046674
1	1.8	3.4	30	0.235567095	0.580844568	23.96869437	0.130336721	2.883265366	27.56314103
1	1.8	3.4	29	0.23604254	0.561546821	23.98710838	0.130351516	2.885481103	27.56448782
1	1.8	3.4	28	0.236663831	0.542244692	24.01011948	0.130366315	2.888250004	27.57098049
1	1.9	3	18	0.297347689	0.348987455	24.32583856	0.124605499	2.7722275	27.57165901
1	1.4	4.9	17	0.123242437	0.329625661	23.47565877	0.140871699	3.630778618	27.57693475
1	1.6	4.1	20	0.174422274	0.387664944	23.8283736	0.136642225	3.224678309	27.57735908
1	1.7	3.7	17	0.215540555	0.329628527	24.05286474	0.132912212	3.063593112	27.57899859
1	1.8	3.4	27	0.237346891	0.52293818	24.03511401	0.130381118	2.891257569	27.57969088
1	1.5	4.5	19	0.144552046	0.368322483	23.66735537	0.139307951	3.416406683	27.59139248
1	1.8	3.4	26	0.238118944	0.503627283	24.06296094	0.130395923	2.89460836	27.59159251
1	1.9	3	17	0.298372279	0.32963673	24.36521392	0.124619664	2.776716126	27.59618644
1	1.6	4.1	19	0.175684041	0.368323551	23.86804258	0.136657754	3.230048299	27.60307218
1	1.8	3.4	25	0.238931824	0.484312	24.09216038	0.130410732	2.898121897	27.60500501
1	1.7	3.7	16	0.217134361	0.310273884	24.10522203	0.132927322	3.070263802	27.61868703
1	1.8	3.4	24	0.239842571	0.464992329	24.12452604	0.130425545	2.902016422	27.62196034
1	1.4	4.9	16	0.125228131	0.310271186	23.53189534	0.140887714	3.639478899	27.62253313
1	1.9	3	16	0.299499429	0.310281606	24.40828206	0.124633831	2.781625715	27.62482322
1	1.5	4.5	18	0.146183761	0.348976749	23.71563475	0.139323784	3.423377971	27.62731326
1	1.6	4.1	18	0.177050161	0.34897776	23.91086864	0.136673286	3.235845665	27.63236536
1	1.8	3.4	23	0.240753318	0.445668269	24.15697881	0.130440361	2.905921428	27.63900887
1	1.8	3.4	22	0.241664064	0.426339818	24.18951903	0.13045518	2.909836958	27.65615099
1	1.7	3.7	15	0.218768576	0.290914838	24.1590549	0.132942436	3.077122492	27.66003467
1	1.6	4.1	17	0.178492895	0.329627572	23.95607788	0.136688822	3.241965642	27.66435992
1	1.9	3	15	0.301019477	0.29092208	24.46521838	0.124648002	2.788116216	27.66890468
1	1.5	4.5	17	0.147990699	0.329626617	23.76898872	0.139339621	3.431082001	27.66903696
1	1.8	3.4	21	0.242574811	0.407006975	24.22214706	0.130470002	2.913763054	27.6733871
1	1.4	4.9	15	0.127534896	0.290912308	23.59706727	0.140903732	3.649561559	27.67844487
1	1.8	3.4	20	0.243485558	0.387669738	24.25486326	0.130484828	2.917699758	27.69071759
1	1.6	4.1	16	0.180109933	0.310272984	24.00655086	0.136704362	3.24879817	27.70232638
1	1.8	3.4	19	0.244511987	0.368328106	24.29137741	0.130499657	2.922093466	27.71229864
1	1.5	4.5	16	0.150025294	0.310272085	23.82895161	0.139355462	3.439740325	27.71831949
1	1.8	3.4	18	0.245870077	0.348982077	24.338675	0.13051449	2.927784734	27.7459563
1	1.6	4.1	15	0.182155235	0.290913995	24.0698111	0.136719905	3.257361711	27.75480671
1	1.5	4.5	15	0.152342273	0.290913152	23.89716183	0.139371306	3.449589518	27.7770358
1	1.8	3.4	17	0.247236197	0.32963165	24.38641676	0.130529326	2.933529449	27.78010719
1	1.4	5	27	0.106899226	0.522928312	23.48722777	0.142657385	3.632568443	27.78538191
1	1.4	5	26	0.107452755	0.503617779	23.50473436	0.142673584	3.635276862	27.78630259
1	1.4	5	28	0.106443853	0.542234461	23.47231661	0.142641189	3.630261557	27.78745381
1	1.4	5	25	0.108074052	0.484302859	23.5240489	0.142689787	3.638264988	27.78930653
1	1.4	5	29	0.106092257	0.561536227	23.46013805	0.142624997	3.628377429	27.7926767
1	1.4	5	24	0.108757112	0.464983552	23.54502205	0.142705994	3.641509715	27.79422131
1	1.7	3.8	28	0.195616667	0.54223917	24.0548143	0.135122602	3.0638415	27.79601758
1	1.7	3.8	29	0.195161293	0.561541103	24.03786727	0.135107263	3.061682328	27.79619797
1	1.7	3.8	30	0.19470592	0.580838654	24.02094411	0.135091928	3.059526198	27.79640089
1	1.4	5	23	0.109440172	0.445659855	23.56603265	0.142722205	3.644760236	27.79917495
1	1.7	3.8	27	0.196213727	0.522932854	24.07601332	0.135137944	3.066542406	27.80062653
1	1.9	3.1	30	0.275099443	0.580851272	24.3210511	0.127109554	2.771681749	27.80069367
1	1.4	5	30	0.10586457	0.580833611	23.45120971	0.142608809	3.626996138	27.80164827
1	1.9	3.1	29	0.275554817	0.561553303	24.34008029	0.127123984	2.773850997	27.80260857
1	1.9	3.1	28	0.27601019	0.542250952	24.35913929	0.127138416	2.776023644	27.8045523
1	1.4	5	22	0.110205443	0.426331769	23.58925433	0.142738419	3.64835283	27.80667735
1	1.7	3.8	26	0.196896788	0.503622153	24.0998213	0.13515329	3.069575711	27.80817246
1	1.9	3.1	27	0.2765534	0.522944218	24.38117648	0.127152852	2.778535791	27.80980934
1	1.9	3.1	26	0.277122617	0.503633099	24.40412823	0.127167291	2.781152194	27.81608081
1	1.7	3.8	25	0.197632433	0.484307066	24.12525224	0.135168639	3.072815793	27.81754374
1	1.8	3.4	16	0.248738091	0.310276823	24.43875279	0.130544165	2.939826986	27.81940077
1	1.4	5	21	0.111169555	0.40699929	23.61779089	0.142754637	3.652767681	27.8203125
1	1.9	3.1	25	0.277691834	0.484317593	24.42712324	0.127181734	2.78377353	27.8223961
1	1.9	3.1	24	0.278261051	0.4649977	24.45016164	0.12719618	2.786399812	27.82875534
1	1.7	3.8	24	0.198429337	0.464987591	24.15257673	0.135183992	3.076297126	27.82904543
1	1.6	4.2	29	0.157694444	0.561539477	23.89680742	0.138732429	3.233942198	27.83102153
1	1.6	4.2	30	0.157277296	0.580836973	23.88180802	0.138716683	3.231911728	27.8332734
1	1.6	4.2	28	0.158343951	0.5422376	23.91840354	0.13874818	3.236865665	27.83625498
1	1.9	3.1	23	0.278859515	0.445673417	24.47423286	0.127210629	2.78914383	27.83626074
1	1.7	3.8	23	0.19922624	0.445663728	24.1799632	0.135199348	3.079786357	27.84061263
1	1.6	4.2	27	0.159045541	0.52293134	23.94151633	0.138763933	3.239994444	27.84320605
1	1.4	5	20	0.112501048	0.387662417	23.65616166	0.142770858	3.658703969	27.84529891
1	1.9	3.1	22	0.279542575	0.426344744	24.5012191	0.127225081	2.792220148	27.84700908
1	1.5	4.6	27	0.129674846	0.522929826	23.75570957	0.141268262	3.429164561	27.84907222
1	1.5	4.6	26	0.130182687	0.503619237	23.77263397	0.141284304	3.431608356	27.84914587
1	1.5	4.6	28	0.129219473	0.542236031	23.74023463	0.141252224	3.426930062	27.85065295
1	1.5	4.6	25	0.130779494	0.484304261	23.79200991	0.141300349	3.434406139	27.85202066
1	1.5	4.6	29	0.1287641	0.561537852	23.72477985	0.14123619	3.424698474	27.85225236
1	1.7	3.8	22	0.200042691	0.426335473	24.20800167	0.135214708	3.083358656	27.8529105
1	1.6	4.2	26	0.159842444	0.503620695	23.96738358	0.138779691	3.243496094	27.85328006
1	1.5	4.6	30	0.128373678	0.580835292	23.71110537	0.141220159	3.422723952	27.85588477
1	1.5	4.6	24	0.131465328	0.464984898	23.81385102	0.141316398	3.43755988	27.8577122
1	1.9	3.1	21	0.280250686	0.407011678	24.52911612	0.127239537	2.795400291	27.85876762
1	1.6	4.2	25	0.160639348	0.484305664	23.9933068	0.138795452	3.247005321	27.86341323
1	1.8	3.4	15	0.250452476	0.290917595	24.49824336	0.130559008	2.946985422	27.86670539
1	1.5	4.6	23	0.132329603	0.445661146	23.84062036	0.141332451	3.44142523	27.86903919
1	1.7	3.8	21	0.200995971	0.407002827	24.24024429	0.135230071	3.087466595	27.86994378
1	1.6	4.2	24	0.161548475	0.464986245	24.02249128	0.138811216	3.250956026	27.87724477
1	1.9	3.1	20	0.281161433	0.387674218	24.56397964	0.127253996	2.799374587	27.87828245
1	1.4	5	19	0.11409746	0.368321149	23.70172691	0.142787083	3.665753306	27.87858845
1	1.7	3.8	20	0.202020561	0.387665786	24.27473638	0.135245437	3.091861131	27.88950873
1	1.5	4.6	22	0.133589941	0.426333003	23.87833108	0.141348507	3.446870458	27.89288304
1	1.6	4.2	23	0.1626831	0.445662437	24.05820542	0.138826985	3.25579065	27.8984855
1	1.9	3.1	19	0.282122347	0.368332363	24.60065687	0.127268458	2.803555638	27.89981333
1	1.7	3.8	19	0.203145056	0.368324351	24.31236704	0.135260807	3.096655545	27.91260775
1	1.4	5	18	0.11580511	0.348975485	23.75044929	0.142803312	3.673291077	27.91551917
1	1.6	4.2	22	0.163821534	0.426334238	24.09413537	0.138842756	3.260654488	27.91996685
1	1.5	4.6	21	0.13499517	0.407000469	23.92015709	0.141364567	3.452909912	27.92143203
1	1.9	3.1	18	0.283202059	0.348986111	24.64151685	0.127282924	2.808213504	27.92599939
1	1.7	3.8	18	0.204397333	0.348978519	24.35401635	0.135276181	3.101961963	27.94023302
1	1.6	4.2	21	0.164959967	0.407001648	24.13017282	0.138858532	3.265532879	27.94156588
1	1.5	4.6	20	0.136475134	0.38766354	23.96419867	0.141380631	3.459269284	27.95251213
1	1.4	5	17	0.11751276	0.329625423	23.79937246	0.142819545	3.680859912	27.95267734
1	1.9	3.1	17	0.284351022	0.32963546	24.68489561	0.127297393	2.813158501	27.95498696
1	1.6	4.2	20	0.166098401	0.387664663	24.16631827	0.13887431	3.27042589	27.96328314
1	1.7	3.8	17	0.205674105	0.329628289	24.39655931	0.135291558	3.107382237	27.9688614
1	1.8	3.5	30	0.224719797	0.580842333	24.32952782	0.132856726	2.926684064	27.96991095
1	1.8	3.5	29	0.225402858	0.56154466	24.35445833	0.132871808	2.929683924	27.97855872
1	1.5	4.6	19	0.137955097	0.368322216	24.00840279	0.141396698	3.465652124	27.98377383
1	1.6	4.2	19	0.167265312	0.368323284	24.20339793	0.138890093	3.275445364	27.98605667
1	1.8	3.5	28	0.226085918	0.542242605	24.37943999	0.132886893	2.932689941	27.98725943
1	1.9	3.1	16	0.285707065	0.31028041	24.7355806	0.127311865	2.818936378	27.99210925
1	1.8	3.5	27	0.226768978	0.522936167	24.40447297	0.132901981	2.935702132	27.99601325
1	1.4	5	16	0.119419115	0.310270961	23.85386893	0.142835781	3.689290986	27.99626666
1	1.8	3.5	26	0.227503468	0.503625344	24.43117808	0.132917073	2.938915529	28.00663602
1	1.7	3.8	16	0.207319735	0.310273659	24.45060024	0.135306939	3.114267435	28.01044828
1	1.6	4.2	18	0.168567675	0.348977508	24.24453181	0.138905879	3.28101366	28.01342886
1	1.5	4.6	18	0.13948925	0.348976496	24.05428171	0.141412769	3.472276797	28.01694777
1	1.8	3.5	25	0.228300371	0.484310135	24.45991308	0.132932168	2.94237318	28.01952856
1	1.8	3.5	24	0.229097275	0.464990539	24.48871577	0.132947267	2.945838977	28.03249255
1	1.9	3.1	15	0.287147967	0.290920958	24.78941879	0.12732634	2.825073707	28.03273979
1	1.6	4.2	17	0.17004547	0.329627333	24.29092838	0.138921669	3.287294364	28.04677174
1	1.8	3.5	23	0.229954385	0.445666553	24.51949735	0.132962369	2.949542891	28.04766916
1	1.4	5	15	0.121698435	0.290912098	23.91875036	0.142852021	3.699328701	28.05184318
1	1.7	3.8	15	0.209223343	0.290914628	24.51286026	0.135322323	3.122199803	28.06129702
1	1.5	4.6	17	0.141404093	0.329626378	24.11100017	0.141428844	3.480466641	28.06252203
1	1.8	3.5	22	0.230865132	0.426338176	24.55206338	0.132977475	2.953461527	28.06484056
1	1.8	3.5	21	0.231775879	0.407005407	24.58471606	0.132992584	2.957390589	28.08210464
1	1.6	4.2	16	0.171854376	0.310272759	24.34721438	0.138937462	3.294913802	28.0913384
1	1.8	3.5	20	0.232686625	0.387668245	24.61745574	0.133007696	2.961330119	28.0994618
1	1.5	4.6	16	0.143567117	0.31027186	24.17497681	0.141444922	3.48970453	28.11639812
1	1.8	3.5	19	0.233597372	0.368326687	24.65028276	0.133022812	2.965280158	28.11691241
1	1.8	3.5	18	0.234741114	0.348980732	24.69069465	0.133037932	2.970142877	28.14285619
1	1.6	4.2	15	0.174065113	0.290913784	24.41561284	0.138953259	3.304172903	28.14965278
1	1.9	3.2	30	0.261522856	0.580849037	24.64566767	0.129776872	2.808686681	28.16498026
1	1.9	3.2	29	0.261978229	0.561551142	24.66459746	0.129791604	2.810844597	28.1667848
1	1.9	3.2	28	0.262433603	0.542248866	24.68355635	0.12980634	2.813005832	28.16861739
1	1.9	3.2	27	0.262939251	0.522942205	24.7042229	0.129821079	2.815361731	28.17234791
1	1.5	4.6	15	0.145817105	0.290912941	24.24175734	0.141461004	3.499347285	28.17347857
1	1.9	3.2	26	0.263508467	0.50363116	24.72705029	0.129835821	2.817963959	28.17848124
1	1.8	3.5	17	0.236174757	0.32963038	24.74060463	0.133053054	2.976148492	28.17943656
1	1.7	3.9	27	0.186429961	0.522932475	24.41328318	0.137510096	3.109512977	28.18323873
1	1.7	3.9	28	0.185974587	0.542238777	24.3962746	0.137494485	3.107345962	28.18335382
1	1.7	3.9	29	0.185519214	0.561540696	24.3792897	0.137478877	3.105181966	28.18349124
1	1.9	3.2	25	0.264077684	0.484315729	24.74991993	0.129850566	2.820571002	28.18465723
1	1.7	3.9	26	0.186954984	0.503621788	24.43240122	0.137525711	3.11194875	28.18549747
1	1.7	3.9	30	0.185164109	0.580838234	24.36531449	0.137463272	3.103401425	28.18701742
1	1.7	3.9	25	0.187539224	0.484306715	24.4533256	0.13754133	3.114614665	28.18978831
1	1.9	3.2	24	0.264646901	0.46499591	24.77283192	0.129865315	2.823182873	28.19087602
1	1.9	3.2	23	0.265216118	0.445671701	24.79578638	0.129880068	2.825799586	28.19713774
1	1.7	3.9	24	0.188331007	0.464987255	24.48052436	0.137556952	3.118079979	28.20114854
1	1.9	3.2	22	0.265862824	0.426343102	24.82139504	0.129894823	2.828718866	28.20635183
1	1.7	3.9	23	0.189201896	0.445663405	24.51016771	0.137572578	3.121856753	28.21526045
1	1.9	3.2	21	0.2665919	0.40701011	24.84983904	0.129909582	2.831961362	28.21872009
1	1.8	3.5	16	0.237768564	0.310275627	24.79591505	0.133068181	2.982803934	28.22206279
1	1.6	4.3	29	0.149834185	0.561539071	24.24021843	0.140958484	3.280429756	28.22314574
1	1.6	4.3	30	0.149356994	0.580836553	24.22344008	0.140942484	3.278158471	28.22337759
1	1.6	4.3	28	0.150435597	0.542237208	24.2605543	0.140974487	3.283182624	28.22694862
1	1.6	4.3	27	0.151118658	0.522930961	24.28325179	0.140990493	3.286255184	28.23342843
1	1.7	3.9	22	0.190204229	0.426335165	24.54385482	0.137588207	3.126148729	28.23392692
1	1.9	3.2	20	0.267483932	0.387672725	24.88386741	0.129924345	2.835840454	28.23730493
1	1.6	4.3	26	0.151889341	0.50362033	24.30849478	0.141006504	3.289672328	28.24279394
1	1.5	4.7	29	0.122470528	0.561537446	24.06713014	0.143319398	3.474132042	28.24611902
1	1.5	4.7	28	0.122993688	0.542235638	24.08455085	0.143335669	3.4766475	28.24676965
1	1.5	4.7	27	0.123562904	0.522929448	24.10325918	0.143351944	3.479348884	28.24888946
1	1.5	4.7	30	0.122098843	0.580834872	24.05386884	0.143303131	3.472217181	28.25022402
1	1.5	4.7	26	0.124156031	0.503618872	24.12265303	0.143368222	3.482149253	28.25178937
1	1.6	4.3	25	0.152686245	0.484305313	24.33454095	0.141022517	3.2931982	28.25306698
1	1.7	3.9	21	0.191308878	0.407002532	24.58073586	0.13760384	3.130847634	28.25618986
1	1.5	4.7	25	0.124839091	0.484303911	24.14455142	0.143384504	3.485311265	28.2575511
1	1.9	3.2	19	0.268542187	0.368330944	24.92363684	0.12993911	2.840374003	28.26228089
1	1.5	4.7	24	0.125522151	0.464984562	24.16648962	0.14340079	3.488479025	28.263354
1	1.6	4.3	24	0.153483148	0.464985908	24.36064302	0.141038535	3.296731637	28.2633991
1	1.8	3.5	15	0.239418823	0.290916473	24.85331431	0.13308331	2.989710725	28.26702482
1	1.5	4.7	23	0.126284767	0.445660824	24.19066403	0.143417079	3.491969681	28.27171161
1	1.7	3.9	20	0.192447312	0.387665506	24.61875516	0.137619476	3.135691563	28.27973171
1	1.6	4.3	23	0.15448863	0.445662114	24.39279976	0.141054556	3.301084697	28.28060113
1	1.5	4.7	22	0.127283634	0.426332695	24.2214245	0.143433372	3.49641133	28.28760189
1	1.9	3.2	18	0.269680621	0.348984766	24.96626746	0.129953879	2.845233715	28.29043982
1	1.6	4.3	22	0.155627063	0.42633393	24.42887685	0.141070581	3.305968453	28.30224981
1	1.7	3.9	19	0.193585745	0.368324084	24.65689229	0.137635116	3.140550504	28.303402
1	1.5	4.7	21	0.128630424	0.407000174	24.26192211	0.143449669	3.50225897	28.31463093
1	1.9	3.2	17	0.270944353	0.32963419	25.0133324	0.129968652	2.850598921	28.32353416
1	1.6	4.3	21	0.156765497	0.407001353	24.46506085	0.141086609	3.310866682	28.32401549
1	1.7	3.9	18	0.194728678	0.348978266	24.69528546	0.13765076	3.145442066	28.32735656
1	1.6	4.3	20	0.15790393	0.387664382	24.50135222	0.141102641	3.315779446	28.34589869
1	1.5	4.7	20	0.130108274	0.387663259	24.30620806	0.14346597	3.508653626	28.34599091
1	1.7	3.9	17	0.1961626	0.32962805	24.74273269	0.137666407	3.151487179	28.36151433
1	1.9	3.2	16	0.272428281	0.310279214	25.06814313	0.129983427	2.856847116	28.36525289
1	1.6	4.3	19	0.159118036	0.368323017	24.53995446	0.141118677	3.321005033	28.37040119
1	1.5	4.7	19	0.131687354	0.36832195	24.35348833	0.143482274	3.515480648	28.38077321
1	1.8	3.6	30	0.214439636	0.580840098	24.69818305	0.135371487	2.971043948	28.38543858
1	1.8	3.6	29	0.215038115	0.561542499	24.72050755	0.135386855	2.973730231	28.39116713
1	1.8	3.6	28	0.215721176	0.542240518	24.74553073	0.135402225	2.976741244	28.39991472
1	1.6	4.3	18	0.160539061	0.348977255	24.58472348	0.141134716	3.327065416	28.40190086
1	1.7	3.9	16	0.197850261	0.310273434	24.79818857	0.137682057	3.158552651	28.40469671
1	1.8	3.6	27	0.216404236	0.522934155	24.77060464	0.135417599	2.97975836	28.40871476
1	1.5	4.7	18	0.133284556	0.348976243	24.40146208	0.143498582	3.522407802	28.41634471
1	1.9	3.2	15	0.274174096	0.290919837	25.13224109	0.129998206	2.864154015	28.41731315
1	1.8	3.6	26	0.217101163	0.503623406	24.7961671	0.135432977	2.982834264	28.41805775
1	1.8	3.6	25	0.217898067	0.484308271	24.82494467	0.135448357	2.986297037	28.43099833
1	1.6	4.3	17	0.162215457	0.329627094	24.63714807	0.14115076	3.334162134	28.44208805
1	1.8	3.6	24	0.21869497	0.464988749	24.85378912	0.135463742	2.989767859	28.44400947
1	1.7	3.9	15	0.199788426	0.290914417	24.86165943	0.137697711	3.166639289	28.45691085
1	1.8	3.6	23	0.219491874	0.445664837	24.88270071	0.13547913	2.993246758	28.45709143
1	1.5	4.7	17	0.135207857	0.329626139	24.45882598	0.143514894	3.530690845	28.46265786
1	1.8	3.6	22	0.220288777	0.426336534	24.91167965	0.135494521	2.996733763	28.47024447
1	1.8	3.6	21	0.221142377	0.40700384	24.94253665	0.135509916	3.000446752	28.48549716
1	1.6	4.3	16	0.164133843	0.310272535	24.69693066	0.141166806	3.342254905	28.4906249
1	1.8	3.6	20	0.222053124	0.387666751	24.97529986	0.135525315	3.004389114	28.50288104
1	1.5	4.7	16	0.13736028	0.310271635	24.52295958	0.143531209	3.539951398	28.51671383
1	1.8	3.6	19	0.222991591	0.368325268	25.00903925	0.135540717	3.008448938	28.52135417
1	1.9	3.3	30	0.248386818	0.580846803	24.97317406	0.13243803	2.846021039	28.53247993
1	1.9	3.3	29	0.248842192	0.561548982	24.9920212	0.132453064	2.848169534	28.53419278
1	1.9	3.3	28	0.249297565	0.542246779	25.01089682	0.132468101	2.850321276	28.53593298
1	1.9	3.3	27	0.24976565	0.522940193	25.03022348	0.132483142	2.852524434	28.53817125
1	1.9	3.3	26	0.250334867	0.503629222	25.05294701	0.132498187	2.855114821	28.54418924
1	1.8	3.6	18	0.224120087	0.348979388	25.04898889	0.135556122	3.013256035	28.54678044
1	1.6	4.3	15	0.166474159	0.290913573	24.76951324	0.141182856	3.352080412	28.55369009
1	1.9	3.3	25	0.2510089	0.484313864	25.07920879	0.132513235	2.858108555	28.55414445
1	1.7	4	26	0.177289176	0.503621424	24.76524736	0.139893811	3.154355708	28.5631183
1	1.7	4	27	0.176833803	0.522932097	24.74818211	0.139877927	3.152181474	28.56317361
1	1.9	3.3	24	0.25169196	0.464994119	25.10582756	0.132528286	2.861142983	28.56449295
1	1.7	4	28	0.17641705	0.542238385	24.73229589	0.139862047	3.150157457	28.56455378
1	1.7	4	25	0.177876158	0.484306365	24.78629064	0.139909699	3.15703677	28.56754347
1	1.7	4	29	0.17607552	0.56154029	24.71867812	0.13984617	3.148422456	28.56848703
1	1.7	4	30	0.17573399	0.580837813	24.70507533	0.139830297	3.146689365	28.57243281
1	1.5	4.7	15	0.139587052	0.29091273	24.58955131	0.143547528	3.54956689	28.57357846
1	1.9	3.3	23	0.252469093	0.445669985	25.13565561	0.132543341	2.864543256	28.5784122
1	1.7	4	24	0.178679012	0.464986918	24.81386982	0.13992559	3.160550554	28.57933288
1	1.8	3.6	17	0.225598907	0.329629109	25.10039101	0.135571531	3.019441197	28.58503285
1	1.9	3.3	22	0.253265996	0.42634146	25.16621891	0.132558399	2.868027344	28.59314611
1	1.7	4	23	0.179671872	0.445663082	24.84724732	0.139941484	3.164803084	28.59765497
1	1.9	3.3	21	0.2540629	0.407008542	25.19685665	0.13257346	2.871519918	28.60795857
1	1.7	4	22	0.180714561	0.426334856	24.88222375	0.139957383	3.169259329	28.61777531
1	1.6	4.4	29	0.142317282	0.561538665	24.58716128	0.143180918	3.327395422	28.61927629
1	1.6	4.4	30	0.141869984	0.580836132	24.57114397	0.143164666	3.325227157	28.62037193
1	1.6	4.4	28	0.142886499	0.542236815	24.60668687	0.143197173	3.330038601	28.62215946
1	1.9	3.3	20	0.254878795	0.387671231	25.22821033	0.132588525	2.875094107	28.6235642
1	1.8	3.6	16	0.227130638	0.310274431	25.15372288	0.135586944	3.025858563	28.62544282
1	1.6	4.4	27	0.143512487	0.522930583	24.62787033	0.143213432	3.332906207	28.62692055
1	1.6	4.4	26	0.144195548	0.503619966	24.65072876	0.143229695	3.336000554	28.63357898
1	1.6	4.4	25	0.144913573	0.484304963	24.67463547	0.143245961	3.339236806	28.6414232
1	1.7	4	21	0.181893653	0.407002237	24.92144211	0.139973285	3.174256026	28.64267366
1	1.5	4.8	29	0.116636167	0.56153704	24.41726165	0.145399539	3.524689177	28.64888741
1	1.5	4.8	30	0.116169374	0.580834452	24.40127949	0.145383035	3.522381437	28.64987841
1	1.9	3.3	19	0.256005627	0.368329525	25.27017157	0.132603594	2.879877512	28.6509822
1	1.5	4.8	28	0.117205383	0.542235246	24.43608989	0.145416046	3.527407875	28.65114906
1	1.6	4.4	24	0.145710477	0.464985572	24.70086226	0.143262231	3.342787127	28.65189719
1	1.5	4.8	27	0.1177746	0.522929069	24.4549472	0.145432557	3.53013077	28.65343959
1	1.5	4.8	26	0.118343817	0.503618508	24.47383364	0.145449071	3.532857872	28.65575909
1	1.5	4.8	25	0.119022229	0.48430356	24.49577589	0.14546559	3.536026216	28.66157125
1	1.6	4.4	23	0.146589969	0.445661792	24.72953102	0.143278505	3.346668017	28.66513933
1	1.5	4.8	24	0.119705289	0.464984225	24.51788661	0.145482112	3.539218887	28.66757183
1	1.7	4	20	0.183145929	0.387665225	24.96301498	0.13998919	3.179552705	28.6702221
1	1.8	3.6	15	0.228814872	0.290915352	25.21225706	0.13560236	3.032901918	28.67167669
1	1.5	4.8	23	0.120430842	0.445660501	24.54121954	0.145498637	3.542588039	28.67496672
1	1.6	4.4	22	0.147637675	0.426333621	24.76313917	0.143294782	3.351217554	28.68398513
1	1.9	3.3	18	0.257293391	0.348983421	25.317744	0.132618666	2.88530057	28.68464665
1	1.5	4.8	22	0.121296339	0.426332386	24.56849876	0.145515167	3.546527014	28.68687333
1	2	3	30	0.28867895	0.580853507	25.24613774	0.12865534	2.733280869	28.68892746
1	2	3	29	0.289134324	0.561555464	25.26626689	0.128669945	2.735460776	28.69195308
1	2	3	28	0.289603813	0.542253039	25.28692858	0.128684553	2.737698354	28.69556452
1	1.7	4	19	0.184398206	0.368323817	25.00472683	0.1400051	3.18486709	28.69792283
1	2	3	27	0.29017303	0.522946231	25.3111656	0.128699165	2.740323127	28.70313412
1	1.6	4.4	21	0.148832462	0.407001058	24.80111255	0.143311063	3.356358011	28.70778268
1	2	3	26	0.290742247	0.503635038	25.33544914	0.12871378	2.742952938	28.7107509
1	1.5	4.8	21	0.122572069	0.406999879	24.60730913	0.1455317	3.552131026	28.71197174
1	2	3	25	0.291343441	0.484319458	25.36091949	0.128728398	2.745711276	28.71967863
1	1.9	3.3	17	0.258773355	0.32963292	25.37205811	0.132633741	2.891492151	28.72581692
1	1.7	4	18	0.185759532	0.348978013	25.04992514	0.140021012	3.190625675	28.72954984
1	2	3	24	0.292026501	0.46499949	25.38936642	0.12874302	2.748791966	28.7319009
1	1.6	4.4	20	0.150084739	0.387664102	24.84087865	0.143327348	3.361741149	28.73361124
1	1.5	4.8	20	0.124059198	0.387662978	24.65217617	0.145548238	3.558609589	28.74399698
1	2	3	23	0.292709561	0.445675133	25.41787726	0.128757645	2.751879576	28.74418962
1	2	3	22	0.293438163	0.426346386	25.44808716	0.128772273	2.755151188	28.758357
1	1.7	4	17	0.18715524	0.329627811	25.09634641	0.140036929	3.196540074	28.76255122
1	1.6	4.4	19	0.151464548	0.36832275	24.88450329	0.143343637	3.367646618	28.76381629
1	1.9	3.3	16	0.260301638	0.310278019	25.42826321	0.132648819	2.897899298	28.76908934
1	2	3	21	0.294312923	0.407013245	25.48363001	0.128786904	2.759000338	28.7784305
1	1.5	4.8	19	0.125653005	0.368321683	24.70021358	0.145564778	3.565545936	28.77964598
1	1.8	3.7	30	0.204435049	0.580839074	25.06605646	0.137881509	3.015309758	28.8000868
1	2	3	20	0.295298509	0.387675711	25.52327416	0.128801539	2.763293641	28.80304505
1	1.7	4	16	0.18876884	0.310273209	25.14967982	0.140052849	3.203335128	28.80334101
1	1.6	4.4	18	0.153154531	0.348977002	24.93739183	0.143359929	3.374806142	28.80453491
1	1.8	3.7	29	0.205004266	0.561541509	25.08750953	0.137897161	3.017891182	28.80483938
1	1.8	3.7	28	0.205616208	0.542239562	25.11034478	0.137912816	3.020638922	28.81113608
1	1.5	4.8	18	0.127340671	0.348975991	24.75109472	0.145581323	3.572892903	28.81854494
1	1.8	3.7	27	0.206299268	0.522933232	25.13546553	0.137928475	3.023661676	28.81998892
1	1.9	3.3	15	0.262028331	0.290918716	25.49155608	0.132663902	2.905114421	28.82025312
1	1.8	3.7	26	0.206982328	0.503622518	25.16063662	0.137944138	3.026690485	28.82889376
1	2	3	19	0.296323099	0.368333782	25.56445499	0.128816177	2.767753361	28.82935831
1	1.8	3.7	25	0.207755537	0.484307417	25.18871452	0.137959804	3.030069069	28.84105081
1	1.6	4.4	17	0.154976024	0.329626856	24.99438693	0.143376225	3.382521571	28.84991158
1	1.8	3.7	24	0.20855244	0.464987928	25.21760772	0.137975474	3.033545757	28.85411688
1	2	3	18	0.297347689	0.348987455	25.60576895	0.128830819	2.7722275	28.85581473
1	1.7	4	15	0.190776982	0.290914206	25.21550558	0.140068773	3.211721797	28.85821036
1	1.5	4.8	17	0.129126704	0.3296259	24.80498176	0.145597871	3.580673906	28.86087944
1	1.8	3.7	23	0.209349344	0.44566405	25.24656731	0.137991147	3.037030433	28.86725294
1	1.8	3.7	22	0.210146247	0.426335782	25.27559351	0.138006824	3.040523123	28.88045924
1	2	3	17	0.298372279	0.32963673	25.64721671	0.128845464	2.776716126	28.88241503
1	1.8	3.7	21	0.210943151	0.407003121	25.30468654	0.138022504	3.044023857	28.89373602
1	1.6	4.4	16	0.156855345	0.31027231	25.05335807	0.143392525	3.390504496	28.8975274
1	1.9	3.4	30	0.235567095	0.580844568	25.29989067	0.135093303	2.883265366	28.89909391
1	1.9	3.4	29	0.23604254	0.561546821	25.31932767	0.135108639	2.885481103	28.90146424
1	1.9	3.4	28	0.236663831	0.542244692	25.34361717	0.135123978	2.888250004	28.90923584
1	1.8	3.7	20	0.211858301	0.387666067	25.33763758	0.138038188	3.04798882	28.91133066
1	2	3	16	0.299499429	0.310281606	25.69255159	0.128860112	2.781625715	28.91331903
1	1.5	4.8	16	0.131224074	0.31027141	24.8679957	0.145614424	3.589772785	28.91365432
1	1.9	3.4	27	0.237346891	0.52293818	25.37000029	0.135139321	2.891257569	28.91933536
1	1.9	3.4	26	0.238118944	0.503627283	25.39939427	0.135154667	2.89460836	28.93278458
1	1.8	3.7	19	0.212990213	0.368324618	25.37764496	0.138053876	3.052802864	28.93682631
1	1.7	4.1	27	0.167386784	0.522931718	25.07986267	0.142241598	3.194439929	28.93947592
1	1.7	4.1	28	0.166987007	0.542237993	25.06445439	0.142225449	3.192476805	28.94139464
1	1.7	4.1	26	0.167930144	0.503621059	25.09960599	0.14225775	3.196955368	28.94244017
1	1.7	4.1	29	0.166645477	0.561539884	25.05080932	0.142209304	3.190738326	28.94529683
1	1.9	3.4	25	0.238931824	0.484312	25.4302159	0.135170016	2.898121897	28.94781981
1	1.7	4.1	30	0.166320904	0.580837393	25.03768639	0.142193163	3.189066372	28.94978332
1	1.7	4.1	25	0.168807478	0.484306014	25.12944127	0.142273906	3.200756593	28.95677778
1	2	3	15	0.301019477	0.29092208	25.75248456	0.128874763	2.788116216	28.96039761
1	1.6	4.4	15	0.159199964	0.290913363	25.12648037	0.143408828	3.400403064	28.96120563
1	1.8	3.7	18	0.214128647	0.348978772	25.41798933	0.138069567	3.057657458	28.96269512
1	1.9	3.4	24	0.239842571	0.464992329	25.46437966	0.135185369	2.902016422	28.96657378
1	1.5	4.8	15	0.133514583	0.290912519	24.93687805	0.14563098	3.599719031	28.97314058
1	1.7	4.1	24	0.16986854	0.464986582	25.16489892	0.142290066	3.20527415	28.97744972
1	1.9	3.4	23	0.240753318	0.445668269	25.49863536	0.135200726	2.905921428	28.98542578
1	1.8	3.7	17	0.215540555	0.329628527	25.4673179	0.138085261	3.063593112	28.9986248
1	1.7	4.1	23	0.171006974	0.44566276	25.20280195	0.142306229	3.210103264	29.0008742
1	1.9	3.4	22	0.241664064	0.426339818	25.53298337	0.135216085	2.909836958	29.00437623
1	1.9	3.4	21	0.242574811	0.407006975	25.56742407	0.135231449	2.913763054	29.02342555
1	1.7	4.1	22	0.172145407	0.426334547	25.24081935	0.142322396	3.214946951	29.02442324
1	1.6	4.5	27	0.136362748	0.522930204	24.97959042	0.145432872	3.380518567	29.02847207
1	1.6	4.5	28	0.135907375	0.542236423	24.96319243	0.145416361	3.37829877	29.02914398
1	1.6	4.5	29	0.135452001	0.561538258	24.94681596	0.145399854	3.376081886	29.02983595
1	1.6	4.5	26	0.13689947	0.503619601	24.99835831	0.145449387	3.383059177	29.03048648
1	1.6	4.5	30	0.135042844	0.580835712	24.93178805	0.145383351	3.374047558	29.03205467
1	1.6	4.5	25	0.137483359	0.484304612	25.0185183	0.145465905	3.385788235	29.03407705
1	1.8	3.7	16	0.217134361	0.310273884	25.52275503	0.13810096	3.070263802	29.04139367
1	1.6	4.5	24	0.138193335	0.464985235	25.04236327	0.145482428	3.389016129	29.04184706
1	1.9	3.4	20	0.243485558	0.387669738	25.60195783	0.135246816	2.917699758	29.04257415
1	1.7	4.1	21	0.173283841	0.407001942	25.27895166	0.142338567	3.219805277	29.04809744
1	1.6	4.5	23	0.139101428	0.445661469	25.07200591	0.145498954	3.393028855	29.05619519
1	1.5	4.9	29	0.111139408	0.561536633	24.77218495	0.147476707	3.57593822	29.05713651
1	1.5	4.9	28	0.111647177	0.542234854	24.7894601	0.14749345	3.57843266	29.05762106
1	1.5	4.9	27	0.112216393	0.522928691	24.80847075	0.147510196	3.581177698	29.06008734
1	1.5	4.9	26	0.11278561	0.503618143	24.8275106	0.147526947	3.58392695	29.06258264
1	1.5	4.9	30	0.110911721	0.580834031	24.76270378	0.147459968	3.574569189	29.06556697
1	1.9	3.4	19	0.244511987	0.368328106	25.64050054	0.135262186	2.922093466	29.0661843
1	1.5	4.9	25	0.113435465	0.48430321	24.8488328	0.147543701	3.587005764	29.06768548
1	1.7	4.1	20	0.174422274	0.387664944	25.31719938	0.142354741	3.224678309	29.07189738
1	1.5	4.9	24	0.114118525	0.464983888	24.8711212	0.147560459	3.59022409	29.07388964
1	1.6	4.5	22	0.140224198	0.426333312	25.10796953	0.145515483	3.397897251	29.07771558
1	1.5	4.9	23	0.114807015	0.445660178	24.89360192	0.147577221	3.593470187	29.0803095
1	2	3.1	30	0.275099443	0.580851272	25.60072952	0.131459127	2.771681749	29.08472167
1	1.8	3.7	15	0.218768576	0.290914838	25.57975454	0.138116661	3.077122492	29.08590854
1	2	3.1	29	0.275554817	0.561553303	25.62076025	0.13147405	2.773850997	29.0876386
1	1.5	4.9	22	0.115610324	0.426332077	24.91934959	0.147593987	3.597188015	29.09046367
1	2	3.1	28	0.27601019	0.542250952	25.64082235	0.131488977	2.776023644	29.09058593
1	2	3.1	27	0.2765534	0.522944218	25.6640194	0.131503907	2.778535791	29.09700331
1	1.7	4.1	19	0.175684041	0.368323551	25.35934767	0.142370919	3.230048299	29.10009044
1	1.9	3.4	18	0.245870077	0.348982077	25.69042578	0.13527756	2.927784734	29.10247015
1	2	3.1	26	0.277122617	0.503633099	25.68817913	0.13151884	2.781152194	29.10448327
1	1.6	4.5	21	0.141592119	0.407000763	25.15119888	0.145532017	3.403749209	29.10748087
1	1.5	4.9	21	0.116739355	0.406999584	24.95432654	0.147610757	3.602238501	29.11117538
1	2	3.1	25	0.277691834	0.484317593	25.71238441	0.131533777	2.78377353	29.11200931
1	2	3.1	24	0.278261051	0.4649977	25.73663536	0.131548717	2.786399812	29.11958159
1	2	3.1	23	0.278859515	0.445673417	25.76197349	0.131563661	2.78914383	29.12835439
1	1.7	4.1	18	0.177050161	0.34897776	25.40485037	0.142387101	3.235845665	29.1320609
1	1.9	3.4	17	0.247236197	0.32963165	25.74081986	0.135292938	2.933529449	29.1392739
1	2	3.1	22	0.279542575	0.426344744	25.79038006	0.131578608	2.792220148	29.14052356
1	1.5	4.9	20	0.11813476	0.387662698	24.99693211	0.14762753	3.608390519	29.14061286
1	1.6	4.5	20	0.143072083	0.387663821	25.1978635	0.145548554	3.410066201	29.14114208
1	2	3.1	21	0.280250686	0.407011678	25.81974533	0.131593558	2.795400291	29.15375086
1	1.7	4.1	17	0.178492895	0.329627572	25.45288519	0.142403286	3.241965642	29.16688169
1	1.6	4.5	19	0.144552046	0.368322483	25.24470166	0.145565095	3.416406683	29.17499592
1	2	3.1	20	0.281161433	0.387674218	25.85644378	0.131608512	2.799374587	29.1751011
1	1.5	4.9	19	0.119811485	0.368321416	25.04766834	0.147644307	3.615716561	29.17935062
1	1.9	3.4	16	0.248738091	0.310276823	25.79606345	0.135308319	2.939826986	29.18147557
1	2	3.1	19	0.282122347	0.368332363	25.89505139	0.131623469	2.803555638	29.19856286
1	1.7	4.1	16	0.180109933	0.310272984	25.50651273	0.142419475	3.24879817	29.20800336
1	1.6	4.5	18	0.146183761	0.348976749	25.29619967	0.145581639	3.423377971	29.21413603
1	1.8	3.8	30	0.19470592	0.580838654	25.43351959	0.140386861	3.059526198	29.2142713
1	1.8	3.8	29	0.195161293	0.561541103	25.45143823	0.140402797	3.061682328	29.21506446
1	1.8	3.8	28	0.195616667	0.54223917	25.46938215	0.140418737	3.0638415	29.21588155
1	1.5	4.9	18	0.121519135	0.348975738	25.09949267	0.147661088	3.62319972	29.21932921
1	1.8	3.8	27	0.196213727	0.522932854	25.49182816	0.140434681	3.066542406	29.2217381
1	2	3.1	18	0.283202059	0.348986111	25.93806189	0.131638429	2.808213504	29.22689994
1	1.8	3.8	26	0.196896788	0.503622153	25.51703662	0.140450628	3.069575711	29.23068511
1	1.9	3.4	15	0.250452476	0.290917595	25.85885905	0.135323703	2.946985422	29.23208577
1	1.8	3.8	25	0.197632433	0.484307066	25.54396349	0.140466579	3.072815793	29.24155293
1	1.8	3.8	24	0.198429337	0.464987591	25.5728953	0.140482533	3.076297126	29.25466255
1	2	3.1	17	0.284351022	0.32963546	25.98372375	0.131653393	2.813158501	29.2581711
1	1.6	4.5	17	0.147990699	0.329626617	25.35311057	0.145598188	3.431082001	29.25941738
1	1.5	4.9	17	0.123242437	0.329625661	25.15198004	0.147677873	3.630778618	29.26006219
1	1.7	4.1	15	0.182155235	0.290913995	25.57372673	0.142435668	3.257361711	29.2644381
1	1.8	3.8	23	0.19922624	0.445663728	25.60189274	0.140498491	3.079786357	29.26784131
1	1.8	3.8	22	0.200042691	0.426335473	25.63158053	0.140514453	3.083358656	29.28178911
1	2	3.1	16	0.285707065	0.31028041	26.03707637	0.131668361	2.818936378	29.29796152
1	1.8	3.8	21	0.200995971	0.407002827	25.66571978	0.140530418	3.087466595	29.30071962
1	1.5	4.9	16	0.125228131	0.310271186	25.2122335	0.147694661	3.639478899	29.30967825
1	1.6	4.5	16	0.150025294	0.310272085	25.41707099	0.14561474	3.439740325	29.31269814
1	1.8	3.8	20	0.202020561	0.387665786	25.70224081	0.140546387	3.091861131	29.32231411
1	1.9	3.5	30	0.224719797	0.580842333	25.68077043	0.137742951	2.926684064	29.32603977
1	1.7	4.2	29	0.157694444	0.561539477	25.38991032	0.14456843	3.233942198	29.32996043
1	1.7	4.2	30	0.157277296	0.580836973	25.37397346	0.144552021	3.231911728	29.33127418
1	1.9	3.5	29	0.225402858	0.56154466	25.70708595	0.137758587	2.929683924	29.33607313
1	1.7	4.2	28	0.158343951	0.5422376	25.4128562	0.144584843	3.236865665	29.33654431
1	2	3.1	15	0.287147967	0.290920958	26.09374815	0.131683331	2.825073707	29.34142614
1	1.7	4.2	27	0.159045541	0.52293134	25.43741354	0.144601259	3.239994444	29.34494058
1	1.9	3.5	28	0.226085918	0.542242605	25.73345549	0.137774227	2.932689941	29.34616226
1	1.8	3.8	19	0.203145056	0.368324351	25.74208504	0.140562359	3.096655545	29.3476273
1	1.9	3.5	27	0.226768978	0.522936167	25.75987919	0.13778987	2.935702132	29.35630736
1	1.7	4.2	26	0.159842444	0.503620695	25.46489749	0.14461768	3.243496094	29.35663196
1	1.7	4.2	25	0.160639348	0.484305664	25.49244091	0.144634104	3.247005321	29.368386
1	1.9	3.5	26	0.227503468	0.503625344	25.78806791	0.137805517	2.938915529	29.36841431
1	1.5	4.9	15	0.127534896	0.290912308	25.28206058	0.147711454	3.649561559	29.3702459
1	1.6	4.5	15	0.152342273	0.290913152	25.48982855	0.145631296	3.449589518	29.37596251
1	1.8	3.8	18	0.204397333	0.348978519	25.78618432	0.140578336	3.101961963	29.37770313
1	1.9	3.5	25	0.228300371	0.484310135	25.8183993	0.137821168	2.94237318	29.38290379
1	1.7	4.2	24	0.161548475	0.464986245	25.52344942	0.144650531	3.250956026	29.38404223
1	1.9	3.5	24	0.229097275	0.464990539	25.84880215	0.137836822	2.945838977	29.39746848
1	1.7	4.2	23	0.1626831	0.445662437	25.5613957	0.144666963	3.25579065	29.40751575
1	1.8	3.8	17	0.205674105	0.329628289	25.8312298	0.140594316	3.107382237	29.40883464
1	1.9	3.5	23	0.229954385	0.445666553	25.88129381	0.137852479	2.949542891	29.41435573
1	1.7	4.2	22	0.163821534	0.426334238	25.59957126	0.144683398	3.260654488	29.43124339
1	1.9	3.5	22	0.230865132	0.426338176	25.91566907	0.13786814	2.953461527	29.43333691
1	1.6	4.6	27	0.129674846	0.522929826	25.33894614	0.14764893	3.429164561	29.43868945
1	1.6	4.6	28	0.129219473	0.542236031	25.32243954	0.147632167	3.426930062	29.4392378
1	1.6	4.6	29	0.1287641	0.561537852	25.30595444	0.147615409	3.424698474	29.43980617
1	1.6	4.6	26	0.130182687	0.503619237	25.35699884	0.147665696	3.431608356	29.43989213
1	1.6	4.6	30	0.128373678	0.580835292	25.29136833	0.147598654	3.422723952	29.44252623
1	1.6	4.6	25	0.130779494	0.484304261	25.3776665	0.147682466	3.434406139	29.44405937
1	1.6	4.6	24	0.131465328	0.464984898	25.40096369	0.14769924	3.43755988	29.45120771
1	1.9	3.5	21	0.231775879	0.407005407	25.95013579	0.137883805	2.957390589	29.45241559
1	1.8	3.8	16	0.207319735	0.310273659	25.88844961	0.140610299	3.114267435	29.453601
1	1.7	4.2	21	0.164959967	0.407001648	25.63786106	0.144699837	3.265532879	29.45509542
1	1.6	4.6	23	0.132329603	0.445661146	25.42951765	0.147716018	3.44142523	29.46432005
1	2	3.2	30	0.261522856	0.580849037	25.94243118	0.134256286	2.808686681	29.46622319
1	2	3.2	29	0.261978229	0.561551142	25.96235727	0.134271526	2.810844597	29.46902454
1	1.5	5	27	0.106899226	0.522928312	25.1643754	0.149584953	3.632568443	29.46945711
1	1.5	5	28	0.106443853	0.542234461	25.14839915	0.149567971	3.630261557	29.47046314
1	1.9	3.5	20	0.232686625	0.387668245	25.98469434	0.137899473	2.961330119	29.47159217
1	1.5	5	26	0.107452755	0.503617779	25.18313246	0.14960194	3.635276862	29.47162904
1	2	3.2	28	0.262433603	0.542248866	25.982314	0.13428677	2.813005832	29.47185547
1	1.5	5	29	0.106092257	0.561536227	25.1353507	0.149550993	3.628377429	29.47481534
1	1.5	5	25	0.108074052	0.484302859	25.2038266	0.14961893	3.638264988	29.47601338
1	2	3.2	27	0.262939251	0.522942205	26.00406826	0.134302018	2.815361731	29.47667421
1	1.7	4.2	20	0.166098401	0.387664663	25.6762656	0.14471628	3.27042589	29.47907244
1	1.5	5	24	0.108757112	0.464983552	25.22629784	0.149635923	3.641509715	29.48242703
1	1.5	5	30	0.10586457	0.580833611	25.12578462	0.149534018	3.626996138	29.48314838
1	2	3.2	26	0.263508467	0.50363116	26.0280971	0.134317269	2.817963959	29.48400949
1	1.5	5	23	0.109440172	0.445659855	25.2488092	0.149652921	3.644760236	29.48888221
1	1.6	4.6	22	0.133589941	0.426333003	25.46974241	0.1477328	3.446870458	29.49067867
1	1.9	3.5	19	0.233597372	0.368326687	26.01934508	0.137915145	2.965280158	29.49086707
1	2	3.2	25	0.264077684	0.484315729	26.0521704	0.134332523	2.820571002	29.49138965
1	1.5	5	22	0.110205443	0.426331769	25.27368957	0.149669923	3.64835283	29.49804409
1	2	3.2	24	0.264646901	0.46499591	26.07628828	0.134347781	2.823182873	29.49881485
1	1.7	4.2	19	0.167265312	0.368323284	25.71566274	0.144732726	3.275445364	29.50416411
1	2	3.2	23	0.265216118	0.445671701	26.10045088	0.134363043	2.825799586	29.50628521
1	1.8	3.8	15	0.209223343	0.290914628	25.95437199	0.140626286	3.122199803	29.5081127
1	1.5	5	21	0.111169555	0.40699929	25.30426445	0.149686928	3.652767681	29.51371835
1	2	3.2	22	0.265862824	0.426343102	26.12740736	0.134378308	2.828718866	29.51684763
1	1.9	3.5	18	0.234741114	0.348980732	26.06200207	0.137930821	2.970142877	29.5190565
1	1.6	4.6	21	0.13499517	0.407000469	25.51435682	0.147749585	3.452909912	29.52201679
1	2	3.2	21	0.2665919	0.40701011	26.15734841	0.134393576	2.831961362	29.53071345
1	1.7	4.2	18	0.168567675	0.348977508	25.75936749	0.144749176	3.28101366	29.53410783
1	1.5	5	20	0.112501048	0.387662417	25.34537599	0.149703937	3.658703969	29.54144632
1	2	3.2	20	0.267483932	0.387672725	26.19316775	0.134408848	2.835840454	29.55108978
1	1.6	4.6	20	0.136475134	0.38766354	25.56133452	0.147766374	3.459269284	29.55603372
1	1.9	3.5	17	0.236174757	0.32963038	26.11468484	0.1379465	2.976148492	29.55841021
1	1.7	4.2	17	0.17004547	0.329627333	25.80866384	0.14476563	3.287294364	29.57035117
1	1.5	5	19	0.11409746	0.368321149	25.39419591	0.14972095	3.665753306	29.57799131
1	2	3.2	19	0.268542187	0.368330944	26.2350303	0.134424123	2.840374003	29.57815937
1	1.6	4.6	19	0.137955097	0.368322216	25.60848558	0.147783167	3.465652124	29.59024308
1	1.9	3.5	16	0.237768564	0.310275627	26.17306805	0.137962182	2.982803934	29.6041098
1	2	3.2	18	0.269680621	0.348984766	26.27990464	0.134439402	2.845233715	29.60856252
1	1.5	5	18	0.11580511	0.348975485	25.44639846	0.149737967	3.673291077	29.61840298
1	1.7	4.2	16	0.171854376	0.310272759	25.86846771	0.144782088	3.294913802	29.61843636
1	1.8	3.9	29	0.185519214	0.561540696	25.81294433	0.142903811	3.105181966	29.62257081
1	1.8	3.9	28	0.185974587	0.542238777	25.83092834	0.142920035	3.107345962	29.62343311
1	1.8	3.9	27	0.186429961	0.522932475	25.84893743	0.142936263	3.109512977	29.62431914
1	1.8	3.9	30	0.185164109	0.580838234	25.79814704	0.142887591	3.103401425	29.62527429
1	1.6	4.6	18	0.13948925	0.348976496	25.65742309	0.147799964	3.472276797	29.62647635
1	1.8	3.9	26	0.186954984	0.503621788	25.86918006	0.142952494	3.11194875	29.62770309
1	1.8	3.9	25	0.187539224	0.484306715	25.89133529	0.142968729	3.114614665	29.6332254
1	2	3.2	17	0.270944353	0.32963419	26.32944668	0.134454684	2.850598921	29.64413448
1	1.8	3.9	24	0.188331007	0.464987255	25.92013397	0.142984968	3.118079979	29.64618617
1	1.9	3.5	15	0.239418823	0.290916473	26.23365616	0.137977868	2.989710725	29.65226123
1	1.5	5	17	0.11751276	0.329625423	25.49881613	0.149754988	3.680859912	29.65905645
1	1.8	3.9	23	0.189201896	0.445663405	25.95152105	0.14300121	3.121856753	29.66204242
1	1.6	4.6	17	0.141404093	0.329626378	25.71792278	0.147816764	3.480466641	29.67583256
1	1.7	4.2	15	0.174065113	0.290913784	25.94114108	0.144798549	3.304172903	29.68102631
1	1.8	3.9	22	0.190204229	0.426335165	25.98718975	0.143017456	3.126148729	29.6826911
1	2	3.2	16	0.272428281	0.310279214	26.38714219	0.13446997	2.856847116	29.68873849
1	1.5	5	16	0.119419115	0.310270961	25.55720521	0.149772013	3.689290986	29.70653917
1	1.8	3.9	21	0.191308878	0.407002532	26.02624026	0.143033706	3.130847634	29.70712413
1	1.8	3.9	20	0.192447312	0.387665506	26.06649599	0.143049959	3.135691563	29.73290302
1	1.6	4.6	16	0.143567117	0.31027186	25.78616453	0.147833569	3.48970453	29.73397449
1	1.7	4.3	30	0.149356994	0.580836553	25.73695752	0.146907014	3.278158471	29.74285956
1	1.7	4.3	29	0.149834185	0.561539071	25.75478451	0.14692369	3.280429756	29.74367703
1	2	3.2	15	0.274174096	0.290919837	26.45461373	0.134485259	2.864154015	29.74417284
1	1.7	4.3	28	0.150435597	0.542237208	25.77639138	0.14694037	3.283182624	29.74875158
1	1.7	4.3	27	0.151118658	0.522930961	25.80050746	0.146957054	3.286255184	29.75665066
1	1.8	3.9	19	0.193585745	0.368324084	26.10687649	0.143066216	3.140550504	29.75881729
1	1.9	3.6	30	0.214439636	0.580840098	26.06990649	0.14038721	2.971043948	29.76217775
1	1.5	5	15	0.121698435	0.290912098	25.62672103	0.149789042	3.699328701	29.76675087
1	1.7	4.3	26	0.151889341	0.50362033	25.82732814	0.146973742	3.289672328	29.76759454
1	1.9	3.6	29	0.215038115	0.561542499	26.09347125	0.140403146	2.973730231	29.76914712
1	1.9	3.6	28	0.215721176	0.542240518	26.11988461	0.140419086	2.976741244	29.77928546
1	1.7	4.3	25	0.152686245	0.484305313	25.8550022	0.146990434	3.2931982	29.77949615
1	1.8	3.9	18	0.194728678	0.348978266	26.14752808	0.143082477	3.145442066	29.78503089
1	1.9	3.6	27	0.216404236	0.522934155	26.14635151	0.14043503	2.97975836	29.78947906
1	1.7	4.3	24	0.153483148	0.464985908	25.88273565	0.147007129	3.296731637	29.79146032
1	1.6	4.6	15	0.145817105	0.290912941	25.8573971	0.147850377	3.499347285	29.7955077
1	1.9	3.6	26	0.217101163	0.503623406	26.17333411	0.140450977	2.982834264	29.80024276
1	1.7	4.3	23	0.15448863	0.445662114	25.91690219	0.147023828	3.301084697	29.81067282
1	1.9	3.6	25	0.217898067	0.484308271	26.20371043	0.140466928	2.986297037	29.81478266
1	1.8	3.9	17	0.1961626	0.32962805	26.19776632	0.143098741	3.151487179	29.82198029
1	1.9	3.6	24	0.21869497	0.464988749	26.23415735	0.140482883	2.989767859	29.82939684
1	1.7	4.3	22	0.155627063	0.42633393	25.95523409	0.147040531	3.305968453	29.83457701
1	1.9	3.6	23	0.219491874	0.445664837	26.26467514	0.140498841	2.993246758	29.84408557
1	2	3.3	30	0.248386818	0.580846803	26.28717475	0.137047123	2.846021039	29.85108971
1	2	3.3	29	0.248842192	0.561548982	26.30701384	0.13706268	2.848169534	29.85379504
1	2	3.3	28	0.249297565	0.542246779	26.32688292	0.137078241	2.850321276	29.85652921
1	1.6	4.7	29	0.122470528	0.561537446	25.67112808	0.149827691	3.474132042	29.85662526
1	1.6	4.7	28	0.122993688	0.542235638	25.68971017	0.149844701	3.4766475	29.85843801
1	1.7	4.3	21	0.156765497	0.407001353	25.99367959	0.147057238	3.310866682	29.85860486
1	1.9	3.6	22	0.220288777	0.426336534	26.29526402	0.140514802	2.996733763	29.85884912
1	2	3.3	27	0.24976565	0.522940193	26.34722677	0.137093806	2.852524434	29.8597852
1	1.6	4.7	30	0.122098843	0.580834872	25.6569827	0.149810685	3.472217181	29.85984543
1	1.6	4.7	27	0.123562904	0.522929448	25.70966573	0.149861714	3.479348884	29.86180578
1	1.6	4.7	26	0.124156031	0.503618872	25.7303525	0.149878732	3.482149253	29.86599935
1	2	3.3	26	0.250334867	0.503629222	26.37114627	0.137109374	2.855114821	29.86699969
1	1.8	3.9	16	0.197850261	0.310273434	26.2564843	0.143115009	3.158552651	29.8684254
1	1.6	4.7	25	0.124839091	0.484303911	25.75371078	0.149895753	3.485311265	29.87322171
1	1.9	3.6	21	0.221142377	0.40700384	26.32783529	0.140530768	3.000446752	29.87581665
1	2	3.3	25	0.2510089	0.484313864	26.39879026	0.137124945	2.858108555	29.87833762
1	1.6	4.7	24	0.125522151	0.464984562	25.77711153	0.149912779	3.488479025	29.8804879
1	1.7	4.3	20	0.15790393	0.387664382	26.03223917	0.147073948	3.315779446	29.88275695
1	2	3.3	24	0.25169196	0.464994119	26.42681001	0.13714052	2.861142983	29.89008763
1	1.6	4.7	23	0.126284767	0.445660824	25.80289757	0.149929808	3.491969681	29.89045788
1	1.9	3.6	20	0.222053124	0.387666751	26.36241869	0.140546737	3.004389114	29.89502129
1	2	3.3	23	0.252469093	0.445669985	26.45820796	0.137156099	2.864543256	29.9055773
1	1.6	4.7	22	0.127283634	0.426332695	25.83570873	0.149946841	3.49641133	29.9083996
1	1.7	4.3	19	0.159118036	0.368323017	26.07325405	0.147090663	3.321005033	29.90967277
1	1.9	3.6	19	0.222991591	0.368325268	26.39803248	0.140562709	3.008448938	29.9153694
1	2	3.3	22	0.253265996	0.42634146	26.49037985	0.137171681	2.868027344	29.92192034
1	1.8	3.9	15	0.199788426	0.290914417	26.32368875	0.143131281	3.166639289	29.92437374
1	1.6	4.7	21	0.128630424	0.407000174	25.87890619	0.149963878	3.50225897	29.93812921
1	2	3.3	21	0.2540629	0.407008542	26.5226301	0.137187267	2.871519918	29.93834583
1	1.9	3.6	18	0.224120087	0.348979388	26.44020155	0.140578686	3.013256035	29.94301566
1	1.7	4.3	18	0.160539061	0.348977255	26.12082113	0.147107381	3.327065416	29.94397118
1	2	3.3	20	0.254878795	0.387671231	26.55563398	0.137202856	2.875094107	29.95560218
1	1.6	4.7	20	0.130108274	0.387663259	25.92614453	0.149980919	3.508653626	29.97244233
1	1.9	3.6	17	0.225598907	0.329629109	26.49445934	0.140594666	3.019441197	29.98412432
1	2	3.3	19	0.256005627	0.368329525	26.5998037	0.137218449	2.879877512	29.98522919
1	1.7	4.3	17	0.162215457	0.329627094	26.17652226	0.147124103	3.334162134	29.98743559
1	1.6	4.7	19	0.131687354	0.36832195	25.97657682	0.149997963	3.515480648	30.01037738
1	2	3.3	18	0.257293391	0.348983421	26.64987994	0.137234045	2.88530057	30.02139798
1	1.8	4	27	0.176833803	0.522932097	26.20353629	0.145433399	3.152181474	30.02408326
1	1.8	4	28	0.17641705	0.542238385	26.18671559	0.145416888	3.150157457	30.02452832
1	1.8	4	26	0.177289176	0.503621424	26.22160538	0.145449913	3.154355708	30.02503243
1	1.9	3.6	16	0.227130638	0.310274431	26.55075409	0.140610649	3.025858563	30.02749774
1	1.8	4	29	0.17607552	0.56154029	26.17229677	0.14540038	3.148422456	30.0276599
1	1.8	4	25	0.177876158	0.484306365	26.2438865	0.145466432	3.15703677	30.03069606
1	1.8	4	30	0.17573399	0.580837813	26.15789383	0.145383877	3.146689365	30.03080488
1	1.7	4.3	16	0.164133843	0.310272535	26.24004126	0.147140829	3.342254905	30.03970953
1	1.8	4	24	0.178679012	0.464986918	26.27308799	0.145482954	3.160550554	30.04410841
1	1.6	4.7	18	0.133284556	0.348976243	26.02774882	0.150015012	3.522407802	30.04914788
1	1.8	4	23	0.179671872	0.445663082	26.30842887	0.14549948	3.164803084	30.06439451
1	2	3.3	17	0.258773355	0.32963292	26.70705269	0.137249645	2.891492151	30.06542741
1	1.9	3.6	15	0.228814872	0.290915352	26.61254018	0.140626636	3.032901918	30.07698408
1	1.8	4	22	0.180714561	0.426334856	26.34546273	0.14551601	3.169259329	30.08657293
1	1.6	4.7	17	0.135207857	0.329626139	26.08893698	0.150032064	3.530690845	30.09928603
1	1.7	4.3	15	0.166474159	0.290913573	26.31716026	0.147157558	3.352080412	30.1073118
1	2	3.3	16	0.260301638	0.310278019	26.76621596	0.137265248	2.897899298	30.11165852
1	1.8	4	21	0.181893653	0.407002237	26.38698805	0.145532544	3.174256026	30.11377886
1	1.8	4	20	0.183145929	0.387665225	26.43100639	0.145549081	3.179552705	30.1437734
1	1.6	4.7	16	0.13736028	0.310271635	26.15734616	0.15004912	3.539951398	30.15761831
1	1.7	4.4	29	0.142317282	0.561538665	26.1234113	0.149275218	3.327395422	30.16162061
1	1.7	4.4	30	0.141869984	0.580836132	26.1063929	0.149258275	3.325227157	30.16171447
1	1.7	4.4	28	0.142886499	0.542236815	26.14415724	0.149292166	3.330038601	30.16572482
1	2	3.3	15	0.262028331	0.290918716	26.83284003	0.137280855	2.905114421	30.16615403
1	1.7	4.4	27	0.143512487	0.522930583	26.16666466	0.149309117	3.332906207	30.17181057
1	1.8	4	19	0.184398206	0.368323817	26.47517188	0.145565622	3.18486709	30.17392841
1	1.7	4.4	26	0.144195548	0.503619966	26.19095175	0.149326071	3.336000554	30.17989834
1	1.7	4.4	25	0.144913573	0.484304963	26.21635263	0.14934303	3.339236806	30.18923743
1	1.9	3.7	30	0.204435049	0.580839074	26.45821732	0.143026602	3.015309758	30.19739275
1	1.7	4.4	24	0.145710477	0.464985572	26.24421859	0.149359993	3.342787127	30.20135128
1	1.9	3.7	29	0.205004266	0.561541509	26.48086223	0.143042838	3.017891182	30.20333776
1	1.8	4	18	0.185759532	0.348978013	26.52302891	0.145582167	3.190625675	30.20821477
1	1.9	3.7	28	0.205616208	0.542239562	26.5049661	0.143059077	3.020638922	30.21090366
1	1.7	4.4	23	0.146589969	0.445661792	26.27467914	0.149376959	3.346668017	30.21638591
1	1.6	4.7	15	0.139587052	0.29091273	26.22837733	0.150066181	3.54956689	30.21892313
1	1.9	3.7	27	0.206299268	0.522933232	26.53148245	0.143075321	3.023661676	30.22115268
1	1.9	3.7	26	0.206982328	0.503622518	26.55805193	0.143091568	3.026690485	30.2314565
1	2	3.4	30	0.235567095	0.580844568	26.63108697	0.139831923	2.883265366	30.23502883
1	1.7	4.4	22	0.147637675	0.426333621	26.3103878	0.149393929	3.351217554	30.23733291
1	2	3.4	29	0.23604254	0.561546821	26.65154697	0.139847796	2.885481103	30.23842269
1	1.8	4	17	0.18715524	0.329627811	26.57218084	0.145598715	3.196540074	30.24394745
1	1.9	3.7	25	0.207755537	0.484307417	26.58768971	0.143107818	3.030069069	30.24517402
1	2	3.4	28	0.236663831	0.542244692	26.67711486	0.139863674	2.888250004	30.24747323
1	2	3.4	27	0.237346891	0.52293818	26.70488657	0.139879554	2.891257569	30.25896187
1	1.9	3.7	24	0.20855244	0.464987928	26.6181881	0.143124073	3.033545757	30.25984585
1	1.7	4.4	21	0.148832462	0.407001058	26.35073452	0.149410903	3.356358011	30.26350449
1	2	3.4	26	0.238118944	0.503627283	26.7358276	0.139895439	2.89460836	30.27395868
1	1.9	3.7	23	0.209349344	0.44566405	26.64875655	0.143140331	3.037030433	30.27459136
1	1.6	4.8	30	0.116169374	0.580834452	26.02755405	0.152019548	3.522381437	30.28278949
1	1.6	4.8	29	0.116636167	0.56153704	26.0446017	0.152036805	3.524689177	30.28286472
1	1.6	4.8	28	0.117205383	0.542235246	26.06468515	0.152054065	3.527407875	30.28638234
1	1.8	4	16	0.18876884	0.310273209	26.62865151	0.145615268	3.203335128	30.28787512
1	1.9	3.7	22	0.210146247	0.426335782	26.67939531	0.143156593	3.040523123	30.28941081
1	1.6	4.8	27	0.1177746	0.522929069	26.08479961	0.15207133	3.53013077	30.28993078
1	2	3.4	25	0.238931824	0.484312	26.76827142	0.139911326	2.898121897	30.29061665
1	1.7	4.4	20	0.150084739	0.387664102	26.392986	0.149427881	3.361741149	30.29181913
1	1.6	4.8	26	0.118343817	0.503618508	26.10494515	0.152088598	3.532857872	30.29351013
1	1.6	4.8	25	0.119022229	0.48430356	26.12835021	0.152105871	3.536026216	30.30078586
1	1.9	3.7	21	0.210943151	0.407003121	26.71010463	0.143172858	3.044023857	30.30430446
1	1.6	4.8	24	0.119705289	0.464984225	26.15193498	0.152123147	3.539218887	30.30826124
1	2	3.4	24	0.239842571	0.464992329	26.80423327	0.139927218	2.902016422	30.31116924
1	1.6	4.8	23	0.120430842	0.445660501	26.17682344	0.152140427	3.542588039	30.31721241
1	1.9	3.7	20	0.211858301	0.387666067	26.74488628	0.143189127	3.04798882	30.3237303
1	1.7	4.4	19	0.151464548	0.36832275	26.43933718	0.149444863	3.367646618	30.32475141
1	1.6	4.8	22	0.121296339	0.426332386	26.20592128	0.152157711	3.546527014	30.33093839
1	2	3.4	23	0.240753318	0.445668269	26.8402919	0.139943113	2.905921428	30.33182471
1	1.8	4	15	0.190776982	0.290914206	26.69834938	0.145631824	3.211721797	30.34661721
1	1.9	3.7	19	0.212990213	0.368324618	26.78711629	0.1432054	3.052802864	30.35144917
1	2	3.4	22	0.241664064	0.426339818	26.8764477	0.139959012	2.909836958	30.35258349
1	1.6	4.8	21	0.122572069	0.406999879	26.24731901	0.152174999	3.552131026	30.35862491
1	1.7	4.4	18	0.153154531	0.348977002	26.49553126	0.149461849	3.374806142	30.36877625
1	2	3.4	21	0.242574811	0.407006975	26.91270107	0.139974914	2.913763054	30.37344601
1	1.9	3.7	18	0.214128647	0.348978772	26.82970201	0.143221677	3.057657458	30.37955992
1	1.6	4.8	20	0.124059198	0.387662978	26.29517719	0.152192291	3.558609589	30.39364204
1	2	3.4	20	0.243485558	0.387669738	26.9490524	0.13999082	2.917699758	30.39441272
1	1.7	4.4	17	0.154976024	0.329626856	26.55608855	0.149478838	3.382521571	30.41771582
1	1.9	3.7	17	0.215540555	0.329628527	26.88177106	0.143237957	3.063593112	30.41823066
1	1.8	4.1	27	0.167386784	0.522931718	26.55472748	0.147926253	3.194439929	30.42002538
1	2	3.4	19	0.244511987	0.368328106	26.98962367	0.14000673	2.922093466	30.42005198
1	1.8	4.1	28	0.166987007	0.542237993	26.53841283	0.147909459	3.192476805	30.42103708
1	1.8	4.1	29	0.166645477	0.561539884	26.5239651	0.147892669	3.190738326	30.42413598
1	1.8	4.1	26	0.167930144	0.503621059	26.57563217	0.147943051	3.196955368	30.42415165
1	1.8	4.1	30	0.166320904	0.580837393	26.51007024	0.147875883	3.189066372	30.42784989
1	1.6	4.8	19	0.125653005	0.368321683	26.34641709	0.152209587	3.565545936	30.43249429
1	1.8	4.1	25	0.168807478	0.484306014	26.60722246	0.147959853	3.200756593	30.44024492
1	2	3.4	18	0.245870077	0.348982077	27.04217656	0.140022643	2.927784734	30.45896601
1	1.8	4.1	24	0.16986854	0.464986582	26.64476586	0.147976658	3.20527415	30.46300325
1	1.9	3.7	16	0.217134361	0.310273884	26.94028803	0.143254241	3.070263802	30.46407996
1	1.7	4.4	16	0.156855345	0.31027231	26.61874539	0.149495832	3.390504496	30.46901803
1	1.6	4.8	18	0.127340671	0.348975991	26.4006903	0.152226887	3.572892903	30.47478608
1	1.8	4.1	23	0.171006974	0.44566276	26.68489847	0.147993468	3.210103264	30.48865796
1	2	3.4	17	0.247236197	0.32963165	27.09522296	0.14003856	2.933529449	30.49842262
1	1.9	3.7	15	0.218768576	0.290914838	27.00045419	0.143270529	3.077122492	30.51176205
1	1.8	4.1	22	0.172145407	0.426334547	26.72515219	0.148010281	3.214946951	30.51444397
1	1.6	4.8	17	0.129126704	0.3296259	26.45816981	0.152244191	3.580673906	30.52071381
1	1.7	4.4	15	0.159199964	0.290913363	26.69643783	0.149512829	3.400403064	30.53726709
1	1.8	4.1	21	0.173283841	0.407001942	26.76552758	0.148027098	3.219805277	30.54036189
1	2	3.4	16	0.248738091	0.310276823	27.1533741	0.14005448	2.939826986	30.54353239
1	1.8	4.1	20	0.174422274	0.387664944	26.80602517	0.148043919	3.224678309	30.56641234
1	1.6	4.8	16	0.131224074	0.31027141	26.52538468	0.152261499	3.589772785	30.57769038
1	1.7	4.5	29	0.135452001	0.561538258	26.50554439	0.151623141	3.376081886	30.59478768
1	1.7	4.5	28	0.135907375	0.542236423	26.52294439	0.151640355	3.37829877	30.59511994
1	1.7	4.5	27	0.136362748	0.522930204	26.54036726	0.151657572	3.380518567	30.59547361
1	1.7	4.5	30	0.135042844	0.580835712	26.48957724	0.151605931	3.374047558	30.59606644
1	1.8	4.1	19	0.175684041	0.368323551	26.85065277	0.148060743	3.230048299	30.59708537
1	2	3.4	15	0.250452476	0.290917595	27.21947474	0.140070404	2.946985422	30.59744816
1	1.7	4.5	26	0.13689947	0.503619601	26.56030814	0.151674794	3.383059177	30.59866172
1	1.7	4.5	25	0.137483359	0.484304612	26.58172813	0.151692019	3.385788235	30.603513
1	1.7	4.5	24	0.138193335	0.464985235	26.60706341	0.151709249	3.389016129	30.61277402
1	1.7	4.5	23	0.139101428	0.445661469	26.63855872	0.151726482	3.393028855	30.62897553
1	1.8	4.1	18	0.177050161	0.34897776	26.8988321	0.148077572	3.235845665	30.6317331
1	1.9	3.8	30	0.19470592	0.580838654	26.84609506	0.145661197	3.059526198	30.63212111
1	1.9	3.8	29	0.195161293	0.561541103	26.86500919	0.145677732	3.061682328	30.63391035
1	1.9	3.8	28	0.195616667	0.54223917	26.88394999	0.145694271	3.0638415	30.63572493
1	1.6	4.8	15	0.133514583	0.290912519	26.59885919	0.152278811	3.599719031	30.64176955
1	1.9	3.8	27	0.196213727	0.522932854	26.90764301	0.145710814	3.066542406	30.64282908
1	1.7	4.5	22	0.140224198	0.426333312	26.67677006	0.151743719	3.397897251	30.65274434
1	1.9	3.8	26	0.196896788	0.503622153	26.93425193	0.14572736	3.069575711	30.65317715
1	1.9	3.8	25	0.197632433	0.484307066	26.96267474	0.14574391	3.072815793	30.66554151
1	1.8	4.1	17	0.178492895	0.329627572	26.94969249	0.148094404	3.241965642	30.66938011
1	1.9	3.8	24	0.198429337	0.464987591	26.99321387	0.145760464	3.076297126	30.68025905
1	2	3.5	30	0.224719797	0.580842333	27.03201303	0.14261095	2.926684064	30.68215037
1	1.7	4.5	21	0.141592119	0.407000763	26.72270125	0.15176096	3.403749209	30.68521218
1	2	3.5	29	0.225402858	0.56154466	27.05971358	0.142627139	2.929683924	30.69356931
1	1.9	3.8	23	0.19922624	0.445663728	27.02382228	0.145777021	3.079786357	30.69504938
1	2	3.5	28	0.226085918	0.542242605	27.08747099	0.142643331	2.932689941	30.70504686
1	1.9	3.8	22	0.200042691	0.426335473	27.05515939	0.145793583	3.083358656	30.7106471
1	1.8	4.1	16	0.180109933	0.310272984	27.00647459	0.14811124	3.24879817	30.71365699
1	1.6	4.9	29	0.111139408	0.561536633	26.42318655	0.154242848	3.57593822	30.71490425
1	1.6	4.9	28	0.111647177	0.542234854	26.44161337	0.154260359	3.57843266	30.71654125
1	2	3.5	27	0.226768978	0.522936167	27.11528541	0.142659528	2.935702132	30.71658323
1	1.6	4.9	27	0.112216393	0.522928691	26.4618914	0.154277874	3.581177698	30.72027567
1	1.7	4.5	20	0.143072083	0.387663821	26.77228241	0.151778205	3.410066201	30.72179064
1	1.6	4.9	30	0.110911721	0.580834031	26.4130733	0.154225341	3.574569189	30.72270186
1	1.6	4.9	26	0.11278561	0.503618143	26.48220057	0.154295393	3.58392695	30.72404106
1	2	3.5	26	0.227503468	0.503625344	27.14495775	0.142675728	2.938915529	30.73017435
1	1.6	4.9	25	0.113435465	0.48430321	26.50494426	0.154312916	3.587005764	30.73056615
1	1.9	3.8	21	0.200995971	0.407002827	27.09119526	0.145810148	3.087466595	30.73147483
1	1.6	4.9	24	0.114118525	0.464983888	26.52871854	0.154330443	3.59022409	30.73825697
1	1.6	4.9	23	0.114807015	0.445660178	26.55269798	0.154347974	3.593470187	30.74617632
1	2	3.5	25	0.228300371	0.484310135	27.17688553	0.142691931	2.94237318	30.74626078
1	1.9	3.8	20	0.202020561	0.387665786	27.12974524	0.145826717	3.091861131	30.75509888
1	1.6	4.9	22	0.115610324	0.426332077	26.58016216	0.154365509	3.597188015	30.75804777
1	1.7	4.5	19	0.144552046	0.368322483	26.82204795	0.151795454	3.416406683	30.75857257
1	2	3.5	24	0.229097275	0.464990539	27.20888852	0.142708139	2.945838977	30.76242618
1	1.8	4.1	15	0.182155235	0.290913995	27.07764236	0.14812808	3.257361711	30.77404615
1	2	3.5	23	0.229954385	0.445666553	27.24309027	0.142724349	2.949542891	30.78102407
1	1.6	4.9	21	0.116739355	0.406999584	26.61747091	0.154383048	3.602238501	30.78109205
1	1.9	3.8	19	0.203145056	0.368324351	27.17180305	0.145843289	3.096655545	30.78262623
1	1.7	4.5	18	0.146183761	0.348976749	26.87676459	0.151812707	3.423377971	30.80093201
1	2	3.5	22	0.230865132	0.426338176	27.27927476	0.142740564	2.953461527	30.80181502
1	1.6	4.9	20	0.11813476	0.387662698	26.66291685	0.154400591	3.608390519	30.81337066
1	1.9	3.8	18	0.204397333	0.348978519	27.21835228	0.145859866	3.101961963	30.81515263
1	2	3.5	21	0.231775879	0.407005407	27.31555552	0.142756782	2.957390589	30.82270829
1	1.8	4.2	29	0.157694444	0.561539477	26.88301322	0.150380834	3.233942198	30.82887573
1	1.8	4.2	30	0.157277296	0.580836973	26.8661389	0.150363765	3.231911728	30.82925136
1	1.8	4.2	28	0.158343951	0.5422376	26.90730886	0.150397906	3.236865665	30.83681003
1	2	3.5	20	0.232686625	0.387668245	27.35193293	0.142773004	2.961330119	30.8437043
1	1.8	4.2	27	0.159045541	0.52293134	26.93331075	0.150414983	3.239994444	30.84665151
1	1.9	3.8	17	0.205674105	0.329628289	27.26590029	0.145876446	3.107382237	30.84878726
1	1.7	4.5	17	0.147990699	0.329626617	26.93723242	0.151829964	3.431082001	30.849771
1	1.6	4.9	19	0.119811485	0.368321416	26.71703549	0.154418138	3.615716561	30.85549161
1	1.8	4.2	26	0.159842444	0.503620695	26.9624114	0.150432063	3.243496094	30.85996025
1	2	3.5	19	0.233597372	0.368326687	27.3884074	0.14278923	2.965280158	30.86480347
1	1.8	4.2	25	0.160639348	0.484305664	26.99157502	0.150449148	3.247005321	30.87333515
1	1.8	4.2	24	0.161548475	0.464986245	27.02440757	0.150466236	3.250956026	30.89081607
1	2	3.5	18	0.234741114	0.348980732	27.4333095	0.14280546	2.970142877	30.89523857
1	1.9	3.8	16	0.207319735	0.310273659	27.32629898	0.14589303	3.114267435	30.8967331
1	1.6	4.9	18	0.121519135	0.348975738	26.77231478	0.154435689	3.62319972	30.89892593
1	1.7	4.5	16	0.150025294	0.310272085	27.00519036	0.151847224	3.439740325	30.90705
1	1.8	4.2	23	0.1626831	0.445662437	27.06458598	0.150483328	3.25579065	30.91652239
1	2	3.5	17	0.236174757	0.32963038	27.48876504	0.142821693	2.976148492	30.9373656
1	1.8	4.2	22	0.163821534	0.426334238	27.10500716	0.150500424	3.260654488	30.94249631
1	1.6	4.9	17	0.123242437	0.329625661	26.82830131	0.154453244	3.630778618	30.94315883
1	1.9	3.8	15	0.209223343	0.290914628	27.39588371	0.145909618	3.122199803	30.95490776
1	1.8	4.2	21	0.164959967	0.407001648	27.1455493	0.150517524	3.265532879	30.96860135
1	1.7	4.5	15	0.152342273	0.290913152	27.08249527	0.151864489	3.449589518	30.97486243
1	2	3.5	16	0.237768564	0.310275627	27.55022106	0.142837929	2.982803934	30.98613855
1	1.8	4.2	20	0.166098401	0.387664663	27.18621293	0.150534628	3.27042589	30.99483811
1	1.6	4.9	16	0.125228131	0.310271186	26.89257167	0.154470803	3.639478899	30.99679256
1	1.8	4.2	19	0.167265312	0.368323284	27.22792755	0.150551735	3.275445364	31.02224793
1	1.7	4.6	29	0.1287641	0.561537852	26.88712903	0.153967578	3.424698474	31.02733293
1	1.7	4.6	28	0.129219473	0.542236031	26.90464445	0.153985058	3.426930062	31.0277956
1	1.7	4.6	27	0.129674846	0.522929826	26.92218271	0.154002542	3.429164561	31.02827964
1	1.7	4.6	30	0.128373678	0.580835292	26.87163129	0.153950102	3.422723952	31.02914063
1	1.7	4.6	26	0.130182687	0.503619237	26.9413637	0.154020029	3.431608356	31.03061132
1	1.7	4.6	25	0.130779494	0.484304261	26.9633231	0.154037521	3.434406139	31.03607102
1	2	3.5	15	0.239418823	0.290916473	27.61399801	0.14285417	2.989710725	31.03747938
1	1.7	4.6	24	0.131465328	0.464984898	26.98807636	0.154055017	3.43755988	31.04467615
1	1.8	4.2	18	0.168567675	0.348977508	27.27420317	0.150568847	3.28101366	31.05476318
1	1.7	4.6	23	0.132329603	0.445661146	27.01841494	0.154072516	3.44142523	31.05957384
1	1.9	3.9	29	0.185519214	0.561540696	27.24659896	0.148307878	3.105181966	31.0616295
1	1.6	4.9	15	0.127534896	0.290912308	26.96705388	0.154488366	3.649561559	31.06201612
1	1.9	3.9	28	0.185974587	0.542238777	27.26558208	0.148324716	3.107345962	31.06349154
1	1.9	3.9	30	0.185164109	0.580838234	27.2309796	0.148291045	3.103401425	31.0635103
1	1.9	3.9	27	0.186429961	0.522932475	27.28459168	0.148341557	3.109512977	31.06537868
1	1.9	3.9	26	0.186954984	0.503621788	27.30595889	0.148358402	3.11194875	31.06988784
1	1.9	3.9	25	0.187539224	0.484306715	27.32934497	0.148375251	3.114614665	31.0766416
1	1.7	4.6	22	0.133589941	0.426333003	27.06115375	0.15409002	3.446870458	31.08844723
1	1.9	3.9	24	0.188331007	0.464987255	27.35974358	0.148392103	3.118079979	31.09120291
1	1.8	4.2	17	0.17004547	0.329627333	27.3263993	0.150585962	3.287294364	31.09390696
1	1.9	3.9	23	0.189201896	0.445663405	27.39287439	0.14840896	3.121856753	31.1088035
1	1.7	4.6	21	0.13499517	0.407000469	27.10855656	0.154107528	3.452909912	31.12257447
1	1.9	3.9	22	0.190204229	0.426335165	27.43052469	0.14842582	3.126148729	31.1314344
1	2	3.6	30	0.214439636	0.580840098	27.44162994	0.145384449	2.971043948	31.13889843
1	1.8	4.2	16	0.171854376	0.310272759	27.38972105	0.150603082	3.294913802	31.14551069
1	2	3.6	29	0.215038115	0.561542499	27.46643494	0.145400952	2.973730231	31.14710863
1	1.6	5	28	0.106443853	0.542234461	26.82448169	0.156463677	3.630261557	31.15344139
1	1.6	5	27	0.106899226	0.522928312	26.84152303	0.156481442	3.632568443	31.15350122
1	1.6	5	29	0.106092257	0.561536227	26.81056334	0.156445915	3.628377429	31.15692291
1	1.6	5	26	0.107452755	0.503617779	26.86153055	0.156499211	3.635276862	31.15692441
1	1.9	3.9	21	0.191308878	0.407002532	27.47174466	0.148442684	3.130847634	31.15803751
1	2	3.6	28	0.215721176	0.542240518	27.49423848	0.14541746	2.976741244	31.1586377
1	1.7	4.6	20	0.136475134	0.38766354	27.15847036	0.154125039	3.459269284	31.15952823
1	1.6	5	25	0.108074052	0.484302859	26.88360431	0.156516984	3.638264988	31.16268914
1	1.6	5	30	0.10586457	0.580833611	26.80035952	0.156428158	3.626996138	31.16461743
1	2	3.6	27	0.216404236	0.522934155	27.52209838	0.145433971	2.97975836	31.17022487
1	1.6	5	24	0.108757112	0.464983552	26.90757363	0.156534762	3.641509715	31.17060166
1	1.6	5	23	0.109440172	0.445659855	26.93158574	0.156552543	3.644760236	31.17855838
1	2	3.6	26	0.217101163	0.503623406	27.55050112	0.145450486	2.982834264	31.18240927
1	1.9	3.9	20	0.192447312	0.387665506	27.51423683	0.148459552	3.135691563	31.18605345
1	1.6	5	22	0.110205443	0.426331769	26.95812481	0.156570328	3.64835283	31.18937974
1	1.7	4.6	19	0.137955097	0.368322216	27.20856836	0.154142555	3.465652124	31.19668526
1	2	3.6	25	0.217898067	0.484308271	27.58247619	0.145467004	2.986297037	31.1985485
1	1.6	5	21	0.111169555	0.40699929	26.99073802	0.156588118	3.652767681	31.20709311
1	1.8	4.2	15	0.174065113	0.290913784	27.46666932	0.150620205	3.304172903	31.21237621
1	1.9	3.9	19	0.193585745	0.368324084	27.55686068	0.148476424	3.140550504	31.21421169
1	2	3.6	24	0.21869497	0.464988749	27.61452558	0.145483527	2.989767859	31.21476572
1	2	3.6	23	0.219491874	0.445664837	27.64664956	0.145500053	2.993246758	31.23106121
1	1.7	4.6	18	0.13948925	0.348976496	27.26056447	0.154160075	3.472276797	31.23597784
1	1.6	5	20	0.112501048	0.387662417	27.03459033	0.156605911	3.658703969	31.23756262
1	1.9	3.9	18	0.194728678	0.348978266	27.5997707	0.1484933	3.145442066	31.24268433
1	2	3.6	22	0.220288777	0.426336534	27.67884839	0.145516583	2.996733763	31.24743527
1	1.8	4.3	30	0.149356994	0.580836553	27.25047496	0.152847669	3.278158471	31.26231765
1	1.8	4.3	29	0.149834185	0.561539071	27.2693506	0.15286502	3.280429756	31.26418445
1	2	3.6	21	0.221142377	0.40700384	27.71313394	0.145533117	3.000446752	31.26611765
1	1.8	4.3	28	0.150435597	0.542237208	27.29222846	0.152882375	3.283182624	31.27053067
1	1.6	5	19	0.11409746	0.368321149	27.0866649	0.156623709	3.665753306	31.27736306
1	1.8	4.3	27	0.151118658	0.522930961	27.31776314	0.152899734	3.286255184	31.27984901
1	1.9	3.9	17	0.1961626	0.32962805	27.65279995	0.148510179	3.151487179	31.28242536
1	2	3.6	20	0.222053124	0.387666751	27.74953751	0.145549654	3.004389114	31.28714303
1	1.7	4.6	17	0.141404093	0.329626378	27.32484539	0.154177598	3.480466641	31.28911601
1	1.8	4.3	26	0.151889341	0.50362033	27.3461615	0.152917096	3.289672328	31.29237126
1	1.8	4.3	25	0.152686245	0.484305313	27.37546345	0.152934463	3.2931982	31.30590142
1	2	3.6	19	0.222991591	0.368325268	27.78702572	0.145566195	3.008448938	31.30936612
1	1.8	4.3	24	0.153483148	0.464985908	27.40482827	0.152951833	3.296731637	31.31949765
1	1.6	5	18	0.11580511	0.348975485	27.14234762	0.15664151	3.673291077	31.32125569
1	1.9	3.9	16	0.197850261	0.310273434	27.71478004	0.148527063	3.158552651	31.33213319
1	2	3.6	18	0.224120087	0.348979388	27.83141421	0.14558274	3.013256035	31.33923238
1	1.8	4.3	23	0.15448863	0.445662114	27.44100461	0.152969208	3.301084697	31.34072063
1	1.7	4.6	16	0.143567117	0.31027186	27.39735225	0.154195126	3.48970453	31.35152377
1	1.6	5	17	0.11751276	0.329625423	27.19825981	0.156659316	3.680859912	31.36540446
1	1.8	4.3	22	0.155627063	0.42633393	27.48159133	0.152986586	3.305968453	31.3668803
1	2	3.6	17	0.225598907	0.329629109	27.88852768	0.145599289	3.019441197	31.38319727
1	1.9	3.9	15	0.199788426	0.290914417	27.78571807	0.14854395	3.166639289	31.39181572
1	1.8	4.3	21	0.156765497	0.407001353	27.52229833	0.153003968	3.310866682	31.39317033
1	1.6	5	16	0.119419115	0.310270961	27.26054149	0.156677125	3.689290986	31.41678057
1	1.7	4.6	15	0.145817105	0.290912941	27.47303686	0.154212657	3.499347285	31.41750974
1	1.8	4.3	20	0.15790393	0.387664382	27.56312612	0.153021355	3.315779446	31.41959131
1	2	3.6	16	0.227130638	0.310274431	27.94778531	0.145615841	3.025858563	31.42953414
1	1.8	4.3	19	0.159118036	0.368323017	27.60655365	0.153038745	3.321005033	31.44892044
1	1.7	4.7	29	0.122470528	0.561537446	27.27512602	0.156308641	3.474132042	31.46710415
1	1.7	4.7	30	0.122098843	0.580834872	27.26009655	0.1562909	3.472217181	31.4694395
1	1.7	4.7	28	0.122993688	0.542235638	27.29486949	0.156326387	3.4766475	31.47007902
1	1.7	4.7	27	0.123562904	0.522929448	27.31607227	0.156344137	3.479348884	31.47469474
1	1.7	4.7	26	0.124156031	0.503618872	27.33805196	0.15636189	3.482149253	31.48018198
1	1.6	5	15	0.121698435	0.290912098	27.3346917	0.156694939	3.699328701	31.48162743
1	2	3.6	15	0.228814872	0.290915352	28.01282329	0.145632398	3.032901918	31.48227296
1	1.9	4	28	0.17641705	0.542238385	27.64113529	0.150950592	3.150157457	31.48448172
1	1.9	4	27	0.176833803	0.522932097	27.65889047	0.150967731	3.152181474	31.48497178
1	1.8	4.3	18	0.160539061	0.348977255	27.65691879	0.153056139	3.327065416	31.48601759
1	1.9	4	29	0.17607552	0.56154029	27.62591542	0.150933457	3.148422456	31.48681163
1	1.9	4	26	0.177289176	0.503621424	27.6779634	0.150984875	3.154355708	31.48692541
1	1.7	4.7	25	0.124839091	0.484303911	27.36287015	0.156379648	3.485311265	31.48886497
1	1.9	4	30	0.17573399	0.580837813	27.61071232	0.150916325	3.146689365	31.48915582
1	1.9	4	25	0.177876158	0.484306365	27.70148236	0.151002022	3.15703677	31.49382751
1	1.7	4.7	24	0.125522151	0.464984562	27.38773344	0.15639741	3.488479025	31.49759444
1	1.9	4	24	0.178679012	0.464986918	27.73230615	0.151019173	3.160550554	31.5088628
1	1.7	4.7	23	0.126284767	0.445660824	27.4151311	0.156415176	3.491969681	31.50917678
1	1.7	4.7	22	0.127283634	0.426332695	27.44999296	0.156432945	3.49641133	31.52916993
1	1.9	4	23	0.179671872	0.445663082	27.76961041	0.151036328	3.164803084	31.53111291
1	1.8	4.3	17	0.162215457	0.329627094	27.71589645	0.153073537	3.334162134	31.53275921
1	1.9	4	22	0.180714561	0.426334856	27.80870172	0.151053487	3.169259329	31.55534939
1	1.7	4.7	21	0.128630424	0.407000174	27.49589026	0.156450719	3.50225897	31.56160012
1	1.9	4	21	0.181893653	0.407002237	27.852534	0.151070649	3.174256026	31.58486291
1	1.8	4.3	16	0.164133843	0.310272535	27.78315186	0.153090939	3.342254905	31.58877024
1	2	3.7	30	0.204435049	0.580839074	27.85037818	0.148152956	3.015309758	31.59467997
1	1.7	4.7	20	0.130108274	0.387663259	27.546081	0.156468497	3.508653626	31.59886638
1	2	3.7	29	0.205004266	0.561541509	27.87421492	0.148169774	3.017891182	31.60181739
1	2	3.7	28	0.205616208	0.542239562	27.89958742	0.148186595	3.020638922	31.6106525
1	1.9	4	20	0.183145929	0.387665225	27.8989978	0.151087816	3.179552705	31.61730355
1	2	3.7	27	0.206299268	0.522933232	27.92749937	0.148203421	3.023661676	31.6222977
1	2	3.7	26	0.206982328	0.503622518	27.95546724	0.14822025	3.026690485	31.63400049
1	1.7	4.7	19	0.131687354	0.36832195	27.59966531	0.156486279	3.515480648	31.63995419
1	2	3.7	25	0.207755537	0.484307417	27.98666491	0.148237083	3.030069069	31.64927848
1	1.9	4	19	0.184398206	0.368323817	27.94561693	0.151104987	3.18486709	31.64991282
1	1.8	4.3	15	0.166474159	0.290913573	27.86480727	0.153108345	3.352080412	31.66090961
1	2	3.7	24	0.20855244	0.464987928	28.01876847	0.14825392	3.033545757	31.66555608
1	2	3.7	23	0.209349344	0.44566405	28.05094579	0.148270761	3.037030433	31.68191103
1	1.7	4.7	18	0.133284556	0.348976243	27.65403556	0.156504065	3.522407802	31.68192367
1	1.9	4	18	0.185759532	0.348978013	27.99613269	0.151122161	3.190625675	31.68685854
1	2	3.7	22	0.210146247	0.426335782	28.08319712	0.148287606	3.040523123	31.69834363
1	1.8	4.4	30	0.141869984	0.580836132	27.64164184	0.155327734	3.325227157	31.70303286
1	1.8	4.4	29	0.142317282	0.561538665	27.65966132	0.155345367	3.327395422	31.70394077
1	1.8	4.4	28	0.142886499	0.542236815	27.68162761	0.155363003	3.330038601	31.70926603
1	2	3.7	21	0.210943151	0.407003121	28.11552271	0.148304455	3.044023857	31.71485414
1	1.8	4.4	27	0.143512487	0.522930583	27.705459	0.155380643	3.332906207	31.71667643
1	1.9	4	17	0.18715524	0.329627811	28.04801528	0.151139339	3.196540074	31.7253225
1	1.8	4.4	26	0.144195548	0.503619966	27.73117473	0.155398287	3.336000554	31.72619354
1	1.7	4.7	17	0.135207857	0.329626139	27.71904798	0.156521855	3.530690845	31.73588682
1	2	3.7	20	0.211858301	0.387666067	28.15213498	0.148321307	3.04798882	31.73611117
1	1.8	4.4	25	0.144913573	0.484304963	27.75806978	0.155415936	3.339236806	31.73702749
1	1.8	4.4	24	0.145710477	0.464985572	27.78757492	0.155433588	3.342787127	31.75078121
1	2	3.7	19	0.212990213	0.368324618	28.19658762	0.148338163	3.052802864	31.76605326
1	1.8	4.4	23	0.146589969	0.445661792	27.81982727	0.155451244	3.346668017	31.76760832
1	1.9	4	16	0.18876884	0.310273209	28.10762321	0.151156521	3.203335128	31.77238807
1	1.8	4.4	22	0.147637675	0.426333621	27.85763644	0.155468905	3.351217554	31.79065652
1	2	3.7	18	0.214128647	0.348978772	28.2414147	0.148355023	3.057657458	31.79640595
1	1.7	4.7	16	0.13736028	0.310271635	27.79173273	0.156539649	3.539951398	31.79849541
1	1.8	4.4	21	0.148832462	0.407001058	27.90035649	0.155486569	3.356358011	31.81920213
1	1.9	4	15	0.190776982	0.290914206	28.18119318	0.151173708	3.211721797	31.83500289
1	2	3.7	17	0.215540555	0.329628527	28.29622422	0.148371887	3.063593112	31.83781775
1	1.8	4.4	20	0.150084739	0.387664102	27.94509335	0.155504237	3.361741149	31.85000284
1	1.7	4.7	15	0.139587052	0.29091273	27.86720335	0.156557447	3.54956689	31.86424042
1	1.8	4.4	19	0.151464548	0.36832275	27.99417107	0.15552191	3.367646618	31.88566235
1	2	3.7	16	0.217134361	0.310273884	28.35782103	0.148388754	3.070263802	31.88674747
1	1.9	4.1	27	0.167386784	0.522931718	28.02959228	0.153589508	3.194439929	31.90055344
1	1.9	4.1	28	0.166987007	0.542237993	28.01237126	0.153572071	3.192476805	31.90065813
1	1.9	4.1	29	0.166645477	0.561539884	27.99712088	0.153554638	3.190738326	31.90295373
1	1.9	4.1	26	0.167930144	0.503621059	28.05165835	0.153606949	3.196955368	31.90584172
1	1.9	4.1	30	0.166320904	0.580837393	27.98245409	0.153537209	3.189066372	31.90589506
1	1.7	4.8	30	0.116169374	0.580834452	27.65382862	0.158628432	3.522381437	31.91567294
1	1.7	4.8	29	0.116636167	0.56153704	27.67194174	0.158646439	3.524689177	31.9168144
1	1.7	4.8	28	0.117205383	0.542235246	27.69328041	0.15866445	3.527407875	31.92158798
1	1.9	4.1	25	0.168807478	0.484306014	28.08500365	0.153624394	3.200756593	31.92369065
1	1.7	4.8	27	0.1177746	0.522929069	27.71465202	0.158682465	3.53013077	31.92639433
1	1.7	4.8	26	0.118343817	0.503618508	27.73605666	0.158700484	3.532857872	31.93123352
1	1.8	4.4	18	0.153154531	0.348977002	28.05367069	0.155539586	3.374806142	31.93299342
1	2	3.7	15	0.218768576	0.290914838	28.42115383	0.148405626	3.077122492	31.93759678
1	1.7	4.8	25	0.119022229	0.48430356	27.76092454	0.158718508	3.536026216	31.93997282
1	1.9	4.1	24	0.16986854	0.464986582	28.1246328	0.153641843	3.20527415	31.94853537
1	1.7	4.8	24	0.119705289	0.464984225	27.78598335	0.158736535	3.539218887	31.948923
1	1.7	4.8	23	0.120430842	0.445660501	27.81242735	0.158754566	3.542588039	31.95943045
1	1.7	4.8	22	0.121296339	0.426332386	27.8433438	0.158772602	3.546527014	31.9749758
1	1.9	4.1	23	0.171006974	0.44566276	28.166995	0.153659295	3.210103264	31.97642032
1	1.8	4.4	17	0.154976024	0.329626856	28.11779017	0.155557267	3.382521571	31.98549587
1	1.9	4.1	22	0.172145407	0.426334547	28.20948504	0.153676752	3.214946951	32.00444329
1	1.7	4.8	21	0.122572069	0.406999879	27.88732889	0.158790642	3.552131026	32.00525043
1	1.9	4.1	21	0.173283841	0.407001942	28.2521035	0.153694213	3.219805277	32.03260493
1	1.8	4.4	16	0.156855345	0.31027231	28.1841327	0.155574951	3.390504496	32.04048446
1	1.7	4.8	20	0.124059198	0.387662978	27.9381782	0.158808685	3.558609589	32.04325945
1	2	3.8	30	0.19470592	0.580838654	28.25867054	0.150916543	3.059526198	32.04995194
1	2	3.8	29	0.195161293	0.561541103	28.27858014	0.150933675	3.061682328	32.05273725
1	2	3.8	28	0.195616667	0.54223917	28.29851783	0.150950811	3.0638415	32.05554931
1	1.9	4.1	20	0.174422274	0.387664944	28.29485096	0.153711678	3.224678309	32.06090589
1	2	3.8	27	0.196213727	0.522932854	28.32345785	0.15096795	3.066542406	32.06390106
1	2	3.8	26	0.196896788	0.503622153	28.35146724	0.150985093	3.069575711	32.0756502
1	1.7	4.8	19	0.125653005	0.368321683	27.99262059	0.158826733	3.565545936	32.08531494
1	2	3.8	25	0.197632433	0.484307066	28.38138599	0.15100224	3.072815793	32.08951109
1	1.9	4.1	19	0.175684041	0.368323551	28.34195787	0.153729146	3.230048299	32.09405887
1	2	3.8	24	0.198429337	0.464987591	28.41353244	0.151019392	3.076297126	32.10583655
1	1.8	4.4	15	0.159199964	0.290913363	28.26639529	0.15559264	3.400403064	32.11330436
1	2	3.8	23	0.19922624	0.445663728	28.44575182	0.151036547	3.079786357	32.12223845
1	1.7	4.8	18	0.127340671	0.348975991	28.05028588	0.158844785	3.572892903	32.13099956
1	1.9	4.1	18	0.177050161	0.34897776	28.39281383	0.153746619	3.235845665	32.13138387
1	2	3.8	22	0.200042691	0.426335473	28.47873825	0.151053705	3.083358656	32.13948609
1	1.8	4.5	29	0.135452001	0.561538258	28.06427283	0.157822003	3.376081886	32.15971497
1	1.8	4.5	30	0.135042844	0.580835712	28.04736643	0.157804089	3.374047558	32.16005379
1	1.8	4.5	28	0.135907375	0.542236423	28.08269636	0.15783992	3.37829877	32.16107147
1	2	3.8	21	0.200995971	0.407002827	28.51667075	0.151070868	3.087466595	32.16221104
1	1.8	4.5	27	0.136362748	0.522930204	28.1011441	0.157857842	3.380518567	32.16245072
1	1.8	4.5	26	0.13689947	0.503619601	28.12225798	0.157875767	3.383059177	32.16681252
1	1.9	4.1	17	0.178492895	0.329627572	28.4464998	0.153764096	3.241965642	32.17185711
1	1.8	4.5	25	0.137483359	0.484304612	28.14493796	0.157893697	3.385788235	32.1729245
1	1.7	4.8	17	0.129126704	0.3296259	28.11135786	0.158862841	3.580673906	32.18052051
1	1.8	4.5	24	0.138193335	0.464985235	28.17176355	0.157911631	3.389016129	32.18367655
1	2	3.8	20	0.202020561	0.387665786	28.55724968	0.151088035	3.091861131	32.18786463
1	1.8	4.5	23	0.139101428	0.445661469	28.20511153	0.157929568	3.393028855	32.20173142
1	2	3.8	19	0.203145056	0.368324351	28.60152105	0.151105205	3.096655545	32.21760615
1	1.9	4.1	16	0.180109933	0.310272984	28.50643646	0.153781576	3.24879817	32.21928919
1	1.8	4.5	22	0.140224198	0.426333312	28.2455706	0.15794751	3.397897251	32.22774867
1	1.7	4.8	16	0.131224074	0.31027141	28.18277366	0.158880902	3.589772785	32.24169876
1	2	3.8	18	0.204397333	0.348978519	28.65052024	0.15112238	3.101961963	32.2525831
1	1.8	4.5	21	0.141592119	0.407000763	28.29420361	0.157965456	3.403749209	32.26291904
1	1.9	4.1	15	0.182155235	0.290913995	28.58155799	0.153799061	3.257361711	32.28363276
1	2	3.8	17	0.205674105	0.329628289	28.70057078	0.151139558	3.107382237	32.28872087
1	1.8	4.5	20	0.143072083	0.387663821	28.34670132	0.157983406	3.410066201	32.30241474
1	1.7	4.8	15	0.133514583	0.290912519	28.26084033	0.158898966	3.599719031	32.31037084
1	1.9	4.2	30	0.157277296	0.580836973	28.35830434	0.156153856	3.231911728	32.32720689
1	1.9	4.2	29	0.157694444	0.561539477	28.37611613	0.156171582	3.233942198	32.32776938
1	1.9	4.2	28	0.158343951	0.5422376	28.40176152	0.156189312	3.236865665	32.33705409
1	2	3.8	16	0.207319735	0.310273659	28.76414835	0.151156741	3.114267435	32.33984618
1	1.8	4.5	19	0.144552046	0.368322483	28.39939424	0.15800136	3.416406683	32.34212477
1	1.9	4.2	27	0.159045541	0.52293134	28.42920795	0.156207046	3.239994444	32.34834078
1	1.9	4.2	26	0.159842444	0.503620695	28.45992531	0.156224784	3.243496094	32.36326688
1	1.7	4.9	29	0.111139408	0.561536633	28.07418814	0.160981072	3.57593822	32.37264407
1	1.7	4.9	28	0.111647177	0.542234854	28.09376665	0.160999348	3.57843266	32.37543351
1	1.9	4.2	25	0.160639348	0.484305664	28.49070913	0.156242526	3.247005321	32.37826265
1	1.7	4.9	30	0.110911721	0.580834031	28.06344281	0.1609628	3.574569189	32.37980884
1	1.7	4.9	27	0.112216393	0.522928691	28.11531205	0.161017628	3.581177698	32.38043607
1	1.7	4.9	26	0.11278561	0.503618143	28.13689054	0.161035913	3.58392695	32.38547155
1	1.8	4.5	18	0.146183761	0.348976749	28.4573295	0.158019319	3.423377971	32.38770354
1	1.7	4.9	25	0.113435465	0.48430321	28.16105571	0.161054201	3.587005764	32.39341889
1	1.9	4.2	24	0.161548475	0.464986245	28.52536571	0.156260272	3.250956026	32.39756825
1	2	3.8	15	0.209223343	0.290914628	28.83739543	0.151173927	3.122199803	32.40168379
1	1.7	4.9	24	0.114118525	0.464983888	28.18631589	0.161072494	3.59022409	32.40259636
1	1.7	4.9	23	0.114807015	0.445660178	28.21179404	0.16109079	3.593470187	32.41201519
1	1.9	4.2	23	0.1626831	0.445662437	28.56777625	0.156278023	3.25579065	32.42550736
1	1.7	4.9	22	0.115610324	0.426332077	28.24097474	0.161109091	3.597188015	32.42560392
1	1.8	4.5	17	0.147990699	0.329626617	28.52135427	0.158037281	3.431082001	32.44010017
1	1.7	4.9	21	0.116739355	0.406999584	28.28061528	0.161127397	3.602238501	32.45098076
1	1.9	4.2	22	0.163821534	0.426334238	28.61044306	0.156295777	3.260654488	32.45372756
1	1.9	4.2	21	0.164959967	0.407001648	28.65323754	0.156313535	3.265532879	32.4820856
1	1.7	4.9	20	0.11813476	0.387662698	28.32890159	0.161145706	3.608390519	32.48610051
1	2	3.9	29	0.185519214	0.561540696	28.68025359	0.153692704	3.105181966	32.50066896
1	1.8	4.5	16	0.150025294	0.310272085	28.59330974	0.158055247	3.439740325	32.50137739
1	2	3.9	30	0.185164109	0.580838234	28.66381216	0.15367526	3.103401425	32.50172708
1	2	3.9	28	0.185974587	0.542238777	28.70023582	0.153710153	3.107345962	32.50353071
1	2	3.9	27	0.186429961	0.522932475	28.72024592	0.153727606	3.109512977	32.50641898
1	1.9	4.2	20	0.166098401	0.387664663	28.69616026	0.156331298	3.27042589	32.51058211
1	2	3.9	26	0.186954984	0.503621788	28.74273773	0.153745062	3.11194875	32.51205333
1	2	3.9	25	0.187539224	0.484306715	28.76735465	0.153762523	3.114614665	32.52003856
1	1.7	4.9	19	0.119811485	0.368321416	28.38640265	0.161164019	3.615716561	32.53160464
1	2	3.9	24	0.188331007	0.464987255	28.79935318	0.153779988	3.118079979	32.53620041
1	1.9	4.2	19	0.167265312	0.368323284	28.74019235	0.156349064	3.275445364	32.54031007
1	2	3.9	23	0.189201896	0.445663405	28.83422772	0.153797456	3.121856753	32.55554534
1	1.8	4.5	15	0.152342273	0.290913152	28.67516199	0.158073218	3.449589518	32.57373788
1	1.9	4.2	18	0.168567675	0.348977508	28.78903884	0.156366835	3.28101366	32.57539684
1	1.7	4.9	18	0.121519135	0.348975738	28.44513689	0.161182337	3.62319972	32.57849469
1	2	3.9	22	0.190204229	0.426335165	28.87385962	0.153814929	3.126148729	32.58015844
1	2	3.9	21	0.191308878	0.407002532	28.91724907	0.153832405	3.130847634	32.60893164
1	1.8	4.6	29	0.1287641	0.561537852	28.46830362	0.160295052	3.424698474	32.61483499
1	1.8	4.6	30	0.128373678	0.580835292	28.45189425	0.160276858	3.422723952	32.61573035
1	1.8	4.6	28	0.129219473	0.542236031	28.48684935	0.16031325	3.426930062	32.6163287
1	1.9	4.2	17	0.17004547	0.329627333	28.84413476	0.156384609	3.287294364	32.61744107
1	1.8	4.6	27	0.129674846	0.522929826	28.50541928	0.160331452	3.429164561	32.61784512
1	1.8	4.6	26	0.130182687	0.503619237	28.52572857	0.160349659	3.431608356	32.62130582
1	1.7	4.9	17	0.123242437	0.329625661	28.50462258	0.161200659	3.630778618	32.62622752
1	1.8	4.6	25	0.130779494	0.484304261	28.54897969	0.160367869	3.434406139	32.62805796
1	1.8	4.6	24	0.131465328	0.464984898	28.57518903	0.160386084	3.43755988	32.63811989
1	2	3.9	20	0.192447312	0.387665506	28.96197766	0.153849886	3.135691563	32.63918461
1	1.8	4.6	23	0.132329603	0.445661146	28.60731223	0.160404303	3.44142523	32.65480291
1	2	3.9	19	0.193585745	0.368324084	29.00684487	0.15386737	3.140550504	32.66958683
1	1.9	4.2	16	0.171854376	0.310272759	28.91097439	0.156402388	3.294913802	32.67256334
1	1.7	4.9	16	0.125228131	0.310271186	28.57290984	0.161218985	3.639478899	32.68387891
1	1.8	4.6	22	0.133589941	0.426333003	28.65256509	0.160422526	3.446870458	32.68619108
1	2	3.9	18	0.194728678	0.348978266	29.05201331	0.153884858	3.145442066	32.7003185
1	1.8	4.6	21	0.13499517	0.407000469	28.7027563	0.160440753	3.452909912	32.72310744
1	2	3.9	17	0.1961626	0.32962805	29.10783358	0.153902351	3.151487179	32.74285116
1	1.9	4.2	15	0.174065113	0.290913784	28.99219756	0.15642017	3.304172903	32.74370441
1	1.7	4.9	15	0.127534896	0.290912308	28.65204719	0.161237315	3.649561559	32.75375837
1	1.8	4.6	20	0.136475134	0.38766354	28.75560621	0.160458984	3.459269284	32.76299802
1	1.9	4.3	30	0.149356994	0.580836553	28.7639924	0.158766416	3.278158471	32.78175384
1	1.9	4.3	29	0.149834185	0.561539071	28.78391669	0.158784438	3.280429756	32.78466996
1	1.9	4.3	28	0.150435597	0.542237208	28.80806554	0.158802465	3.283182624	32.79228784
1	2	3.9	16	0.197850261	0.310273434	29.17307578	0.153919847	3.158552651	32.79582172
1	1.9	4.3	27	0.151118658	0.522930961	28.83501881	0.158820496	3.286255184	32.80302545
1	1.8	4.6	19	0.137955097	0.368322216	28.80865115	0.16047722	3.465652124	32.80310271
1	1.9	4.3	26	0.151889341	0.50362033	28.86499487	0.158838531	3.289672328	32.81712605
1	1.9	4.3	25	0.152686245	0.484305313	28.8959247	0.15885657	3.2931982	32.83228478
1	1.7	5	28	0.106443853	0.542234461	28.50056424	0.163331177	3.630261557	32.83639143
1	1.7	5	27	0.106899226	0.522928312	28.51867065	0.163349722	3.632568443	32.83751713
1	1.7	5	29	0.106092257	0.561536227	28.48577599	0.163312637	3.628377429	32.83900228
1	1.7	5	26	0.107452755	0.503617779	28.53992865	0.163368271	3.635276862	32.84219156
1	1.8	4.6	18	0.13948925	0.348976496	28.86370585	0.160495459	3.472276797	32.8454546
1	1.7	5	30	0.10586457	0.580833611	28.47493443	0.1632941	3.626996138	32.84605828
1	1.9	4.3	24	0.153483148	0.464985908	28.9269209	0.158874613	3.296731637	32.84751306
1	1.7	5	25	0.108074052	0.484302859	28.56338202	0.163386825	3.638264988	32.84933669
1	1.7	5	24	0.108757112	0.464983552	28.58884942	0.163405382	3.641509715	32.85874807
1	2	3.9	15	0.199788426	0.290914417	29.24774739	0.153937348	3.166639289	32.85923844
1	1.7	5	23	0.109440172	0.445659855	28.61436229	0.163423944	3.644760236	32.86820633
1	1.9	4.3	23	0.15448863	0.445662114	28.96510703	0.15889266	3.301084697	32.8707465
1	1.7	5	22	0.110205443	0.426331769	28.64256005	0.16344251	3.64835283	32.88068716
1	1.9	4.3	22	0.155627063	0.42633393	29.00794857	0.158910711	3.305968453	32.89916167
1	1.7	5	21	0.111169555	0.40699929	28.67721158	0.16346108	3.652767681	32.90043963
1	1.8	4.6	17	0.141404093	0.329626378	28.931768	0.160513703	3.480466641	32.90237472
1	1.9	4.3	21	0.156765497	0.407001353	29.05091707	0.158928767	3.310866682	32.92771387
1	1.7	5	20	0.112501048	0.387662417	28.72380466	0.163479655	3.658703969	32.9336507
1	2	4	28	0.17641705	0.542238385	29.09555499	0.156464809	3.150157457	32.94441564
1	2	4	27	0.176833803	0.522932097	29.11424466	0.156482574	3.152181474	32.9458408
1	2	4	29	0.17607552	0.56154029	29.07953408	0.156447047	3.148422456	32.94594387
1	2	4	30	0.17573399	0.580837813	29.06353081	0.15642929	3.146689365	32.94748727
1	2	4	26	0.177289176	0.503621424	29.13432142	0.156500344	3.154355708	32.9487989
1	1.9	4.3	20	0.15790393	0.387664382	29.09401308	0.158946826	3.315779446	32.95640373
1	2	4	25	0.177876158	0.484306365	29.15907822	0.156518117	3.15703677	32.95693947
1	1.8	4.6	16	0.143567117	0.31027186	29.00853997	0.160531951	3.48970453	32.96904831
1	2	4	24	0.178679012	0.464986918	29.19152432	0.156535895	3.160550554	32.97359769
1	1.7	5	19	0.11409746	0.368321149	28.77913389	0.163498233	3.665753306	32.97670658
1	1.9	4.3	19	0.159118036	0.368323017	29.13985324	0.15896489	3.321005033	32.98814618
1	2	4	23	0.179671872	0.445663082	29.23079196	0.156553676	3.164803084	32.99781181
1	1.7	5	18	0.11580511	0.348975485	28.83829678	0.163516816	3.673291077	33.02408016
1	2	4	22	0.180714561	0.426334856	29.2719407	0.156571462	3.169259329	33.02410635
1	1.9	4.3	18	0.160539061	0.348977255	29.19301644	0.158982958	3.327065416	33.02804207
1	1.8	4.6	15	0.145817105	0.290912941	29.08867661	0.160550203	3.499347285	33.03948704
1	2	4	21	0.181893653	0.407002237	29.31807995	0.156589252	3.174256026	33.05592746
1	1.7	5	17	0.11751276	0.329625423	28.89770348	0.163535403	3.680859912	33.07172422
1	1.8	4.7	29	0.122470528	0.561537446	28.87912397	0.16276463	3.474132042	33.07755808
1	1.9	4.3	17	0.162215457	0.329627094	29.25527064	0.15900103	3.334162134	33.0780609
1	1.8	4.7	30	0.122098843	0.580834872	28.86321041	0.162746155	3.472217181	33.07900862
1	1.8	4.7	28	0.122993688	0.542235638	28.90002882	0.162783108	3.4766475	33.08169506
1	1.8	4.7	27	0.123562904	0.522929448	28.92247882	0.162801591	3.479348884	33.08755874
1	2	4	20	0.183145929	0.387665225	29.36698921	0.156607045	3.179552705	33.09081419
1	1.8	4.7	26	0.124156031	0.503618872	28.94575143	0.162820078	3.482149253	33.09433964
1	1.8	4.7	25	0.124839091	0.484303911	28.97202951	0.162838569	3.485311265	33.10448325
1	1.8	4.7	24	0.125522151	0.464984562	28.99835535	0.162857065	3.488479025	33.114676
1	2	4	19	0.184398206	0.368323817	29.41606197	0.156624843	3.18486709	33.12587772
1	1.7	5	16	0.119419115	0.310270961	28.96387777	0.163553995	3.689290986	33.12699372
1	1.8	4.7	23	0.126284767	0.445660824	29.02736464	0.162875564	3.491969681	33.12787071
1	1.9	4.3	16	0.164133843	0.310272535	29.32626247	0.159019106	3.342254905	33.13780901
1	1.8	4.7	22	0.127283634	0.426332695	29.0642772	0.162894068	3.49641133	33.14991529
1	2	4	18	0.185759532	0.348978013	29.46923646	0.156642645	3.190625675	33.16548279
1	1.8	4.7	21	0.128630424	0.407000174	29.11287433	0.162912576	3.50225897	33.18504605
1	1.7	5	15	0.121698435	0.290912098	29.04266236	0.16357259	3.699328701	33.19647575
1	2	4	17	0.18715524	0.329627811	29.52384972	0.156660451	3.196540074	33.20667805
1	1.9	4.3	15	0.166474159	0.290913573	29.41245429	0.159037186	3.352080412	33.21448546
1	1.8	4.7	20	0.130108274	0.387663259	29.16601747	0.162931088	3.508653626	33.22526544
1	1.9	4.4	30	0.141869984	0.580836132	29.17689078	0.161375031	3.325227157	33.2443291
1	1.9	4.4	29	0.142317282	0.561538665	29.19591134	0.161393349	3.327395422	33.24623877
1	1.9	4.4	28	0.142886499	0.542236815	29.21909797	0.161411672	3.330038601	33.25278506
1	2	4	16	0.18876884	0.310273209	29.58659491	0.156678261	3.203335128	33.2568815
1	1.9	4.4	27	0.143512487	0.522930583	29.24425333	0.161429999	3.332906207	33.26152012
1	1.8	4.7	19	0.131687354	0.36832195	29.2227538	0.162949604	3.515480648	33.269506
1	1.9	4.4	26	0.144195548	0.503619966	29.27139772	0.161448331	3.336000554	33.27246657
1	1.9	4.4	25	0.144913573	0.484304963	29.29978694	0.161466666	3.339236806	33.28479537
1	1.9	4.4	24	0.145710477	0.464985572	29.33093125	0.161485006	3.342787127	33.30018895
1	1.8	4.7	18	0.133284556	0.348976243	29.2803223	0.162968125	3.522407802	33.31467447
1	1.9	4.4	23	0.146589969	0.445661792	29.3649754	0.161503349	3.346668017	33.31880855
1	2	4	15	0.190776982	0.290914206	29.66403698	0.156696075	3.211721797	33.32336906
1	1.9	4.4	22	0.147637675	0.426333621	29.40488507	0.161521697	3.351217554	33.34395795
1	1.8	4.7	17	0.135207857	0.329626139	29.34915897	0.16298665	3.530690845	33.37246261
1	1.9	4.4	21	0.148832462	0.407001058	29.44997846	0.161540049	3.356358011	33.37487758
1	2	4.1	28	0.166987007	0.542237993	29.4863297	0.159214952	3.192476805	33.38025945
1	2	4.1	27	0.167386784	0.522931718	29.50445709	0.15923303	3.194439929	33.38106176
1	2	4.1	29	0.166645477	0.561539884	29.47027667	0.159196879	3.190738326	33.38175176
1	2	4.1	30	0.166320904	0.580837393	29.45483793	0.159178809	3.189066372	33.38392051
1	2	4.1	26	0.167930144	0.503621059	29.52768452	0.159251112	3.196955368	33.38751206
1	2	4.1	25	0.168807478	0.484306014	29.56278484	0.159269198	3.200756593	33.40711665
1	1.9	4.4	20	0.150084739	0.387664102	29.4972007	0.161558405	3.361741149	33.40816436
1	2	4.1	24	0.16986854	0.464986582	29.60449973	0.159287288	3.20527415	33.43404775
1	1.8	4.7	16	0.13736028	0.310271635	29.4261193	0.163005179	3.539951398	33.43934751
1	1.9	4.4	19	0.151464548	0.36832275	29.54900497	0.161576766	3.367646618	33.4465511
1	2	4.1	23	0.171006974	0.44566276	29.64909152	0.159305382	3.210103264	33.46416293
1	2	4.1	22	0.172145407	0.426334547	29.69381788	0.15932348	3.214946951	33.49442286
1	1.9	4.4	18	0.153154531	0.348977002	29.61181011	0.16159513	3.374806142	33.49718839
1	1.8	4.7	15	0.139587052	0.29091273	29.50602937	0.163023712	3.54956689	33.5095327
1	2	4.1	21	0.173283841	0.407001942	29.73867942	0.159341583	3.219805277	33.52482822
1	1.8	4.8	30	0.116169374	0.580834452	29.28010318	0.165212093	3.522381437	33.54853117
1	1.8	4.8	29	0.116636167	0.56153704	29.29928178	0.165230847	3.524689177	33.55073885
1	1.9	4.4	17	0.154976024	0.329626856	29.6794918	0.161613499	3.382521571	33.55325372
1	2	4.1	20	0.174422274	0.387664944	29.78367675	0.159359689	3.224678309	33.55537969
1	1.8	4.8	28	0.117205383	0.542235246	29.32187567	0.165249606	3.527407875	33.5567684
1	1.8	4.8	27	0.1177746	0.522929069	29.34450444	0.165268368	3.53013077	33.56283264
1	1.8	4.8	26	0.118343817	0.503618508	29.36716817	0.165287135	3.532857872	33.56893168
1	1.8	4.8	25	0.119022229	0.48430356	29.39349886	0.165305907	3.536026216	33.57913455
1	1.8	4.8	24	0.119705289	0.464984225	29.42003173	0.165324682	3.539218887	33.58955952
1	2	4.1	19	0.175684041	0.368323551	29.83326297	0.1593778	3.230048299	33.59101262
1	1.8	4.8	23	0.120430842	0.445660501	29.44803125	0.165343462	3.542588039	33.60162325
1	1.9	4.4	16	0.156855345	0.31027231	29.74952002	0.161631872	3.390504496	33.6119287
1	1.8	4.8	22	0.121296339	0.426332386	29.48076631	0.165362246	3.546527014	33.61898796
1	2	4.1	18	0.177050161	0.34897776	29.88679555	0.159395914	3.235845665	33.63101489
1	1.8	4.8	21	0.122572069	0.406999879	29.52733876	0.165381035	3.552131026	33.6518507
1	2	4.1	17	0.178492895	0.329627572	29.9433071	0.159414033	3.241965642	33.67431435
1	1.9	4.4	15	0.159199964	0.290913363	29.83635275	0.161650249	3.400403064	33.68931943
1	1.8	4.8	20	0.124059198	0.387662978	29.58117921	0.165399827	3.558609589	33.6928516
1	1.9	4.5	30	0.135042844	0.580835712	29.60515562	0.163979834	3.374047558	33.72401873
1	1.9	4.5	29	0.135452001	0.561538258	29.62300126	0.163998449	3.376081886	33.72461985
1	2	4.1	16	0.180109933	0.310272984	30.00639832	0.159432156	3.24879817	33.72490163
1	1.9	4.5	28	0.135907375	0.542236423	29.64244832	0.164017067	3.37829877	33.72700058
1	1.9	4.5	27	0.136362748	0.522930204	29.66192094	0.16403569	3.380518567	33.7294054
1	1.9	4.5	26	0.13689947	0.503619601	29.68420781	0.164054317	3.383059177	33.7349409
1	1.8	4.8	19	0.125653005	0.368321683	29.6388241	0.165418624	3.565545936	33.73811034
1	1.9	4.5	25	0.137483359	0.484304612	29.70814779	0.164072949	3.385788235	33.74231359
1	1.9	4.5	24	0.138193335	0.464985235	29.73646369	0.164091584	3.389016129	33.75455664
1	1.9	4.5	23	0.139101428	0.445661469	29.77166434	0.164110224	3.393028855	33.77446488
1	1.8	4.8	18	0.127340671	0.348975991	29.69988147	0.165437425	3.572892903	33.78718779
1	2	4.1	15	0.182155235	0.290913995	30.08547362	0.159450283	3.257361711	33.79319961
1	1.9	4.5	22	0.140224198	0.426333312	29.81437113	0.164128868	3.397897251	33.80273056
1	2	4.2	30	0.157277296	0.580836973	29.85046977	0.161923982	3.231911728	33.82514246
1	2	4.2	29	0.157694444	0.561539477	29.86921903	0.161942363	3.233942198	33.82664307
1	2	4.2	28	0.158343951	0.5422376	29.89621417	0.161960748	3.236865665	33.83727819
1	1.8	4.8	17	0.129126704	0.3296259	29.76454591	0.165456231	3.580673906	33.84030195
1	1.9	4.5	21	0.141592119	0.407000763	29.86570598	0.164147516	3.403749209	33.84060347
1	2	4.2	27	0.159045541	0.52293134	29.92510516	0.161979137	3.239994444	33.85001008
1	2	4.2	26	0.159842444	0.503620695	29.95743922	0.161997531	3.243496094	33.86655354
1	1.9	4.5	20	0.143072083	0.387663821	29.92112022	0.164166169	3.410066201	33.88301641
1	2	4.2	25	0.160639348	0.484305664	29.98984325	0.162015929	3.247005321	33.88317016
1	2	4.2	24	0.161548475	0.464986245	30.02632385	0.162034331	3.250956026	33.90430045
1	1.8	4.8	16	0.131224074	0.31027141	29.84016264	0.165475041	3.589772785	33.90568188
1	1.9	4.5	19	0.144552046	0.368322483	29.97674053	0.164184826	3.416406683	33.92565452
1	2	4.2	23	0.1626831	0.445662437	30.07096653	0.162052737	3.25579065	33.93447235
1	2	4.2	22	0.163821534	0.426334238	30.11587896	0.162071147	3.260654488	33.96493883
1	1.9	4.5	18	0.146183761	0.348976749	30.03789442	0.164203487	3.423377971	33.97445263
1	1.8	4.8	15	0.133514583	0.290912519	29.92282146	0.165493855	3.599719031	33.97894687
1	2	4.2	21	0.164959967	0.407001648	30.16092578	0.162089562	3.265532879	33.99554987
1	2	4.2	20	0.166098401	0.387664663	30.20610759	0.162107981	3.27042589	34.02630612
1	1.8	4.9	29	0.111139408	0.561536633	29.72518974	0.167693808	3.57593822	34.0303584
1	1.9	4.5	17	0.147990699	0.329626617	30.10547612	0.164222152	3.431082001	34.03040689
1	1.8	4.9	28	0.111647177	0.542234854	29.74591992	0.167712846	3.57843266	34.03430028
1	1.8	4.9	30	0.110911721	0.580834031	29.71381233	0.167674774	3.574569189	34.03689033
1	1.8	4.9	27	0.112216393	0.522928691	29.7687327	0.167731888	3.581177698	34.04057098
1	1.8	4.9	26	0.11278561	0.503618143	29.79158051	0.167750935	3.58392695	34.04687654
1	1.8	4.9	25	0.113435465	0.48430321	29.81716717	0.167769986	3.587005764	34.05624613
1	2	4.2	19	0.167265312	0.368323284	30.25245716	0.162126403	3.275445364	34.05835221
1	1.8	4.9	24	0.114118525	0.464983888	29.84391324	0.167789042	3.59022409	34.06691026
1	1.8	4.9	23	0.114807015	0.445660178	29.8708901	0.167808101	3.593470187	34.07782857
1	1.8	4.9	22	0.115610324	0.426332077	29.90178731	0.167827166	3.597188015	34.09313457
1	1.9	4.5	16	0.150025294	0.310272085	30.18142911	0.164240821	3.439740325	34.09568234
1	2	4.2	18	0.168567675	0.348977508	30.30387452	0.162144831	3.28101366	34.09601052
1	1.8	4.9	21	0.116739355	0.406999584	29.94375965	0.167846234	3.602238501	34.12084397
1	2	4.2	17	0.17004547	0.329627333	30.36187022	0.162163262	3.287294364	34.14095518
1	1.8	4.9	20	0.11813476	0.387662698	29.99488633	0.167865307	3.608390519	34.15880486
1	1.9	4.5	15	0.152342273	0.290913152	30.26782871	0.164259495	3.449589518	34.17259088
1	2	4.2	16	0.171854376	0.310272759	30.43222772	0.162181697	3.294913802	34.19959598
1	1.9	4.6	30	0.128373678	0.580835292	30.0321572	0.166580953	3.422723952	34.2022974
1	1.9	4.6	29	0.1287641	0.561537852	30.04947821	0.166599862	3.424698474	34.20231439
1	1.9	4.6	28	0.129219473	0.542236031	30.06905426	0.166618776	3.426930062	34.20483913
1	1.9	4.6	27	0.129674846	0.522929826	30.08865585	0.166637694	3.429164561	34.20738793
1	1.8	4.9	19	0.119811485	0.368321416	30.0557698	0.167884384	3.615716561	34.20769217
1	1.9	4.6	26	0.130182687	0.503619237	30.11009343	0.166656617	3.431608356	34.21197764
1	1.9	4.6	25	0.130779494	0.484304261	30.13463629	0.166675544	3.434406139	34.22002223
1	1.9	4.6	24	0.131465328	0.464984898	30.1623017	0.166694475	3.43755988	34.23154095
1	1.9	4.6	23	0.132329603	0.445661146	30.19620953	0.166713411	3.44142523	34.25000931
1	1.8	4.9	18	0.121519135	0.348975738	30.117959	0.167903465	3.62319972	34.25803793
1	2	4.2	15	0.174065113	0.290913784	30.5177258	0.162200137	3.304172903	34.27501262
1	1.9	4.6	22	0.133589941	0.426333003	30.24397643	0.16673235	3.446870458	34.28391224
1	2	4.3	30	0.149356994	0.580836553	30.27750985	0.164664961	3.278158471	34.30116983
1	2	4.3	29	0.149834185	0.561539071	30.29848278	0.164683653	3.280429756	34.30513526
1	1.8	4.9	17	0.123242437	0.329625661	30.18094385	0.167922551	3.630778618	34.30927068
1	2	4.3	28	0.150435597	0.542237208	30.32390263	0.16470235	3.283182624	34.31402481
1	1.9	4.6	21	0.13499517	0.407000469	30.29695604	0.166751294	3.452909912	34.32361772
1	2	4.3	27	0.151118658	0.522930961	30.35227448	0.16472105	3.286255184	34.32618168
1	2	4.3	26	0.151889341	0.50362033	30.38382823	0.164739755	3.289672328	34.34186064
1	2	4.3	25	0.152686245	0.484305313	30.41638594	0.164758464	3.2931982	34.35864792
1	1.9	4.6	20	0.136475134	0.38766354	30.35274205	0.166770243	3.459269284	34.36644512
1	1.8	4.9	16	0.125228131	0.310271186	30.253248	0.167941641	3.639478899	34.37093973
1	2	4.3	24	0.153483148	0.464985908	30.44901352	0.164777178	3.296731637	34.37550825
1	2	4.3	23	0.15448863	0.445662114	30.48920945	0.164795896	3.301084697	34.40075216
1	1.9	4.6	19	0.137955097	0.368322216	30.40873393	0.166789195	3.465652124	34.40949747
1	2	4.3	22	0.155627063	0.42633393	30.53430581	0.164814618	3.305968453	34.43142281
1	1.8	4.9	15	0.127534896	0.290912308	30.33704049	0.167960736	3.649561559	34.4454751
1	1.9	4.6	18	0.13948925	0.348976496	30.46684723	0.166808152	3.472276797	34.45490868
1	2	4.3	21	0.156765497	0.407001353	30.57953581	0.164833344	3.310866682	34.46223719
1	2	4.3	20	0.15790393	0.387664382	30.62490003	0.164852074	3.315779446	34.49319593
1	1.9	4.6	17	0.141404093	0.329626378	30.53869061	0.166827114	3.480466641	34.51561075
1	1.8	5	28	0.106443853	0.542234461	30.17664678	0.170172929	3.630261557	34.51931573
1	1.8	5	29	0.106092257	0.561536227	30.16098863	0.170153611	3.628377429	34.5210559
1	1.8	5	27	0.106899226	0.522928312	30.19581828	0.17019225	3.632568443	34.52150729
1	2	4.3	19	0.159118036	0.368323017	30.67315283	0.164870809	3.321005033	34.52735169
1	1.8	5	26	0.107452755	0.503617779	30.21832675	0.170211577	3.635276862	34.52743297
1	1.8	5	30	0.10586457	0.580833611	30.14950934	0.170134298	3.626996138	34.52747339
1	1.8	5	25	0.108074052	0.484302859	30.24315973	0.170230907	3.638264988	34.53595848
1	1.8	5	24	0.108757112	0.464983552	30.27012521	0.170250242	3.641509715	34.54686872
1	1.8	5	23	0.109440172	0.445659855	30.29713884	0.170269581	3.644760236	34.55782851
1	2	4.3	18	0.160539061	0.348977255	30.72911409	0.164889548	3.327065416	34.57004631
1	1.8	5	22	0.110205443	0.426331769	30.32699529	0.170288925	3.64835283	34.57196881
1	1.9	4.6	16	0.143567117	0.31027186	30.61972769	0.166846079	3.48970453	34.58655016
1	1.8	5	21	0.111169555	0.40699929	30.36368515	0.170308273	3.652767681	34.59376039
1	2	4.3	17	0.162215457	0.329627094	30.79464483	0.164908291	3.334162134	34.62334235
1	1.8	5	20	0.112501048	0.387662417	30.41301899	0.170327626	3.658703969	34.629713
1	1.9	4.6	15	0.145817105	0.290912941	30.70431637	0.166865049	3.499347285	34.66144164
1	1.8	5	19	0.11409746	0.368321149	30.47160289	0.170346983	3.665753306	34.67602432
1	2	4.3	16	0.164133843	0.310272535	30.86937307	0.164927039	3.342254905	34.68682755
1	1.9	4.7	29	0.122470528	0.561537446	30.48312191	0.16919771	3.474132042	34.68798911
1	1.9	4.7	30	0.122098843	0.580834872	30.46632426	0.169178505	3.472217181	34.68855482
1	1.9	4.7	28	0.122993688	0.542235638	30.50518814	0.169216919	3.4766475	34.6932882
1	1.9	4.7	27	0.123562904	0.522929448	30.52888537	0.169236132	3.479348884	34.70039983
1	1.9	4.7	26	0.124156031	0.503618872	30.5534509	0.16925535	3.482149253	34.70847438
1	1.9	4.7	25	0.124839091	0.484303911	30.58118887	0.169274572	3.485311265	34.72007862
1	1.8	5	18	0.11580511	0.348975485	30.53424595	0.170366344	3.673291077	34.72687885
1	1.9	4.7	24	0.125522151	0.464984562	30.60897726	0.169293798	3.488479025	34.73173464
1	1.9	4.7	23	0.126284767	0.445660824	30.63959817	0.169313029	3.491969681	34.74654171
1	2	4.3	15	0.166474159	0.290913573	30.96010131	0.164945791	3.352080412	34.76804108
1	1.9	4.7	22	0.127283634	0.426332695	30.67856143	0.169332264	3.49641133	34.77063772
1	1.8	5	17	0.11751276	0.329625423	30.59714716	0.17038571	3.680859912	34.7780182
1	2	4.4	30	0.141869984	0.580836132	30.71213971	0.167401893	3.325227157	34.78560489
1	2	4.4	29	0.142317282	0.561538665	30.73216136	0.167420895	3.327395422	34.78851634
1	2	4.4	28	0.142886499	0.542236815	30.75656834	0.167439903	3.330038601	34.79628366
1	2	4.4	27	0.143512487	0.522930583	30.78304766	0.167458914	3.332906207	34.80634337
1	1.9	4.7	21	0.128630424	0.407000174	30.72985841	0.169351503	3.50225897	34.80846906
1	2	4.4	26	0.144195548	0.503619966	30.8116207	0.16747793	3.336000554	34.81871915
1	2	4.4	25	0.144913573	0.484304963	30.84150409	0.16749695	3.339236806	34.83254281
1	1.8	5	16	0.119419115	0.310270961	30.66721405	0.17040508	3.689290986	34.83718108
1	2	4.4	24	0.145710477	0.464985572	30.87428758	0.167515975	3.342787127	34.84957625
1	1.9	4.7	20	0.130108274	0.387663259	30.78595394	0.169370747	3.508653626	34.85164157
1	2	4.4	23	0.146589969	0.445661792	30.91012352	0.167535004	3.346668017	34.86998834
1	2	4.4	22	0.147637675	0.426333621	30.95213371	0.167554037	3.351217554	34.89723892
1	1.9	4.7	19	0.131687354	0.36832195	30.84584229	0.169389995	3.515480648	34.89903488
1	1.8	5	15	0.121698435	0.290912098	30.75063303	0.170424454	3.699328701	34.91129829
1	2	4.4	21	0.148832462	0.407001058	30.99960043	0.167573074	3.356358011	34.93053258
1	1.9	4.7	18	0.133284556	0.348976243	30.90660903	0.169409248	3.522407802	34.94740233
1	2	4.4	20	0.150084739	0.387664102	31.04930806	0.167592116	3.361741149	34.96630542
1	2	4.4	19	0.151464548	0.36832275	31.10383886	0.167611162	3.367646618	35.00741939
1	1.9	4.7	17	0.135207857	0.329626139	30.97926997	0.169428505	3.530690845	35.00901546
1	2	4.4	18	0.153154531	0.348977002	31.16994954	0.167630212	3.374806142	35.0613629
1	1.9	4.7	16	0.13736028	0.310271635	31.06050587	0.169447766	3.539951398	35.08017667
1	2	4.4	17	0.154976024	0.329626856	31.24119342	0.167649267	3.382521571	35.12099111
1	1.9	4.7	15	0.139587052	0.29091273	31.14485539	0.169467032	3.54956689	35.15480204
1	1.9	4.8	30	0.116169374	0.580834452	30.90637775	0.171772605	3.522381437	35.18136624
1	2	4.4	16	0.156855345	0.31027231	31.31490734	0.167668326	3.390504496	35.18335247
1	1.9	4.8	29	0.116636167	0.56153704	30.92662183	0.171792104	3.524689177	35.18464015
1	1.9	4.8	28	0.117205383	0.542235246	30.95047093	0.171811608	3.527407875	35.19192566
1	1.9	4.8	27	0.1177746	0.522929069	30.97435685	0.171831116	3.53013077	35.1992478
1	1.9	4.8	26	0.118343817	0.503618508	30.99827968	0.171850628	3.532857872	35.20660668
1	1.9	4.8	25	0.119022229	0.48430356	31.02607319	0.171870145	3.536026216	35.21827311
1	1.9	4.8	24	0.119705289	0.464984225	31.0540801	0.171889666	3.539218887	35.23017288
1	1.9	4.8	23	0.120430842	0.445660501	31.08363515	0.171909191	3.542588039	35.24379288
1	1.9	4.8	22	0.121296339	0.426332386	31.11818883	0.171928721	3.546527014	35.26297695
1	2	4.4	15	0.159199964	0.290913363	31.40631022	0.16768739	3.400403064	35.26531403
1	2	4.5	30	0.135042844	0.580835712	31.16294481	0.170134914	3.374047558	35.287963
1	2	4.5	29	0.135452001	0.561538258	31.18172969	0.170154227	3.376081886	35.28950407
1	2	4.5	28	0.135907375	0.542236423	31.20220029	0.170173544	3.37829877	35.29290902
1	2	4.5	27	0.136362748	0.522930204	31.22269778	0.170192866	3.380518567	35.29633942
1	1.9	4.8	21	0.122572069	0.406999879	31.16734864	0.171948256	3.552131026	35.2984278
1	2	4.5	26	0.13689947	0.503619601	31.24615764	0.170212193	3.383059177	35.30304861
1	2	4.5	25	0.137483359	0.484304612	31.27135762	0.170231523	3.385788235	35.31168199
1	2	4.5	24	0.138193335	0.464985235	31.30116383	0.170250858	3.389016129	35.32541606
1	1.9	4.8	20	0.124059198	0.387662978	31.22418022	0.171967795	3.558609589	35.34242058
1	2	4.5	23	0.139101428	0.445661469	31.33821714	0.170270198	3.393028855	35.34717766
1	2	4.5	22	0.140224198	0.426333312	31.38317166	0.170289542	3.397897251	35.37769177
1	1.9	4.8	19	0.125653005	0.368321683	31.2850276	0.171987338	3.565545936	35.39088256
1	2	4.5	21	0.141592119	0.407000763	31.43720835	0.17030889	3.403749209	35.41826721
1	1.9	4.8	18	0.127340671	0.348975991	31.34947705	0.172006886	3.572892903	35.44335283
1	2	4.5	20	0.143072083	0.387663821	31.49553913	0.170328243	3.410066201	35.46359739
1	1.9	4.8	17	0.129126704	0.3296259	31.41773396	0.172026438	3.580673906	35.50006021
1	2	4.5	19	0.144552046	0.368322483	31.55408682	0.1703476	3.416406683	35.50916359
1	2	4.5	18	0.146183761	0.348976749	31.61845934	0.170366961	3.423377971	35.56118102
1	1.9	4.8	16	0.131224074	0.31027141	31.49755162	0.172045995	3.589772785	35.56964181
1	2	4.5	17	0.147990699	0.329626617	31.68959797	0.170386327	3.431082001	35.62069291
1	1.9	4.8	15	0.133514583	0.290912519	31.5848026	0.172065556	3.599719031	35.64749971
1	1.9	4.9	29	0.111139408	0.561536633	31.37619134	0.174383153	3.57593822	35.68804934
1	2	4.5	16	0.150025294	0.310272085	31.76954849	0.170405697	3.439740325	35.68996659
1	1.9	4.9	28	0.111647177	0.542234854	31.39807319	0.174402951	3.57843266	35.69314366
1	1.9	4.9	30	0.110911721	0.580834031	31.36418185	0.17436336	3.574569189	35.69394843
1	1.9	4.9	27	0.112216393	0.522928691	31.42215335	0.174422753	3.581177698	35.70068249
1	1.9	4.9	26	0.11278561	0.503618143	31.44627049	0.174442559	3.58392695	35.70825814
1	1.9	4.9	25	0.113435465	0.48430321	31.47327862	0.17446237	3.587005764	35.71904996
1	1.9	4.9	24	0.114118525	0.464983888	31.50151058	0.174482186	3.59022409	35.73120075
1	1.9	4.9	23	0.114807015	0.445660178	31.52998616	0.174502006	3.593470187	35.74361853
1	1.9	4.9	22	0.115610324	0.426332077	31.56259988	0.17452183	3.597188015	35.76064181
1	2	4.5	15	0.152342273	0.290913152	31.86049543	0.170425072	3.449589518	35.77142318
1	2	4.6	30	0.128373678	0.580835292	31.61242016	0.172864154	3.422723952	35.78884356
1	2	4.6	29	0.1287641	0.561537852	31.63065279	0.172883777	3.424698474	35.7897729
1	1.9	4.9	21	0.116739355	0.406999584	31.60690402	0.174541659	3.602238501	35.79068377
1	2	4.6	28	0.129219473	0.542236031	31.65125917	0.172903404	3.426930062	35.79332867
1	2	4.6	27	0.129674846	0.522929826	31.67189242	0.172923036	3.429164561	35.79690985
1	2	4.6	26	0.130182687	0.503619237	31.6944583	0.172942672	3.431608356	35.80262856
1	2	4.6	25	0.130779494	0.484304261	31.72029288	0.172962313	3.434406139	35.81196559
1	2	4.6	24	0.131465328	0.464984898	31.74941436	0.172981958	3.43755988	35.8249411
1	1.9	4.9	20	0.11813476	0.387662698	31.66087107	0.174561493	3.608390519	35.83148578
1	2	4.6	23	0.132329603	0.445661146	31.78510682	0.173001608	3.44142523	35.8451948
1	2	4.6	22	0.133589941	0.426333003	31.83538777	0.173021262	3.446870458	35.88161249
1	1.9	4.9	19	0.119811485	0.368321416	31.72513696	0.174581331	3.615716561	35.88375627
1	2	4.6	21	0.13499517	0.407000469	31.89115578	0.173040921	3.452909912	35.92410708
1	1.9	4.9	18	0.121519135	0.348975738	31.79078111	0.174601174	3.62319972	35.93755775
1	2	4.6	20	0.136475134	0.38766354	31.9498779	0.173060584	3.459269284	35.96987131
1	1.9	4.9	17	0.123242437	0.329625661	31.85726512	0.174621021	3.630778618	35.99229042
1	2	4.6	19	0.137955097	0.368322216	32.00881672	0.173080251	3.465652124	36.01587131
1	1.9	4.9	16	0.125228131	0.310271186	31.93358617	0.174640872	3.639478899	36.05797713
1	2	4.6	18	0.13948925	0.348976496	32.06998861	0.173099923	3.472276797	36.06434183
1	2	4.6	17	0.141404093	0.329626378	32.14561322	0.1731196	3.480466641	36.12882584
1	1.9	4.9	15	0.127534896	0.290912308	32.0220338	0.174660729	3.649561559	36.1371684
1	1.9	5	28	0.106443853	0.542234461	31.85272932	0.176991049	3.630261557	36.20221639
1	1.9	5	29	0.106092257	0.561536227	31.83620128	0.176970958	3.628377429	36.20308589
1	2	4.6	16	0.143567117	0.31027186	32.23091542	0.173139281	3.48970453	36.20403109
1	1.9	5	27	0.106899226	0.522928312	31.87296591	0.177011145	3.632568443	36.20547381
1	1.9	5	30	0.10586457	0.580833611	31.82408425	0.176950871	3.626996138	36.20886487
1	1.9	5	26	0.107452755	0.503617779	31.89672485	0.177031245	3.635276862	36.21265073
1	1.9	5	25	0.108074052	0.484302859	31.92293743	0.17705135	3.638264988	36.22255663
1	1.9	5	24	0.108757112	0.464983552	31.951401	0.17707146	3.641509715	36.23496573
1	1.9	5	23	0.109440172	0.445659855	31.97991538	0.177091574	3.644760236	36.24742705
1	1.9	5	22	0.110205443	0.426331769	32.01143053	0.177111693	3.64835283	36.26322682
1	2	4.6	15	0.145817105	0.290912941	32.31995612	0.173158966	3.499347285	36.28337532
1	1.9	5	21	0.111169555	0.40699929	32.05015871	0.177131816	3.652767681	36.2870575
1	2	4.7	30	0.122098843	0.580834872	32.06943812	0.175589736	3.472217181	36.29807991
1	2	4.7	29	0.122470528	0.561537446	32.08711985	0.175609668	3.474132042	36.29839901
1	2	4.7	28	0.122993688	0.542235638	32.11034746	0.175629605	3.4766475	36.3048602
1	2	4.7	27	0.123562904	0.522929448	32.13529191	0.175649546	3.479348884	36.31321979
1	2	4.7	26	0.124156031	0.503618872	32.16115037	0.175669492	3.482149253	36.32258799
1	1.9	5	20	0.112501048	0.387662417	32.10223333	0.177151944	3.658703969	36.32575166
1	2	4.7	25	0.124839091	0.484303911	32.19034823	0.175689442	3.485311265	36.33565285
1	2	4.7	24	0.125522151	0.464984562	32.21959917	0.175709397	3.488479025	36.34877215
1	2	4.7	23	0.126284767	0.445660824	32.25183171	0.175729357	3.491969681	36.36519157
1	1.9	5	19	0.11409746	0.368321149	32.16407188	0.177172077	3.665753306	36.37531841
1	2	4.7	22	0.127283634	0.426332695	32.29284566	0.175749321	3.49641133	36.39133901
1	1.9	5	18	0.11580511	0.348975485	32.23019511	0.177192214	3.673291077	36.42965389
1	2	4.7	21	0.128630424	0.407000174	32.34684248	0.175769289	3.50225897	36.43187092
1	2	4.7	20	0.130108274	0.387663259	32.40589041	0.175789263	3.508653626	36.47799656
1	1.9	5	17	0.11751276	0.329625423	32.29659083	0.177212355	3.680859912	36.48428852
1	2	4.7	19	0.131687354	0.36832195	32.46893078	0.17580924	3.515480648	36.52854262
1	1.9	5	16	0.119419115	0.310270961	32.37055034	0.177232501	3.689290986	36.54734478
1	2	4.7	18	0.133284556	0.348976243	32.53289577	0.175829222	3.522407802	36.58010904
1	1.9	5	15	0.121698435	0.290912098	32.4586037	0.177252652	3.699328701	36.62609715
1	2	4.7	17	0.135207857	0.329626139	32.60938097	0.175849209	3.530690845	36.64554716
1	2	4.7	16	0.13736028	0.310271635	32.69489245	0.1758692	3.539951398	36.72098468
1	2	4.7	15	0.139587052	0.29091273	32.78368141	0.175889196	3.54956689	36.80005023
1	2	4.8	30	0.116169374	0.580834452	32.53265232	0.178311775	3.522381437	36.81417998
1	2	4.8	29	0.116636167	0.56153704	32.55396187	0.178332016	3.524689177	36.8185201
1	2	4.8	28	0.117205383	0.542235246	32.57906619	0.178352262	3.527407875	36.82706157
1	2	4.8	27	0.1177746	0.522929069	32.60420926	0.178372512	3.53013077	36.83564161
1	2	4.8	26	0.118343817	0.503618508	32.62939118	0.178392768	3.532857872	36.84426033
1	2	4.8	25	0.119022229	0.48430356	32.65864752	0.178413027	3.536026216	36.85739032
1	2	4.8	24	0.119705289	0.464984225	32.68812847	0.178433292	3.539218887	36.87076488
1	2	4.8	23	0.120430842	0.445660501	32.71923906	0.17845356	3.542588039	36.88594116
1	2	4.8	22	0.121296339	0.426332386	32.75561135	0.178473834	3.546527014	36.90694458
1	2	4.8	21	0.122572069	0.406999879	32.80735851	0.178494112	3.552131026	36.94498353
1	2	4.8	20	0.124059198	0.387662978	32.86718123	0.178514395	3.558609589	36.99196819
1	2	4.8	19	0.125653005	0.368321683	32.93123111	0.178534682	3.565545936	37.04363341
1	2	4.8	18	0.127340671	0.348975991	32.99907263	0.178554974	3.572892903	37.0994965
1	2	4.8	17	0.129126704	0.3296259	33.07092201	0.178575271	3.580673906	37.15979709
1	2	4.8	16	0.131224074	0.31027141	33.1549406	0.178595572	3.589772785	37.23358037
1	2	4.8	15	0.133514583	0.290912519	33.24678374	0.178615878	3.599719031	37.31603116
1	2	4.9	29	0.111139408	0.561536633	33.02719293	0.181050932	3.57593822	37.34571872
1	2	4.9	30	0.110911721	0.580834031	33.01455137	0.181030382	3.574569189	37.35098497
1	2	4.9	28	0.111647177	0.542234854	33.05022647	0.181071486	3.57843266	37.35196547
1	2	4.9	27	0.112216393	0.522928691	33.075574	0.181092045	3.581177698	37.36077244
1	2	4.9	26	0.11278561	0.503618143	33.10096046	0.181112609	3.58392695	37.36961816
1	2	4.9	25	0.113435465	0.48430321	33.12939007	0.181133178	3.587005764	37.38183222
1	2	4.9	24	0.114118525	0.464983888	33.15910793	0.181153751	3.59022409	37.39546966
1	2	4.9	23	0.114807015	0.445660178	33.18908222	0.181174329	3.593470187	37.40938691
1	2	4.9	22	0.115610324	0.426332077	33.22341246	0.181194912	3.597188015	37.42812746
1	2	4.9	21	0.116739355	0.406999584	33.27004839	0.181215499	3.602238501	37.46050197
1	2	4.9	20	0.11813476	0.387662698	33.32685581	0.181236091	3.608390519	37.50414512
1	2	4.9	19	0.119811485	0.368321416	33.39450412	0.181256687	3.615716561	37.55979878
1	2	4.9	18	0.121519135	0.348975738	33.46360322	0.181277289	3.62319972	37.61705597
1	2	4.9	17	0.123242437	0.329625661	33.53358638	0.181297895	3.630778618	37.67528856
1	2	4.9	16	0.125228131	0.310271186	33.61392434	0.181318505	3.639478899	37.74499293
1	2	4.9	15	0.127534896	0.290912308	33.7070271	0.181339121	3.649561559	37.82884009
1	2	5	29	0.106092257	0.561536227	33.51141393	0.183766519	3.628377429	37.8850941
1	2	5	28	0.106443853	0.542234461	33.52881187	0.183787382	3.630261557	37.88509526
1	2	5	27	0.106899226	0.522928312	33.55011353	0.183808249	3.632568443	37.88941854
1	2	5	30	0.10586457	0.580833611	33.49865916	0.183745661	3.626996138	37.89023457
1	2	5	26	0.107452755	0.503617779	33.57512294	0.183829121	3.635276862	37.89784671
1	2	5	25	0.108074052	0.484302859	33.60271514	0.183849998	3.638264988	37.90913299
1	2	5	24	0.108757112	0.464983552	33.63267679	0.18387088	3.641509715	37.92304094
1	2	5	23	0.109440172	0.445659855	33.66269193	0.183891767	3.644760236	37.93700379
1	2	5	22	0.110205443	0.426331769	33.69586576	0.183912658	3.64835283	37.95446302
1	2	5	21	0.111169555	0.40699929	33.73663227	0.183933554	3.652767681	37.9803328
1	2	5	20	0.112501048	0.387662417	33.79144766	0.183954455	3.658703969	38.0217685
1	2	5	19	0.11409746	0.368321149	33.85654087	0.18397536	3.665753306	38.07459069
1	2	5	18	0.11580511	0.348975485	33.92614427	0.183996271	3.673291077	38.13240711
1	2	5	17	0.11751276	0.329625423	33.99603451	0.184017186	3.680859912	38.19053703
1	2	5	16	0.119419115	0.310270961	34.07388662	0.184038106	3.689290986	38.25748667
1	2	5	15	0.121698435	0.290912098	34.16657437	0.18405903	3.699328701	38.3408742
