Hour,Price,
1/01/2020 1:00,68.33,
1/01/2020 2:00,68.59,
1/01/2020 3:00,68.125,
1/01/2020 4:00,66.825,
1/01/2020 5:00,59.04,
1/01/2020 6:00,58.41,
1/01/2020 7:00,41.06,
1/01/2020 8:00,40.675,
1/01/2020 9:00,18.975,
1/01/2020 10:00,16.51,
1/01/2020 11:00,22.815,
1/01/2020 12:00,29.38,
1/01/2020 13:00,27.22,
1/01/2020 14:00,31.19,
1/01/2020 15:00,34.59,
1/01/2020 16:00,40.3,
1/01/2020 17:00,54.15,
1/01/2020 18:00,55.945,
1/01/2020 19:00,66.505,
1/01/2020 20:00,69.025,
1/01/2020 21:00,70.16,
1/01/2020 22:00,66.875,
1/01/2020 23:00,64.635,
2/01/2020 0:00,69.475,
2/01/2020 1:00,68.165,
2/01/2020 2:00,47.035,
2/01/2020 3:00,46.295,
2/01/2020 4:00,51.855,
2/01/2020 5:00,66.245,
2/01/2020 6:00,73.54,
2/01/2020 7:00,73.73,
2/01/2020 8:00,68.15,
2/01/2020 9:00,68.07,
2/01/2020 10:00,66.245,
2/01/2020 11:00,66.785,
2/01/2020 12:00,60.99,
2/01/2020 13:00,65.685,
2/01/2020 14:00,78.355,
2/01/2020 15:00,77.425,
2/01/2020 16:00,85.725,
2/01/2020 17:00,87.46,
2/01/2020 18:00,84.97,
2/01/2020 19:00,89.38,
2/01/2020 20:00,75.805,
2/01/2020 21:00,57.945,
2/01/2020 22:00,51.72,
2/01/2020 23:00,60.06,
3/01/2020 0:00,74.27,
3/01/2020 1:00,58.215,
3/01/2020 2:00,43.825,
3/01/2020 3:00,46.3,
3/01/2020 4:00,45.78,
3/01/2020 5:00,40,
3/01/2020 6:00,42.705,
3/01/2020 7:00,42.89,
3/01/2020 8:00,36.615,
3/01/2020 9:00,39.74,
3/01/2020 10:00,39.47,
3/01/2020 11:00,43.01,
3/01/2020 12:00,59.21,
3/01/2020 13:00,65.53,
3/01/2020 14:00,69.8,
3/01/2020 15:00,74.45,
3/01/2020 16:00,68.815,
3/01/2020 17:00,84.18,
3/01/2020 18:00,84.44,
3/01/2020 19:00,96.9,
3/01/2020 20:00,96.48,
3/01/2020 21:00,81.02,
3/01/2020 22:00,67.205,
3/01/2020 23:00,61.165,
4/01/2020 0:00,64.495,
4/01/2020 1:00,64.155,
4/01/2020 2:00,52.275,
4/01/2020 3:00,46.685,
4/01/2020 4:00,54.38,
4/01/2020 5:00,51.81,
4/01/2020 6:00,46.215,
4/01/2020 7:00,34.82,
4/01/2020 8:00,35.245,
4/01/2020 9:00,29.935,
4/01/2020 10:00,35.5,
4/01/2020 11:00,30.395,
4/01/2020 12:00,34.16,
4/01/2020 13:00,49.01,
4/01/2020 14:00,25.085,
4/01/2020 15:00,-4.67,
4/01/2020 16:00,-208.87,
4/01/2020 17:00,-6.055,
4/01/2020 18:00,19.28,
4/01/2020 19:00,-8.485,
4/01/2020 20:00,61.075,
4/01/2020 21:00,84.08,
4/01/2020 22:00,52.21,
4/01/2020 23:00,17.41,
5/01/2020 0:00,37.575,
5/01/2020 1:00,23.485,
5/01/2020 2:00,29.305,
5/01/2020 3:00,32.05,
5/01/2020 4:00,-0.265,
5/01/2020 5:00,-10.86,
5/01/2020 6:00,-8.5,
5/01/2020 7:00,2.34,
5/01/2020 8:00,16.735,
5/01/2020 9:00,32.43,
5/01/2020 10:00,30.49,
5/01/2020 11:00,4.485,
5/01/2020 12:00,-6.87,
5/01/2020 13:00,1.05,
5/01/2020 14:00,-30.235,
5/01/2020 15:00,-19.64,
5/01/2020 16:00,25.115,
5/01/2020 17:00,29.57,
5/01/2020 18:00,41.01,
5/01/2020 19:00,45.51,
5/01/2020 20:00,38.535,
5/01/2020 21:00,43.67,
5/01/2020 22:00,30.28,
5/01/2020 23:00,20.78,
6/01/2020 0:00,37.665,
6/01/2020 1:00,37.145,
6/01/2020 2:00,34.485,
6/01/2020 3:00,34.885,
6/01/2020 4:00,39.39,
6/01/2020 5:00,41.495,
6/01/2020 6:00,57.4,
6/01/2020 7:00,73.72,
6/01/2020 8:00,83.755,
6/01/2020 9:00,84.045,
6/01/2020 10:00,69.075,
6/01/2020 11:00,65.5,
6/01/2020 12:00,60.385,
6/01/2020 13:00,51.805,
6/01/2020 14:00,56.65,
6/01/2020 15:00,56.22,
6/01/2020 16:00,50.87,
6/01/2020 17:00,56.12,
6/01/2020 18:00,55.81,
6/01/2020 19:00,63.96,
6/01/2020 20:00,63.43,
6/01/2020 21:00,61.725,
6/01/2020 22:00,54.14,
6/01/2020 23:00,48.225,
7/01/2020 0:00,60.815,
7/01/2020 1:00,56.735,
7/01/2020 2:00,43.065,
7/01/2020 3:00,39.245,
7/01/2020 4:00,42.155,
7/01/2020 5:00,47.33,
7/01/2020 6:00,66.78,
7/01/2020 7:00,81.9,
7/01/2020 8:00,68.61,
7/01/2020 9:00,68.275,
7/01/2020 10:00,66.705,
7/01/2020 11:00,52.58,
7/01/2020 12:00,45.7,
7/01/2020 13:00,47.105,
7/01/2020 14:00,62.12,
7/01/2020 15:00,55.81,
7/01/2020 16:00,66.09,
7/01/2020 17:00,83.38,
7/01/2020 18:00,68.73,
7/01/2020 19:00,68.915,
7/01/2020 20:00,68.96,
7/01/2020 21:00,66.07,
7/01/2020 22:00,54.495,
7/01/2020 23:00,47.635,
8/01/2020 0:00,51.25,
8/01/2020 1:00,42,
8/01/2020 2:00,35.705,
8/01/2020 3:00,36.33,
8/01/2020 4:00,40.655,
8/01/2020 5:00,44.965,
8/01/2020 6:00,51.765,
8/01/2020 7:00,58.67,
8/01/2020 8:00,54.975,
8/01/2020 9:00,55.775,
8/01/2020 10:00,53.125,
8/01/2020 11:00,47.265,
8/01/2020 12:00,50.3,
8/01/2020 13:00,58.31,
8/01/2020 14:00,67.86,
8/01/2020 15:00,68.14,
8/01/2020 16:00,68.81,
8/01/2020 17:00,70.915,
8/01/2020 18:00,69.485,
8/01/2020 19:00,71.12,
8/01/2020 20:00,68.64,
8/01/2020 21:00,64.63,
8/01/2020 22:00,50.89,
8/01/2020 23:00,47.03,
9/01/2020 0:00,45.165,
9/01/2020 1:00,40.77,
9/01/2020 2:00,26.21,
9/01/2020 3:00,12.615,
9/01/2020 4:00,6.825,
9/01/2020 5:00,27.805,
9/01/2020 6:00,41.47,
9/01/2020 7:00,45.39,
9/01/2020 8:00,45.685,
9/01/2020 9:00,47.765,
9/01/2020 10:00,47.125,
9/01/2020 11:00,55.98,
9/01/2020 12:00,74.86,
9/01/2020 13:00,111.25,
9/01/2020 14:00,95.66,
9/01/2020 15:00,81.955,
9/01/2020 16:00,103.705,
9/01/2020 17:00,173.85,
9/01/2020 18:00,137.87,
9/01/2020 19:00,271.45,
9/01/2020 20:00,172.365,
9/01/2020 21:00,89.33,
9/01/2020 22:00,66.92,
9/01/2020 23:00,65.99,
10/01/2020 0:00,56.675,
10/01/2020 1:00,42.13,
10/01/2020 2:00,27.94,
10/01/2020 3:00,26.71,
10/01/2020 4:00,44.43,
10/01/2020 5:00,53.955,
10/01/2020 6:00,75.545,
10/01/2020 7:00,77.145,
10/01/2020 8:00,100.225,
10/01/2020 9:00,74.02,
10/01/2020 10:00,69.295,
10/01/2020 11:00,63.685,
10/01/2020 12:00,82.765,
10/01/2020 13:00,99.09,
10/01/2020 14:00,63.48,
10/01/2020 15:00,48.47,
10/01/2020 16:00,54.695,
10/01/2020 17:00,54.91,
10/01/2020 18:00,59.825,
10/01/2020 19:00,62.335,
10/01/2020 20:00,56.89,
10/01/2020 21:00,56.63,
10/01/2020 22:00,46.055,
10/01/2020 23:00,45.445,
11/01/2020 0:00,48.955,
11/01/2020 1:00,51.025,
11/01/2020 2:00,31.425,
11/01/2020 3:00,0.56,
11/01/2020 4:00,30.28,
11/01/2020 5:00,39.435,
11/01/2020 6:00,51.275,
11/01/2020 7:00,47.67,
11/01/2020 8:00,15.355,
11/01/2020 9:00,3.765,
11/01/2020 10:00,9.605,
11/01/2020 11:00,7.36,
11/01/2020 12:00,8.565,
11/01/2020 13:00,3.16,
11/01/2020 14:00,-30.795,
11/01/2020 15:00,-42.335,
11/01/2020 16:00,-36.175,
11/01/2020 17:00,-6.615,
11/01/2020 18:00,35.055,
11/01/2020 19:00,41.735,
11/01/2020 20:00,47.585,
11/01/2020 21:00,46.985,
11/01/2020 22:00,45.72,
11/01/2020 23:00,44.625,
12/01/2020 0:00,63.505,
12/01/2020 1:00,46.965,
12/01/2020 2:00,38.32,
12/01/2020 3:00,39.415,
12/01/2020 4:00,38.03,
12/01/2020 5:00,40.21,
12/01/2020 6:00,40.505,
12/01/2020 7:00,37.1,
12/01/2020 8:00,32.585,
12/01/2020 9:00,29.455,
12/01/2020 10:00,37.34,
12/01/2020 11:00,27.955,
12/01/2020 12:00,29.135,
12/01/2020 13:00,28.585,
12/01/2020 14:00,31.085,
12/01/2020 15:00,35.75,
12/01/2020 16:00,35.19,
12/01/2020 17:00,50.665,
12/01/2020 18:00,66.805,
12/01/2020 19:00,68.085,
12/01/2020 20:00,68.25,
12/01/2020 21:00,52.535,
12/01/2020 22:00,51.24,
12/01/2020 23:00,49.495,
13/01/2020 0:00,49.845,
13/01/2020 1:00,40.235,
13/01/2020 2:00,17.25,
13/01/2020 3:00,27.19,
13/01/2020 4:00,39.63,
13/01/2020 5:00,48.58,
13/01/2020 6:00,78.475,
13/01/2020 7:00,88.335,
13/01/2020 8:00,66.11,
13/01/2020 9:00,68.82,
13/01/2020 10:00,63.46,
13/01/2020 11:00,62.135,
13/01/2020 12:00,67.005,
13/01/2020 13:00,79.7,
13/01/2020 14:00,77.135,
13/01/2020 15:00,75.89,
13/01/2020 16:00,84.785,
13/01/2020 17:00,82.785,
13/01/2020 18:00,91.175,
13/01/2020 19:00,159.42,
13/01/2020 20:00,86.5,
13/01/2020 21:00,68.23,
13/01/2020 22:00,89.71,
13/01/2020 23:00,85.935,
14/01/2020 0:00,106.415,
14/01/2020 1:00,74.975,
14/01/2020 2:00,68.63,
14/01/2020 3:00,62.65,
14/01/2020 4:00,60.655,
14/01/2020 5:00,66.54,
14/01/2020 6:00,96.74,
14/01/2020 7:00,107.98,
14/01/2020 8:00,99.825,
14/01/2020 9:00,92.795,
14/01/2020 10:00,72.39,
14/01/2020 11:00,65.785,
14/01/2020 12:00,82.39,
14/01/2020 13:00,115.115,
14/01/2020 14:00,85.61,
14/01/2020 15:00,84.19,
14/01/2020 16:00,78.69,
14/01/2020 17:00,75.145,
14/01/2020 18:00,100.5,
14/01/2020 19:00,77.785,
14/01/2020 20:00,116.93,
14/01/2020 21:00,69.655,
14/01/2020 22:00,67.035,
14/01/2020 23:00,68.27,
15/01/2020 0:00,68.775,
15/01/2020 1:00,62.945,
15/01/2020 2:00,54.865,
15/01/2020 3:00,42.71,
15/01/2020 4:00,46.08,
15/01/2020 5:00,51.55,
15/01/2020 6:00,60.255,
15/01/2020 7:00,68.955,
15/01/2020 8:00,68.665,
15/01/2020 9:00,70.825,
15/01/2020 10:00,71.565,
15/01/2020 11:00,57.825,
15/01/2020 12:00,64.565,
15/01/2020 13:00,66.685,
15/01/2020 14:00,55.94,
15/01/2020 15:00,-38.885,
15/01/2020 16:00,43.92,
15/01/2020 17:00,-62.99,
15/01/2020 18:00,39.315,
15/01/2020 19:00,54.785,
15/01/2020 20:00,61.78,
15/01/2020 21:00,55.78,
15/01/2020 22:00,53.995,
15/01/2020 23:00,53.61,
16/01/2020 0:00,60.485,
16/01/2020 1:00,55.785,
16/01/2020 2:00,39.47,
16/01/2020 3:00,40.08,
16/01/2020 4:00,43.495,
16/01/2020 5:00,49.135,
16/01/2020 6:00,52.295,
16/01/2020 7:00,61.025,
16/01/2020 8:00,49.75,
16/01/2020 9:00,42.87,
16/01/2020 10:00,32.635,
16/01/2020 11:00,2.74,
16/01/2020 12:00,1.53,
16/01/2020 13:00,-19.45,
16/01/2020 14:00,-6.39,
16/01/2020 15:00,8.65,
16/01/2020 16:00,12.705,
16/01/2020 17:00,21.05,
16/01/2020 18:00,35.43,
16/01/2020 19:00,35.41,
16/01/2020 20:00,58.9,
16/01/2020 21:00,51.8,
16/01/2020 22:00,45.225,
16/01/2020 23:00,50.165,
17/01/2020 0:00,50.17,
17/01/2020 1:00,33.245,
17/01/2020 2:00,17.785,
17/01/2020 3:00,16.9,
17/01/2020 4:00,31.15,
17/01/2020 5:00,36.65,
17/01/2020 6:00,44.8,
17/01/2020 7:00,48.99,
17/01/2020 8:00,43.435,
17/01/2020 9:00,33.12,
17/01/2020 10:00,28.845,
17/01/2020 11:00,28.185,
17/01/2020 12:00,27.45,
17/01/2020 13:00,26.44,
17/01/2020 14:00,32.85,
17/01/2020 15:00,29.615,
17/01/2020 16:00,36.94,
17/01/2020 17:00,42.665,
17/01/2020 18:00,49.575,
17/01/2020 19:00,59.735,
17/01/2020 20:00,67.425,
17/01/2020 21:00,51.24,
17/01/2020 22:00,45.475,
17/01/2020 23:00,48.585,
18/01/2020 0:00,50.12,
18/01/2020 1:00,42.095,
18/01/2020 2:00,47.195,
18/01/2020 3:00,44.965,
18/01/2020 4:00,42.76,
18/01/2020 5:00,51.55,
18/01/2020 6:00,63.525,
18/01/2020 7:00,66.965,
18/01/2020 8:00,59.105,
18/01/2020 9:00,60.25,
18/01/2020 10:00,50.8,
18/01/2020 11:00,40.815,
18/01/2020 12:00,38.53,
18/01/2020 13:00,38.685,
18/01/2020 14:00,46.175,
18/01/2020 15:00,46.045,
18/01/2020 16:00,61.665,
18/01/2020 17:00,74.72,
18/01/2020 18:00,46.71,
18/01/2020 19:00,56.34,
18/01/2020 20:00,65.79,
18/01/2020 21:00,60.45,
18/01/2020 22:00,60.635,
18/01/2020 23:00,62.955,
19/01/2020 0:00,75.815,
19/01/2020 1:00,68.25,
19/01/2020 2:00,62.75,
19/01/2020 3:00,76.195,
19/01/2020 4:00,68.5,
19/01/2020 5:00,61.28,
19/01/2020 6:00,71.21,
19/01/2020 7:00,65.57,
19/01/2020 8:00,72.44,
19/01/2020 9:00,63.59,
19/01/2020 10:00,52.69,
19/01/2020 11:00,78.785,
19/01/2020 12:00,50.925,
19/01/2020 13:00,61.525,
19/01/2020 14:00,56.925,
19/01/2020 15:00,60.885,
19/01/2020 16:00,59.29,
19/01/2020 17:00,61.77,
19/01/2020 18:00,56.795,
19/01/2020 19:00,48.875,
19/01/2020 20:00,61.005,
19/01/2020 21:00,54.52,
19/01/2020 22:00,31.925,
19/01/2020 23:00,32.31,
20/01/2020 0:00,60.245,
20/01/2020 1:00,42.445,
20/01/2020 2:00,36.6,
20/01/2020 3:00,36.315,
20/01/2020 4:00,45.49,
20/01/2020 5:00,49.805,
20/01/2020 6:00,65.26,
20/01/2020 7:00,73.15,
20/01/2020 8:00,79.58,
20/01/2020 9:00,75.01,
20/01/2020 10:00,59.065,
20/01/2020 11:00,54.585,
20/01/2020 12:00,45.385,
20/01/2020 13:00,43.985,
20/01/2020 14:00,-144.89,
20/01/2020 15:00,6.02,
20/01/2020 16:00,15.535,
20/01/2020 17:00,70.475,
20/01/2020 18:00,59.435,
20/01/2020 19:00,61.47,
20/01/2020 20:00,66.945,
20/01/2020 21:00,65.625,
20/01/2020 22:00,61.9,
20/01/2020 23:00,59.62,
21/01/2020 0:00,62.885,
21/01/2020 1:00,66.42,
21/01/2020 2:00,57.175,
21/01/2020 3:00,55.775,
21/01/2020 4:00,56.9,
21/01/2020 5:00,55.965,
21/01/2020 6:00,73.845,
21/01/2020 7:00,76.705,
21/01/2020 8:00,68.74,
21/01/2020 9:00,68.165,
21/01/2020 10:00,57.81,
21/01/2020 11:00,47.59,
21/01/2020 12:00,38.63,
21/01/2020 13:00,37.225,
21/01/2020 14:00,32.605,
21/01/2020 15:00,36.875,
21/01/2020 16:00,44.275,
21/01/2020 17:00,53.02,
21/01/2020 18:00,63.81,
21/01/2020 19:00,76.375,
21/01/2020 20:00,84.455,
21/01/2020 21:00,67.245,
21/01/2020 22:00,59.455,
21/01/2020 23:00,48.81,
22/01/2020 0:00,46.125,
22/01/2020 1:00,37.44,
22/01/2020 2:00,13.935,
22/01/2020 3:00,9.7,
22/01/2020 4:00,9.26,
22/01/2020 5:00,18.275,
22/01/2020 6:00,30.975,
22/01/2020 7:00,34.855,
22/01/2020 8:00,33.95,
22/01/2020 9:00,31.775,
22/01/2020 10:00,27.955,
22/01/2020 11:00,28.765,
22/01/2020 12:00,37.315,
22/01/2020 13:00,41.475,
22/01/2020 14:00,50.415,
22/01/2020 15:00,66.71,
22/01/2020 16:00,61.86,
22/01/2020 17:00,47.885,
22/01/2020 18:00,31.62,
22/01/2020 19:00,93.445,
22/01/2020 20:00,71.685,
22/01/2020 21:00,70.295,
22/01/2020 22:00,58.405,
22/01/2020 23:00,39.185,
23/01/2020 0:00,55.59,
23/01/2020 1:00,35.68,
23/01/2020 2:00,34.24,
23/01/2020 3:00,27.3,
23/01/2020 4:00,27.6,
23/01/2020 5:00,10.09,
23/01/2020 6:00,38.14,
23/01/2020 7:00,48.07,
23/01/2020 8:00,44.705,
23/01/2020 9:00,28.615,
23/01/2020 10:00,7.65,
23/01/2020 11:00,5.58,
23/01/2020 12:00,-124.4,
23/01/2020 13:00,-42.48,
23/01/2020 14:00,-118.325,
23/01/2020 15:00,-81.37,
23/01/2020 16:00,-39.19,
23/01/2020 17:00,-104.665,
23/01/2020 18:00,7.5,
23/01/2020 19:00,3.925,
23/01/2020 20:00,33.235,
23/01/2020 21:00,14.175,
23/01/2020 22:00,28.39,
23/01/2020 23:00,41.035,
24/01/2020 0:00,42.165,
24/01/2020 1:00,41.605,
24/01/2020 2:00,33.255,
24/01/2020 3:00,39.765,
24/01/2020 4:00,38.55,
24/01/2020 5:00,48.78,
24/01/2020 6:00,60.365,
24/01/2020 7:00,73.695,
24/01/2020 8:00,69.185,
24/01/2020 9:00,57.16,
24/01/2020 10:00,51.135,
24/01/2020 11:00,55.225,
24/01/2020 12:00,45.55,
24/01/2020 13:00,37.995,
24/01/2020 14:00,31.32,
24/01/2020 15:00,31.4,
24/01/2020 16:00,27.95,
24/01/2020 17:00,36.61,
24/01/2020 18:00,58.41,
24/01/2020 19:00,75.015,
24/01/2020 20:00,81.66,
24/01/2020 21:00,82.305,
24/01/2020 22:00,68.46,
24/01/2020 23:00,66.45,
25/01/2020 0:00,67.545,
25/01/2020 1:00,68,
25/01/2020 2:00,65.98,
25/01/2020 3:00,63.94,
25/01/2020 4:00,64.915,
25/01/2020 5:00,60.575,
25/01/2020 6:00,58.04,
25/01/2020 7:00,59.415,
25/01/2020 8:00,53.595,
25/01/2020 9:00,49.305,
25/01/2020 10:00,37.725,
25/01/2020 11:00,40.72,
25/01/2020 12:00,30.94,
25/01/2020 13:00,21.765,
25/01/2020 14:00,32.47,
25/01/2020 15:00,39.8,
25/01/2020 16:00,47.255,
25/01/2020 17:00,56.175,
25/01/2020 18:00,66.775,
25/01/2020 19:00,68.65,
25/01/2020 20:00,69.4,
25/01/2020 21:00,68.35,
25/01/2020 22:00,65.745,
25/01/2020 23:00,63.215,
26/01/2020 0:00,59.95,
26/01/2020 1:00,61.935,
26/01/2020 2:00,61.87,
26/01/2020 3:00,57.1,
26/01/2020 4:00,55.445,
26/01/2020 5:00,61.585,
26/01/2020 6:00,65.35,
26/01/2020 7:00,61.54,
26/01/2020 8:00,54.63,
26/01/2020 9:00,52.615,
26/01/2020 10:00,51.655,
26/01/2020 11:00,43.71,
26/01/2020 12:00,38.13,
26/01/2020 13:00,39.19,
26/01/2020 14:00,43.485,
26/01/2020 15:00,43.07,
26/01/2020 16:00,48.93,
26/01/2020 17:00,62.445,
26/01/2020 18:00,64.56,
26/01/2020 19:00,66.49,
26/01/2020 20:00,63.575,
26/01/2020 21:00,61.085,
26/01/2020 22:00,57.515,
26/01/2020 23:00,52.76,
27/01/2020 0:00,55.79,
27/01/2020 1:00,56.995,
27/01/2020 2:00,55.64,
27/01/2020 3:00,55.715,
27/01/2020 4:00,57.36,
27/01/2020 5:00,57.81,
27/01/2020 6:00,56.435,
27/01/2020 7:00,46.96,
27/01/2020 8:00,45.345,
27/01/2020 9:00,46.085,
27/01/2020 10:00,44.595,
27/01/2020 11:00,45.295,
27/01/2020 12:00,42.405,
27/01/2020 13:00,39.92,
27/01/2020 14:00,41.655,
27/01/2020 15:00,49.655,
27/01/2020 16:00,59.695,
27/01/2020 17:00,71.67,
27/01/2020 18:00,79.11,
27/01/2020 19:00,92.555,
27/01/2020 20:00,85.665,
27/01/2020 21:00,66.865,
27/01/2020 22:00,68.09,
27/01/2020 23:00,62.075,
28/01/2020 0:00,64.4,
28/01/2020 1:00,67.46,
28/01/2020 2:00,58.27,
28/01/2020 3:00,56.78,
28/01/2020 4:00,62.1,
28/01/2020 5:00,68.385,
28/01/2020 6:00,69.605,
28/01/2020 7:00,86.76,
28/01/2020 8:00,78.495,
28/01/2020 9:00,68.505,
28/01/2020 10:00,68,
28/01/2020 11:00,68,
28/01/2020 12:00,68.31,
28/01/2020 13:00,69.675,
28/01/2020 14:00,70.43,
28/01/2020 15:00,65.53,
28/01/2020 16:00,83.51,
28/01/2020 17:00,124.495,
28/01/2020 18:00,80.04,
28/01/2020 19:00,91.52,
28/01/2020 20:00,65.845,
28/01/2020 21:00,59.615,
28/01/2020 22:00,49.325,
28/01/2020 23:00,51.955,
29/01/2020 0:00,61.825,
29/01/2020 1:00,52.92,
29/01/2020 2:00,52.19,
29/01/2020 3:00,52.285,
29/01/2020 4:00,49.08,
29/01/2020 5:00,52.975,
29/01/2020 6:00,60.765,
29/01/2020 7:00,72.515,
29/01/2020 8:00,56.445,
29/01/2020 9:00,49.6,
29/01/2020 10:00,51.79,
29/01/2020 11:00,54.725,
29/01/2020 12:00,67.595,
29/01/2020 13:00,92.335,
29/01/2020 14:00,91.405,
29/01/2020 15:00,97.33,
29/01/2020 16:00,171.77,
29/01/2020 17:00,123.13,
29/01/2020 18:00,119.36,
29/01/2020 19:00,138.06,
29/01/2020 20:00,139.545,
29/01/2020 21:00,75.355,
29/01/2020 22:00,64.31,
29/01/2020 23:00,61.61,
30/01/2020 0:00,55.21,
30/01/2020 1:00,53.67,
30/01/2020 2:00,48.06,
30/01/2020 3:00,41.365,
30/01/2020 4:00,37.745,
30/01/2020 5:00,36.915,
30/01/2020 6:00,40.52,
30/01/2020 7:00,43.72,
30/01/2020 8:00,43.21,
30/01/2020 9:00,51.56,
30/01/2020 10:00,49.38,
30/01/2020 11:00,53.75,
30/01/2020 12:00,82.64,
30/01/2020 13:00,113.555,
30/01/2020 14:00,235.095,
30/01/2020 15:00,224.415,
30/01/2020 16:00,289.875,
30/01/2020 17:00,1262.38,
30/01/2020 18:00,3537.765,
30/01/2020 19:00,11710.545,
30/01/2020 20:00,269.19,
30/01/2020 21:00,126.925,
30/01/2020 22:00,78.01,
30/01/2020 23:00,75.78,
31/01/2020 0:00,75.36,
31/01/2020 1:00,83.395,
31/01/2020 2:00,75.79,
31/01/2020 3:00,68.185,
31/01/2020 4:00,50.505,
31/01/2020 5:00,17.02,
31/01/2020 6:00,60.18,
31/01/2020 7:00,94.59,
31/01/2020 8:00,81.53,
31/01/2020 9:00,82.465,
31/01/2020 10:00,91.695,
31/01/2020 11:00,95.23,
31/01/2020 12:00,98.035,
31/01/2020 13:00,137.28,
31/01/2020 14:00,4959.865,
31/01/2020 15:00,172.675,
31/01/2020 16:00,135.575,
31/01/2020 17:00,83.895,
31/01/2020 18:00,80.15,
31/01/2020 19:00,67.525,
31/01/2020 20:00,49.76,
31/01/2020 21:00,83.54,
31/01/2020 22:00,272.975,
31/01/2020 23:00,241.335,
1/02/2020 0:00,110.895,
1/02/2020 1:00,315.035,
1/02/2020 2:00,387.85,
1/02/2020 3:00,253.15,
1/02/2020 4:00,78.205,
1/02/2020 5:00,104.18,
1/02/2020 6:00,1.14,
1/02/2020 7:00,169.31,
1/02/2020 8:00,153.71,
1/02/2020 9:00,121.5,
1/02/2020 10:00,154.96,
1/02/2020 11:00,153.125,
1/02/2020 12:00,98.74,
1/02/2020 13:00,128.875,
1/02/2020 14:00,74.81,
1/02/2020 15:00,-161.26,
1/02/2020 16:00,-392.37,
1/02/2020 17:00,-177.49,
1/02/2020 18:00,-93.58,
1/02/2020 19:00,68.005,
1/02/2020 20:00,54.13,
1/02/2020 21:00,115.225,
1/02/2020 22:00,79.13,
1/02/2020 23:00,46.385,
2/02/2020 0:00,22.525,
2/02/2020 1:00,-61.57,
2/02/2020 2:00,-81.065,
2/02/2020 3:00,-181.825,
2/02/2020 4:00,3.355,
2/02/2020 5:00,82.21,
2/02/2020 6:00,56.12,
2/02/2020 7:00,45.595,
2/02/2020 8:00,44.27,
2/02/2020 9:00,-358.125,
2/02/2020 10:00,-356.285,
2/02/2020 11:00,-669.865,
2/02/2020 12:00,-110.05,
2/02/2020 13:00,-325,
2/02/2020 14:00,-216.57,
2/02/2020 15:00,-344.665,
2/02/2020 16:00,-123.645,
2/02/2020 17:00,-43.905,
2/02/2020 18:00,-16.97,
2/02/2020 19:00,29.095,
2/02/2020 20:00,57.29,
2/02/2020 21:00,66.92,
2/02/2020 22:00,50.86,
2/02/2020 23:00,-33.75,
3/02/2020 0:00,-84.36,
3/02/2020 1:00,-35,
3/02/2020 2:00,-159.88,
3/02/2020 3:00,-144.56,
3/02/2020 4:00,-99.29,
3/02/2020 5:00,-84.67,
3/02/2020 6:00,17.545,
3/02/2020 7:00,72.67,
3/02/2020 8:00,57.285,
3/02/2020 9:00,42.89,
3/02/2020 10:00,49.7,
3/02/2020 11:00,41.5,
3/02/2020 12:00,41.095,
3/02/2020 13:00,20.09,
3/02/2020 14:00,-177.07,
3/02/2020 15:00,22.5,
3/02/2020 16:00,-16.075,
3/02/2020 17:00,24.775,
3/02/2020 18:00,45.385,
3/02/2020 19:00,43.555,
3/02/2020 20:00,42.405,
3/02/2020 21:00,37.89,
3/02/2020 22:00,14.425,
3/02/2020 23:00,-26.95,
4/02/2020 0:00,5.56,
4/02/2020 1:00,24.59,
4/02/2020 2:00,-3.42,
4/02/2020 3:00,-29.365,
4/02/2020 4:00,-52.165,
4/02/2020 5:00,-54.59,
4/02/2020 6:00,-24.205,
4/02/2020 7:00,37.72,
4/02/2020 8:00,-46.52,
4/02/2020 9:00,-56.445,
4/02/2020 10:00,-475.5,
4/02/2020 11:00,-665.975,
4/02/2020 12:00,-618.03,
4/02/2020 13:00,218.865,
4/02/2020 14:00,24.75,
4/02/2020 15:00,262.75,
4/02/2020 16:00,258.145,
4/02/2020 17:00,-8.305,
4/02/2020 18:00,25.215,
4/02/2020 19:00,36.095,
4/02/2020 20:00,47.93,
4/02/2020 21:00,47.875,
4/02/2020 22:00,59.965,
4/02/2020 23:00,47.155,
5/02/2020 0:00,42.37,
5/02/2020 1:00,74.45,
5/02/2020 2:00,38.115,
5/02/2020 3:00,34.51,
5/02/2020 4:00,29.835,
5/02/2020 5:00,40.77,
5/02/2020 6:00,48.645,
5/02/2020 7:00,71.81,
5/02/2020 8:00,43.395,
5/02/2020 9:00,32.43,
5/02/2020 10:00,-7.635,
5/02/2020 11:00,-189.47,
5/02/2020 12:00,146.365,
5/02/2020 13:00,371.65,
5/02/2020 14:00,301,
5/02/2020 15:00,258.415,
5/02/2020 16:00,91.32,
5/02/2020 17:00,11.75,
5/02/2020 18:00,38.5,
5/02/2020 19:00,60.94,
5/02/2020 20:00,62.615,
5/02/2020 21:00,46.455,
5/02/2020 22:00,44.66,
5/02/2020 23:00,30.69,
6/02/2020 0:00,42.615,
6/02/2020 1:00,48.475,
6/02/2020 2:00,64.095,
6/02/2020 3:00,66.555,
6/02/2020 4:00,70.125,
6/02/2020 5:00,46.92,
6/02/2020 6:00,50.22,
6/02/2020 7:00,83.85,
6/02/2020 8:00,47.9,
6/02/2020 9:00,42.61,
6/02/2020 10:00,35.33,
6/02/2020 11:00,30.185,
6/02/2020 12:00,30.635,
6/02/2020 13:00,25.085,
6/02/2020 14:00,32.415,
6/02/2020 15:00,37.535,
6/02/2020 16:00,37.64,
6/02/2020 17:00,47.41,
6/02/2020 18:00,64.905,
6/02/2020 19:00,87,
6/02/2020 20:00,87,
6/02/2020 21:00,69.25,
6/02/2020 22:00,-4.83,
6/02/2020 23:00,-4.355,
7/02/2020 0:00,12.22,
7/02/2020 1:00,18.225,
7/02/2020 2:00,-9.5,
7/02/2020 3:00,-38,
7/02/2020 4:00,-37.75,
7/02/2020 5:00,-41.2,
7/02/2020 6:00,-18.355,
7/02/2020 7:00,34.81,
7/02/2020 8:00,-4.15,
7/02/2020 9:00,15.525,
7/02/2020 10:00,22.255,
7/02/2020 11:00,28.05,
7/02/2020 12:00,63.76,
7/02/2020 13:00,58.855,
7/02/2020 14:00,73.745,
7/02/2020 15:00,34.455,
7/02/2020 16:00,41.845,
7/02/2020 17:00,42.75,
7/02/2020 18:00,42.725,
7/02/2020 19:00,-12.825,
7/02/2020 20:00,37.135,
7/02/2020 21:00,41.43,
7/02/2020 22:00,53.78,
7/02/2020 23:00,78,
8/02/2020 0:00,99.195,
8/02/2020 1:00,31.505,
8/02/2020 2:00,16.295,
8/02/2020 3:00,-4.755,
8/02/2020 4:00,0.795,
8/02/2020 5:00,17.005,
8/02/2020 6:00,25,
8/02/2020 7:00,27.975,
8/02/2020 8:00,32.01,
8/02/2020 9:00,39.525,
8/02/2020 10:00,26.32,
8/02/2020 11:00,10.19,
8/02/2020 12:00,8.875,
8/02/2020 13:00,1.91,
8/02/2020 14:00,16.46,
8/02/2020 15:00,33.915,
8/02/2020 16:00,34.19,
8/02/2020 17:00,43.235,
8/02/2020 18:00,82.955,
8/02/2020 19:00,84.975,
8/02/2020 20:00,43.895,
8/02/2020 21:00,42.69,
8/02/2020 22:00,23.745,
8/02/2020 23:00,12.665,
9/02/2020 0:00,37.78,
9/02/2020 1:00,26.14,
9/02/2020 2:00,11.24,
9/02/2020 3:00,12.895,
9/02/2020 4:00,12.925,
9/02/2020 5:00,13.345,
9/02/2020 6:00,50.115,
9/02/2020 7:00,30.835,
9/02/2020 8:00,16.005,
9/02/2020 9:00,-4.18,
9/02/2020 10:00,-6.015,
9/02/2020 11:00,-69.815,
9/02/2020 12:00,-85.715,
9/02/2020 13:00,13.12,
9/02/2020 14:00,15.33,
9/02/2020 15:00,31.745,
9/02/2020 16:00,51.135,
9/02/2020 17:00,30.945,
9/02/2020 18:00,115,
9/02/2020 19:00,122.085,
9/02/2020 20:00,195.34,
9/02/2020 21:00,213.04,
9/02/2020 22:00,188.64,
9/02/2020 23:00,131.5,
10/02/2020 0:00,212.6,
10/02/2020 1:00,286.595,
10/02/2020 2:00,276.61,
10/02/2020 3:00,299.195,
10/02/2020 4:00,299.195,
10/02/2020 5:00,299.195,
10/02/2020 6:00,300.18,
10/02/2020 7:00,301,
10/02/2020 8:00,301,
10/02/2020 9:00,282.605,
10/02/2020 10:00,315.68,
10/02/2020 11:00,301.24,
10/02/2020 12:00,300.025,
10/02/2020 13:00,178.78,
10/02/2020 14:00,19.44,
10/02/2020 15:00,-17.265,
10/02/2020 16:00,47.41,
10/02/2020 17:00,51.74,
10/02/2020 18:00,57.535,
10/02/2020 19:00,81.175,
10/02/2020 20:00,84.75,
10/02/2020 21:00,84.63,
10/02/2020 22:00,64.935,
10/02/2020 23:00,58.15,
11/02/2020 0:00,77.59,
11/02/2020 1:00,65.685,
11/02/2020 2:00,62.345,
11/02/2020 3:00,52.415,
11/02/2020 4:00,46.785,
11/02/2020 5:00,45.82,
11/02/2020 6:00,56.37,
11/02/2020 7:00,73.96,
11/02/2020 8:00,87,
11/02/2020 9:00,68.045,
11/02/2020 10:00,104.835,
11/02/2020 11:00,37.33,
11/02/2020 12:00,12.005,
11/02/2020 13:00,19.945,
11/02/2020 14:00,4.515,
11/02/2020 15:00,-20.475,
11/02/2020 16:00,-10.075,
11/02/2020 17:00,44.545,
11/02/2020 18:00,74.33,
11/02/2020 19:00,79.205,
11/02/2020 20:00,102.805,
11/02/2020 21:00,264.125,
11/02/2020 22:00,260.45,
11/02/2020 23:00,87.395,
12/02/2020 0:00,94.155,
12/02/2020 1:00,73.59,
12/02/2020 2:00,36.465,
12/02/2020 3:00,28.575,
12/02/2020 4:00,25,
12/02/2020 5:00,30.445,
12/02/2020 6:00,59.03,
12/02/2020 7:00,121.73,
12/02/2020 8:00,185.06,
12/02/2020 9:00,57.76,
12/02/2020 10:00,54.375,
12/02/2020 11:00,48.125,
12/02/2020 12:00,26.07,
12/02/2020 13:00,-10.225,
12/02/2020 14:00,33.92,
12/02/2020 15:00,212.215,
12/02/2020 16:00,287.365,
12/02/2020 17:00,86.16,
12/02/2020 18:00,59.695,
12/02/2020 19:00,84.495,
12/02/2020 20:00,69.66,
12/02/2020 21:00,216.175,
12/02/2020 22:00,152.485,
12/02/2020 23:00,131.045,
13/02/2020 0:00,90.805,
13/02/2020 1:00,132.25,
13/02/2020 2:00,77.125,
13/02/2020 3:00,153.52,
13/02/2020 4:00,301,
13/02/2020 5:00,301,
13/02/2020 6:00,300.85,
13/02/2020 7:00,298.11,
13/02/2020 8:00,241.05,
13/02/2020 9:00,859.1,
13/02/2020 10:00,277.765,
13/02/2020 11:00,140.735,
13/02/2020 12:00,199.425,
13/02/2020 13:00,287.675,
13/02/2020 14:00,299.195,
13/02/2020 15:00,299.21,
13/02/2020 16:00,280.445,
13/02/2020 17:00,149.73,
13/02/2020 18:00,166.67,
13/02/2020 19:00,267.635,
13/02/2020 20:00,255.04,
13/02/2020 21:00,289.725,
13/02/2020 22:00,272.485,
13/02/2020 23:00,221.295,
14/02/2020 0:00,312.6,
14/02/2020 1:00,302.52,
14/02/2020 2:00,299.82,
14/02/2020 3:00,301,
14/02/2020 4:00,300.115,
14/02/2020 5:00,301,
14/02/2020 6:00,300.56,
14/02/2020 7:00,295.6,
14/02/2020 8:00,932.25,
14/02/2020 9:00,349.76,
14/02/2020 10:00,227.465,
14/02/2020 11:00,98.085,
14/02/2020 12:00,631.915,
14/02/2020 13:00,133.755,
14/02/2020 14:00,72.63,
14/02/2020 15:00,16.94,
14/02/2020 16:00,3.265,
14/02/2020 17:00,14.28,
14/02/2020 18:00,0,
14/02/2020 19:00,0.255,
14/02/2020 20:00,55.09,
14/02/2020 21:00,56.09,
14/02/2020 22:00,52.205,
14/02/2020 23:00,36.76,
15/02/2020 0:00,61.725,
15/02/2020 1:00,65.38,
15/02/2020 2:00,41.63,
15/02/2020 3:00,40.195,
15/02/2020 4:00,48.725,
15/02/2020 5:00,40.33,
15/02/2020 6:00,36.37,
15/02/2020 7:00,40.29,
15/02/2020 8:00,31.925,
15/02/2020 9:00,11.79,
15/02/2020 10:00,30.695,
15/02/2020 11:00,0,
15/02/2020 12:00,0,
15/02/2020 13:00,0,
15/02/2020 14:00,14.745,
15/02/2020 15:00,-28.53,
15/02/2020 16:00,-54.885,
15/02/2020 17:00,-49.485,
15/02/2020 18:00,29.025,
15/02/2020 19:00,65.395,
15/02/2020 20:00,61.195,
15/02/2020 21:00,66.27,
15/02/2020 22:00,56.62,
15/02/2020 23:00,55.8,
16/02/2020 0:00,92.815,
16/02/2020 1:00,53.89,
16/02/2020 2:00,40.1,
16/02/2020 3:00,36.56,
16/02/2020 4:00,31.78,
16/02/2020 5:00,28.1,
16/02/2020 6:00,33.735,
16/02/2020 7:00,38.39,
16/02/2020 8:00,30.81,
16/02/2020 9:00,36.74,
16/02/2020 10:00,48.31,
16/02/2020 11:00,49.225,
16/02/2020 12:00,42.075,
16/02/2020 13:00,40.115,
16/02/2020 14:00,32.795,
16/02/2020 15:00,36.485,
16/02/2020 16:00,32.115,
16/02/2020 17:00,42.495,
16/02/2020 18:00,69.56,
16/02/2020 19:00,175.155,
16/02/2020 20:00,287.95,
16/02/2020 21:00,279.17,
16/02/2020 22:00,148,
16/02/2020 23:00,148,
17/02/2020 0:00,228.085,
17/02/2020 1:00,236.865,
17/02/2020 2:00,275.1,
17/02/2020 3:00,301,
17/02/2020 4:00,301,
17/02/2020 5:00,301,
17/02/2020 6:00,304.14,
17/02/2020 7:00,300.4,
17/02/2020 8:00,208.39,
17/02/2020 9:00,139.26,
17/02/2020 10:00,87.04,
17/02/2020 11:00,63.94,
17/02/2020 12:00,64.205,
17/02/2020 13:00,39.18,
17/02/2020 14:00,52.69,
17/02/2020 15:00,62.83,
17/02/2020 16:00,143.375,
17/02/2020 17:00,2226.48,
17/02/2020 18:00,-8.355,
17/02/2020 19:00,132.7,
17/02/2020 20:00,217.685,
17/02/2020 21:00,143.775,
17/02/2020 22:00,72.925,
17/02/2020 23:00,69.655,
18/02/2020 0:00,64.15,
18/02/2020 1:00,60.69,
18/02/2020 2:00,42.39,
18/02/2020 3:00,-74.41,
18/02/2020 4:00,-8.225,
18/02/2020 5:00,-35,
18/02/2020 6:00,0.905,
18/02/2020 7:00,53.575,
18/02/2020 8:00,31.69,
18/02/2020 9:00,-87.535,
18/02/2020 10:00,-41.165,
18/02/2020 11:00,-38.505,
18/02/2020 12:00,-46.09,
18/02/2020 13:00,-50.795,
18/02/2020 14:00,-99.365,
18/02/2020 15:00,-102.645,
18/02/2020 16:00,-45,
18/02/2020 17:00,16.49,
18/02/2020 18:00,57.565,
18/02/2020 19:00,22.9,
18/02/2020 20:00,6.315,
18/02/2020 21:00,11.675,
18/02/2020 22:00,-9.88,
18/02/2020 23:00,-32.715,
19/02/2020 0:00,8.885,
19/02/2020 1:00,23.945,
19/02/2020 2:00,28.055,
19/02/2020 3:00,31.28,
19/02/2020 4:00,32.18,
19/02/2020 5:00,40.87,
19/02/2020 6:00,52.62,
19/02/2020 7:00,69.615,
19/02/2020 8:00,62.32,
19/02/2020 9:00,42.435,
19/02/2020 10:00,-5.415,
19/02/2020 11:00,26.455,
19/02/2020 12:00,26.075,
19/02/2020 13:00,23.3,
19/02/2020 14:00,22.575,
19/02/2020 15:00,-115.63,
19/02/2020 16:00,-112.77,
19/02/2020 17:00,42.87,
19/02/2020 18:00,55.74,
19/02/2020 19:00,61.71,
19/02/2020 20:00,67.205,
19/02/2020 21:00,58.98,
19/02/2020 22:00,58.255,
19/02/2020 23:00,54.05,
20/02/2020 0:00,61.905,
20/02/2020 1:00,67.93,
20/02/2020 2:00,52.85,
20/02/2020 3:00,42.185,
20/02/2020 4:00,41.185,
20/02/2020 5:00,46.145,
20/02/2020 6:00,58.94,
20/02/2020 7:00,63.295,
20/02/2020 8:00,51.92,
20/02/2020 9:00,49.25,
20/02/2020 10:00,40.635,
20/02/2020 11:00,49.695,
20/02/2020 12:00,47.71,
20/02/2020 13:00,42.37,
20/02/2020 14:00,44.095,
20/02/2020 15:00,45.745,
20/02/2020 16:00,49.165,
20/02/2020 17:00,56.725,
20/02/2020 18:00,72.185,
20/02/2020 19:00,114.465,
20/02/2020 20:00,66.195,
20/02/2020 21:00,52.485,
20/02/2020 22:00,50.89,
20/02/2020 23:00,46.76,
21/02/2020 0:00,50.98,
21/02/2020 1:00,47.54,
21/02/2020 2:00,38.545,
21/02/2020 3:00,35.045,
21/02/2020 4:00,32.56,
21/02/2020 5:00,40.275,
21/02/2020 6:00,54.925,
21/02/2020 7:00,68.215,
21/02/2020 8:00,54.5,
21/02/2020 9:00,47.99,
21/02/2020 10:00,43.84,
21/02/2020 11:00,36.95,
21/02/2020 12:00,35.055,
21/02/2020 13:00,32.015,
21/02/2020 14:00,29.28,
21/02/2020 15:00,25.985,
21/02/2020 16:00,40.035,
21/02/2020 17:00,29.665,
21/02/2020 18:00,35.075,
21/02/2020 19:00,51.43,
21/02/2020 20:00,54.815,
21/02/2020 21:00,48.44,
21/02/2020 22:00,37.635,
21/02/2020 23:00,39.165,
22/02/2020 0:00,45.075,
22/02/2020 1:00,37.71,
22/02/2020 2:00,28.565,
22/02/2020 3:00,24.155,
22/02/2020 4:00,-123.43,
22/02/2020 5:00,-46.29,
22/02/2020 6:00,41.685,
22/02/2020 7:00,53.175,
22/02/2020 8:00,43.675,
22/02/2020 9:00,36.595,
22/02/2020 10:00,31.365,
22/02/2020 11:00,23.935,
22/02/2020 12:00,29.82,
22/02/2020 13:00,33.35,
22/02/2020 14:00,35.825,
22/02/2020 15:00,33.69,
22/02/2020 16:00,35.15,
22/02/2020 17:00,45.295,
22/02/2020 18:00,55.48,
22/02/2020 19:00,67.67,
22/02/2020 20:00,62.42,
22/02/2020 21:00,42.975,
22/02/2020 22:00,35.41,
22/02/2020 23:00,43.44,
23/02/2020 0:00,55.48,
23/02/2020 1:00,53.73,
23/02/2020 2:00,50.04,
23/02/2020 3:00,52.885,
23/02/2020 4:00,134.605,
23/02/2020 5:00,68,
23/02/2020 6:00,56.86,
23/02/2020 7:00,59.155,
23/02/2020 8:00,41.32,
23/02/2020 9:00,36.435,
23/02/2020 10:00,40.01,
23/02/2020 11:00,38.62,
23/02/2020 12:00,40.925,
23/02/2020 13:00,41.4,
23/02/2020 14:00,45.99,
23/02/2020 15:00,56.15,
23/02/2020 16:00,63.84,
23/02/2020 17:00,67.07,
23/02/2020 18:00,73.33,
23/02/2020 19:00,91.61,
23/02/2020 20:00,77.36,
23/02/2020 21:00,68.17,
23/02/2020 22:00,68.25,
23/02/2020 23:00,68,
24/02/2020 0:00,69.915,
24/02/2020 1:00,67.115,
24/02/2020 2:00,56.785,
24/02/2020 3:00,-44.455,
24/02/2020 4:00,-85.215,
24/02/2020 5:00,43.895,
24/02/2020 6:00,55.41,
24/02/2020 7:00,66.43,
24/02/2020 8:00,51.665,
24/02/2020 9:00,55.505,
24/02/2020 10:00,53.795,
24/02/2020 11:00,61.07,
24/02/2020 12:00,52.54,
24/02/2020 13:00,58.005,
24/02/2020 14:00,59.43,
24/02/2020 15:00,60.745,
24/02/2020 16:00,64.335,
24/02/2020 17:00,68.84,
24/02/2020 18:00,70.47,
24/02/2020 19:00,75.815,
24/02/2020 20:00,71.735,
24/02/2020 21:00,59.42,
24/02/2020 22:00,59.53,
24/02/2020 23:00,62.985,
25/02/2020 0:00,70.195,
25/02/2020 1:00,69,
25/02/2020 2:00,69,
25/02/2020 3:00,69,
25/02/2020 4:00,68.915,
25/02/2020 5:00,69,
25/02/2020 6:00,70.37,
25/02/2020 7:00,71.75,
25/02/2020 8:00,62.62,
25/02/2020 9:00,58.975,
25/02/2020 10:00,52.175,
25/02/2020 11:00,55.945,
25/02/2020 12:00,53.935,
25/02/2020 13:00,-26.84,
25/02/2020 14:00,-36.325,
25/02/2020 15:00,-135.83,
25/02/2020 16:00,-46.07,
25/02/2020 17:00,14.715,
25/02/2020 18:00,52.87,
25/02/2020 19:00,63.705,
25/02/2020 20:00,68.5,
25/02/2020 21:00,68.425,
25/02/2020 22:00,69.72,
25/02/2020 23:00,65.965,
26/02/2020 0:00,65.415,
26/02/2020 1:00,62.245,
26/02/2020 2:00,46.36,
26/02/2020 3:00,32.025,
26/02/2020 4:00,42.38,
26/02/2020 5:00,48.93,
26/02/2020 6:00,38.465,
26/02/2020 7:00,55.24,
26/02/2020 8:00,47.445,
26/02/2020 9:00,8.135,
26/02/2020 10:00,0.355,
26/02/2020 11:00,27.635,
26/02/2020 12:00,35.285,
26/02/2020 13:00,35.54,
26/02/2020 14:00,32.135,
26/02/2020 15:00,29.74,
26/02/2020 16:00,32.57,
26/02/2020 17:00,43.665,
26/02/2020 18:00,48.79,
26/02/2020 19:00,65.04,
26/02/2020 20:00,69.215,
26/02/2020 21:00,64.995,
26/02/2020 22:00,62.84,
26/02/2020 23:00,63.005,
27/02/2020 0:00,66.31,
27/02/2020 1:00,72.75,
27/02/2020 2:00,68,
27/02/2020 3:00,66.26,
27/02/2020 4:00,68.015,
27/02/2020 5:00,69,
27/02/2020 6:00,108.795,
27/02/2020 7:00,94.925,
27/02/2020 8:00,73.875,
27/02/2020 9:00,72.5,
27/02/2020 10:00,68.035,
27/02/2020 11:00,110.25,
27/02/2020 12:00,69,
27/02/2020 13:00,57.335,
27/02/2020 14:00,31.66,
27/02/2020 15:00,-17.59,
27/02/2020 16:00,-68.03,
27/02/2020 17:00,-66.515,
27/02/2020 18:00,36.54,
27/02/2020 19:00,62.225,
27/02/2020 20:00,63.29,
27/02/2020 21:00,56.89,
27/02/2020 22:00,47.32,
27/02/2020 23:00,54.87,
28/02/2020 0:00,60.465,
28/02/2020 1:00,66.68,
28/02/2020 2:00,66.235,
28/02/2020 3:00,62.7,
28/02/2020 4:00,67.095,
28/02/2020 5:00,65.195,
28/02/2020 6:00,68.845,
28/02/2020 7:00,83.39,
28/02/2020 8:00,67.09,
28/02/2020 9:00,60.425,
28/02/2020 10:00,56.04,
28/02/2020 11:00,62.815,
28/02/2020 12:00,45.805,
28/02/2020 13:00,43.805,
28/02/2020 14:00,45.3,
28/02/2020 15:00,47.94,
28/02/2020 16:00,54.375,
28/02/2020 17:00,67.015,
28/02/2020 18:00,74.835,
28/02/2020 19:00,69.775,
28/02/2020 20:00,69,
28/02/2020 21:00,67.7,
28/02/2020 22:00,63.84,
28/02/2020 23:00,61.695,
29/02/2020 0:00,65.915,
29/02/2020 1:00,66.65,
29/02/2020 2:00,65.85,
29/02/2020 3:00,69,
29/02/2020 4:00,61.05,
29/02/2020 5:00,50.7,
29/02/2020 6:00,64.71,
29/02/2020 7:00,66.945,
29/02/2020 8:00,68.54,
29/02/2020 9:00,71.96,
29/02/2020 10:00,61.29,
29/02/2020 11:00,46.92,
29/02/2020 12:00,38.665,
29/02/2020 13:00,36.665,
29/02/2020 14:00,34.32,
29/02/2020 15:00,34.89,
29/02/2020 16:00,54.66,
29/02/2020 17:00,62.185,
29/02/2020 18:00,164.21,
29/02/2020 19:00,300.5,
29/02/2020 20:00,296.515,
29/02/2020 21:00,147.275,
29/02/2020 22:00,76.1,
29/02/2020 23:00,87.68,
1/03/2020 0:00,228.99,
1/03/2020 1:00,282.085,
1/03/2020 2:00,133.615,
1/03/2020 3:00,95.095,
1/03/2020 4:00,64.845,
1/03/2020 5:00,45.695,
1/03/2020 6:00,32.555,
1/03/2020 7:00,26.58,
1/03/2020 8:00,-33.92,
1/03/2020 9:00,14.245,
1/03/2020 10:00,-49.04,
1/03/2020 11:00,-102.73,
1/03/2020 12:00,-90.775,
1/03/2020 13:00,-38.335,
1/03/2020 14:00,-28.485,
1/03/2020 15:00,43.025,
1/03/2020 16:00,39.275,
1/03/2020 17:00,31.765,
1/03/2020 18:00,23.995,
1/03/2020 19:00,-69.13,
1/03/2020 20:00,15.52,
1/03/2020 21:00,46.495,
1/03/2020 22:00,-77.915,
1/03/2020 23:00,-105.38,
2/03/2020 0:00,36.165,
2/03/2020 1:00,32.82,
2/03/2020 2:00,33.855,
2/03/2020 3:00,60.615,
2/03/2020 4:00,37.055,
2/03/2020 5:00,38.215,
2/03/2020 6:00,48.095,
2/03/2020 7:00,54.685,
2/03/2020 8:00,42.59,
2/03/2020 9:00,-143.21,
2/03/2020 10:00,-104.905,
2/03/2020 11:00,-79.315,
2/03/2020 12:00,-62.885,
2/03/2020 13:00,12.43,
2/03/2020 14:00,2583.63,
2/03/2020 15:00,3363.455,
2/03/2020 16:00,74.29,
2/03/2020 17:00,289.83,
2/03/2020 18:00,57.28,
2/03/2020 19:00,75.95,
2/03/2020 20:00,75.08,
2/03/2020 21:00,53.375,
2/03/2020 22:00,18.61,
2/03/2020 23:00,-11.46,
3/03/2020 0:00,2.055,
3/03/2020 1:00,-81.04,
3/03/2020 2:00,-99.055,
3/03/2020 3:00,-38.025,
3/03/2020 4:00,-114.64,
3/03/2020 5:00,-34.91,
3/03/2020 6:00,-90.26,
3/03/2020 7:00,1.495,
3/03/2020 8:00,-1.71,
3/03/2020 9:00,-61.615,
3/03/2020 10:00,-118.01,
3/03/2020 11:00,-69.875,
3/03/2020 12:00,-121.52,
3/03/2020 13:00,-38.7,
3/03/2020 14:00,20.73,
3/03/2020 15:00,44.88,
3/03/2020 16:00,52.19,
3/03/2020 17:00,54.965,
3/03/2020 18:00,64.33,
3/03/2020 19:00,63.97,
3/03/2020 20:00,58.2,
3/03/2020 21:00,54.5,
3/03/2020 22:00,53.425,
3/03/2020 23:00,48.885,
4/03/2020 0:00,53.22,
4/03/2020 1:00,52.105,
4/03/2020 2:00,48.48,
4/03/2020 3:00,51.27,
4/03/2020 4:00,48,
4/03/2020 5:00,53.87,
4/03/2020 6:00,66.17,
4/03/2020 7:00,73.395,
4/03/2020 8:00,57.4,
4/03/2020 9:00,60.46,
4/03/2020 10:00,53.835,
4/03/2020 11:00,55.1,
4/03/2020 12:00,52.14,
4/03/2020 13:00,91.94,
4/03/2020 14:00,66.86,
4/03/2020 15:00,55.95,
4/03/2020 16:00,56.37,
4/03/2020 17:00,67.22,
4/03/2020 18:00,74.295,
4/03/2020 19:00,70.06,
4/03/2020 20:00,60.02,
4/03/2020 21:00,58.72,
4/03/2020 22:00,52.255,
4/03/2020 23:00,59.285,
5/03/2020 0:00,68.635,
5/03/2020 1:00,61.94,
5/03/2020 2:00,59.055,
5/03/2020 3:00,49.015,
5/03/2020 4:00,47.04,
5/03/2020 5:00,52.84,
5/03/2020 6:00,59.665,
5/03/2020 7:00,71.33,
5/03/2020 8:00,69.655,
5/03/2020 9:00,76.175,
5/03/2020 10:00,66.885,
5/03/2020 11:00,82.555,
5/03/2020 12:00,46.115,
5/03/2020 13:00,50.305,
5/03/2020 14:00,51.05,
5/03/2020 15:00,52.075,
5/03/2020 16:00,52.765,
5/03/2020 17:00,52.61,
5/03/2020 18:00,52.59,
5/03/2020 19:00,68.4,
5/03/2020 20:00,60.72,
5/03/2020 21:00,51.6,
5/03/2020 22:00,51.75,
5/03/2020 23:00,53.435,
6/03/2020 0:00,60.87,
6/03/2020 1:00,61.735,
6/03/2020 2:00,54.415,
6/03/2020 3:00,46.14,
6/03/2020 4:00,43.175,
6/03/2020 5:00,49.41,
6/03/2020 6:00,68.415,
6/03/2020 7:00,80.79,
6/03/2020 8:00,69.855,
6/03/2020 9:00,61.165,
6/03/2020 10:00,50.515,
6/03/2020 11:00,42.775,
6/03/2020 12:00,48.125,
6/03/2020 13:00,56.9,
6/03/2020 14:00,40.36,
6/03/2020 15:00,29.815,
6/03/2020 16:00,23.75,
6/03/2020 17:00,41.145,
6/03/2020 18:00,65.43,
6/03/2020 19:00,99.415,
6/03/2020 20:00,79.155,
6/03/2020 21:00,58.04,
6/03/2020 22:00,51.645,
6/03/2020 23:00,46.555,
7/03/2020 0:00,48.565,
7/03/2020 1:00,29.55,
7/03/2020 2:00,5.655,
7/03/2020 3:00,5.255,
7/03/2020 4:00,15.74,
7/03/2020 5:00,23.95,
7/03/2020 6:00,34.11,
7/03/2020 7:00,42.33,
7/03/2020 8:00,40.045,
7/03/2020 9:00,38.94,
7/03/2020 10:00,26.305,
7/03/2020 11:00,14.415,
7/03/2020 12:00,21.53,
7/03/2020 13:00,24.555,
7/03/2020 14:00,20.975,
7/03/2020 15:00,18.555,
7/03/2020 16:00,24.34,
7/03/2020 17:00,26.325,
7/03/2020 18:00,41.8,
7/03/2020 19:00,48.215,
7/03/2020 20:00,41.125,
7/03/2020 21:00,35.195,
7/03/2020 22:00,22.175,
7/03/2020 23:00,23.88,
8/03/2020 0:00,36.84,
8/03/2020 1:00,30.035,
8/03/2020 2:00,12.95,
8/03/2020 3:00,9.605,
8/03/2020 4:00,9.46,
8/03/2020 5:00,11.67,
8/03/2020 6:00,20.645,
8/03/2020 7:00,32.57,
8/03/2020 8:00,23.24,
8/03/2020 9:00,11.865,
8/03/2020 10:00,5.335,
8/03/2020 11:00,1.79,
8/03/2020 12:00,1.755,
8/03/2020 13:00,5.97,
8/03/2020 14:00,2.61,
8/03/2020 15:00,2.23,
8/03/2020 16:00,9.975,
8/03/2020 17:00,19.755,
8/03/2020 18:00,35.71,
8/03/2020 19:00,44.65,
8/03/2020 20:00,39.19,
8/03/2020 21:00,34.955,
8/03/2020 22:00,20.105,
8/03/2020 23:00,9.37,
9/03/2020 0:00,21.16,
9/03/2020 1:00,8.395,
9/03/2020 2:00,3.24,
9/03/2020 3:00,0.525,
9/03/2020 4:00,2.15,
9/03/2020 5:00,13.305,
9/03/2020 6:00,29.225,
9/03/2020 7:00,55.72,
9/03/2020 8:00,37.83,
9/03/2020 9:00,22.665,
9/03/2020 10:00,4.66,
9/03/2020 11:00,4.155,
9/03/2020 12:00,2.485,
9/03/2020 13:00,2.555,
9/03/2020 14:00,-5.445,
9/03/2020 15:00,7.6,
9/03/2020 16:00,12.09,
9/03/2020 17:00,28.94,
9/03/2020 18:00,42.025,
9/03/2020 19:00,49.92,
9/03/2020 20:00,45.69,
9/03/2020 21:00,41.065,
9/03/2020 22:00,38.445,
9/03/2020 23:00,37.53,
10/03/2020 0:00,39.355,
10/03/2020 1:00,38.725,
10/03/2020 2:00,35.42,
10/03/2020 3:00,32.85,
10/03/2020 4:00,33.16,
10/03/2020 5:00,40.455,
10/03/2020 6:00,57.445,
10/03/2020 7:00,86.475,
10/03/2020 8:00,49.435,
10/03/2020 9:00,43.905,
10/03/2020 10:00,44.315,
10/03/2020 11:00,42.51,
10/03/2020 12:00,45.645,
10/03/2020 13:00,46.825,
10/03/2020 14:00,49.46,
10/03/2020 15:00,52.335,
10/03/2020 16:00,48.565,
10/03/2020 17:00,52.805,
10/03/2020 18:00,71.205,
10/03/2020 19:00,88.545,
10/03/2020 20:00,64.18,
10/03/2020 21:00,51.355,
10/03/2020 22:00,49.675,
10/03/2020 23:00,48.525,
11/03/2020 0:00,45.405,
11/03/2020 1:00,46.155,
11/03/2020 2:00,42.81,
11/03/2020 3:00,28.665,
11/03/2020 4:00,34.915,
11/03/2020 5:00,37.115,
11/03/2020 6:00,40.455,
11/03/2020 7:00,52.63,
11/03/2020 8:00,47.61,
11/03/2020 9:00,45.745,
11/03/2020 10:00,40.63,
11/03/2020 11:00,31.89,
11/03/2020 12:00,33.16,
11/03/2020 13:00,42.56,
11/03/2020 14:00,49.905,
11/03/2020 15:00,55.03,
11/03/2020 16:00,59.66,
11/03/2020 17:00,70.43,
11/03/2020 18:00,70.22,
11/03/2020 19:00,76.19,
11/03/2020 20:00,62.79,
11/03/2020 21:00,50.645,
11/03/2020 22:00,42.38,
11/03/2020 23:00,39.72,
12/03/2020 0:00,34.91,
12/03/2020 1:00,19,
12/03/2020 2:00,0.825,
12/03/2020 3:00,0,
12/03/2020 4:00,0,
12/03/2020 5:00,2.075,
12/03/2020 6:00,34.16,
12/03/2020 7:00,51.62,
12/03/2020 8:00,44.28,
12/03/2020 9:00,41.625,
12/03/2020 10:00,36.445,
12/03/2020 11:00,30.435,
12/03/2020 12:00,34.105,
12/03/2020 13:00,46.2,
12/03/2020 14:00,51.295,
12/03/2020 15:00,58.28,
12/03/2020 16:00,57.135,
12/03/2020 17:00,66.51,
12/03/2020 18:00,68.155,
12/03/2020 19:00,71.81,
12/03/2020 20:00,58.44,
12/03/2020 21:00,53.81,
12/03/2020 22:00,48.085,
12/03/2020 23:00,41.005,
13/03/2020 0:00,45.925,
13/03/2020 1:00,42.835,
13/03/2020 2:00,31.605,
13/03/2020 3:00,16.025,
13/03/2020 4:00,18.23,
13/03/2020 5:00,42.73,
13/03/2020 6:00,54.13,
13/03/2020 7:00,72.01,
13/03/2020 8:00,55.53,
13/03/2020 9:00,51.46,
13/03/2020 10:00,44.205,
13/03/2020 11:00,48.125,
13/03/2020 12:00,42,
13/03/2020 13:00,35.255,
13/03/2020 14:00,34.8,
13/03/2020 15:00,31.18,
13/03/2020 16:00,32,
13/03/2020 17:00,38.335,
13/03/2020 18:00,41.405,
13/03/2020 19:00,46.59,
13/03/2020 20:00,42.175,
13/03/2020 21:00,39.365,
13/03/2020 22:00,34.825,
13/03/2020 23:00,32.235,
14/03/2020 0:00,34.65,
14/03/2020 1:00,33.735,
14/03/2020 2:00,25.135,
14/03/2020 3:00,13.46,
14/03/2020 4:00,17.36,
14/03/2020 5:00,10.99,
14/03/2020 6:00,30.885,
14/03/2020 7:00,38.96,
14/03/2020 8:00,33.885,
14/03/2020 9:00,27.67,
14/03/2020 10:00,21.64,
14/03/2020 11:00,-70.205,
14/03/2020 12:00,-45.71,
14/03/2020 13:00,-97.55,
14/03/2020 14:00,-95.62,
14/03/2020 15:00,-24.545,
14/03/2020 16:00,-63.265,
14/03/2020 17:00,23.945,
14/03/2020 18:00,37.505,
14/03/2020 19:00,53.935,
14/03/2020 20:00,39.9,
14/03/2020 21:00,37.17,
14/03/2020 22:00,35.955,
14/03/2020 23:00,36.055,
15/03/2020 0:00,37.45,
15/03/2020 1:00,36.475,
15/03/2020 2:00,27.465,
15/03/2020 3:00,19.32,
15/03/2020 4:00,20.16,
15/03/2020 5:00,25.19,
15/03/2020 6:00,29.515,
15/03/2020 7:00,38.54,
15/03/2020 8:00,37.165,
15/03/2020 9:00,25.17,
15/03/2020 10:00,9.3,
15/03/2020 11:00,1.99,
15/03/2020 12:00,11.27,
15/03/2020 13:00,4.37,
15/03/2020 14:00,5.26,
15/03/2020 15:00,24.95,
15/03/2020 16:00,28.735,
15/03/2020 17:00,40.395,
15/03/2020 18:00,55.505,
15/03/2020 19:00,59.805,
15/03/2020 20:00,47.505,
15/03/2020 21:00,39.735,
15/03/2020 22:00,35.32,
15/03/2020 23:00,34.32,
16/03/2020 0:00,41.88,
16/03/2020 1:00,38.71,
16/03/2020 2:00,28.475,
16/03/2020 3:00,29.125,
16/03/2020 4:00,34.855,
16/03/2020 5:00,39.2,
16/03/2020 6:00,46.73,
16/03/2020 7:00,62.725,
16/03/2020 8:00,50.37,
16/03/2020 9:00,41.955,
16/03/2020 10:00,39.69,
16/03/2020 11:00,36.5,
16/03/2020 12:00,36.885,
16/03/2020 13:00,37.31,
16/03/2020 14:00,43.11,
16/03/2020 15:00,47.825,
16/03/2020 16:00,49.8,
16/03/2020 17:00,62.585,
16/03/2020 18:00,62.72,
16/03/2020 19:00,70.86,
16/03/2020 20:00,61.6,
16/03/2020 21:00,50.64,
16/03/2020 22:00,49.995,
16/03/2020 23:00,50.1,
17/03/2020 0:00,50.01,
17/03/2020 1:00,45.23,
17/03/2020 2:00,36.715,
17/03/2020 3:00,29.115,
17/03/2020 4:00,32.465,
17/03/2020 5:00,36.01,
17/03/2020 6:00,37.1,
17/03/2020 7:00,57.91,
17/03/2020 8:00,38.505,
17/03/2020 9:00,38.165,
17/03/2020 10:00,32.325,
17/03/2020 11:00,32.81,
17/03/2020 12:00,38.045,
17/03/2020 13:00,37.77,
17/03/2020 14:00,74.52,
17/03/2020 15:00,55.655,
17/03/2020 16:00,64.035,
17/03/2020 17:00,135.78,
17/03/2020 18:00,82.165,
17/03/2020 19:00,73.355,
17/03/2020 20:00,67.54,
17/03/2020 21:00,57.865,
17/03/2020 22:00,51.61,
17/03/2020 23:00,50.49,
18/03/2020 0:00,48.995,
18/03/2020 1:00,42.06,
18/03/2020 2:00,22.88,
18/03/2020 3:00,15.295,
18/03/2020 4:00,10.355,
18/03/2020 5:00,21.58,
18/03/2020 6:00,37.27,
18/03/2020 7:00,45.8,
18/03/2020 8:00,40.79,
18/03/2020 9:00,43.055,
18/03/2020 10:00,42.34,
18/03/2020 11:00,37.17,
18/03/2020 12:00,36.14,
18/03/2020 13:00,51.05,
18/03/2020 14:00,54.44,
18/03/2020 15:00,55.91,
18/03/2020 16:00,66.435,
18/03/2020 17:00,69.85,
18/03/2020 18:00,85.66,
18/03/2020 19:00,128.96,
18/03/2020 20:00,69.78,
18/03/2020 21:00,68.01,
18/03/2020 22:00,56.53,
18/03/2020 23:00,50.055,
19/03/2020 0:00,55.65,
19/03/2020 1:00,46.63,
19/03/2020 2:00,40.83,
19/03/2020 3:00,32.975,
19/03/2020 4:00,34.77,
19/03/2020 5:00,38.07,
19/03/2020 6:00,44.6,
19/03/2020 7:00,50.885,
19/03/2020 8:00,38.26,
19/03/2020 9:00,41.185,
19/03/2020 10:00,43.375,
19/03/2020 11:00,35.265,
19/03/2020 12:00,37.08,
19/03/2020 13:00,50.73,
19/03/2020 14:00,45.7,
19/03/2020 15:00,43.05,
19/03/2020 16:00,43.715,
19/03/2020 17:00,52.16,
19/03/2020 18:00,60.305,
19/03/2020 19:00,50.12,
19/03/2020 20:00,38.49,
19/03/2020 21:00,40.675,
19/03/2020 22:00,41.56,
19/03/2020 23:00,42.215,
20/03/2020 0:00,44.375,
20/03/2020 1:00,40.855,
20/03/2020 2:00,34.265,
20/03/2020 3:00,21.55,
20/03/2020 4:00,30.775,
20/03/2020 5:00,38.45,
20/03/2020 6:00,44.32,
20/03/2020 7:00,49.35,
20/03/2020 8:00,45.375,
20/03/2020 9:00,41.07,
20/03/2020 10:00,38.58,
20/03/2020 11:00,33.73,
20/03/2020 12:00,36.16,
20/03/2020 13:00,35.56,
20/03/2020 14:00,34.125,
20/03/2020 15:00,37.01,
20/03/2020 16:00,39.76,
20/03/2020 17:00,40.325,
20/03/2020 18:00,44.97,
20/03/2020 19:00,60.48,
20/03/2020 20:00,49.165,
20/03/2020 21:00,45.185,
20/03/2020 22:00,42.175,
20/03/2020 23:00,41.095,
21/03/2020 0:00,50.33,
21/03/2020 1:00,48.93,
21/03/2020 2:00,45.315,
21/03/2020 3:00,44.255,
21/03/2020 4:00,43.06,
21/03/2020 5:00,47.53,
21/03/2020 6:00,53.735,
21/03/2020 7:00,54.675,
21/03/2020 8:00,46.245,
21/03/2020 9:00,44.205,
21/03/2020 10:00,42.09,
21/03/2020 11:00,47.065,
21/03/2020 12:00,46.15,
21/03/2020 13:00,38.285,
21/03/2020 14:00,38.165,
21/03/2020 15:00,36.01,
21/03/2020 16:00,38.49,
21/03/2020 17:00,49.275,
21/03/2020 18:00,53.235,
21/03/2020 19:00,83.165,
21/03/2020 20:00,51.375,
21/03/2020 21:00,44.975,
21/03/2020 22:00,46.155,
21/03/2020 23:00,47.885,
22/03/2020 0:00,53.435,
22/03/2020 1:00,49.215,
22/03/2020 2:00,44.465,
22/03/2020 3:00,38.65,
22/03/2020 4:00,37.025,
22/03/2020 5:00,36.515,
22/03/2020 6:00,39.205,
22/03/2020 7:00,42.87,
22/03/2020 8:00,37.35,
22/03/2020 9:00,36.7,
22/03/2020 10:00,23.85,
22/03/2020 11:00,18.11,
22/03/2020 12:00,15.365,
22/03/2020 13:00,17.315,
22/03/2020 14:00,8.91,
22/03/2020 15:00,8.37,
22/03/2020 16:00,23.79,
22/03/2020 17:00,39.085,
22/03/2020 18:00,52.005,
22/03/2020 19:00,44.34,
22/03/2020 20:00,43.245,
22/03/2020 21:00,35.95,
22/03/2020 22:00,38.575,
22/03/2020 23:00,39.55,
23/03/2020 0:00,45.075,
23/03/2020 1:00,43.47,
23/03/2020 2:00,36,
23/03/2020 3:00,27.975,
23/03/2020 4:00,25.06,
23/03/2020 5:00,31.575,
23/03/2020 6:00,52.68,
23/03/2020 7:00,56.985,
23/03/2020 8:00,37.005,
23/03/2020 9:00,34.07,
23/03/2020 10:00,35.835,
23/03/2020 11:00,31.26,
23/03/2020 12:00,36.55,
23/03/2020 13:00,40.22,
23/03/2020 14:00,46.48,
23/03/2020 15:00,46.475,
23/03/2020 16:00,47.315,
23/03/2020 17:00,54.115,
23/03/2020 18:00,64.67,
23/03/2020 19:00,56.205,
23/03/2020 20:00,43.585,
23/03/2020 21:00,41.73,
23/03/2020 22:00,37.395,
23/03/2020 23:00,40.085,
24/03/2020 0:00,45.91,
24/03/2020 1:00,40.75,
24/03/2020 2:00,37.16,
24/03/2020 3:00,36.065,
24/03/2020 4:00,39.145,
24/03/2020 5:00,40.315,
24/03/2020 6:00,47.68,
24/03/2020 7:00,70.215,
24/03/2020 8:00,82.9,
24/03/2020 9:00,83.505,
24/03/2020 10:00,48.855,
24/03/2020 11:00,47.77,
24/03/2020 12:00,48.265,
24/03/2020 13:00,48.735,
24/03/2020 14:00,47.89,
24/03/2020 15:00,47.975,
24/03/2020 16:00,48.725,
24/03/2020 17:00,53.65,
24/03/2020 18:00,62.495,
24/03/2020 19:00,54.085,
24/03/2020 20:00,48.94,
24/03/2020 21:00,47.395,
24/03/2020 22:00,45.625,
24/03/2020 23:00,46.035,
25/03/2020 0:00,52.35,
25/03/2020 1:00,48.27,
25/03/2020 2:00,43.805,
25/03/2020 3:00,38.885,
25/03/2020 4:00,37.36,
25/03/2020 5:00,41.075,
25/03/2020 6:00,48.825,
25/03/2020 7:00,48.19,
25/03/2020 8:00,45.145,
25/03/2020 9:00,44.08,
25/03/2020 10:00,42.69,
25/03/2020 11:00,-47.83,
25/03/2020 12:00,29.34,
25/03/2020 13:00,30.54,
25/03/2020 14:00,32.6,
25/03/2020 15:00,33.515,
25/03/2020 16:00,36.26,
25/03/2020 17:00,40.62,
25/03/2020 18:00,49.585,
25/03/2020 19:00,48.815,
25/03/2020 20:00,40.44,
25/03/2020 21:00,40.18,
25/03/2020 22:00,38.83,
25/03/2020 23:00,41.46,
26/03/2020 0:00,40.465,
26/03/2020 1:00,39.025,
26/03/2020 2:00,33.505,
26/03/2020 3:00,28.68,
26/03/2020 4:00,32.58,
26/03/2020 5:00,38.4,
26/03/2020 6:00,43.52,
26/03/2020 7:00,56.515,
26/03/2020 8:00,45.36,
26/03/2020 9:00,46.41,
26/03/2020 10:00,42.14,
26/03/2020 11:00,42.455,
26/03/2020 12:00,41.85,
26/03/2020 13:00,38.52,
26/03/2020 14:00,33.495,
26/03/2020 15:00,35.905,
26/03/2020 16:00,41.515,
26/03/2020 17:00,47.875,
26/03/2020 18:00,59.115,
26/03/2020 19:00,59.505,
26/03/2020 20:00,47.545,
26/03/2020 21:00,41.98,
26/03/2020 22:00,42.16,
26/03/2020 23:00,45.505,
27/03/2020 0:00,50.49,
27/03/2020 1:00,47.37,
27/03/2020 2:00,46.48,
27/03/2020 3:00,44.985,
27/03/2020 4:00,46.14,
27/03/2020 5:00,50.69,
27/03/2020 6:00,55.71,
27/03/2020 7:00,63.845,
27/03/2020 8:00,50.42,
27/03/2020 9:00,48.56,
27/03/2020 10:00,46.895,
27/03/2020 11:00,45.35,
27/03/2020 12:00,46.095,
27/03/2020 13:00,45.155,
27/03/2020 14:00,45.475,
27/03/2020 15:00,45.08,
27/03/2020 16:00,47.035,
27/03/2020 17:00,52.09,
27/03/2020 18:00,64.66,
27/03/2020 19:00,65.99,
27/03/2020 20:00,48.435,
27/03/2020 21:00,47.805,
27/03/2020 22:00,46.55,
27/03/2020 23:00,55.715,
28/03/2020 0:00,62.36,
28/03/2020 1:00,52.245,
28/03/2020 2:00,46.82,
28/03/2020 3:00,49.61,
28/03/2020 4:00,44.055,
28/03/2020 5:00,48.48,
28/03/2020 6:00,48.415,
28/03/2020 7:00,58.925,
28/03/2020 8:00,53.175,
28/03/2020 9:00,46.585,
28/03/2020 10:00,35.85,
28/03/2020 11:00,27.235,
28/03/2020 12:00,20.905,
28/03/2020 13:00,19.71,
28/03/2020 14:00,33.565,
28/03/2020 15:00,50.5,
28/03/2020 16:00,41.85,
28/03/2020 17:00,48.85,
28/03/2020 18:00,64.115,
28/03/2020 19:00,68.565,
28/03/2020 20:00,55.51,
28/03/2020 21:00,48.76,
28/03/2020 22:00,46.39,
28/03/2020 23:00,46.49,
29/03/2020 0:00,43.4,
29/03/2020 1:00,39.405,
29/03/2020 2:00,27.585,
29/03/2020 3:00,18,
29/03/2020 4:00,16.275,
29/03/2020 5:00,18.175,
29/03/2020 6:00,25.485,
29/03/2020 7:00,33.36,
29/03/2020 8:00,36.23,
29/03/2020 9:00,57.635,
29/03/2020 10:00,37.03,
29/03/2020 11:00,34.025,
29/03/2020 12:00,36.535,
29/03/2020 13:00,30.145,
29/03/2020 14:00,-55.44,
29/03/2020 15:00,35.485,
29/03/2020 16:00,43.71,
29/03/2020 17:00,45.495,
29/03/2020 18:00,50.035,
29/03/2020 19:00,59.05,
29/03/2020 20:00,48.575,
29/03/2020 21:00,48.71,
29/03/2020 22:00,46.675,
29/03/2020 23:00,47.52,
30/03/2020 0:00,50.74,
30/03/2020 1:00,49.17,
30/03/2020 2:00,45.79,
30/03/2020 3:00,41.675,
30/03/2020 4:00,45.96,
30/03/2020 5:00,49.5,
30/03/2020 6:00,56.81,
30/03/2020 7:00,62.645,
30/03/2020 8:00,56.585,
30/03/2020 9:00,53.07,
30/03/2020 10:00,47.69,
30/03/2020 11:00,45.55,
30/03/2020 12:00,46.005,
30/03/2020 13:00,45,
30/03/2020 14:00,41.695,
30/03/2020 15:00,39.42,
30/03/2020 16:00,41.61,
30/03/2020 17:00,51.825,
30/03/2020 18:00,110.495,
30/03/2020 19:00,83.295,
30/03/2020 20:00,53.875,
30/03/2020 21:00,51.94,
30/03/2020 22:00,48.71,
30/03/2020 23:00,52.81,
31/03/2020 0:00,62.605,
31/03/2020 1:00,60.785,
31/03/2020 2:00,63.15,
31/03/2020 3:00,63,
31/03/2020 4:00,52.55,
31/03/2020 5:00,55.535,
31/03/2020 6:00,51.365,
31/03/2020 7:00,55.065,
31/03/2020 8:00,48.425,
31/03/2020 9:00,46.72,
31/03/2020 10:00,49.895,
31/03/2020 11:00,44.95,
31/03/2020 12:00,45.15,
31/03/2020 13:00,45.68,
31/03/2020 14:00,45.46,
31/03/2020 15:00,46.92,
31/03/2020 16:00,50.63,
31/03/2020 17:00,60.19,
31/03/2020 18:00,91.51,
31/03/2020 19:00,64.285,
31/03/2020 20:00,49.285,
31/03/2020 21:00,49.24,
31/03/2020 22:00,47.66,
31/03/2020 23:00,45.77,
1/04/2020 0:00,46.16,
1/04/2020 1:00,48.35,
1/04/2020 2:00,46.475,
1/04/2020 3:00,38.605,
1/04/2020 4:00,36.94,
1/04/2020 5:00,45.545,
1/04/2020 6:00,48.125,
1/04/2020 7:00,49.79,
1/04/2020 8:00,49.795,
1/04/2020 9:00,51.26,
1/04/2020 10:00,55.28,
1/04/2020 11:00,53.62,
1/04/2020 12:00,63.43,
1/04/2020 13:00,62.555,
1/04/2020 14:00,63.29,
1/04/2020 15:00,71.715,
1/04/2020 16:00,70.86,
1/04/2020 17:00,103.445,
1/04/2020 18:00,116.87,
1/04/2020 19:00,66.005,
1/04/2020 20:00,53.455,
1/04/2020 21:00,53.29,
1/04/2020 22:00,56.03,
1/04/2020 23:00,59.475,
2/04/2020 0:00,66.62,
2/04/2020 1:00,64.84,
2/04/2020 2:00,49.235,
2/04/2020 3:00,49.835,
2/04/2020 4:00,48.67,
2/04/2020 5:00,58.34,
2/04/2020 6:00,67.895,
2/04/2020 7:00,66.865,
2/04/2020 8:00,67.055,
2/04/2020 9:00,66.805,
2/04/2020 10:00,58.775,
2/04/2020 11:00,56.315,
2/04/2020 12:00,56.885,
2/04/2020 13:00,54.305,
2/04/2020 14:00,53.23,
2/04/2020 15:00,52.375,
2/04/2020 16:00,48.78,
2/04/2020 17:00,55.165,
2/04/2020 18:00,63.26,
2/04/2020 19:00,63.875,
2/04/2020 20:00,60.395,
2/04/2020 21:00,62.39,
2/04/2020 22:00,64.08,
2/04/2020 23:00,64.27,
3/04/2020 0:00,68.24,
3/04/2020 1:00,67.05,
3/04/2020 2:00,55.44,
3/04/2020 3:00,42.715,
3/04/2020 4:00,41.035,
3/04/2020 5:00,40.4,
3/04/2020 6:00,56.3,
3/04/2020 7:00,54.63,
3/04/2020 8:00,49.2,
3/04/2020 9:00,46.615,
3/04/2020 10:00,40.59,
3/04/2020 11:00,34.45,
3/04/2020 12:00,26.235,
3/04/2020 13:00,27.79,
3/04/2020 14:00,26.815,
3/04/2020 15:00,32.985,
3/04/2020 16:00,43.535,
3/04/2020 17:00,44.645,
3/04/2020 18:00,78.465,
3/04/2020 19:00,47.07,
3/04/2020 20:00,38.025,
3/04/2020 21:00,34.67,
3/04/2020 22:00,34.275,
3/04/2020 23:00,33.545,
4/04/2020 0:00,-35.025,
4/04/2020 1:00,38.405,
4/04/2020 2:00,43.66,
4/04/2020 3:00,39.535,
4/04/2020 4:00,32.95,
4/04/2020 5:00,23.01,
4/04/2020 6:00,29.29,
4/04/2020 7:00,33.035,
4/04/2020 8:00,33.675,
4/04/2020 9:00,30.3,
4/04/2020 10:00,18.235,
4/04/2020 11:00,-75.545,
4/04/2020 12:00,-74.34,
4/04/2020 13:00,-67,
4/04/2020 14:00,-79.655,
4/04/2020 15:00,-143.69,
4/04/2020 16:00,26.7,
4/04/2020 17:00,-45.68,
4/04/2020 18:00,27.76,
4/04/2020 19:00,47.51,
4/04/2020 20:00,46.68,
4/04/2020 21:00,39.085,
4/04/2020 22:00,36.59,
4/04/2020 23:00,32.505,
5/04/2020 0:00,33.765,
5/04/2020 1:00,34.035,
5/04/2020 2:00,15.295,
5/04/2020 3:00,5.275,
5/04/2020 4:00,-3.36,
5/04/2020 5:00,-37.085,
5/04/2020 6:00,-39.305,
5/04/2020 7:00,15.09,
5/04/2020 8:00,20.83,
5/04/2020 9:00,2.545,
5/04/2020 10:00,-1.185,
5/04/2020 11:00,-15.1,
5/04/2020 12:00,-3.605,
5/04/2020 13:00,-72.1,
5/04/2020 14:00,7.995,
5/04/2020 15:00,24.31,
5/04/2020 16:00,26.37,
5/04/2020 17:00,28.75,
5/04/2020 18:00,44.87,
5/04/2020 19:00,59.635,
5/04/2020 20:00,51.62,
5/04/2020 21:00,47.795,
5/04/2020 22:00,44.96,
5/04/2020 23:00,47.04,
6/04/2020 0:00,51.815,
6/04/2020 1:00,49.64,
6/04/2020 2:00,44.74,
6/04/2020 3:00,44.03,
6/04/2020 4:00,43.97,
6/04/2020 5:00,44.485,
6/04/2020 6:00,46.525,
6/04/2020 7:00,54.89,
6/04/2020 8:00,48.485,
6/04/2020 9:00,54.4,
6/04/2020 10:00,45.285,
6/04/2020 11:00,50.045,
6/04/2020 12:00,50.195,
6/04/2020 13:00,54.915,
6/04/2020 14:00,49.43,
6/04/2020 15:00,46.475,
6/04/2020 16:00,49.33,
6/04/2020 17:00,62.765,
6/04/2020 18:00,159.705,
6/04/2020 19:00,207.41,
6/04/2020 20:00,62.88,
6/04/2020 21:00,54.485,
6/04/2020 22:00,49.505,
6/04/2020 23:00,54.975,
7/04/2020 0:00,70.27,
7/04/2020 1:00,67.065,
7/04/2020 2:00,52.88,
7/04/2020 3:00,43.97,
7/04/2020 4:00,42.11,
7/04/2020 5:00,44.865,
7/04/2020 6:00,51.25,
7/04/2020 7:00,57.13,
7/04/2020 8:00,51.48,
7/04/2020 9:00,61.235,
7/04/2020 10:00,48.62,
7/04/2020 11:00,51.325,
7/04/2020 12:00,46.845,
7/04/2020 13:00,57.775,
7/04/2020 14:00,58.315,
7/04/2020 15:00,51.59,
7/04/2020 16:00,46.36,
7/04/2020 17:00,49.51,
7/04/2020 18:00,72.94,
7/04/2020 19:00,102.51,
7/04/2020 20:00,51.47,
7/04/2020 21:00,47.83,
7/04/2020 22:00,48.265,
7/04/2020 23:00,52.5,
8/04/2020 0:00,50.59,
8/04/2020 1:00,51.735,
8/04/2020 2:00,45.395,
8/04/2020 3:00,27.8,
8/04/2020 4:00,25.085,
8/04/2020 5:00,38.445,
8/04/2020 6:00,38.07,
8/04/2020 7:00,46.375,
8/04/2020 8:00,46.38,
8/04/2020 9:00,52.715,
8/04/2020 10:00,54.1,
8/04/2020 11:00,35.04,
8/04/2020 12:00,33.405,
8/04/2020 13:00,45.455,
8/04/2020 14:00,34.49,
8/04/2020 15:00,42.9,
8/04/2020 16:00,36.565,
8/04/2020 17:00,37.05,
8/04/2020 18:00,55.755,
8/04/2020 19:00,57.615,
8/04/2020 20:00,47.715,
8/04/2020 21:00,38.55,
8/04/2020 22:00,37.81,
8/04/2020 23:00,37.87,
9/04/2020 0:00,46.07,
9/04/2020 1:00,39.92,
9/04/2020 2:00,33.395,
9/04/2020 3:00,17.795,
9/04/2020 4:00,16.105,
9/04/2020 5:00,22.84,
9/04/2020 6:00,37.515,
9/04/2020 7:00,44.995,
9/04/2020 8:00,47.21,
9/04/2020 9:00,46.845,
9/04/2020 10:00,44.265,
9/04/2020 11:00,36.19,
9/04/2020 12:00,29.17,
9/04/2020 13:00,37.695,
9/04/2020 14:00,38.45,
9/04/2020 15:00,38.53,
9/04/2020 16:00,41.75,
9/04/2020 17:00,45.035,
9/04/2020 18:00,58.985,
9/04/2020 19:00,67.86,
9/04/2020 20:00,56.085,
9/04/2020 21:00,47.79,
9/04/2020 22:00,51.94,
9/04/2020 23:00,64.485,
10/04/2020 0:00,68.57,
10/04/2020 1:00,60.835,
10/04/2020 2:00,66.025,
10/04/2020 3:00,51.725,
10/04/2020 4:00,43.025,
10/04/2020 5:00,49.25,
10/04/2020 6:00,51.025,
10/04/2020 7:00,46.995,
10/04/2020 8:00,39.62,
10/04/2020 9:00,30.5,
10/04/2020 10:00,31.875,
10/04/2020 11:00,19.48,
10/04/2020 12:00,-67.9,
10/04/2020 13:00,3.47,
10/04/2020 14:00,15.72,
10/04/2020 15:00,-1.885,
10/04/2020 16:00,15.835,
10/04/2020 17:00,35.295,
10/04/2020 18:00,142.385,
10/04/2020 19:00,53.995,
10/04/2020 20:00,42.23,
10/04/2020 21:00,37.55,
10/04/2020 22:00,31.925,
10/04/2020 23:00,18.115,
11/04/2020 0:00,31.61,
11/04/2020 1:00,23.23,
11/04/2020 2:00,2.14,
11/04/2020 3:00,-22.285,
11/04/2020 4:00,-15.695,
11/04/2020 5:00,-0.47,
11/04/2020 6:00,0.155,
11/04/2020 7:00,1.975,
11/04/2020 8:00,0.565,
11/04/2020 9:00,0,
11/04/2020 10:00,-1.04,
11/04/2020 11:00,-3.32,
11/04/2020 12:00,-89.055,
11/04/2020 13:00,-159.11,
11/04/2020 14:00,-150.875,
11/04/2020 15:00,-84.955,
11/04/2020 16:00,-7.99,
11/04/2020 17:00,24.71,
11/04/2020 18:00,49.915,
11/04/2020 19:00,55.15,
11/04/2020 20:00,52.43,
11/04/2020 21:00,50.265,
11/04/2020 22:00,50.08,
11/04/2020 23:00,47.955,
12/04/2020 0:00,52.735,
12/04/2020 1:00,52.595,
12/04/2020 2:00,41.24,
12/04/2020 3:00,29.115,
12/04/2020 4:00,18.645,
12/04/2020 5:00,26.78,
12/04/2020 6:00,26.24,
12/04/2020 7:00,32.86,
12/04/2020 8:00,19.515,
12/04/2020 9:00,22.125,
12/04/2020 10:00,7.865,
12/04/2020 11:00,24.265,
12/04/2020 12:00,28.27,
12/04/2020 13:00,38.77,
12/04/2020 14:00,34.525,
12/04/2020 15:00,32.49,
12/04/2020 16:00,39.505,
12/04/2020 17:00,51.275,
12/04/2020 18:00,173.125,
12/04/2020 19:00,90.325,
12/04/2020 20:00,49.105,
12/04/2020 21:00,50.44,
12/04/2020 22:00,49.12,
12/04/2020 23:00,50.255,
13/04/2020 0:00,60.995,
13/04/2020 1:00,55.005,
13/04/2020 2:00,50.005,
13/04/2020 3:00,43.725,
13/04/2020 4:00,48.145,
13/04/2020 5:00,43.955,
13/04/2020 6:00,48.395,
13/04/2020 7:00,46.925,
13/04/2020 8:00,42.89,
13/04/2020 9:00,35.92,
13/04/2020 10:00,33.445,
13/04/2020 11:00,16.465,
13/04/2020 12:00,28.875,
13/04/2020 13:00,26.115,
13/04/2020 14:00,25.505,
13/04/2020 15:00,33.655,
13/04/2020 16:00,38.03,
13/04/2020 17:00,51.935,
13/04/2020 18:00,165.51,
13/04/2020 19:00,242.445,
13/04/2020 20:00,59.425,
13/04/2020 21:00,61.885,
13/04/2020 22:00,51.6,
13/04/2020 23:00,49.21,
14/04/2020 0:00,53.985,
14/04/2020 1:00,46.095,
14/04/2020 2:00,36.73,
14/04/2020 3:00,23.405,
14/04/2020 4:00,13.02,
14/04/2020 5:00,13.55,
14/04/2020 6:00,26.715,
14/04/2020 7:00,41.93,
14/04/2020 8:00,44.525,
14/04/2020 9:00,38.11,
14/04/2020 10:00,36.395,
14/04/2020 11:00,22.635,
14/04/2020 12:00,16.635,
14/04/2020 13:00,31.56,
14/04/2020 14:00,36.465,
14/04/2020 15:00,37.735,
14/04/2020 16:00,43.495,
14/04/2020 17:00,45.36,
14/04/2020 18:00,106.78,
14/04/2020 19:00,107.8,
14/04/2020 20:00,46.245,
14/04/2020 21:00,40.735,
14/04/2020 22:00,37.835,
14/04/2020 23:00,31.88,
15/04/2020 0:00,27.565,
15/04/2020 1:00,29.135,
15/04/2020 2:00,19.68,
15/04/2020 3:00,12.42,
15/04/2020 4:00,5.685,
15/04/2020 5:00,8.915,
15/04/2020 6:00,11.63,
15/04/2020 7:00,29.34,
15/04/2020 8:00,24.555,
15/04/2020 9:00,22.035,
15/04/2020 10:00,17.905,
15/04/2020 11:00,19.795,
15/04/2020 12:00,15.565,
15/04/2020 13:00,11.09,
15/04/2020 14:00,16.545,
15/04/2020 15:00,-65.35,
15/04/2020 16:00,25.84,
15/04/2020 17:00,30.225,
15/04/2020 18:00,48.445,
15/04/2020 19:00,46.375,
15/04/2020 20:00,38.54,
15/04/2020 21:00,34.675,
15/04/2020 22:00,35.63,
15/04/2020 23:00,37.55,
16/04/2020 0:00,38.075,
16/04/2020 1:00,35.98,
16/04/2020 2:00,23.665,
16/04/2020 3:00,14.995,
16/04/2020 4:00,13.985,
16/04/2020 5:00,29.55,
16/04/2020 6:00,39.65,
16/04/2020 7:00,50.565,
16/04/2020 8:00,44,
16/04/2020 9:00,31.13,
16/04/2020 10:00,18.08,
16/04/2020 11:00,13.645,
16/04/2020 12:00,5.71,
16/04/2020 13:00,12.02,
16/04/2020 14:00,12.51,
16/04/2020 15:00,16.26,
16/04/2020 16:00,24.985,
16/04/2020 17:00,-137.76,
16/04/2020 18:00,38.855,
16/04/2020 19:00,46.585,
16/04/2020 20:00,39.025,
16/04/2020 21:00,37.055,
16/04/2020 22:00,37.995,
16/04/2020 23:00,34.915,
17/04/2020 0:00,34.8,
17/04/2020 1:00,40.045,
17/04/2020 2:00,33.11,
17/04/2020 3:00,23.33,
17/04/2020 4:00,1.35,
17/04/2020 5:00,4.775,
17/04/2020 6:00,16.85,
17/04/2020 7:00,26.625,
17/04/2020 8:00,30.86,
17/04/2020 9:00,32.06,
17/04/2020 10:00,25.4,
17/04/2020 11:00,12.805,
17/04/2020 12:00,21.875,
17/04/2020 13:00,27.225,
17/04/2020 14:00,27.12,
17/04/2020 15:00,29.415,
17/04/2020 16:00,38.9,
17/04/2020 17:00,38.27,
17/04/2020 18:00,50.895,
17/04/2020 19:00,59.16,
17/04/2020 20:00,48.165,
17/04/2020 21:00,47.4,
17/04/2020 22:00,45.06,
17/04/2020 23:00,44.285,
18/04/2020 0:00,46.445,
18/04/2020 1:00,45.875,
18/04/2020 2:00,44.28,
18/04/2020 3:00,41.59,
18/04/2020 4:00,33.845,
18/04/2020 5:00,29.495,
18/04/2020 6:00,33.16,
18/04/2020 7:00,38.74,
18/04/2020 8:00,40.635,
18/04/2020 9:00,40.735,
18/04/2020 10:00,41.515,
18/04/2020 11:00,33.655,
18/04/2020 12:00,33.73,
18/04/2020 13:00,38.415,
18/04/2020 14:00,36,
18/04/2020 15:00,37.135,
18/04/2020 16:00,42.445,
18/04/2020 17:00,41.995,
18/04/2020 18:00,75.53,
18/04/2020 19:00,90.85,
18/04/2020 20:00,59.23,
18/04/2020 21:00,52.985,
18/04/2020 22:00,49.505,
18/04/2020 23:00,47.99,
19/04/2020 0:00,51.41,
19/04/2020 1:00,59.215,
19/04/2020 2:00,59.785,
19/04/2020 3:00,61.005,
19/04/2020 4:00,55.78,
19/04/2020 5:00,49.395,
19/04/2020 6:00,49.73,
19/04/2020 7:00,49.64,
19/04/2020 8:00,43.39,
19/04/2020 9:00,39.99,
19/04/2020 10:00,28.16,
19/04/2020 11:00,22.36,
19/04/2020 12:00,28.31,
19/04/2020 13:00,9.23,
19/04/2020 14:00,9.57,
19/04/2020 15:00,16.69,
19/04/2020 16:00,26.69,
19/04/2020 17:00,39.13,
19/04/2020 18:00,60.865,
19/04/2020 19:00,51.495,
19/04/2020 20:00,34.335,
19/04/2020 21:00,14.42,
19/04/2020 22:00,15.41,
19/04/2020 23:00,-1.58,
20/04/2020 0:00,18.155,
20/04/2020 1:00,0.51,
20/04/2020 2:00,-5.44,
20/04/2020 3:00,-18.16,
20/04/2020 4:00,-26.325,
20/04/2020 5:00,-29.325,
20/04/2020 6:00,0.855,
20/04/2020 7:00,15.705,
20/04/2020 8:00,27.685,
20/04/2020 9:00,29.655,
20/04/2020 10:00,9.93,
20/04/2020 11:00,13.445,
20/04/2020 12:00,2.825,
20/04/2020 13:00,22.305,
20/04/2020 14:00,10.775,
20/04/2020 15:00,10.825,
20/04/2020 16:00,23.555,
20/04/2020 17:00,33.605,
20/04/2020 18:00,52.47,
20/04/2020 19:00,76.04,
20/04/2020 20:00,49.165,
20/04/2020 21:00,48.775,
20/04/2020 22:00,48.52,
20/04/2020 23:00,48.795,
21/04/2020 0:00,49.995,
21/04/2020 1:00,52.835,
21/04/2020 2:00,55.125,
21/04/2020 3:00,47.1,
21/04/2020 4:00,40.55,
21/04/2020 5:00,39.63,
21/04/2020 6:00,36.7,
21/04/2020 7:00,42.675,
21/04/2020 8:00,44.735,
21/04/2020 9:00,42.605,
21/04/2020 10:00,24.82,
21/04/2020 11:00,11.855,
21/04/2020 12:00,-81.105,
21/04/2020 13:00,-61.555,
21/04/2020 14:00,8.63,
21/04/2020 15:00,15.03,
21/04/2020 16:00,6.865,
21/04/2020 17:00,25.88,
21/04/2020 18:00,45.485,
21/04/2020 19:00,51.29,
21/04/2020 20:00,43.79,
21/04/2020 21:00,42.62,
21/04/2020 22:00,44.795,
21/04/2020 23:00,41.205,
22/04/2020 0:00,46.465,
22/04/2020 1:00,48.795,
22/04/2020 2:00,43.74,
22/04/2020 3:00,31.275,
22/04/2020 4:00,24.765,
22/04/2020 5:00,17.295,
22/04/2020 6:00,38.81,
22/04/2020 7:00,50.1,
22/04/2020 8:00,43.93,
22/04/2020 9:00,44.515,
22/04/2020 10:00,36.43,
22/04/2020 11:00,39.79,
22/04/2020 12:00,15.875,
22/04/2020 13:00,15.47,
22/04/2020 14:00,12.785,
22/04/2020 15:00,22.735,
22/04/2020 16:00,33.73,
22/04/2020 17:00,43.43,
22/04/2020 18:00,78.4,
22/04/2020 19:00,78.125,
22/04/2020 20:00,50.885,
22/04/2020 21:00,50.945,
22/04/2020 22:00,45.59,
22/04/2020 23:00,45.58,
23/04/2020 0:00,44.97,
23/04/2020 1:00,41.28,
23/04/2020 2:00,24.815,
23/04/2020 3:00,6.62,
23/04/2020 4:00,1.895,
23/04/2020 5:00,-9.175,
23/04/2020 6:00,-3.83,
23/04/2020 7:00,17.14,
23/04/2020 8:00,15.995,
23/04/2020 9:00,22.165,
23/04/2020 10:00,5.6,
23/04/2020 11:00,2.08,
23/04/2020 12:00,12.175,
23/04/2020 13:00,21.36,
23/04/2020 14:00,5.555,
23/04/2020 15:00,18.315,
23/04/2020 16:00,32.24,
23/04/2020 17:00,25.49,
23/04/2020 18:00,48.71,
23/04/2020 19:00,43.695,
23/04/2020 20:00,26.73,
23/04/2020 21:00,30.605,
23/04/2020 22:00,23.43,
23/04/2020 23:00,11.505,
24/04/2020 0:00,36.7,
24/04/2020 1:00,31.14,
24/04/2020 2:00,33.72,
24/04/2020 3:00,31.765,
24/04/2020 4:00,23.655,
24/04/2020 5:00,29.27,
24/04/2020 6:00,33.37,
24/04/2020 7:00,47.675,
24/04/2020 8:00,48.35,
24/04/2020 9:00,46.305,
24/04/2020 10:00,34.865,
24/04/2020 11:00,17.4,
24/04/2020 12:00,15.88,
24/04/2020 13:00,14.145,
24/04/2020 14:00,12.455,
24/04/2020 15:00,23.41,
24/04/2020 16:00,30.365,
24/04/2020 17:00,39.635,
24/04/2020 18:00,53.925,
24/04/2020 19:00,56.62,
24/04/2020 20:00,48.64,
24/04/2020 21:00,46.3,
24/04/2020 22:00,47.115,
24/04/2020 23:00,47.815,
25/04/2020 0:00,48.815,
25/04/2020 1:00,47.365,
25/04/2020 2:00,40.915,
25/04/2020 3:00,27.22,
25/04/2020 4:00,23.105,
25/04/2020 5:00,26.845,
25/04/2020 6:00,33.28,
25/04/2020 7:00,37.93,
25/04/2020 8:00,20.52,
25/04/2020 9:00,8.925,
25/04/2020 10:00,-1.93,
25/04/2020 11:00,-4.325,
25/04/2020 12:00,-12.435,
25/04/2020 13:00,-17.065,
25/04/2020 14:00,-12.97,
25/04/2020 15:00,-22.28,
25/04/2020 16:00,10.435,
25/04/2020 17:00,28.96,
25/04/2020 18:00,66.085,
25/04/2020 19:00,67.86,
25/04/2020 20:00,44.685,
25/04/2020 21:00,33.63,
25/04/2020 22:00,16.295,
25/04/2020 23:00,7.72,
26/04/2020 0:00,24.905,
26/04/2020 1:00,21.41,
26/04/2020 2:00,10.705,
26/04/2020 3:00,-1.795,
26/04/2020 4:00,1.81,
26/04/2020 5:00,2.74,
26/04/2020 6:00,-4.915,
26/04/2020 7:00,-11.5,
26/04/2020 8:00,-1.905,
26/04/2020 9:00,9.41,
26/04/2020 10:00,5.305,
26/04/2020 11:00,2.83,
26/04/2020 12:00,-23.665,
26/04/2020 13:00,-4.635,
26/04/2020 14:00,3.67,
26/04/2020 15:00,2.48,
26/04/2020 16:00,9.295,
26/04/2020 17:00,23.775,
26/04/2020 18:00,44.03,
26/04/2020 19:00,49.19,
26/04/2020 20:00,45.075,
26/04/2020 21:00,44.91,
26/04/2020 22:00,43.93,
26/04/2020 23:00,46.98,
27/04/2020 0:00,50.655,
27/04/2020 1:00,49.325,
27/04/2020 2:00,42.39,
27/04/2020 3:00,44.315,
27/04/2020 4:00,44.64,
27/04/2020 5:00,43.365,
27/04/2020 6:00,40.88,
27/04/2020 7:00,47.96,
27/04/2020 8:00,47.715,
27/04/2020 9:00,43.535,
27/04/2020 10:00,36.14,
27/04/2020 11:00,29.56,
27/04/2020 12:00,30.87,
27/04/2020 13:00,34.83,
27/04/2020 14:00,36.985,
27/04/2020 15:00,32.135,
27/04/2020 16:00,37.1,
27/04/2020 17:00,42.485,
27/04/2020 18:00,63.905,
27/04/2020 19:00,69.835,
27/04/2020 20:00,53.245,
27/04/2020 21:00,46.67,
27/04/2020 22:00,45.295,
27/04/2020 23:00,43.65,
28/04/2020 0:00,43.155,
28/04/2020 1:00,40.875,
28/04/2020 2:00,26.69,
28/04/2020 3:00,1.565,
28/04/2020 4:00,0,
28/04/2020 5:00,-0.06,
28/04/2020 6:00,0,
28/04/2020 7:00,14.705,
28/04/2020 8:00,28.58,
28/04/2020 9:00,26.785,
28/04/2020 10:00,26.835,
28/04/2020 11:00,12.39,
28/04/2020 12:00,-1.665,
28/04/2020 13:00,-1.605,
28/04/2020 14:00,19.495,
28/04/2020 15:00,34.26,
28/04/2020 16:00,40.27,
28/04/2020 17:00,41.045,
28/04/2020 18:00,42.335,
28/04/2020 19:00,39.66,
28/04/2020 20:00,22.43,
28/04/2020 21:00,7.775,
28/04/2020 22:00,-0.605,
28/04/2020 23:00,5.53,
29/04/2020 0:00,18.72,
29/04/2020 1:00,-6.09,
29/04/2020 2:00,-15.93,
29/04/2020 3:00,-13.57,
29/04/2020 4:00,-34.715,
29/04/2020 5:00,-26.35,
29/04/2020 6:00,-16.105,
29/04/2020 7:00,12.145,
29/04/2020 8:00,34.97,
29/04/2020 9:00,44.355,
29/04/2020 10:00,48.255,
29/04/2020 11:00,45.42,
29/04/2020 12:00,34.82,
29/04/2020 13:00,31.59,
29/04/2020 14:00,36.4,
29/04/2020 15:00,43.875,
29/04/2020 16:00,47.2,
29/04/2020 17:00,41.19,
29/04/2020 18:00,74.65,
29/04/2020 19:00,64.465,
29/04/2020 20:00,52.66,
29/04/2020 21:00,46.25,
29/04/2020 22:00,45.255,
29/04/2020 23:00,45.31,
30/04/2020 0:00,47.405,
30/04/2020 1:00,48.145,
30/04/2020 2:00,34.905,
30/04/2020 3:00,20.63,
30/04/2020 4:00,14.425,
30/04/2020 5:00,17.95,
30/04/2020 6:00,34.215,
30/04/2020 7:00,37.165,
30/04/2020 8:00,47.52,
30/04/2020 9:00,60.195,
30/04/2020 10:00,51.055,
30/04/2020 11:00,25.86,
30/04/2020 12:00,12.5,
30/04/2020 13:00,1.475,
30/04/2020 14:00,0.9,
30/04/2020 15:00,10.28,
30/04/2020 16:00,12.095,
30/04/2020 17:00,33.165,
30/04/2020 18:00,51.655,
30/04/2020 19:00,42.96,
30/04/2020 20:00,33.455,
30/04/2020 21:00,36.165,
30/04/2020 22:00,25.415,
30/04/2020 23:00,6.09,
1/05/2020 0:00,15.67,
1/05/2020 1:00,9.025,
1/05/2020 2:00,-3.915,
1/05/2020 3:00,-5.19,
1/05/2020 4:00,-8.405,
1/05/2020 5:00,-12.97,
1/05/2020 6:00,0.425,
1/05/2020 7:00,26.505,
1/05/2020 8:00,37.36,
1/05/2020 9:00,40.725,
1/05/2020 10:00,39.62,
1/05/2020 11:00,35,
1/05/2020 12:00,25.56,
1/05/2020 13:00,17.745,
1/05/2020 14:00,15.195,
1/05/2020 15:00,16.43,
1/05/2020 16:00,21.58,
1/05/2020 17:00,34.725,
1/05/2020 18:00,43.325,
1/05/2020 19:00,40.075,
1/05/2020 20:00,34.21,
1/05/2020 21:00,31.84,
1/05/2020 22:00,9.33,
1/05/2020 23:00,22.79,
2/05/2020 0:00,31.47,
2/05/2020 1:00,27.5,
2/05/2020 2:00,9.62,
2/05/2020 3:00,7.775,
2/05/2020 4:00,-7.33,
2/05/2020 5:00,-5.46,
2/05/2020 6:00,0.34,
2/05/2020 7:00,6.415,
2/05/2020 8:00,21.67,
2/05/2020 9:00,23.605,
2/05/2020 10:00,22.595,
2/05/2020 11:00,14.31,
2/05/2020 12:00,2.525,
2/05/2020 13:00,0.715,
2/05/2020 14:00,-1.685,
2/05/2020 15:00,3.405,
2/05/2020 16:00,18.675,
2/05/2020 17:00,29.775,
2/05/2020 18:00,47.27,
2/05/2020 19:00,40.86,
2/05/2020 20:00,37.47,
2/05/2020 21:00,37.18,
2/05/2020 22:00,37.95,
2/05/2020 23:00,38.405,
3/05/2020 0:00,79.54,
3/05/2020 1:00,37.99,
3/05/2020 2:00,44.175,
3/05/2020 3:00,32.06,
3/05/2020 4:00,38.895,
3/05/2020 5:00,42.475,
3/05/2020 6:00,48.555,
3/05/2020 7:00,45.615,
3/05/2020 8:00,50.055,
3/05/2020 9:00,49.065,
3/05/2020 10:00,48.1,
3/05/2020 11:00,43.825,
3/05/2020 12:00,37.475,
3/05/2020 13:00,21.485,
3/05/2020 14:00,20.805,
3/05/2020 15:00,34.13,
3/05/2020 16:00,39.05,
3/05/2020 17:00,47.97,
3/05/2020 18:00,61.41,
3/05/2020 19:00,65.11,
3/05/2020 20:00,50.31,
3/05/2020 21:00,56.205,
3/05/2020 22:00,46.33,
3/05/2020 23:00,48.425,
4/05/2020 0:00,50.81,
4/05/2020 1:00,49.46,
4/05/2020 2:00,44.57,
4/05/2020 3:00,40.52,
4/05/2020 4:00,30.86,
4/05/2020 5:00,33.635,
4/05/2020 6:00,39.185,
4/05/2020 7:00,49.875,
4/05/2020 8:00,95.385,
4/05/2020 9:00,65.52,
4/05/2020 10:00,57.175,
4/05/2020 11:00,51.605,
4/05/2020 12:00,39.36,
4/05/2020 13:00,38.945,
4/05/2020 14:00,38.235,
4/05/2020 15:00,38.89,
4/05/2020 16:00,41.26,
4/05/2020 17:00,50.815,
4/05/2020 18:00,168.91,
4/05/2020 19:00,63.755,
4/05/2020 20:00,48.18,
4/05/2020 21:00,50.775,
4/05/2020 22:00,45.34,
4/05/2020 23:00,41.98,
5/05/2020 0:00,45.395,
5/05/2020 1:00,43.51,
5/05/2020 2:00,41.845,
5/05/2020 3:00,36.265,
5/05/2020 4:00,31.37,
5/05/2020 5:00,23.945,
5/05/2020 6:00,28.78,
5/05/2020 7:00,37.03,
5/05/2020 8:00,40.95,
5/05/2020 9:00,40.525,
5/05/2020 10:00,27.375,
5/05/2020 11:00,25.47,
5/05/2020 12:00,20.91,
5/05/2020 13:00,18.475,
5/05/2020 14:00,19.05,
5/05/2020 15:00,27.36,
5/05/2020 16:00,31.625,
5/05/2020 17:00,40.165,
5/05/2020 18:00,62.63,
5/05/2020 19:00,53.555,
5/05/2020 20:00,42.98,
5/05/2020 21:00,37.54,
5/05/2020 22:00,37.71,
5/05/2020 23:00,16.855,
6/05/2020 0:00,32.425,
6/05/2020 1:00,6.615,
6/05/2020 2:00,-9.38,
6/05/2020 3:00,-9.35,
6/05/2020 4:00,-5.21,
6/05/2020 5:00,-4.37,
6/05/2020 6:00,7.65,
6/05/2020 7:00,14.865,
6/05/2020 8:00,31.97,
6/05/2020 9:00,29.91,
6/05/2020 10:00,27.25,
6/05/2020 11:00,-0.87,
6/05/2020 12:00,-2.54,
6/05/2020 13:00,-1.285,
6/05/2020 14:00,4.68,
6/05/2020 15:00,15.655,
6/05/2020 16:00,18.635,
6/05/2020 17:00,30.7,
6/05/2020 18:00,38.195,
6/05/2020 19:00,37.845,
6/05/2020 20:00,33.255,
6/05/2020 21:00,16.12,
6/05/2020 22:00,9.815,
6/05/2020 23:00,2.94,
7/05/2020 0:00,30.63,
7/05/2020 1:00,20.72,
7/05/2020 2:00,-18.495,
7/05/2020 3:00,-37.31,
7/05/2020 4:00,-45.03,
7/05/2020 5:00,-38.255,
7/05/2020 6:00,-14.225,
7/05/2020 7:00,21.53,
7/05/2020 8:00,30.815,
7/05/2020 9:00,29.655,
7/05/2020 10:00,21.47,
7/05/2020 11:00,6.7,
7/05/2020 12:00,-4.69,
7/05/2020 13:00,-79.925,
7/05/2020 14:00,-91.005,
7/05/2020 15:00,-1.49,
7/05/2020 16:00,12.425,
7/05/2020 17:00,27.745,
7/05/2020 18:00,41.485,
7/05/2020 19:00,38.895,
7/05/2020 20:00,33.835,
7/05/2020 21:00,33.415,
7/05/2020 22:00,29.445,
7/05/2020 23:00,28.965,
8/05/2020 0:00,33.955,
8/05/2020 1:00,33.84,
8/05/2020 2:00,27.765,
8/05/2020 3:00,30.535,
8/05/2020 4:00,25.73,
8/05/2020 5:00,36.875,
8/05/2020 6:00,41.655,
8/05/2020 7:00,43.545,
8/05/2020 8:00,47.155,
8/05/2020 9:00,39.225,
8/05/2020 10:00,29.185,
8/05/2020 11:00,13.855,
8/05/2020 12:00,7.695,
8/05/2020 13:00,8.855,
8/05/2020 14:00,15.835,
8/05/2020 15:00,12.775,
8/05/2020 16:00,26.385,
8/05/2020 17:00,33.77,
8/05/2020 18:00,56.34,
8/05/2020 19:00,54.95,
8/05/2020 20:00,38.93,
8/05/2020 21:00,30.7,
8/05/2020 22:00,22.3,
8/05/2020 23:00,28.02,
9/05/2020 0:00,34.655,
9/05/2020 1:00,22.57,
9/05/2020 2:00,1.25,
9/05/2020 3:00,5.34,
9/05/2020 4:00,7.68,
9/05/2020 5:00,13.655,
9/05/2020 6:00,16.195,
9/05/2020 7:00,24.415,
9/05/2020 8:00,23.23,
9/05/2020 9:00,27.235,
9/05/2020 10:00,24.895,
9/05/2020 11:00,6.165,
9/05/2020 12:00,-149.995,
9/05/2020 13:00,-172.64,
9/05/2020 14:00,7.245,
9/05/2020 15:00,3.18,
9/05/2020 16:00,24.42,
9/05/2020 17:00,33.91,
9/05/2020 18:00,39.375,
9/05/2020 19:00,37.185,
9/05/2020 20:00,39.275,
9/05/2020 21:00,30.525,
9/05/2020 22:00,33.85,
9/05/2020 23:00,37.14,
10/05/2020 0:00,40.425,
10/05/2020 1:00,40.995,
10/05/2020 2:00,34.925,
10/05/2020 3:00,18.755,
10/05/2020 4:00,15.045,
10/05/2020 5:00,31.25,
10/05/2020 6:00,33.47,
10/05/2020 7:00,37.105,
10/05/2020 8:00,42.585,
10/05/2020 9:00,44.865,
10/05/2020 10:00,29.56,
10/05/2020 11:00,6.36,
10/05/2020 12:00,17.155,
10/05/2020 13:00,3.37,
10/05/2020 14:00,17.125,
10/05/2020 15:00,26.27,
10/05/2020 16:00,31.23,
10/05/2020 17:00,42.065,
10/05/2020 18:00,124.895,
10/05/2020 19:00,60.215,
10/05/2020 20:00,56.165,
10/05/2020 21:00,49.09,
10/05/2020 22:00,47.12,
10/05/2020 23:00,46.71,
11/05/2020 0:00,48.315,
11/05/2020 1:00,48.19,
11/05/2020 2:00,46.525,
11/05/2020 3:00,45.605,
11/05/2020 4:00,40.85,
11/05/2020 5:00,38.44,
11/05/2020 6:00,42.55,
11/05/2020 7:00,45.96,
11/05/2020 8:00,53.195,
11/05/2020 9:00,46.19,
11/05/2020 10:00,54.05,
11/05/2020 11:00,25.37,
11/05/2020 12:00,8.785,
11/05/2020 13:00,17.605,
11/05/2020 14:00,12.41,
11/05/2020 15:00,30.44,
11/05/2020 16:00,37.505,
11/05/2020 17:00,49.84,
11/05/2020 18:00,60.305,
11/05/2020 19:00,66.055,
11/05/2020 20:00,46.35,
11/05/2020 21:00,49.22,
11/05/2020 22:00,44.855,
11/05/2020 23:00,37.61,
12/05/2020 0:00,36.005,
12/05/2020 1:00,32.615,
12/05/2020 2:00,17.785,
12/05/2020 3:00,4.145,
12/05/2020 4:00,0.38,
12/05/2020 5:00,-13.61,
12/05/2020 6:00,15.605,
12/05/2020 7:00,32.35,
12/05/2020 8:00,37.87,
12/05/2020 9:00,35.86,
12/05/2020 10:00,32.875,
12/05/2020 11:00,19.235,
12/05/2020 12:00,5.2,
12/05/2020 13:00,-72.75,
12/05/2020 14:00,11.87,
12/05/2020 15:00,28.17,
12/05/2020 16:00,33.555,
12/05/2020 17:00,45.525,
12/05/2020 18:00,64.56,
12/05/2020 19:00,50.255,
12/05/2020 20:00,41.655,
12/05/2020 21:00,39.99,
12/05/2020 22:00,39.67,
12/05/2020 23:00,38.01,
13/05/2020 0:00,41.775,
13/05/2020 1:00,44.085,
13/05/2020 2:00,43.98,
13/05/2020 3:00,38.455,
13/05/2020 4:00,34.43,
13/05/2020 5:00,33.61,
13/05/2020 6:00,33.82,
13/05/2020 7:00,38.195,
13/05/2020 8:00,45.12,
13/05/2020 9:00,44.36,
13/05/2020 10:00,53.985,
13/05/2020 11:00,44.99,
13/05/2020 12:00,40.335,
13/05/2020 13:00,39.44,
13/05/2020 14:00,45.835,
13/05/2020 15:00,40.4,
13/05/2020 16:00,42.64,
13/05/2020 17:00,45.405,
13/05/2020 18:00,54.965,
13/05/2020 19:00,44.325,
13/05/2020 20:00,42.92,
13/05/2020 21:00,42.05,
13/05/2020 22:00,41.47,
13/05/2020 23:00,42.795,
14/05/2020 0:00,52.91,
14/05/2020 1:00,41.255,
14/05/2020 2:00,39.185,
14/05/2020 3:00,36.895,
14/05/2020 4:00,34.725,
14/05/2020 5:00,35.1,
14/05/2020 6:00,37.02,
14/05/2020 7:00,41.505,
14/05/2020 8:00,45.6,
14/05/2020 9:00,51.905,
14/05/2020 10:00,51.55,
14/05/2020 11:00,43.655,
14/05/2020 12:00,40.595,
14/05/2020 13:00,43.605,
14/05/2020 14:00,44.27,
14/05/2020 15:00,45.495,
14/05/2020 16:00,48.095,
14/05/2020 17:00,55.275,
14/05/2020 18:00,74.025,
14/05/2020 19:00,100.63,
14/05/2020 20:00,52.14,
14/05/2020 21:00,46.105,
14/05/2020 22:00,53.35,
14/05/2020 23:00,45.465,
15/05/2020 0:00,46.61,
15/05/2020 1:00,45.275,
15/05/2020 2:00,41.78,
15/05/2020 3:00,36.29,
15/05/2020 4:00,34.64,
15/05/2020 5:00,37.945,
15/05/2020 6:00,40.75,
15/05/2020 7:00,48.39,
15/05/2020 8:00,57.475,
15/05/2020 9:00,59.745,
15/05/2020 10:00,48.725,
15/05/2020 11:00,41.89,
15/05/2020 12:00,37.825,
15/05/2020 13:00,37.005,
15/05/2020 14:00,35.93,
15/05/2020 15:00,36.14,
15/05/2020 16:00,38.89,
15/05/2020 17:00,54.245,
15/05/2020 18:00,125.58,
15/05/2020 19:00,77.345,
15/05/2020 20:00,64.105,
15/05/2020 21:00,62.45,
15/05/2020 22:00,51.875,
15/05/2020 23:00,56.415,
16/05/2020 0:00,65.655,
16/05/2020 1:00,60.74,
16/05/2020 2:00,51.365,
16/05/2020 3:00,42.86,
16/05/2020 4:00,40.49,
16/05/2020 5:00,37.605,
16/05/2020 6:00,38.04,
16/05/2020 7:00,38.865,
16/05/2020 8:00,39.19,
16/05/2020 9:00,40.3,
16/05/2020 10:00,37.325,
16/05/2020 11:00,25.125,
16/05/2020 12:00,11.2,
16/05/2020 13:00,17.055,
16/05/2020 14:00,18.66,
16/05/2020 15:00,23.915,
16/05/2020 16:00,30.725,
16/05/2020 17:00,43.675,
16/05/2020 18:00,69.235,
16/05/2020 19:00,74.465,
16/05/2020 20:00,68.195,
16/05/2020 21:00,63.255,
16/05/2020 22:00,51.35,
16/05/2020 23:00,53.095,
17/05/2020 0:00,58.325,
17/05/2020 1:00,58.19,
17/05/2020 2:00,49.465,
17/05/2020 3:00,43.335,
17/05/2020 4:00,43.045,
17/05/2020 5:00,49.7,
17/05/2020 6:00,48.3,
17/05/2020 7:00,46.24,
17/05/2020 8:00,56.88,
17/05/2020 9:00,44.54,
17/05/2020 10:00,38.79,
17/05/2020 11:00,39.955,
17/05/2020 12:00,23.98,
17/05/2020 13:00,29.855,
17/05/2020 14:00,28.175,
17/05/2020 15:00,31.025,
17/05/2020 16:00,32.93,
17/05/2020 17:00,45.165,
17/05/2020 18:00,90.375,
17/05/2020 19:00,62.13,
17/05/2020 20:00,54.335,
17/05/2020 21:00,41.56,
17/05/2020 22:00,38.71,
17/05/2020 23:00,36.72,
18/05/2020 0:00,37.51,
18/05/2020 1:00,35.06,
18/05/2020 2:00,33.455,
18/05/2020 3:00,27.195,
18/05/2020 4:00,20.345,
18/05/2020 5:00,28.76,
18/05/2020 6:00,30.27,
18/05/2020 7:00,40.795,
18/05/2020 8:00,58.775,
18/05/2020 9:00,61.01,
18/05/2020 10:00,46.84,
18/05/2020 11:00,36.985,
18/05/2020 12:00,32.44,
18/05/2020 13:00,28.845,
18/05/2020 14:00,28.785,
18/05/2020 15:00,33.82,
18/05/2020 16:00,45.295,
18/05/2020 17:00,60.79,
18/05/2020 18:00,64.215,
18/05/2020 19:00,51.24,
18/05/2020 20:00,44.195,
18/05/2020 21:00,40.89,
18/05/2020 22:00,35.88,
18/05/2020 23:00,36.685,
19/05/2020 0:00,40.865,
19/05/2020 1:00,42.89,
19/05/2020 2:00,41.22,
19/05/2020 3:00,25.515,
19/05/2020 4:00,4.3,
19/05/2020 5:00,4.3,
19/05/2020 6:00,10.6,
19/05/2020 7:00,37.235,
19/05/2020 8:00,60.55,
19/05/2020 9:00,68.285,
19/05/2020 10:00,59.745,
19/05/2020 11:00,44.685,
19/05/2020 12:00,54.905,
19/05/2020 13:00,51.23,
19/05/2020 14:00,38,
19/05/2020 15:00,-61.855,
19/05/2020 16:00,29.935,
19/05/2020 17:00,50.515,
19/05/2020 18:00,57.625,
19/05/2020 19:00,35.055,
19/05/2020 20:00,35.28,
19/05/2020 21:00,31.36,
19/05/2020 22:00,28.595,
19/05/2020 23:00,27.6,
20/05/2020 0:00,38.17,
20/05/2020 1:00,38.485,
20/05/2020 2:00,35.14,
20/05/2020 3:00,12.95,
20/05/2020 4:00,9.4,
20/05/2020 5:00,14.215,
20/05/2020 6:00,25.42,
20/05/2020 7:00,37.345,
20/05/2020 8:00,45.95,
20/05/2020 9:00,47.005,
20/05/2020 10:00,41.15,
20/05/2020 11:00,38.3,
20/05/2020 12:00,32.115,
20/05/2020 13:00,26.465,
20/05/2020 14:00,22.675,
20/05/2020 15:00,23.765,
20/05/2020 16:00,31,
20/05/2020 17:00,41.06,
20/05/2020 18:00,73.065,
20/05/2020 19:00,50.055,
20/05/2020 20:00,39.51,
20/05/2020 21:00,62.515,
20/05/2020 22:00,34.805,
20/05/2020 23:00,33.41,
21/05/2020 0:00,39.975,
21/05/2020 1:00,46.185,
21/05/2020 2:00,44.4,
21/05/2020 3:00,38.545,
21/05/2020 4:00,35.32,
21/05/2020 5:00,22.36,
21/05/2020 6:00,29.84,
21/05/2020 7:00,35.1,
21/05/2020 8:00,52.075,
21/05/2020 9:00,65.24,
21/05/2020 10:00,66.705,
21/05/2020 11:00,61.305,
21/05/2020 12:00,55.97,
21/05/2020 13:00,54.385,
21/05/2020 14:00,51.45,
21/05/2020 15:00,47.38,
21/05/2020 16:00,51.49,
21/05/2020 17:00,72.96,
21/05/2020 18:00,102.265,
21/05/2020 19:00,80.475,
21/05/2020 20:00,59.07,
21/05/2020 21:00,60.42,
21/05/2020 22:00,54.87,
21/05/2020 23:00,54.375,
22/05/2020 0:00,58.235,
22/05/2020 1:00,64.815,
22/05/2020 2:00,61.43,
22/05/2020 3:00,53.165,
22/05/2020 4:00,50.595,
22/05/2020 5:00,47.015,
22/05/2020 6:00,62.545,
22/05/2020 7:00,52.27,
22/05/2020 8:00,62.84,
22/05/2020 9:00,92.125,
22/05/2020 10:00,126.15,
22/05/2020 11:00,71.635,
22/05/2020 12:00,65.79,
22/05/2020 13:00,79.49,
22/05/2020 14:00,79.1,
22/05/2020 15:00,73.9,
22/05/2020 16:00,70.965,
22/05/2020 17:00,87.915,
22/05/2020 18:00,71.32,
22/05/2020 19:00,63.795,
22/05/2020 20:00,61.185,
22/05/2020 21:00,57.615,
22/05/2020 22:00,50.375,
22/05/2020 23:00,56.18,
23/05/2020 0:00,51.365,
23/05/2020 1:00,55.595,
23/05/2020 2:00,47.62,
23/05/2020 3:00,41.91,
23/05/2020 4:00,38.07,
23/05/2020 5:00,34.53,
23/05/2020 6:00,38.255,
23/05/2020 7:00,39.15,
23/05/2020 8:00,43.73,
23/05/2020 9:00,61.095,
23/05/2020 10:00,54.51,
23/05/2020 11:00,43.97,
23/05/2020 12:00,37.795,
23/05/2020 13:00,33.97,
23/05/2020 14:00,33.795,
23/05/2020 15:00,32.56,
23/05/2020 16:00,36.95,
23/05/2020 17:00,37.61,
23/05/2020 18:00,41.465,
23/05/2020 19:00,41.13,
23/05/2020 20:00,41.71,
23/05/2020 21:00,41.82,
23/05/2020 22:00,38.315,
23/05/2020 23:00,38.44,
24/05/2020 0:00,40.29,
24/05/2020 1:00,42.74,
24/05/2020 2:00,37.94,
24/05/2020 3:00,17.855,
24/05/2020 4:00,9.54,
24/05/2020 5:00,24.235,
24/05/2020 6:00,25.285,
24/05/2020 7:00,31.19,
24/05/2020 8:00,34.38,
24/05/2020 9:00,34.365,
24/05/2020 10:00,37.945,
24/05/2020 11:00,30.855,
24/05/2020 12:00,34.375,
24/05/2020 13:00,35.565,
24/05/2020 14:00,36.205,
24/05/2020 15:00,35.49,
24/05/2020 16:00,40.025,
24/05/2020 17:00,49.78,
24/05/2020 18:00,109.175,
24/05/2020 19:00,61.07,
24/05/2020 20:00,59.39,
24/05/2020 21:00,58.79,
24/05/2020 22:00,46.255,
24/05/2020 23:00,37.515,
25/05/2020 0:00,38.65,
25/05/2020 1:00,32.805,
25/05/2020 2:00,23.455,
25/05/2020 3:00,9.12,
25/05/2020 4:00,2.655,
25/05/2020 5:00,3.61,
25/05/2020 6:00,29.31,
25/05/2020 7:00,69.44,
25/05/2020 8:00,65.7,
25/05/2020 9:00,61.915,
25/05/2020 10:00,53.24,
25/05/2020 11:00,47.5,
25/05/2020 12:00,44.285,
25/05/2020 13:00,43.94,
25/05/2020 14:00,37.47,
25/05/2020 15:00,36.56,
25/05/2020 16:00,44.945,
25/05/2020 17:00,77.775,
25/05/2020 18:00,137.64,
25/05/2020 19:00,55.385,
25/05/2020 20:00,44.745,
25/05/2020 21:00,36.175,
25/05/2020 22:00,35.6,
25/05/2020 23:00,33.615,
26/05/2020 0:00,33.95,
26/05/2020 1:00,34.12,
26/05/2020 2:00,31.355,
26/05/2020 3:00,28.735,
26/05/2020 4:00,23.985,
26/05/2020 5:00,29.01,
26/05/2020 6:00,26.67,
26/05/2020 7:00,35.7,
26/05/2020 8:00,44.67,
26/05/2020 9:00,50.14,
26/05/2020 10:00,40.4,
26/05/2020 11:00,31.645,
26/05/2020 12:00,28.74,
26/05/2020 13:00,27.785,
26/05/2020 14:00,33.935,
26/05/2020 15:00,38.92,
26/05/2020 16:00,50.375,
26/05/2020 17:00,49.12,
26/05/2020 18:00,110.285,
26/05/2020 19:00,57.47,
26/05/2020 20:00,44.455,
26/05/2020 21:00,39.665,
26/05/2020 22:00,36.9,
26/05/2020 23:00,35.08,
27/05/2020 0:00,31.87,
27/05/2020 1:00,31.14,
27/05/2020 2:00,28.445,
27/05/2020 3:00,24.435,
27/05/2020 4:00,13.19,
27/05/2020 5:00,24.445,
27/05/2020 6:00,31.275,
27/05/2020 7:00,51.355,
27/05/2020 8:00,47.8,
27/05/2020 9:00,47.97,
27/05/2020 10:00,46.56,
27/05/2020 11:00,32.9,
27/05/2020 12:00,31.955,
27/05/2020 13:00,31.07,
27/05/2020 14:00,33.405,
27/05/2020 15:00,38.19,
27/05/2020 16:00,40.87,
27/05/2020 17:00,49.38,
27/05/2020 18:00,149.97,
27/05/2020 19:00,98.455,
27/05/2020 20:00,54.1,
27/05/2020 21:00,52.375,
27/05/2020 22:00,53.1,
27/05/2020 23:00,56.91,
28/05/2020 0:00,57.955,
28/05/2020 1:00,49.275,
28/05/2020 2:00,46.94,
28/05/2020 3:00,49.85,
28/05/2020 4:00,45.525,
28/05/2020 5:00,52.935,
28/05/2020 6:00,51.505,
28/05/2020 7:00,57.12,
28/05/2020 8:00,55.94,
28/05/2020 9:00,54.99,
28/05/2020 10:00,55.595,
28/05/2020 11:00,55.675,
28/05/2020 12:00,41.265,
28/05/2020 13:00,39.72,
28/05/2020 14:00,38.12,
28/05/2020 15:00,48.59,
28/05/2020 16:00,59.25,
28/05/2020 17:00,53.85,
28/05/2020 18:00,179.865,
28/05/2020 19:00,158.71,
28/05/2020 20:00,60.02,
28/05/2020 21:00,65.725,
28/05/2020 22:00,58.5,
28/05/2020 23:00,64.925,
29/05/2020 0:00,65.775,
29/05/2020 1:00,64.245,
29/05/2020 2:00,53.335,
29/05/2020 3:00,45.435,
29/05/2020 4:00,40.615,
29/05/2020 5:00,38.935,
29/05/2020 6:00,39.83,
29/05/2020 7:00,44.65,
29/05/2020 8:00,59.495,
29/05/2020 9:00,58.925,
29/05/2020 10:00,42.11,
29/05/2020 11:00,39.16,
29/05/2020 12:00,32.03,
29/05/2020 13:00,27.87,
29/05/2020 14:00,28.32,
29/05/2020 15:00,29.545,
29/05/2020 16:00,35.795,
29/05/2020 17:00,52.78,
29/05/2020 18:00,119.56,
29/05/2020 19:00,64.94,
29/05/2020 20:00,48.255,
29/05/2020 21:00,43.025,
29/05/2020 22:00,34.625,
29/05/2020 23:00,32.965,
30/05/2020 0:00,34.975,
30/05/2020 1:00,33.82,
30/05/2020 2:00,24.23,
30/05/2020 3:00,2.865,
30/05/2020 4:00,-6.34,
30/05/2020 5:00,4.05,
30/05/2020 6:00,2.325,
30/05/2020 7:00,10.045,
30/05/2020 8:00,11.845,
30/05/2020 9:00,19.385,
30/05/2020 10:00,-0.7,
30/05/2020 11:00,-15.145,
30/05/2020 12:00,-65.93,
30/05/2020 13:00,-68.25,
30/05/2020 14:00,3.585,
30/05/2020 15:00,12.155,
30/05/2020 16:00,26.025,
30/05/2020 17:00,35.805,
30/05/2020 18:00,53.795,
30/05/2020 19:00,42.545,
30/05/2020 20:00,35.935,
30/05/2020 21:00,33.135,
30/05/2020 22:00,30.785,
30/05/2020 23:00,16.665,
31/05/2020 0:00,25.69,
31/05/2020 1:00,29.92,
31/05/2020 2:00,26.815,
31/05/2020 3:00,19.145,
31/05/2020 4:00,14.605,
31/05/2020 5:00,9.945,
31/05/2020 6:00,21.84,
31/05/2020 7:00,32.56,
31/05/2020 8:00,36.255,
31/05/2020 9:00,38.975,
31/05/2020 10:00,40.175,
31/05/2020 11:00,33.81,
31/05/2020 12:00,22.51,
31/05/2020 13:00,11.99,
31/05/2020 14:00,9.17,
31/05/2020 15:00,24.31,
31/05/2020 16:00,31.775,
31/05/2020 17:00,37.18,
31/05/2020 18:00,69.4,
31/05/2020 19:00,41.285,
31/05/2020 20:00,37.05,
31/05/2020 21:00,35.195,
31/05/2020 22:00,33.09,
31/05/2020 23:00,24.345,
1/06/2020 0:00,27.705,
1/06/2020 1:00,25.635,
1/06/2020 2:00,18.92,
1/06/2020 3:00,5.595,
1/06/2020 4:00,-0.17,
1/06/2020 5:00,1.095,
1/06/2020 6:00,8.555,
1/06/2020 7:00,27.905,
1/06/2020 8:00,38.9,
1/06/2020 9:00,51.46,
1/06/2020 10:00,58.62,
1/06/2020 11:00,35.625,
1/06/2020 12:00,32.555,
1/06/2020 13:00,31.23,
1/06/2020 14:00,46.955,
1/06/2020 15:00,35.35,
1/06/2020 16:00,13.72,
1/06/2020 17:00,32.91,
1/06/2020 18:00,38.83,
1/06/2020 19:00,44.215,
1/06/2020 20:00,40.705,
1/06/2020 21:00,43.1,
1/06/2020 22:00,41.105,
1/06/2020 23:00,37.02,
2/06/2020 0:00,39.105,
2/06/2020 1:00,36.39,
2/06/2020 2:00,32.1,
2/06/2020 3:00,23.125,
2/06/2020 4:00,6.15,
2/06/2020 5:00,7.835,
2/06/2020 6:00,9.07,
2/06/2020 7:00,33.655,
2/06/2020 8:00,51.955,
2/06/2020 9:00,57.45,
2/06/2020 10:00,45.65,
2/06/2020 11:00,46.54,
2/06/2020 12:00,34.91,
2/06/2020 13:00,28.415,
2/06/2020 14:00,30.64,
2/06/2020 15:00,31.605,
2/06/2020 16:00,33.615,
2/06/2020 17:00,40.985,
2/06/2020 18:00,59.22,
2/06/2020 19:00,52.75,
2/06/2020 20:00,39.8,
2/06/2020 21:00,36.765,
2/06/2020 22:00,35.73,
2/06/2020 23:00,32.335,
3/06/2020 0:00,34.64,
3/06/2020 1:00,35.995,
3/06/2020 2:00,30.385,
3/06/2020 3:00,15.735,
3/06/2020 4:00,23.405,
3/06/2020 5:00,23.895,
3/06/2020 6:00,30.31,
3/06/2020 7:00,41.19,
3/06/2020 8:00,54.63,
3/06/2020 9:00,57.93,
3/06/2020 10:00,46.305,
3/06/2020 11:00,41.44,
3/06/2020 12:00,38.145,
3/06/2020 13:00,36.54,
3/06/2020 14:00,39.33,
3/06/2020 15:00,46.455,
3/06/2020 16:00,48.15,
3/06/2020 17:00,64.62,
3/06/2020 18:00,114.075,
3/06/2020 19:00,79.175,
3/06/2020 20:00,57.41,
3/06/2020 21:00,53.83,
3/06/2020 22:00,43.41,
3/06/2020 23:00,40.225,
4/06/2020 0:00,41.045,
4/06/2020 1:00,40.64,
4/06/2020 2:00,37.525,
4/06/2020 3:00,36.725,
4/06/2020 4:00,30.155,
4/06/2020 5:00,24.095,
4/06/2020 6:00,29.505,
4/06/2020 7:00,40.095,
4/06/2020 8:00,44.85,
4/06/2020 9:00,53.645,
4/06/2020 10:00,43.415,
4/06/2020 11:00,37.555,
4/06/2020 12:00,36.58,
4/06/2020 13:00,37.05,
4/06/2020 14:00,35.81,
4/06/2020 15:00,39.695,
4/06/2020 16:00,46.88,
4/06/2020 17:00,56.565,
4/06/2020 18:00,130.925,
4/06/2020 19:00,142.16,
4/06/2020 20:00,63.385,
4/06/2020 21:00,62.825,
4/06/2020 22:00,54.88,
4/06/2020 23:00,50.425,
5/06/2020 0:00,47.6,
5/06/2020 1:00,44.875,
5/06/2020 2:00,45.52,
5/06/2020 3:00,42.21,
5/06/2020 4:00,41.055,
5/06/2020 5:00,41.58,
5/06/2020 6:00,43.175,
5/06/2020 7:00,93.92,
5/06/2020 8:00,134.995,
5/06/2020 9:00,128.345,
5/06/2020 10:00,59.72,
5/06/2020 11:00,49.13,
5/06/2020 12:00,42.265,
5/06/2020 13:00,40.84,
5/06/2020 14:00,40.48,
5/06/2020 15:00,41.03,
5/06/2020 16:00,43.17,
5/06/2020 17:00,62.765,
5/06/2020 18:00,140.815,
5/06/2020 19:00,83.51,
5/06/2020 20:00,67.12,
5/06/2020 21:00,64.71,
5/06/2020 22:00,63.26,
5/06/2020 23:00,62.425,
6/06/2020 0:00,63.335,
6/06/2020 1:00,53.35,
6/06/2020 2:00,77.78,
6/06/2020 3:00,51.775,
6/06/2020 4:00,45.555,
6/06/2020 5:00,43.39,
6/06/2020 6:00,46.35,
6/06/2020 7:00,53.49,
6/06/2020 8:00,53.41,
6/06/2020 9:00,62.365,
6/06/2020 10:00,66.86,
6/06/2020 11:00,64.83,
6/06/2020 12:00,46.4,
6/06/2020 13:00,45.865,
6/06/2020 14:00,51.65,
6/06/2020 15:00,51.53,
6/06/2020 16:00,63.855,
6/06/2020 17:00,94.26,
6/06/2020 18:00,71.625,
6/06/2020 19:00,70.07,
6/06/2020 20:00,61.005,
6/06/2020 21:00,61.585,
6/06/2020 22:00,64.295,
6/06/2020 23:00,62.535,
7/06/2020 0:00,64.545,
7/06/2020 1:00,59.385,
7/06/2020 2:00,50.18,
7/06/2020 3:00,41.645,
7/06/2020 4:00,35.915,
7/06/2020 5:00,34.265,
7/06/2020 6:00,31.985,
7/06/2020 7:00,34.35,
7/06/2020 8:00,40.305,
7/06/2020 9:00,42.67,
7/06/2020 10:00,48.83,
7/06/2020 11:00,45.69,
7/06/2020 12:00,41.485,
7/06/2020 13:00,38.875,
7/06/2020 14:00,45.205,
7/06/2020 15:00,43.87,
7/06/2020 16:00,55.945,
7/06/2020 17:00,78.375,
7/06/2020 18:00,126.73,
7/06/2020 19:00,89.93,
7/06/2020 20:00,63.3,
7/06/2020 21:00,54.795,
7/06/2020 22:00,61.235,
7/06/2020 23:00,54.24,
8/06/2020 0:00,55.59,
8/06/2020 1:00,50,
8/06/2020 2:00,42.08,
8/06/2020 3:00,44.44,
8/06/2020 4:00,43.525,
8/06/2020 5:00,49.205,
8/06/2020 6:00,47.85,
8/06/2020 7:00,46.895,
8/06/2020 8:00,46.975,
8/06/2020 9:00,52.045,
8/06/2020 10:00,49.84,
8/06/2020 11:00,41.945,
8/06/2020 12:00,43.965,
8/06/2020 13:00,42.565,
8/06/2020 14:00,45.12,
8/06/2020 15:00,51.605,
8/06/2020 16:00,78.42,
8/06/2020 17:00,129.15,
8/06/2020 18:00,240.155,
8/06/2020 19:00,97.875,
8/06/2020 20:00,68.655,
8/06/2020 21:00,73.335,
8/06/2020 22:00,64.105,
8/06/2020 23:00,51.81,
9/06/2020 0:00,50.195,
9/06/2020 1:00,47.335,
9/06/2020 2:00,45.765,
9/06/2020 3:00,41.045,
9/06/2020 4:00,37.635,
9/06/2020 5:00,38.445,
9/06/2020 6:00,41.735,
9/06/2020 7:00,71.08,
9/06/2020 8:00,82.79,
9/06/2020 9:00,117.84,
9/06/2020 10:00,74.695,
9/06/2020 11:00,97.88,
9/06/2020 12:00,77.99,
9/06/2020 13:00,67.9,
9/06/2020 14:00,58.32,
9/06/2020 15:00,64.12,
9/06/2020 16:00,67.725,
9/06/2020 17:00,158,
9/06/2020 18:00,1326.37,
9/06/2020 19:00,164.95,
9/06/2020 20:00,156.385,
9/06/2020 21:00,85.61,
9/06/2020 22:00,72.72,
9/06/2020 23:00,68.93,
10/06/2020 0:00,69.71,
10/06/2020 1:00,85.375,
10/06/2020 2:00,73.115,
10/06/2020 3:00,61.235,
10/06/2020 4:00,55.695,
10/06/2020 5:00,49.545,
10/06/2020 6:00,53.01,
10/06/2020 7:00,63.115,
10/06/2020 8:00,140.68,
10/06/2020 9:00,226.64,
10/06/2020 10:00,132.47,
10/06/2020 11:00,87.675,
10/06/2020 12:00,82.715,
10/06/2020 13:00,86.03,
10/06/2020 14:00,80.855,
10/06/2020 15:00,71.275,
10/06/2020 16:00,72.865,
10/06/2020 17:00,124.245,
10/06/2020 18:00,581.275,
10/06/2020 19:00,324.99,
10/06/2020 20:00,156.255,
10/06/2020 21:00,85.64,
10/06/2020 22:00,77.165,
10/06/2020 23:00,67.5,
11/06/2020 0:00,62.665,
11/06/2020 1:00,70.47,
11/06/2020 2:00,68.87,
11/06/2020 3:00,61.79,
11/06/2020 4:00,55.09,
11/06/2020 5:00,56.71,
11/06/2020 6:00,66.72,
11/06/2020 7:00,84.495,
11/06/2020 8:00,257.26,
11/06/2020 9:00,227.125,
11/06/2020 10:00,131.825,
11/06/2020 11:00,72.91,
11/06/2020 12:00,57.31,
11/06/2020 13:00,48.565,
11/06/2020 14:00,47.235,
11/06/2020 15:00,51.165,
11/06/2020 16:00,64.875,
11/06/2020 17:00,79.24,
11/06/2020 18:00,146.915,
11/06/2020 19:00,264.79,
11/06/2020 20:00,111.255,
11/06/2020 21:00,118.965,
11/06/2020 22:00,93.945,
11/06/2020 23:00,86.635,
12/06/2020 0:00,96.97,
12/06/2020 1:00,94.645,
12/06/2020 2:00,55.55,
12/06/2020 3:00,45.09,
12/06/2020 4:00,37.875,
12/06/2020 5:00,35.52,
12/06/2020 6:00,42.76,
12/06/2020 7:00,56.94,
12/06/2020 8:00,67.665,
12/06/2020 9:00,52.81,
12/06/2020 10:00,49.605,
12/06/2020 11:00,49.575,
12/06/2020 12:00,39.54,
12/06/2020 13:00,35.115,
12/06/2020 14:00,34.675,
12/06/2020 15:00,36.19,
12/06/2020 16:00,41.13,
12/06/2020 17:00,47.215,
12/06/2020 18:00,50.335,
12/06/2020 19:00,44.14,
12/06/2020 20:00,38.76,
12/06/2020 21:00,33.68,
12/06/2020 22:00,32.765,
12/06/2020 23:00,29.41,
13/06/2020 0:00,34.375,
13/06/2020 1:00,39.59,
13/06/2020 2:00,30.085,
13/06/2020 3:00,10.685,
13/06/2020 4:00,-1.105,
13/06/2020 5:00,9.86,
13/06/2020 6:00,17.38,
13/06/2020 7:00,21.89,
13/06/2020 8:00,28.68,
13/06/2020 9:00,33.625,
13/06/2020 10:00,36.625,
13/06/2020 11:00,36.795,
13/06/2020 12:00,35.895,
13/06/2020 13:00,38.79,
13/06/2020 14:00,41.27,
13/06/2020 15:00,37.845,
13/06/2020 16:00,37.895,
13/06/2020 17:00,39.07,
13/06/2020 18:00,42.315,
13/06/2020 19:00,40.055,
13/06/2020 20:00,37.285,
13/06/2020 21:00,35.66,
13/06/2020 22:00,34.785,
13/06/2020 23:00,28.175,
14/06/2020 0:00,32.315,
14/06/2020 1:00,26.68,
14/06/2020 2:00,17.69,
14/06/2020 3:00,10.845,
14/06/2020 4:00,2.335,
14/06/2020 5:00,4.555,
14/06/2020 6:00,13.155,
14/06/2020 7:00,18.99,
14/06/2020 8:00,22.49,
14/06/2020 9:00,30.435,
14/06/2020 10:00,30.93,
14/06/2020 11:00,21.665,
14/06/2020 12:00,12.555,
14/06/2020 13:00,15.91,
14/06/2020 14:00,15.025,
14/06/2020 15:00,28.405,
14/06/2020 16:00,34.605,
14/06/2020 17:00,38.655,
14/06/2020 18:00,69.47,
14/06/2020 19:00,43.77,
14/06/2020 20:00,38.36,
14/06/2020 21:00,36.825,
14/06/2020 22:00,32.82,
14/06/2020 23:00,21.675,
15/06/2020 0:00,23.725,
15/06/2020 1:00,20.105,
15/06/2020 2:00,15.71,
15/06/2020 3:00,1.305,
15/06/2020 4:00,-3.455,
15/06/2020 5:00,7.09,
15/06/2020 6:00,9.555,
15/06/2020 7:00,28.35,
15/06/2020 8:00,37.255,
15/06/2020 9:00,40.06,
15/06/2020 10:00,38.95,
15/06/2020 11:00,36.11,
15/06/2020 12:00,26.93,
15/06/2020 13:00,11.225,
15/06/2020 14:00,12,
15/06/2020 15:00,11,
15/06/2020 16:00,17.31,
15/06/2020 17:00,30.655,
15/06/2020 18:00,44.22,
15/06/2020 19:00,40.84,
15/06/2020 20:00,37.05,
15/06/2020 21:00,33.45,
15/06/2020 22:00,28.675,
15/06/2020 23:00,22.595,
16/06/2020 0:00,36.825,
16/06/2020 1:00,34.18,
16/06/2020 2:00,20.13,
16/06/2020 3:00,-0.125,
16/06/2020 4:00,-0.26,
16/06/2020 5:00,-1.575,
16/06/2020 6:00,10.17,
16/06/2020 7:00,26.43,
16/06/2020 8:00,36.72,
16/06/2020 9:00,39.305,
16/06/2020 10:00,35.355,
16/06/2020 11:00,30.595,
16/06/2020 12:00,31.595,
16/06/2020 13:00,28.61,
16/06/2020 14:00,26.69,
16/06/2020 15:00,21.96,
16/06/2020 16:00,32.91,
16/06/2020 17:00,38.75,
16/06/2020 18:00,102.33,
16/06/2020 19:00,63.93,
16/06/2020 20:00,53.125,
16/06/2020 21:00,47.745,
16/06/2020 22:00,45.905,
16/06/2020 23:00,46.785,
17/06/2020 0:00,48.145,
17/06/2020 1:00,47.46,
17/06/2020 2:00,47.51,
17/06/2020 3:00,46.575,
17/06/2020 4:00,52.75,
17/06/2020 5:00,50.35,
17/06/2020 6:00,52.295,
17/06/2020 7:00,109.43,
17/06/2020 8:00,69.39,
17/06/2020 9:00,101.97,
17/06/2020 10:00,72.515,
17/06/2020 11:00,63.545,
17/06/2020 12:00,62.205,
17/06/2020 13:00,60.165,
17/06/2020 14:00,50.155,
17/06/2020 15:00,46.325,
17/06/2020 16:00,61.305,
17/06/2020 17:00,55.405,
17/06/2020 18:00,235.275,
17/06/2020 19:00,130.8,
17/06/2020 20:00,61.795,
17/06/2020 21:00,56.115,
17/06/2020 22:00,58.23,
17/06/2020 23:00,44.285,
18/06/2020 0:00,41.04,
18/06/2020 1:00,33.865,
18/06/2020 2:00,27.06,
18/06/2020 3:00,19.04,
18/06/2020 4:00,-9.14,
18/06/2020 5:00,-27.095,
18/06/2020 6:00,-30.83,
18/06/2020 7:00,-21.5,
18/06/2020 8:00,26.925,
18/06/2020 9:00,37.455,
18/06/2020 10:00,9.83,
18/06/2020 11:00,25.92,
18/06/2020 12:00,-3.53,
18/06/2020 13:00,-31.9,
18/06/2020 14:00,10.685,
18/06/2020 15:00,11.02,
18/06/2020 16:00,27.39,
18/06/2020 17:00,36.915,
18/06/2020 18:00,74.33,
18/06/2020 19:00,55.49,
18/06/2020 20:00,43.485,
18/06/2020 21:00,38.12,
18/06/2020 22:00,34.43,
18/06/2020 23:00,28.2,
19/06/2020 0:00,24.12,
19/06/2020 1:00,14.815,
19/06/2020 2:00,22.645,
19/06/2020 3:00,15.85,
19/06/2020 4:00,8.405,
19/06/2020 5:00,9.78,
19/06/2020 6:00,17.33,
19/06/2020 7:00,26.54,
19/06/2020 8:00,29.68,
19/06/2020 9:00,31.545,
19/06/2020 10:00,-1.765,
19/06/2020 11:00,-1.22,
19/06/2020 12:00,10.275,
19/06/2020 13:00,21.485,
19/06/2020 14:00,4.08,
19/06/2020 15:00,26.64,
19/06/2020 16:00,30.83,
19/06/2020 17:00,39.475,
19/06/2020 18:00,46.275,
19/06/2020 19:00,40.57,
19/06/2020 20:00,37.97,
19/06/2020 21:00,39.565,
19/06/2020 22:00,40.585,
19/06/2020 23:00,37.925,
20/06/2020 0:00,37.155,
20/06/2020 1:00,30.835,
20/06/2020 2:00,31.285,
20/06/2020 3:00,27.725,
20/06/2020 4:00,22.62,
20/06/2020 5:00,20.75,
20/06/2020 6:00,25.145,
20/06/2020 7:00,36.495,
20/06/2020 8:00,43.615,
20/06/2020 9:00,43.96,
20/06/2020 10:00,37.335,
20/06/2020 11:00,32.44,
20/06/2020 12:00,27.22,
20/06/2020 13:00,27.63,
20/06/2020 14:00,26.285,
20/06/2020 15:00,27.44,
20/06/2020 16:00,33,
20/06/2020 17:00,38.315,
20/06/2020 18:00,51.445,
20/06/2020 19:00,39.3,
20/06/2020 20:00,37.5,
20/06/2020 21:00,34.535,
20/06/2020 22:00,36.085,
20/06/2020 23:00,34.53,
21/06/2020 0:00,35.2,
21/06/2020 1:00,34.7,
21/06/2020 2:00,31.965,
21/06/2020 3:00,20.7,
21/06/2020 4:00,13.63,
21/06/2020 5:00,17.715,
21/06/2020 6:00,20.685,
21/06/2020 7:00,26.31,
21/06/2020 8:00,29.815,
21/06/2020 9:00,39.765,
21/06/2020 10:00,45.17,
21/06/2020 11:00,39.075,
21/06/2020 12:00,32,
21/06/2020 13:00,23.51,
21/06/2020 14:00,29.63,
21/06/2020 15:00,31.36,
21/06/2020 16:00,35.73,
21/06/2020 17:00,42.18,
21/06/2020 18:00,53.425,
21/06/2020 19:00,50.435,
21/06/2020 20:00,41.505,
21/06/2020 21:00,39.045,
21/06/2020 22:00,36.895,
21/06/2020 23:00,35.215,
22/06/2020 0:00,36.655,
22/06/2020 1:00,36.615,
22/06/2020 2:00,30.795,
22/06/2020 3:00,25.08,
22/06/2020 4:00,12.725,
22/06/2020 5:00,8.8,
22/06/2020 6:00,21.25,
22/06/2020 7:00,32.46,
22/06/2020 8:00,69.945,
22/06/2020 9:00,93.13,
22/06/2020 10:00,63.81,
22/06/2020 11:00,65.56,
22/06/2020 12:00,47.655,
22/06/2020 13:00,39.785,
22/06/2020 14:00,32.93,
22/06/2020 15:00,34.63,
22/06/2020 16:00,34.125,
22/06/2020 17:00,37.055,
22/06/2020 18:00,49.005,
22/06/2020 19:00,43.19,
22/06/2020 20:00,35.075,
22/06/2020 21:00,37.65,
22/06/2020 22:00,37.31,
22/06/2020 23:00,34.14,
23/06/2020 0:00,34.91,
23/06/2020 1:00,33.905,
23/06/2020 2:00,29.1,
23/06/2020 3:00,25.02,
23/06/2020 4:00,19.7,
23/06/2020 5:00,12.01,
23/06/2020 6:00,10.77,
23/06/2020 7:00,34.755,
23/06/2020 8:00,45.355,
23/06/2020 9:00,55.865,
23/06/2020 10:00,60.735,
23/06/2020 11:00,54.31,
23/06/2020 12:00,44.31,
23/06/2020 13:00,44.61,
23/06/2020 14:00,46.07,
23/06/2020 15:00,43.695,
23/06/2020 16:00,44.925,
23/06/2020 17:00,56.55,
23/06/2020 18:00,185.3,
23/06/2020 19:00,63.015,
23/06/2020 20:00,49.83,
23/06/2020 21:00,47.875,
23/06/2020 22:00,46.595,
23/06/2020 23:00,51.11,
24/06/2020 0:00,55.43,
24/06/2020 1:00,56.835,
24/06/2020 2:00,44.32,
24/06/2020 3:00,40.93,
24/06/2020 4:00,36.685,
24/06/2020 5:00,33.665,
24/06/2020 6:00,39.99,
24/06/2020 7:00,52.22,
24/06/2020 8:00,114.58,
24/06/2020 9:00,58.21,
24/06/2020 10:00,58.155,
24/06/2020 11:00,63.765,
24/06/2020 12:00,49.405,
24/06/2020 13:00,74.26,
24/06/2020 14:00,56.92,
24/06/2020 15:00,45.665,
24/06/2020 16:00,52.24,
24/06/2020 17:00,53.375,
24/06/2020 18:00,132.7,
24/06/2020 19:00,70.655,
24/06/2020 20:00,58.175,
24/06/2020 21:00,56.045,
24/06/2020 22:00,45.195,
24/06/2020 23:00,39.895,
25/06/2020 0:00,39.95,
25/06/2020 1:00,38.11,
25/06/2020 2:00,31.31,
25/06/2020 3:00,24.96,
25/06/2020 4:00,18.335,
25/06/2020 5:00,14.675,
25/06/2020 6:00,20.32,
25/06/2020 7:00,32.275,
25/06/2020 8:00,42.9,
25/06/2020 9:00,45.09,
25/06/2020 10:00,46.705,
25/06/2020 11:00,43.57,
25/06/2020 12:00,35.57,
25/06/2020 13:00,34.855,
25/06/2020 14:00,34.88,
25/06/2020 15:00,33.74,
25/06/2020 16:00,37.86,
25/06/2020 17:00,40.71,
25/06/2020 18:00,58.135,
25/06/2020 19:00,81.25,
25/06/2020 20:00,52.49,
25/06/2020 21:00,53.39,
25/06/2020 22:00,54.945,
25/06/2020 23:00,46.385,
26/06/2020 0:00,76.15,
26/06/2020 1:00,48.705,
26/06/2020 2:00,43.66,
26/06/2020 3:00,38.59,
26/06/2020 4:00,38.555,
26/06/2020 5:00,39.975,
26/06/2020 6:00,45.695,
26/06/2020 7:00,60.255,
26/06/2020 8:00,100.605,
26/06/2020 9:00,82.125,
26/06/2020 10:00,47.45,
26/06/2020 11:00,49.535,
26/06/2020 12:00,42.47,
26/06/2020 13:00,37.975,
26/06/2020 14:00,41.99,
26/06/2020 15:00,45.93,
26/06/2020 16:00,52.21,
26/06/2020 17:00,62.89,
26/06/2020 18:00,104.875,
26/06/2020 19:00,88.1,
26/06/2020 20:00,67.38,
26/06/2020 21:00,65.31,
26/06/2020 22:00,74.98,
26/06/2020 23:00,57.775,
27/06/2020 0:00,66.535,
27/06/2020 1:00,59.595,
27/06/2020 2:00,44.495,
27/06/2020 3:00,41.655,
27/06/2020 4:00,36.75,
27/06/2020 5:00,38.085,
27/06/2020 6:00,37.985,
27/06/2020 7:00,37.985,
27/06/2020 8:00,40.205,
27/06/2020 9:00,45.06,
27/06/2020 10:00,42.83,
27/06/2020 11:00,36.81,
27/06/2020 12:00,30.185,
27/06/2020 13:00,29.63,
27/06/2020 14:00,32.46,
27/06/2020 15:00,35.395,
27/06/2020 16:00,39.4,
27/06/2020 17:00,54.22,
27/06/2020 18:00,112.75,
27/06/2020 19:00,100.395,
27/06/2020 20:00,69.35,
27/06/2020 21:00,56.565,
27/06/2020 22:00,49.74,
27/06/2020 23:00,54.355,
28/06/2020 0:00,48.425,
28/06/2020 1:00,45.42,
28/06/2020 2:00,42.87,
28/06/2020 3:00,41.02,
28/06/2020 4:00,36.915,
28/06/2020 5:00,34.88,
28/06/2020 6:00,32.76,
28/06/2020 7:00,35.975,
28/06/2020 8:00,39.75,
28/06/2020 9:00,42.16,
28/06/2020 10:00,40.7,
28/06/2020 11:00,36.375,
28/06/2020 12:00,29.105,
28/06/2020 13:00,25.915,
28/06/2020 14:00,22.195,
28/06/2020 15:00,27.27,
28/06/2020 16:00,33.225,
28/06/2020 17:00,50.54,
28/06/2020 18:00,156.33,
28/06/2020 19:00,137.08,
28/06/2020 20:00,71.865,
28/06/2020 21:00,49.54,
28/06/2020 22:00,41.235,
28/06/2020 23:00,36.155,
29/06/2020 0:00,32.71,
29/06/2020 1:00,31.425,
29/06/2020 2:00,28.745,
29/06/2020 3:00,16.89,
29/06/2020 4:00,10.115,
29/06/2020 5:00,12.37,
29/06/2020 6:00,26.63,
29/06/2020 7:00,46.845,
29/06/2020 8:00,50.495,
29/06/2020 9:00,75.165,
29/06/2020 10:00,46.23,
29/06/2020 11:00,47.82,
29/06/2020 12:00,38.48,
29/06/2020 13:00,34.35,
29/06/2020 14:00,32.325,
29/06/2020 15:00,32.82,
29/06/2020 16:00,34.8,
29/06/2020 17:00,51.275,
29/06/2020 18:00,74.46,
29/06/2020 19:00,54.935,
29/06/2020 20:00,39.375,
29/06/2020 21:00,35.14,
29/06/2020 22:00,34.005,
29/06/2020 23:00,31.985,
30/06/2020 0:00,30.03,
30/06/2020 1:00,24.64,
30/06/2020 2:00,22.255,
30/06/2020 3:00,12.42,
30/06/2020 4:00,6.945,
30/06/2020 5:00,9.67,
30/06/2020 6:00,25.08,
30/06/2020 7:00,30.43,
30/06/2020 8:00,55.48,
30/06/2020 9:00,42.43,
30/06/2020 10:00,35.805,
30/06/2020 11:00,34.18,
30/06/2020 12:00,21.59,
30/06/2020 13:00,-0.3,
30/06/2020 14:00,0.945,
30/06/2020 15:00,27.995,
30/06/2020 16:00,30.635,
30/06/2020 17:00,43.805,
30/06/2020 18:00,52.76,
30/06/2020 19:00,53.595,
30/06/2020 20:00,42.775,
30/06/2020 21:00,44.49,
30/06/2020 22:00,43.545,
30/06/2020 23:00,40.045,
1/07/2020 0:00,41.3,
1/07/2020 1:00,45.25,
1/07/2020 2:00,37.025,
1/07/2020 3:00,15.825,
1/07/2020 4:00,0.855,
1/07/2020 5:00,8.765,
1/07/2020 6:00,12.25,
1/07/2020 7:00,32.575,
1/07/2020 8:00,54.735,
1/07/2020 9:00,49.295,
1/07/2020 10:00,40.04,
1/07/2020 11:00,31.91,
1/07/2020 12:00,20.6,
1/07/2020 13:00,12.05,
1/07/2020 14:00,10.08,
1/07/2020 15:00,17.83,
1/07/2020 16:00,22.88,
1/07/2020 17:00,38.195,
1/07/2020 18:00,56.26,
1/07/2020 19:00,55.355,
1/07/2020 20:00,53.785,
1/07/2020 21:00,50.53,
1/07/2020 22:00,38.73,
1/07/2020 23:00,33.355,
2/07/2020 0:00,34.59,
2/07/2020 1:00,31.765,
2/07/2020 2:00,25.635,
2/07/2020 3:00,16.69,
2/07/2020 4:00,10.735,
2/07/2020 5:00,11.75,
2/07/2020 6:00,13.06,
2/07/2020 7:00,35.54,
2/07/2020 8:00,41.49,
2/07/2020 9:00,64.08,
2/07/2020 10:00,43.995,
2/07/2020 11:00,34.72,
2/07/2020 12:00,31.42,
2/07/2020 13:00,28.185,
2/07/2020 14:00,28.09,
2/07/2020 15:00,35.665,
2/07/2020 16:00,38.535,
2/07/2020 17:00,41.51,
2/07/2020 18:00,49.945,
2/07/2020 19:00,55.68,
2/07/2020 20:00,44.025,
2/07/2020 21:00,42.54,
2/07/2020 22:00,41.98,
2/07/2020 23:00,40.23,
3/07/2020 0:00,47.42,
3/07/2020 1:00,43.67,
3/07/2020 2:00,37.815,
3/07/2020 3:00,27.36,
3/07/2020 4:00,16.02,
3/07/2020 5:00,21.175,
3/07/2020 6:00,22.77,
3/07/2020 7:00,40.865,
3/07/2020 8:00,39.665,
3/07/2020 9:00,41.93,
3/07/2020 10:00,42.095,
3/07/2020 11:00,45.47,
3/07/2020 12:00,42.335,
3/07/2020 13:00,56.53,
3/07/2020 14:00,50.67,
3/07/2020 15:00,16.025,
3/07/2020 16:00,35.685,
3/07/2020 17:00,43.825,
3/07/2020 18:00,39.72,
3/07/2020 19:00,43.58,
3/07/2020 20:00,47.325,
3/07/2020 21:00,42.875,
3/07/2020 22:00,43.565,
3/07/2020 23:00,49.895,
4/07/2020 0:00,43.385,
4/07/2020 1:00,42.3,
4/07/2020 2:00,40.66,
4/07/2020 3:00,39.995,
4/07/2020 4:00,28.195,
4/07/2020 5:00,28.44,
4/07/2020 6:00,26.065,
4/07/2020 7:00,42.435,
4/07/2020 8:00,41.895,
4/07/2020 9:00,60,
4/07/2020 10:00,62.175,
4/07/2020 11:00,46.195,
4/07/2020 12:00,48.615,
4/07/2020 13:00,44.17,
4/07/2020 14:00,36.94,
4/07/2020 15:00,44.055,
4/07/2020 16:00,51.975,
4/07/2020 17:00,53.515,
4/07/2020 18:00,52.895,
4/07/2020 19:00,66.11,
4/07/2020 20:00,63,
4/07/2020 21:00,63.005,
4/07/2020 22:00,63,
4/07/2020 23:00,62.645,
5/07/2020 0:00,65.02,
5/07/2020 1:00,63.685,
5/07/2020 2:00,55.795,
5/07/2020 3:00,40.745,
5/07/2020 4:00,14.52,
5/07/2020 5:00,19.545,
5/07/2020 6:00,27.01,
5/07/2020 7:00,36.58,
5/07/2020 8:00,38.08,
5/07/2020 9:00,43.49,
5/07/2020 10:00,42.835,
5/07/2020 11:00,43.18,
5/07/2020 12:00,46.23,
5/07/2020 13:00,39.8,
5/07/2020 14:00,39.895,
5/07/2020 15:00,47.89,
5/07/2020 16:00,57.86,
5/07/2020 17:00,61.58,
5/07/2020 18:00,75.365,
5/07/2020 19:00,63.01,
5/07/2020 20:00,63.37,
5/07/2020 21:00,65.975,
5/07/2020 22:00,64.215,
5/07/2020 23:00,63.35,
6/07/2020 0:00,64.68,
6/07/2020 1:00,63.74,
6/07/2020 2:00,60.47,
6/07/2020 3:00,54.355,
6/07/2020 4:00,45.13,
6/07/2020 5:00,45.175,
6/07/2020 6:00,43.305,
6/07/2020 7:00,47.275,
6/07/2020 8:00,48.97,
6/07/2020 9:00,49.89,
6/07/2020 10:00,55.595,
6/07/2020 11:00,47.615,
6/07/2020 12:00,51.165,
6/07/2020 13:00,59.465,
6/07/2020 14:00,62.56,
6/07/2020 15:00,64.915,
6/07/2020 16:00,63.225,
6/07/2020 17:00,67.435,
6/07/2020 18:00,189.865,
6/07/2020 19:00,113.285,
6/07/2020 20:00,61.63,
6/07/2020 21:00,48.195,
6/07/2020 22:00,45.56,
6/07/2020 23:00,42.655,
7/07/2020 0:00,46.935,
7/07/2020 1:00,44.63,
7/07/2020 2:00,40.36,
7/07/2020 3:00,36.11,
7/07/2020 4:00,31.985,
7/07/2020 5:00,32.875,
7/07/2020 6:00,43.755,
7/07/2020 7:00,42.555,
7/07/2020 8:00,42.96,
7/07/2020 9:00,61.485,
7/07/2020 10:00,79.8,
7/07/2020 11:00,92.95,
7/07/2020 12:00,134.98,
7/07/2020 13:00,105.385,
7/07/2020 14:00,73.965,
7/07/2020 15:00,69.72,
7/07/2020 16:00,76.58,
7/07/2020 17:00,108.72,
7/07/2020 18:00,169.78,
7/07/2020 19:00,118.7,
7/07/2020 20:00,121.445,
7/07/2020 21:00,82.165,
7/07/2020 22:00,69.915,
7/07/2020 23:00,95.96,
8/07/2020 0:00,64.85,
8/07/2020 1:00,62.91,
8/07/2020 2:00,54.16,
8/07/2020 3:00,53.115,
8/07/2020 4:00,53.84,
8/07/2020 5:00,59.225,
8/07/2020 6:00,65.035,
8/07/2020 7:00,87.32,
8/07/2020 8:00,93.035,
8/07/2020 9:00,125.725,
8/07/2020 10:00,81.16,
8/07/2020 11:00,65.89,
8/07/2020 12:00,58.72,
8/07/2020 13:00,51.65,
8/07/2020 14:00,50.26,
8/07/2020 15:00,57.9,
8/07/2020 16:00,73.045,
8/07/2020 17:00,70.095,
8/07/2020 18:00,154.285,
8/07/2020 19:00,84.445,
8/07/2020 20:00,96.925,
8/07/2020 21:00,69.19,
8/07/2020 22:00,62.35,
8/07/2020 23:00,59.23,
9/07/2020 0:00,55.665,
9/07/2020 1:00,44.55,
9/07/2020 2:00,44.735,
9/07/2020 3:00,41.99,
9/07/2020 4:00,40.1,
9/07/2020 5:00,36.725,
9/07/2020 6:00,45.685,
9/07/2020 7:00,48.595,
9/07/2020 8:00,57.99,
9/07/2020 9:00,80.945,
9/07/2020 10:00,62.915,
9/07/2020 11:00,59.41,
9/07/2020 12:00,44.215,
9/07/2020 13:00,15.635,
9/07/2020 14:00,44.49,
9/07/2020 15:00,55.14,
9/07/2020 16:00,66.13,
9/07/2020 17:00,64.56,
9/07/2020 18:00,165.135,
9/07/2020 19:00,117.725,
9/07/2020 20:00,69.055,
9/07/2020 21:00,63,
9/07/2020 22:00,58.405,
9/07/2020 23:00,50.205,
10/07/2020 0:00,56.87,
10/07/2020 1:00,49.12,
10/07/2020 2:00,43.545,
10/07/2020 3:00,33.37,
10/07/2020 4:00,29.865,
10/07/2020 5:00,36,
10/07/2020 6:00,38.955,
10/07/2020 7:00,50.835,
10/07/2020 8:00,51.19,
10/07/2020 9:00,98.29,
10/07/2020 10:00,89.435,
10/07/2020 11:00,67.86,
10/07/2020 12:00,61.55,
10/07/2020 13:00,61.145,
10/07/2020 14:00,62.97,
10/07/2020 15:00,64.04,
10/07/2020 16:00,66.31,
10/07/2020 17:00,86.225,
10/07/2020 18:00,96.42,
10/07/2020 19:00,56.465,
10/07/2020 20:00,62.555,
10/07/2020 21:00,62.9,
10/07/2020 22:00,58.505,
10/07/2020 23:00,53.665,
11/07/2020 0:00,51.68,
11/07/2020 1:00,51.765,
11/07/2020 2:00,65.885,
11/07/2020 3:00,63.205,
11/07/2020 4:00,60.305,
11/07/2020 5:00,37.7,
11/07/2020 6:00,41.775,
11/07/2020 7:00,49.715,
11/07/2020 8:00,54.92,
11/07/2020 9:00,61.58,
11/07/2020 10:00,69.77,
11/07/2020 11:00,64.65,
11/07/2020 12:00,74.885,
11/07/2020 13:00,80.475,
11/07/2020 14:00,92.07,
11/07/2020 15:00,112.615,
11/07/2020 16:00,75.795,
11/07/2020 17:00,55.16,
11/07/2020 18:00,90.755,
11/07/2020 19:00,175.665,
11/07/2020 20:00,93.49,
11/07/2020 21:00,80.605,
11/07/2020 22:00,85.355,
11/07/2020 23:00,84.93,
12/07/2020 0:00,70.12,
12/07/2020 1:00,83.08,
12/07/2020 2:00,65.745,
12/07/2020 3:00,71.15,
12/07/2020 4:00,64.58,
12/07/2020 5:00,50.3,
12/07/2020 6:00,40.59,
12/07/2020 7:00,38.995,
12/07/2020 8:00,44.11,
12/07/2020 9:00,43.485,
12/07/2020 10:00,56.095,
12/07/2020 11:00,53.655,
12/07/2020 12:00,41.045,
12/07/2020 13:00,42.48,
12/07/2020 14:00,44.285,
12/07/2020 15:00,45.84,
12/07/2020 16:00,58.62,
12/07/2020 17:00,67.64,
12/07/2020 18:00,62.615,
12/07/2020 19:00,84.87,
12/07/2020 20:00,59.345,
12/07/2020 21:00,62.46,
12/07/2020 22:00,63.11,
12/07/2020 23:00,55.46,
13/07/2020 0:00,56.29,
13/07/2020 1:00,46.47,
13/07/2020 2:00,33.9,
13/07/2020 3:00,15.585,
13/07/2020 4:00,28.71,
13/07/2020 5:00,43.215,
13/07/2020 6:00,47.835,
13/07/2020 7:00,60.115,
13/07/2020 8:00,65.07,
13/07/2020 9:00,75.29,
13/07/2020 10:00,64.14,
13/07/2020 11:00,62.845,
13/07/2020 12:00,47.105,
13/07/2020 13:00,51.2,
13/07/2020 14:00,51.15,
13/07/2020 15:00,51.44,
13/07/2020 16:00,52.285,
13/07/2020 17:00,64.045,
13/07/2020 18:00,122.385,
13/07/2020 19:00,106.98,
13/07/2020 20:00,62.99,
13/07/2020 21:00,63.29,
13/07/2020 22:00,63.675,
13/07/2020 23:00,63.105,
14/07/2020 0:00,63,
14/07/2020 1:00,62.775,
14/07/2020 2:00,56.285,
14/07/2020 3:00,50.98,
14/07/2020 4:00,42.385,
14/07/2020 5:00,43.15,
14/07/2020 6:00,51.165,
14/07/2020 7:00,56.735,
14/07/2020 8:00,81.235,
14/07/2020 9:00,61.92,
14/07/2020 10:00,58.615,
14/07/2020 11:00,59.545,
14/07/2020 12:00,57.395,
14/07/2020 13:00,48.84,
14/07/2020 14:00,52.815,
14/07/2020 15:00,48.27,
14/07/2020 16:00,52.94,
14/07/2020 17:00,74.61,
14/07/2020 18:00,94.925,
14/07/2020 19:00,91.495,
14/07/2020 20:00,63.11,
14/07/2020 21:00,69.625,
14/07/2020 22:00,62.565,
14/07/2020 23:00,57.005,
15/07/2020 0:00,62.63,
15/07/2020 1:00,61.04,
15/07/2020 2:00,64.98,
15/07/2020 3:00,50.415,
15/07/2020 4:00,45.5,
15/07/2020 5:00,57.835,
15/07/2020 6:00,54.945,
15/07/2020 7:00,67.17,
15/07/2020 8:00,63.845,
15/07/2020 9:00,64.65,
15/07/2020 10:00,63.67,
15/07/2020 11:00,59.43,
15/07/2020 12:00,56.25,
15/07/2020 13:00,47.875,
15/07/2020 14:00,43.4,
15/07/2020 15:00,48.035,
15/07/2020 16:00,56.55,
15/07/2020 17:00,62.115,
15/07/2020 18:00,93.965,
15/07/2020 19:00,98.685,
15/07/2020 20:00,71.95,
15/07/2020 21:00,77.365,
15/07/2020 22:00,86.945,
15/07/2020 23:00,105.035,
16/07/2020 0:00,79.08,
16/07/2020 1:00,61.85,
16/07/2020 2:00,61.27,
16/07/2020 3:00,58.41,
16/07/2020 4:00,56.995,
16/07/2020 5:00,56.52,
16/07/2020 6:00,61.275,
16/07/2020 7:00,80.185,
16/07/2020 8:00,101.66,
16/07/2020 9:00,142.405,
16/07/2020 10:00,117.91,
16/07/2020 11:00,92.74,
16/07/2020 12:00,67.18,
16/07/2020 13:00,60.065,
16/07/2020 14:00,54.915,
16/07/2020 15:00,63.31,
16/07/2020 16:00,76.375,
16/07/2020 17:00,57.97,
16/07/2020 18:00,128.75,
16/07/2020 19:00,91.285,
16/07/2020 20:00,86,
16/07/2020 21:00,73.535,
16/07/2020 22:00,85.51,
16/07/2020 23:00,83.32,
17/07/2020 0:00,85.665,
17/07/2020 1:00,83.99,
17/07/2020 2:00,83.08,
17/07/2020 3:00,77.46,
17/07/2020 4:00,59.505,
17/07/2020 5:00,74.495,
17/07/2020 6:00,69.28,
17/07/2020 7:00,70.93,
17/07/2020 8:00,81.655,
17/07/2020 9:00,114.58,
17/07/2020 10:00,65.03,
17/07/2020 11:00,78.615,
17/07/2020 12:00,61.31,
17/07/2020 13:00,58.865,
17/07/2020 14:00,37.55,
17/07/2020 15:00,35.93,
17/07/2020 16:00,46.215,
17/07/2020 17:00,61.95,
17/07/2020 18:00,107.38,
17/07/2020 19:00,101.925,
17/07/2020 20:00,67.255,
17/07/2020 21:00,64.515,
17/07/2020 22:00,58.415,
17/07/2020 23:00,50.35,
18/07/2020 0:00,47.7,
18/07/2020 1:00,40.455,
18/07/2020 2:00,40.295,
18/07/2020 3:00,34.485,
18/07/2020 4:00,30.485,
18/07/2020 5:00,24.765,
18/07/2020 6:00,27.71,
18/07/2020 7:00,32.68,
18/07/2020 8:00,38.22,
18/07/2020 9:00,40.525,
18/07/2020 10:00,40.91,
18/07/2020 11:00,36.825,
18/07/2020 12:00,29.675,
18/07/2020 13:00,35.905,
18/07/2020 14:00,36.405,
18/07/2020 15:00,39.095,
18/07/2020 16:00,39.06,
18/07/2020 17:00,42.495,
18/07/2020 18:00,46.46,
18/07/2020 19:00,51.875,
18/07/2020 20:00,52.99,
18/07/2020 21:00,43.24,
18/07/2020 22:00,40.67,
18/07/2020 23:00,43.365,
19/07/2020 0:00,59.95,
19/07/2020 1:00,44.895,
19/07/2020 2:00,42.94,
19/07/2020 3:00,30.12,
19/07/2020 4:00,20.465,
19/07/2020 5:00,15.465,
19/07/2020 6:00,20.8,
19/07/2020 7:00,23.37,
19/07/2020 8:00,30.7,
19/07/2020 9:00,32.155,
19/07/2020 10:00,26.18,
19/07/2020 11:00,8.865,
19/07/2020 12:00,-2.795,
19/07/2020 13:00,-9.72,
19/07/2020 14:00,-20.375,
19/07/2020 15:00,-112.295,
19/07/2020 16:00,-41.01,
19/07/2020 17:00,-140.515,
19/07/2020 18:00,52.55,
19/07/2020 19:00,56.305,
19/07/2020 20:00,43.775,
19/07/2020 21:00,41.745,
19/07/2020 22:00,40.5,
19/07/2020 23:00,36.565,
20/07/2020 0:00,38.8,
20/07/2020 1:00,42.755,
20/07/2020 2:00,31.495,
20/07/2020 3:00,21.87,
20/07/2020 4:00,26.55,
20/07/2020 5:00,29.735,
20/07/2020 6:00,40.855,
20/07/2020 7:00,101.73,
20/07/2020 8:00,76.07,
20/07/2020 9:00,83.37,
20/07/2020 10:00,54.1,
20/07/2020 11:00,50.23,
20/07/2020 12:00,59.755,
20/07/2020 13:00,55.855,
20/07/2020 14:00,46.835,
20/07/2020 15:00,45.91,
20/07/2020 16:00,51.17,
20/07/2020 17:00,59.105,
20/07/2020 18:00,94.335,
20/07/2020 19:00,91.24,
20/07/2020 20:00,69.06,
20/07/2020 21:00,64,
20/07/2020 22:00,72.305,
20/07/2020 23:00,56.835,
21/07/2020 0:00,75.14,
21/07/2020 1:00,62.485,
21/07/2020 2:00,47.57,
21/07/2020 3:00,51.345,
21/07/2020 4:00,52.545,
21/07/2020 5:00,56.79,
21/07/2020 6:00,50.34,
21/07/2020 7:00,79.215,
21/07/2020 8:00,88.23,
21/07/2020 9:00,84.635,
21/07/2020 10:00,84.095,
21/07/2020 11:00,82.16,
21/07/2020 12:00,82.395,
21/07/2020 13:00,85.94,
21/07/2020 14:00,86,
21/07/2020 15:00,71.065,
21/07/2020 16:00,63.945,
21/07/2020 17:00,131.6,
21/07/2020 18:00,180.425,
21/07/2020 19:00,228.6,
21/07/2020 20:00,169.505,
21/07/2020 21:00,92.925,
21/07/2020 22:00,67.545,
21/07/2020 23:00,57.38,
22/07/2020 0:00,59.145,
22/07/2020 1:00,57.225,
22/07/2020 2:00,60.545,
22/07/2020 3:00,58.87,
22/07/2020 4:00,57.2,
22/07/2020 5:00,54.505,
22/07/2020 6:00,56.435,
22/07/2020 7:00,78.69,
22/07/2020 8:00,181.645,
22/07/2020 9:00,94.455,
22/07/2020 10:00,69.17,
22/07/2020 11:00,80.045,
22/07/2020 12:00,63.425,
22/07/2020 13:00,73.825,
22/07/2020 14:00,85.6,
22/07/2020 15:00,75.785,
22/07/2020 16:00,64.945,
22/07/2020 17:00,95.26,
22/07/2020 18:00,227.45,
22/07/2020 19:00,209.83,
22/07/2020 20:00,71.325,
22/07/2020 21:00,73.265,
22/07/2020 22:00,69.995,
22/07/2020 23:00,74.44,
23/07/2020 0:00,67.63,
23/07/2020 1:00,63.97,
23/07/2020 2:00,52.055,
23/07/2020 3:00,44.505,
23/07/2020 4:00,50.15,
23/07/2020 5:00,45.59,
23/07/2020 6:00,49.435,
23/07/2020 7:00,71.13,
23/07/2020 8:00,171.755,
23/07/2020 9:00,145.89,
23/07/2020 10:00,59.775,
23/07/2020 11:00,61.485,
23/07/2020 12:00,62.405,
23/07/2020 13:00,60.64,
23/07/2020 14:00,73.39,
23/07/2020 15:00,71.38,
23/07/2020 16:00,66.245,
23/07/2020 17:00,61.89,
23/07/2020 18:00,143.09,
23/07/2020 19:00,221.79,
23/07/2020 20:00,85.765,
23/07/2020 21:00,84.685,
23/07/2020 22:00,66.62,
23/07/2020 23:00,53.48,
24/07/2020 0:00,51.965,
24/07/2020 1:00,36.595,
24/07/2020 2:00,-1.305,
24/07/2020 3:00,-0.87,
24/07/2020 4:00,-4.37,
24/07/2020 5:00,18.005,
24/07/2020 6:00,22.08,
24/07/2020 7:00,27.265,
24/07/2020 8:00,66.815,
24/07/2020 9:00,51.135,
24/07/2020 10:00,53.2,
24/07/2020 11:00,58.15,
24/07/2020 12:00,32.035,
24/07/2020 13:00,-29.415,
24/07/2020 14:00,-51.66,
24/07/2020 15:00,9.175,
24/07/2020 16:00,47.005,
24/07/2020 17:00,68.225,
24/07/2020 18:00,99.215,
24/07/2020 19:00,113.625,
24/07/2020 20:00,69.39,
24/07/2020 21:00,76.69,
24/07/2020 22:00,68.55,
24/07/2020 23:00,67.83,
25/07/2020 0:00,69.11,
25/07/2020 1:00,66.97,
25/07/2020 2:00,67.14,
25/07/2020 3:00,63.425,
25/07/2020 4:00,62.875,
25/07/2020 5:00,62.185,
25/07/2020 6:00,62.855,
25/07/2020 7:00,66.225,
25/07/2020 8:00,72.14,
25/07/2020 9:00,66.885,
25/07/2020 10:00,62.585,
25/07/2020 11:00,56.405,
25/07/2020 12:00,55.365,
25/07/2020 13:00,57.65,
25/07/2020 14:00,59.48,
25/07/2020 15:00,54.065,
25/07/2020 16:00,55,
25/07/2020 17:00,51.68,
25/07/2020 18:00,68.81,
25/07/2020 19:00,125.25,
25/07/2020 20:00,60.22,
25/07/2020 21:00,72.965,
25/07/2020 22:00,64.97,
25/07/2020 23:00,59.08,
26/07/2020 0:00,63.315,
26/07/2020 1:00,62.18,
26/07/2020 2:00,61.32,
26/07/2020 3:00,60.955,
26/07/2020 4:00,54.605,
26/07/2020 5:00,55.77,
26/07/2020 6:00,56.785,
26/07/2020 7:00,48.325,
26/07/2020 8:00,64.565,
26/07/2020 9:00,68.355,
26/07/2020 10:00,72.315,
26/07/2020 11:00,62.005,
26/07/2020 12:00,60.76,
26/07/2020 13:00,65.135,
26/07/2020 14:00,55.85,
26/07/2020 15:00,62.035,
26/07/2020 16:00,71.995,
26/07/2020 17:00,59.5,
26/07/2020 18:00,127.645,
26/07/2020 19:00,91.155,
26/07/2020 20:00,67.28,
26/07/2020 21:00,69.95,
26/07/2020 22:00,73.21,
26/07/2020 23:00,63.885,
27/07/2020 0:00,64.995,
27/07/2020 1:00,61.32,
27/07/2020 2:00,44.205,
27/07/2020 3:00,37.4,
27/07/2020 4:00,25.52,
27/07/2020 5:00,25.665,
27/07/2020 6:00,28.785,
27/07/2020 7:00,44.29,
27/07/2020 8:00,62.545,
27/07/2020 9:00,156.21,
27/07/2020 10:00,124.495,
27/07/2020 11:00,59.28,
27/07/2020 12:00,52.57,
27/07/2020 13:00,45.52,
27/07/2020 14:00,7.56,
27/07/2020 15:00,5.02,
27/07/2020 16:00,42.065,
27/07/2020 17:00,51.795,
27/07/2020 18:00,68.59,
27/07/2020 19:00,53.435,
27/07/2020 20:00,40.195,
27/07/2020 21:00,40.12,
27/07/2020 22:00,55.37,
27/07/2020 23:00,44.355,
28/07/2020 0:00,49.94,
28/07/2020 1:00,46.375,
28/07/2020 2:00,39.41,
28/07/2020 3:00,31.02,
28/07/2020 4:00,33.885,
28/07/2020 5:00,37.18,
28/07/2020 6:00,36.335,
28/07/2020 7:00,62.365,
28/07/2020 8:00,54.68,
28/07/2020 9:00,73.31,
28/07/2020 10:00,62.735,
28/07/2020 11:00,72.925,
28/07/2020 12:00,73.455,
28/07/2020 13:00,74.25,
28/07/2020 14:00,48.795,
28/07/2020 15:00,44.585,
28/07/2020 16:00,64.015,
28/07/2020 17:00,67.265,
28/07/2020 18:00,54.375,
28/07/2020 19:00,101.175,
28/07/2020 20:00,56.17,
28/07/2020 21:00,59.33,
28/07/2020 22:00,75.51,
28/07/2020 23:00,67.895,
29/07/2020 0:00,100,
29/07/2020 1:00,85.75,
29/07/2020 2:00,79.67,
29/07/2020 3:00,76.595,
29/07/2020 4:00,61.63,
29/07/2020 5:00,75.515,
29/07/2020 6:00,80.67,
29/07/2020 7:00,95.525,
29/07/2020 8:00,68.02,
29/07/2020 9:00,77.005,
29/07/2020 10:00,70.38,
29/07/2020 11:00,56.93,
29/07/2020 12:00,45.58,
29/07/2020 13:00,31.68,
29/07/2020 14:00,16.87,
29/07/2020 15:00,34.7,
29/07/2020 16:00,39.925,
29/07/2020 17:00,56.965,
29/07/2020 18:00,92.66,
29/07/2020 19:00,88.01,
29/07/2020 20:00,63,
29/07/2020 21:00,70.865,
29/07/2020 22:00,65,
29/07/2020 23:00,73.075,
30/07/2020 0:00,71.785,
30/07/2020 1:00,62.615,
30/07/2020 2:00,58.32,
30/07/2020 3:00,54.88,
30/07/2020 4:00,52.78,
30/07/2020 5:00,52.165,
30/07/2020 6:00,73.285,
30/07/2020 7:00,63.04,
30/07/2020 8:00,76.24,
30/07/2020 9:00,79.635,
30/07/2020 10:00,48.195,
30/07/2020 11:00,56.13,
30/07/2020 12:00,52.645,
30/07/2020 13:00,48.96,
30/07/2020 14:00,45.61,
30/07/2020 15:00,43.745,
30/07/2020 16:00,48.015,
30/07/2020 17:00,84.535,
30/07/2020 18:00,74.19,
30/07/2020 19:00,79.055,
30/07/2020 20:00,66.355,
30/07/2020 21:00,65.795,
30/07/2020 22:00,73.75,
30/07/2020 23:00,66.58,
31/07/2020 0:00,69.16,
31/07/2020 1:00,77.495,
31/07/2020 2:00,82.115,
31/07/2020 3:00,80.87,
31/07/2020 4:00,68.09,
31/07/2020 5:00,52.675,
31/07/2020 6:00,60.58,
31/07/2020 7:00,58.68,
31/07/2020 8:00,112.88,
31/07/2020 9:00,66.955,
31/07/2020 10:00,51.23,
31/07/2020 11:00,47.685,
31/07/2020 12:00,37.225,
31/07/2020 13:00,28.87,
31/07/2020 14:00,24.62,
31/07/2020 15:00,39.405,
31/07/2020 16:00,50.04,
31/07/2020 17:00,91.655,
31/07/2020 18:00,80.43,
31/07/2020 19:00,75.255,
31/07/2020 20:00,65.63,
31/07/2020 21:00,63.44,
31/07/2020 22:00,62.97,
31/07/2020 23:00,61.505,
1/08/2020 0:00,72.915,
1/08/2020 1:00,50.835,
1/08/2020 2:00,49.84,
1/08/2020 3:00,45.87,
1/08/2020 4:00,40.305,
1/08/2020 5:00,34.945,
1/08/2020 6:00,32.675,
1/08/2020 7:00,38.11,
1/08/2020 8:00,50.685,
1/08/2020 9:00,36.045,
1/08/2020 10:00,23.835,
1/08/2020 11:00,1.905,
1/08/2020 12:00,-32.015,
1/08/2020 13:00,-32.015,
1/08/2020 14:00,-14.78,
1/08/2020 15:00,4.01,
1/08/2020 16:00,29.45,
1/08/2020 17:00,67.935,
1/08/2020 18:00,62.4,
1/08/2020 19:00,67.385,
1/08/2020 20:00,69.165,
1/08/2020 21:00,78.79,
1/08/2020 22:00,57.26,
1/08/2020 23:00,55.41,
2/08/2020 0:00,60.375,
2/08/2020 1:00,49.945,
2/08/2020 2:00,57.17,
2/08/2020 3:00,44.25,
2/08/2020 4:00,41.265,
2/08/2020 5:00,42.995,
2/08/2020 6:00,45.325,
2/08/2020 7:00,50.43,
2/08/2020 8:00,57.345,
2/08/2020 9:00,47.025,
2/08/2020 10:00,39.35,
2/08/2020 11:00,34.955,
2/08/2020 12:00,31.605,
2/08/2020 13:00,33.925,
2/08/2020 14:00,22.855,
2/08/2020 15:00,25.575,
2/08/2020 16:00,34.71,
2/08/2020 17:00,46.315,
2/08/2020 18:00,79.315,
2/08/2020 19:00,70.155,
2/08/2020 20:00,66.49,
2/08/2020 21:00,63.765,
2/08/2020 22:00,60.41,
2/08/2020 23:00,57.46,
3/08/2020 0:00,57.85,
3/08/2020 1:00,50.8,
3/08/2020 2:00,53.415,
3/08/2020 3:00,46.765,
3/08/2020 4:00,46.355,
3/08/2020 5:00,42.19,
3/08/2020 6:00,40.565,
3/08/2020 7:00,51.98,
3/08/2020 8:00,60.93,
3/08/2020 9:00,63,
3/08/2020 10:00,57.74,
3/08/2020 11:00,40.18,
3/08/2020 12:00,40.31,
3/08/2020 13:00,40.15,
3/08/2020 14:00,36.57,
3/08/2020 15:00,37.175,
3/08/2020 16:00,42.28,
3/08/2020 17:00,40.965,
3/08/2020 18:00,48.415,
3/08/2020 19:00,61.575,
3/08/2020 20:00,52.37,
3/08/2020 21:00,43.075,
3/08/2020 22:00,50.945,
3/08/2020 23:00,45.695,
4/08/2020 0:00,41.99,
4/08/2020 1:00,40.38,
4/08/2020 2:00,36.005,
4/08/2020 3:00,27.315,
4/08/2020 4:00,20.64,
4/08/2020 5:00,23.39,
4/08/2020 6:00,31.27,
4/08/2020 7:00,40.505,
4/08/2020 8:00,43.01,
4/08/2020 9:00,53.695,
4/08/2020 10:00,36.25,
4/08/2020 11:00,32.26,
4/08/2020 12:00,-12.525,
4/08/2020 13:00,52.19,
4/08/2020 14:00,20.285,
4/08/2020 15:00,22.09,
4/08/2020 16:00,39.265,
4/08/2020 17:00,47.04,
4/08/2020 18:00,52.74,
4/08/2020 19:00,94.66,
4/08/2020 20:00,53.525,
4/08/2020 21:00,43.575,
4/08/2020 22:00,41.23,
4/08/2020 23:00,38.88,
5/08/2020 0:00,41.36,
5/08/2020 1:00,34.89,
5/08/2020 2:00,26.2,
5/08/2020 3:00,10.53,
5/08/2020 4:00,8.295,
5/08/2020 5:00,14.155,
5/08/2020 6:00,26.17,
5/08/2020 7:00,43.22,
5/08/2020 8:00,47.8,
5/08/2020 9:00,56.97,
5/08/2020 10:00,45.895,
5/08/2020 11:00,9.255,
5/08/2020 12:00,-31.925,
5/08/2020 13:00,-92.425,
5/08/2020 14:00,26.45,
5/08/2020 15:00,39.955,
5/08/2020 16:00,73.33,
5/08/2020 17:00,78.38,
5/08/2020 18:00,72.82,
5/08/2020 19:00,77.75,
5/08/2020 20:00,45.225,
5/08/2020 21:00,48.345,
5/08/2020 22:00,45.635,
5/08/2020 23:00,45.115,
6/08/2020 0:00,54.73,
6/08/2020 1:00,89.185,
6/08/2020 2:00,63.525,
6/08/2020 3:00,31.995,
6/08/2020 4:00,27.015,
6/08/2020 5:00,27.425,
6/08/2020 6:00,30.2,
6/08/2020 7:00,39.775,
6/08/2020 8:00,45.59,
6/08/2020 9:00,57.905,
6/08/2020 10:00,44.875,
6/08/2020 11:00,56.5,
6/08/2020 12:00,50.775,
6/08/2020 13:00,48.855,
6/08/2020 14:00,-4.915,
6/08/2020 15:00,49.28,
6/08/2020 16:00,63.02,
6/08/2020 17:00,64.205,
6/08/2020 18:00,44.465,
6/08/2020 19:00,85.23,
6/08/2020 20:00,58.995,
6/08/2020 21:00,44.23,
6/08/2020 22:00,45.59,
6/08/2020 23:00,48.14,
7/08/2020 0:00,58.15,
7/08/2020 1:00,47.64,
7/08/2020 2:00,23.915,
7/08/2020 3:00,12.55,
7/08/2020 4:00,-25.7,
7/08/2020 5:00,-28.41,
7/08/2020 6:00,-25.865,
7/08/2020 7:00,-17.225,
7/08/2020 8:00,28.34,
7/08/2020 9:00,60.075,
7/08/2020 10:00,63.565,
7/08/2020 11:00,64.67,
7/08/2020 12:00,60.285,
7/08/2020 13:00,58.175,
7/08/2020 14:00,51.68,
7/08/2020 15:00,63.39,
7/08/2020 16:00,47.59,
7/08/2020 17:00,51.73,
7/08/2020 18:00,38.695,
7/08/2020 19:00,41.595,
7/08/2020 20:00,41.395,
7/08/2020 21:00,43.865,
7/08/2020 22:00,46.52,
7/08/2020 23:00,47.17,
8/08/2020 0:00,49.555,
8/08/2020 1:00,51.185,
8/08/2020 2:00,46.34,
8/08/2020 3:00,40.73,
8/08/2020 4:00,37.175,
8/08/2020 5:00,34.57,
8/08/2020 6:00,38.52,
8/08/2020 7:00,41.37,
8/08/2020 8:00,56.975,
8/08/2020 9:00,70.9,
8/08/2020 10:00,90.77,
8/08/2020 11:00,71.045,
8/08/2020 12:00,59.595,
8/08/2020 13:00,61.47,
8/08/2020 14:00,49.18,
8/08/2020 15:00,48.87,
8/08/2020 16:00,49.57,
8/08/2020 17:00,52.32,
8/08/2020 18:00,59.875,
8/08/2020 19:00,68.655,
8/08/2020 20:00,84.68,
8/08/2020 21:00,76.355,
8/08/2020 22:00,65.165,
8/08/2020 23:00,62.75,
9/08/2020 0:00,71.79,
9/08/2020 1:00,81.255,
9/08/2020 2:00,63.605,
9/08/2020 3:00,47.625,
9/08/2020 4:00,43.39,
9/08/2020 5:00,38.2,
9/08/2020 6:00,34.035,
9/08/2020 7:00,32.595,
9/08/2020 8:00,41.135,
9/08/2020 9:00,40.83,
9/08/2020 10:00,44.055,
9/08/2020 11:00,36.735,
9/08/2020 12:00,31.21,
9/08/2020 13:00,35.89,
9/08/2020 14:00,39.005,
9/08/2020 15:00,40.14,
9/08/2020 16:00,45.575,
9/08/2020 17:00,49.96,
9/08/2020 18:00,54.7,
9/08/2020 19:00,57.495,
9/08/2020 20:00,53.12,
9/08/2020 21:00,50.175,
9/08/2020 22:00,53.525,
9/08/2020 23:00,49.605,
10/08/2020 0:00,58.01,
10/08/2020 1:00,63.96,
10/08/2020 2:00,54.015,
10/08/2020 3:00,40.76,
10/08/2020 4:00,38.57,
10/08/2020 5:00,42.64,
10/08/2020 6:00,49.62,
10/08/2020 7:00,57.27,
10/08/2020 8:00,53.605,
10/08/2020 9:00,58.485,
10/08/2020 10:00,43.885,
10/08/2020 11:00,38.335,
10/08/2020 12:00,30.62,
10/08/2020 13:00,23.885,
10/08/2020 14:00,27.24,
10/08/2020 15:00,26.38,
10/08/2020 16:00,32.17,
10/08/2020 17:00,53.7,
10/08/2020 18:00,95.33,
10/08/2020 19:00,81.37,
10/08/2020 20:00,49.045,
10/08/2020 21:00,49.615,
10/08/2020 22:00,40.665,
10/08/2020 23:00,35.45,
11/08/2020 0:00,25.805,
11/08/2020 1:00,31.95,
11/08/2020 2:00,27.695,
11/08/2020 3:00,-16.8,
11/08/2020 4:00,-7.71,
11/08/2020 5:00,-25.935,
11/08/2020 6:00,-24.44,
11/08/2020 7:00,5.55,
11/08/2020 8:00,40.33,
11/08/2020 9:00,51.735,
11/08/2020 10:00,46.295,
11/08/2020 11:00,38.265,
11/08/2020 12:00,33.845,
11/08/2020 13:00,41.175,
11/08/2020 14:00,39.64,
11/08/2020 15:00,34.47,
11/08/2020 16:00,35.67,
11/08/2020 17:00,45.54,
11/08/2020 18:00,60.86,
11/08/2020 19:00,55.325,
11/08/2020 20:00,43.03,
11/08/2020 21:00,43.735,
11/08/2020 22:00,35.915,
11/08/2020 23:00,32.39,
12/08/2020 0:00,32.52,
12/08/2020 1:00,31.99,
12/08/2020 2:00,33.095,
12/08/2020 3:00,29.625,
12/08/2020 4:00,25.655,
12/08/2020 5:00,27.3,
12/08/2020 6:00,36.025,
12/08/2020 7:00,48.635,
12/08/2020 8:00,63.205,
12/08/2020 9:00,64.89,
12/08/2020 10:00,75.93,
12/08/2020 11:00,46.4,
12/08/2020 12:00,62.005,
12/08/2020 13:00,45.105,
12/08/2020 14:00,37.075,
12/08/2020 15:00,33.715,
12/08/2020 16:00,30.925,
12/08/2020 17:00,47.715,
12/08/2020 18:00,110.995,
12/08/2020 19:00,80.43,
12/08/2020 20:00,63.125,
12/08/2020 21:00,85.745,
12/08/2020 22:00,47.475,
12/08/2020 23:00,43.43,
13/08/2020 0:00,49.26,
13/08/2020 1:00,43.945,
13/08/2020 2:00,36.58,
13/08/2020 3:00,31.565,
13/08/2020 4:00,26.45,
13/08/2020 5:00,25.925,
13/08/2020 6:00,29.01,
13/08/2020 7:00,70.155,
13/08/2020 8:00,44.3,
13/08/2020 9:00,47.28,
13/08/2020 10:00,46.505,
13/08/2020 11:00,42.025,
13/08/2020 12:00,34.765,
13/08/2020 13:00,38.655,
13/08/2020 14:00,38.43,
13/08/2020 15:00,36.68,
13/08/2020 16:00,37.385,
13/08/2020 17:00,57.45,
13/08/2020 18:00,62.61,
13/08/2020 19:00,65.965,
13/08/2020 20:00,73.9,
13/08/2020 21:00,62.905,
13/08/2020 22:00,83.855,
13/08/2020 23:00,72.6,
14/08/2020 0:00,112.67,
14/08/2020 1:00,59.92,
14/08/2020 2:00,62.605,
14/08/2020 3:00,47.885,
14/08/2020 4:00,45.355,
14/08/2020 5:00,44.58,
14/08/2020 6:00,46.44,
14/08/2020 7:00,62.8,
14/08/2020 8:00,63.725,
14/08/2020 9:00,69.795,
14/08/2020 10:00,85.67,
14/08/2020 11:00,77.12,
14/08/2020 12:00,160.095,
14/08/2020 13:00,55.96,
14/08/2020 14:00,59.85,
14/08/2020 15:00,61.14,
14/08/2020 16:00,66.18,
14/08/2020 17:00,106.355,
14/08/2020 18:00,55.905,
14/08/2020 19:00,65.45,
14/08/2020 20:00,66.67,
14/08/2020 21:00,58.55,
14/08/2020 22:00,55.625,
14/08/2020 23:00,73.155,
15/08/2020 0:00,82.995,
15/08/2020 1:00,59.57,
15/08/2020 2:00,51.83,
15/08/2020 3:00,49.775,
15/08/2020 4:00,50.585,
15/08/2020 5:00,47.825,
15/08/2020 6:00,47.215,
15/08/2020 7:00,55.005,
15/08/2020 8:00,59.59,
15/08/2020 9:00,55.19,
15/08/2020 10:00,44.91,
15/08/2020 11:00,42.09,
15/08/2020 12:00,38.975,
15/08/2020 13:00,39.385,
15/08/2020 14:00,34.2,
15/08/2020 15:00,23.79,
15/08/2020 16:00,23.77,
15/08/2020 17:00,44.935,
15/08/2020 18:00,51.34,
15/08/2020 19:00,64.825,
15/08/2020 20:00,62.62,
15/08/2020 21:00,63,
15/08/2020 22:00,62.995,
15/08/2020 23:00,59.415,
16/08/2020 0:00,65.85,
16/08/2020 1:00,52.775,
16/08/2020 2:00,66.175,
16/08/2020 3:00,56.3,
16/08/2020 4:00,47.07,
16/08/2020 5:00,49.885,
16/08/2020 6:00,46.83,
16/08/2020 7:00,61.97,
16/08/2020 8:00,45.19,
16/08/2020 9:00,62.495,
16/08/2020 10:00,56.605,
16/08/2020 11:00,62.82,
16/08/2020 12:00,70.03,
16/08/2020 13:00,49.555,
16/08/2020 14:00,56.415,
16/08/2020 15:00,44.39,
16/08/2020 16:00,55.765,
16/08/2020 17:00,55.375,
16/08/2020 18:00,68.915,
16/08/2020 19:00,108.83,
16/08/2020 20:00,85.635,
16/08/2020 21:00,63,
16/08/2020 22:00,62.55,
16/08/2020 23:00,64.195,
17/08/2020 0:00,78.26,
17/08/2020 1:00,63.355,
17/08/2020 2:00,60.515,
17/08/2020 3:00,66.445,
17/08/2020 4:00,62.14,
17/08/2020 5:00,46.13,
17/08/2020 6:00,52.89,
17/08/2020 7:00,55.355,
17/08/2020 8:00,57.57,
17/08/2020 9:00,47.2,
17/08/2020 10:00,47.15,
17/08/2020 11:00,23.06,
17/08/2020 12:00,34.46,
17/08/2020 13:00,-46.39,
17/08/2020 14:00,34,
17/08/2020 15:00,32.935,
17/08/2020 16:00,38.295,
17/08/2020 17:00,42.915,
17/08/2020 18:00,89.895,
17/08/2020 19:00,126.75,
17/08/2020 20:00,54.94,
17/08/2020 21:00,45.435,
17/08/2020 22:00,45.645,
17/08/2020 23:00,44.615,
18/08/2020 0:00,43.01,
18/08/2020 1:00,37.74,
18/08/2020 2:00,31.145,
18/08/2020 3:00,24.565,
18/08/2020 4:00,16.805,
18/08/2020 5:00,23.36,
18/08/2020 6:00,31.54,
18/08/2020 7:00,46.095,
18/08/2020 8:00,41.66,
18/08/2020 9:00,44.31,
18/08/2020 10:00,39.495,
18/08/2020 11:00,38.195,
18/08/2020 12:00,31.42,
18/08/2020 13:00,34.295,
18/08/2020 14:00,35.78,
18/08/2020 15:00,35.275,
18/08/2020 16:00,25.97,
18/08/2020 17:00,-43.31,
18/08/2020 18:00,62.53,
18/08/2020 19:00,60.43,
18/08/2020 20:00,47.055,
18/08/2020 21:00,42.255,
18/08/2020 22:00,45.665,
18/08/2020 23:00,39.99,
19/08/2020 0:00,47.72,
19/08/2020 1:00,44.52,
19/08/2020 2:00,41.325,
19/08/2020 3:00,41.855,
19/08/2020 4:00,38.8,
19/08/2020 5:00,36.945,
19/08/2020 6:00,41.695,
19/08/2020 7:00,53.61,
19/08/2020 8:00,42.225,
19/08/2020 9:00,64.89,
19/08/2020 10:00,89.21,
19/08/2020 11:00,68.69,
19/08/2020 12:00,57.24,
19/08/2020 13:00,45.37,
19/08/2020 14:00,43.52,
19/08/2020 15:00,36.8,
19/08/2020 16:00,-29.385,
19/08/2020 17:00,-31.43,
19/08/2020 18:00,58.77,
19/08/2020 19:00,72.035,
19/08/2020 20:00,45.285,
19/08/2020 21:00,45.55,
19/08/2020 22:00,39.265,
19/08/2020 23:00,33.565,
20/08/2020 0:00,39.17,
20/08/2020 1:00,33.805,
20/08/2020 2:00,28.53,
20/08/2020 3:00,22.19,
20/08/2020 4:00,17.455,
20/08/2020 5:00,2.62,
20/08/2020 6:00,17.38,
20/08/2020 7:00,42.68,
20/08/2020 8:00,44.61,
20/08/2020 9:00,39.37,
20/08/2020 10:00,28.47,
20/08/2020 11:00,29.205,
20/08/2020 12:00,53.075,
20/08/2020 13:00,40.915,
20/08/2020 14:00,45.67,
20/08/2020 15:00,46.165,
20/08/2020 16:00,84.05,
20/08/2020 17:00,11.825,
20/08/2020 18:00,36.99,
20/08/2020 19:00,51.87,
20/08/2020 20:00,46.47,
20/08/2020 21:00,47.53,
20/08/2020 22:00,45.87,
20/08/2020 23:00,39.225,
21/08/2020 0:00,26.105,
21/08/2020 1:00,31.765,
21/08/2020 2:00,-78.69,
21/08/2020 3:00,30.425,
21/08/2020 4:00,26.59,
21/08/2020 5:00,26.635,
21/08/2020 6:00,36.465,
21/08/2020 7:00,59.545,
21/08/2020 8:00,42,
21/08/2020 9:00,46.92,
21/08/2020 10:00,39.44,
21/08/2020 11:00,31.43,
21/08/2020 12:00,31.635,
21/08/2020 13:00,24.375,
21/08/2020 14:00,32.735,
21/08/2020 15:00,28.505,
21/08/2020 16:00,-35.93,
21/08/2020 17:00,34.735,
21/08/2020 18:00,46.38,
21/08/2020 19:00,63.255,
21/08/2020 20:00,48.415,
21/08/2020 21:00,44.875,
21/08/2020 22:00,41.605,
21/08/2020 23:00,41.815,
22/08/2020 0:00,42.21,
22/08/2020 1:00,46.83,
22/08/2020 2:00,40.08,
22/08/2020 3:00,33.62,
22/08/2020 4:00,32.965,
22/08/2020 5:00,27.445,
22/08/2020 6:00,28.975,
22/08/2020 7:00,34.185,
22/08/2020 8:00,38.43,
22/08/2020 9:00,41.21,
22/08/2020 10:00,33.145,
22/08/2020 11:00,-27.055,
22/08/2020 12:00,-74.195,
22/08/2020 13:00,-120.14,
22/08/2020 14:00,-70.965,
22/08/2020 15:00,-115.775,
22/08/2020 16:00,-41.72,
22/08/2020 17:00,0.35,
22/08/2020 18:00,-11.625,
22/08/2020 19:00,45.35,
22/08/2020 20:00,43.905,
22/08/2020 21:00,42.86,
22/08/2020 22:00,44.805,
22/08/2020 23:00,42.495,
23/08/2020 0:00,44.165,
23/08/2020 1:00,44.485,
23/08/2020 2:00,36.52,
23/08/2020 3:00,32.305,
23/08/2020 4:00,27.37,
23/08/2020 5:00,27.1,
23/08/2020 6:00,33.995,
23/08/2020 7:00,43.7,
23/08/2020 8:00,56.7,
23/08/2020 9:00,71.21,
23/08/2020 10:00,54.7,
23/08/2020 11:00,47.845,
23/08/2020 12:00,44.535,
23/08/2020 13:00,24.27,
23/08/2020 14:00,19.455,
23/08/2020 15:00,23.28,
23/08/2020 16:00,32.06,
23/08/2020 17:00,59.34,
23/08/2020 18:00,98.965,
23/08/2020 19:00,124.945,
23/08/2020 20:00,85.745,
23/08/2020 21:00,79.665,
23/08/2020 22:00,64.155,
23/08/2020 23:00,62.56,
24/08/2020 0:00,78.2,
24/08/2020 1:00,68.43,
24/08/2020 2:00,78.56,
24/08/2020 3:00,70.085,
24/08/2020 4:00,76.2,
24/08/2020 5:00,67.63,
24/08/2020 6:00,75.275,
24/08/2020 7:00,126.785,
24/08/2020 8:00,85.415,
24/08/2020 9:00,87.89,
24/08/2020 10:00,70.945,
24/08/2020 11:00,61.865,
24/08/2020 12:00,75.97,
24/08/2020 13:00,65.57,
24/08/2020 14:00,57.5,
24/08/2020 15:00,78.845,
24/08/2020 16:00,60.86,
24/08/2020 17:00,80.755,
24/08/2020 18:00,156.91,
24/08/2020 19:00,1147.04,
24/08/2020 20:00,83.945,
24/08/2020 21:00,91.185,
24/08/2020 22:00,88.295,
24/08/2020 23:00,146.195,
25/08/2020 0:00,87.375,
25/08/2020 1:00,81.305,
25/08/2020 2:00,74.28,
25/08/2020 3:00,73.75,
25/08/2020 4:00,65.275,
25/08/2020 5:00,63.725,
25/08/2020 6:00,74.99,
25/08/2020 7:00,147.51,
25/08/2020 8:00,85.79,
25/08/2020 9:00,102.685,
25/08/2020 10:00,72.255,
25/08/2020 11:00,61.72,
25/08/2020 12:00,61.53,
25/08/2020 13:00,63.85,
25/08/2020 14:00,63,
25/08/2020 15:00,63.07,
25/08/2020 16:00,63.85,
25/08/2020 17:00,87.71,
25/08/2020 18:00,44.37,
25/08/2020 19:00,170.2,
25/08/2020 20:00,110.44,
25/08/2020 21:00,90.725,
25/08/2020 22:00,69.435,
25/08/2020 23:00,73.86,
26/08/2020 0:00,65.53,
26/08/2020 1:00,72.965,
26/08/2020 2:00,76.39,
26/08/2020 3:00,58.815,
26/08/2020 4:00,45.425,
26/08/2020 5:00,46.81,
26/08/2020 6:00,59.8,
26/08/2020 7:00,138.17,
26/08/2020 8:00,109.37,
26/08/2020 9:00,64.885,
26/08/2020 10:00,56.695,
26/08/2020 11:00,48.51,
26/08/2020 12:00,38.9,
26/08/2020 13:00,34.865,
26/08/2020 14:00,31.045,
26/08/2020 15:00,34.41,
26/08/2020 16:00,40.765,
26/08/2020 17:00,55.52,
26/08/2020 18:00,178.605,
26/08/2020 19:00,278.48,
26/08/2020 20:00,160.445,
26/08/2020 21:00,83.77,
26/08/2020 22:00,78.465,
26/08/2020 23:00,51.405,
27/08/2020 0:00,47.72,
27/08/2020 1:00,53.835,
27/08/2020 2:00,46.005,
27/08/2020 3:00,42.005,
27/08/2020 4:00,31.865,
27/08/2020 5:00,35.44,
27/08/2020 6:00,37.945,
27/08/2020 7:00,76.945,
27/08/2020 8:00,66.115,
27/08/2020 9:00,50.25,
27/08/2020 10:00,35.005,
27/08/2020 11:00,27.74,
27/08/2020 12:00,13.475,
27/08/2020 13:00,-11.575,
27/08/2020 14:00,-11.575,
27/08/2020 15:00,-11.315,
27/08/2020 16:00,2.835,
27/08/2020 17:00,32.565,
27/08/2020 18:00,49.31,
27/08/2020 19:00,53.18,
27/08/2020 20:00,58.64,
27/08/2020 21:00,65.18,
27/08/2020 22:00,50.405,
27/08/2020 23:00,48.415,
28/08/2020 0:00,51.285,
28/08/2020 1:00,49.385,
28/08/2020 2:00,45.265,
28/08/2020 3:00,43.64,
28/08/2020 4:00,41.365,
28/08/2020 5:00,41.265,
28/08/2020 6:00,48.15,
28/08/2020 7:00,62.095,
28/08/2020 8:00,64.185,
28/08/2020 9:00,51.64,
28/08/2020 10:00,48.915,
28/08/2020 11:00,39.39,
28/08/2020 12:00,31.23,
28/08/2020 13:00,20.08,
28/08/2020 14:00,6.855,
28/08/2020 15:00,7.685,
28/08/2020 16:00,26.795,
28/08/2020 17:00,44.375,
28/08/2020 18:00,98.215,
28/08/2020 19:00,272.76,
28/08/2020 20:00,106.17,
28/08/2020 21:00,73.52,
28/08/2020 22:00,67.61,
28/08/2020 23:00,65.305,
29/08/2020 0:00,63.605,
29/08/2020 1:00,53.23,
29/08/2020 2:00,37.085,
29/08/2020 3:00,20.63,
29/08/2020 4:00,4.19,
29/08/2020 5:00,8.885,
29/08/2020 6:00,8.485,
29/08/2020 7:00,10.285,
29/08/2020 8:00,17.485,
29/08/2020 9:00,-156.165,
29/08/2020 10:00,-92.475,
29/08/2020 11:00,-42,
29/08/2020 12:00,-50.01,
29/08/2020 13:00,-78.775,
29/08/2020 14:00,-160.425,
29/08/2020 15:00,-53.355,
29/08/2020 16:00,-45.135,
29/08/2020 17:00,-88.185,
29/08/2020 18:00,-1.59,
29/08/2020 19:00,33.84,
29/08/2020 20:00,34.555,
29/08/2020 21:00,27.76,
29/08/2020 22:00,7.92,
29/08/2020 23:00,-83.52,
30/08/2020 0:00,-0.25,
30/08/2020 1:00,9.15,
30/08/2020 2:00,-82.78,
30/08/2020 3:00,-30.935,
30/08/2020 4:00,-32.875,
30/08/2020 5:00,-27.2,
30/08/2020 6:00,-18.13,
30/08/2020 7:00,-0.87,
30/08/2020 8:00,4.605,
30/08/2020 9:00,-28.11,
30/08/2020 10:00,-25.99,
30/08/2020 11:00,-34.27,
30/08/2020 12:00,-38.875,
30/08/2020 13:00,-35.68,
30/08/2020 14:00,-34.755,
30/08/2020 15:00,-36.48,
30/08/2020 16:00,-39.04,
30/08/2020 17:00,-18.885,
30/08/2020 18:00,42.025,
30/08/2020 19:00,48.97,
30/08/2020 20:00,38.44,
30/08/2020 21:00,35.13,
30/08/2020 22:00,30.515,
30/08/2020 23:00,31.865,
31/08/2020 0:00,42.065,
31/08/2020 1:00,48.385,
31/08/2020 2:00,45.355,
31/08/2020 3:00,39.51,
31/08/2020 4:00,42.47,
31/08/2020 5:00,43.115,
31/08/2020 6:00,56.805,
31/08/2020 7:00,81.575,
31/08/2020 8:00,62.86,
31/08/2020 9:00,60.925,
31/08/2020 10:00,50.48,
31/08/2020 11:00,47.68,
31/08/2020 12:00,45.28,
31/08/2020 13:00,40.585,
31/08/2020 14:00,37.27,
31/08/2020 15:00,36.525,
31/08/2020 16:00,42.48,
31/08/2020 17:00,64.24,
31/08/2020 18:00,95.435,
31/08/2020 19:00,132.89,
31/08/2020 20:00,85.215,
31/08/2020 21:00,66.91,
31/08/2020 22:00,56.24,
31/08/2020 23:00,64.755,
1/09/2020 0:00,53.645,
1/09/2020 1:00,50.76,
1/09/2020 2:00,46.665,
1/09/2020 3:00,39.2,
1/09/2020 4:00,36.88,
1/09/2020 5:00,29.37,
1/09/2020 6:00,33.73,
1/09/2020 7:00,44.065,
1/09/2020 8:00,39.81,
1/09/2020 9:00,10.645,
1/09/2020 10:00,-14.39,
1/09/2020 11:00,-166.89,
1/09/2020 12:00,-33.57,
1/09/2020 13:00,-82.265,
1/09/2020 14:00,-31.46,
1/09/2020 15:00,-31.79,
1/09/2020 16:00,-8.99,
1/09/2020 17:00,44.715,
1/09/2020 18:00,43.385,
1/09/2020 19:00,46.685,
1/09/2020 20:00,41.135,
1/09/2020 21:00,40.905,
1/09/2020 22:00,20.915,
1/09/2020 23:00,33.17,
2/09/2020 0:00,32.855,
2/09/2020 1:00,30.515,
2/09/2020 2:00,-26.2,
2/09/2020 3:00,-31.435,
2/09/2020 4:00,-28.75,
2/09/2020 5:00,-22.595,
2/09/2020 6:00,-37.5,
2/09/2020 7:00,6.36,
2/09/2020 8:00,32.615,
2/09/2020 9:00,34.46,
2/09/2020 10:00,-1.235,
2/09/2020 11:00,-36.585,
2/09/2020 12:00,-36.41,
2/09/2020 13:00,-112.56,
2/09/2020 14:00,-103.41,
2/09/2020 15:00,-124.96,
2/09/2020 16:00,-60.895,
2/09/2020 17:00,-17.29,
2/09/2020 18:00,33.14,
2/09/2020 19:00,90.695,
2/09/2020 20:00,47.36,
2/09/2020 21:00,53.89,
2/09/2020 22:00,46.585,
2/09/2020 23:00,49.605,
3/09/2020 0:00,45.085,
3/09/2020 1:00,36.84,
3/09/2020 2:00,30.28,
3/09/2020 3:00,8.135,
3/09/2020 4:00,-15.885,
3/09/2020 5:00,-6.895,
3/09/2020 6:00,16.865,
3/09/2020 7:00,36.28,
3/09/2020 8:00,33.455,
3/09/2020 9:00,20.755,
3/09/2020 10:00,1.925,
3/09/2020 11:00,-110.755,
3/09/2020 12:00,-45.98,
3/09/2020 13:00,-76.43,
3/09/2020 14:00,-100.245,
3/09/2020 15:00,-85.55,
3/09/2020 16:00,-93.24,
3/09/2020 17:00,-4.62,
3/09/2020 18:00,42.485,
3/09/2020 19:00,57.96,
3/09/2020 20:00,44.405,
3/09/2020 21:00,51.395,
3/09/2020 22:00,44.17,
3/09/2020 23:00,38.015,
4/09/2020 0:00,38.015,
4/09/2020 1:00,45.05,
4/09/2020 2:00,38.915,
4/09/2020 3:00,24.075,
4/09/2020 4:00,30.26,
4/09/2020 5:00,31.5,
4/09/2020 6:00,45.53,
4/09/2020 7:00,54.27,
4/09/2020 8:00,52.1,
4/09/2020 9:00,59.78,
4/09/2020 10:00,59.865,
4/09/2020 11:00,40.59,
4/09/2020 12:00,-84.99,
4/09/2020 13:00,-85.89,
4/09/2020 14:00,-19.115,
4/09/2020 15:00,-21.505,
4/09/2020 16:00,-84.81,
4/09/2020 17:00,26.495,
4/09/2020 18:00,42.77,
4/09/2020 19:00,54.07,
4/09/2020 20:00,59.27,
4/09/2020 21:00,49.775,
4/09/2020 22:00,44.38,
4/09/2020 23:00,43.59,
5/09/2020 0:00,39.09,
5/09/2020 1:00,39.25,
5/09/2020 2:00,35.31,
5/09/2020 3:00,33.56,
5/09/2020 4:00,32.555,
5/09/2020 5:00,32.92,
5/09/2020 6:00,41.78,
5/09/2020 7:00,48.32,
5/09/2020 8:00,48.23,
5/09/2020 9:00,41.99,
5/09/2020 10:00,39.39,
5/09/2020 11:00,34.15,
5/09/2020 12:00,21.765,
5/09/2020 13:00,15.795,
5/09/2020 14:00,22.63,
5/09/2020 15:00,31.09,
5/09/2020 16:00,36.37,
5/09/2020 17:00,42.205,
5/09/2020 18:00,95.855,
5/09/2020 19:00,121.315,
5/09/2020 20:00,80.28,
5/09/2020 21:00,73.375,
5/09/2020 22:00,78.79,
5/09/2020 23:00,63.055,
6/09/2020 0:00,70.41,
6/09/2020 1:00,64.9,
6/09/2020 2:00,55.24,
6/09/2020 3:00,42.27,
6/09/2020 4:00,38.04,
6/09/2020 5:00,35.745,
6/09/2020 6:00,39.945,
6/09/2020 7:00,36.615,
6/09/2020 8:00,33.25,
6/09/2020 9:00,23.84,
6/09/2020 10:00,23.485,
6/09/2020 11:00,-4.895,
6/09/2020 12:00,-38.34,
6/09/2020 13:00,-36.62,
6/09/2020 14:00,-37.865,
6/09/2020 15:00,-34.965,
6/09/2020 16:00,-5.1,
6/09/2020 17:00,31.325,
6/09/2020 18:00,51.745,
6/09/2020 19:00,50.945,
6/09/2020 20:00,33.94,
6/09/2020 21:00,27.77,
6/09/2020 22:00,-9.415,
6/09/2020 23:00,-33.745,
7/09/2020 0:00,-72.805,
7/09/2020 1:00,28.63,
7/09/2020 2:00,18.8,
7/09/2020 3:00,10.9,
7/09/2020 4:00,8.19,
7/09/2020 5:00,12.415,
7/09/2020 6:00,23.535,
7/09/2020 7:00,35.945,
7/09/2020 8:00,30.66,
7/09/2020 9:00,-155.085,
7/09/2020 10:00,-90.625,
7/09/2020 11:00,-66.985,
7/09/2020 12:00,-128.345,
7/09/2020 13:00,-183.19,
7/09/2020 14:00,-66.125,
7/09/2020 15:00,-44.17,
7/09/2020 16:00,-37.465,
7/09/2020 17:00,2.865,
7/09/2020 18:00,32.545,
7/09/2020 19:00,38.295,
7/09/2020 20:00,33.475,
7/09/2020 21:00,30.385,
7/09/2020 22:00,27.675,
7/09/2020 23:00,24.545,
8/09/2020 0:00,30.025,
8/09/2020 1:00,22.765,
8/09/2020 2:00,10.405,
8/09/2020 3:00,6.035,
8/09/2020 4:00,-3.56,
8/09/2020 5:00,3.305,
8/09/2020 6:00,16.33,
8/09/2020 7:00,40.815,
8/09/2020 8:00,37.25,
8/09/2020 9:00,32.125,
8/09/2020 10:00,30.145,
8/09/2020 11:00,42.645,
8/09/2020 12:00,50.505,
8/09/2020 13:00,49.645,
8/09/2020 14:00,45.36,
8/09/2020 15:00,51.01,
8/09/2020 16:00,45.125,
8/09/2020 17:00,59.45,
8/09/2020 18:00,42.825,
8/09/2020 19:00,46.31,
8/09/2020 20:00,39.47,
8/09/2020 21:00,39.79,
8/09/2020 22:00,37.225,
8/09/2020 23:00,33.235,
9/09/2020 0:00,37.375,
9/09/2020 1:00,32.265,
9/09/2020 2:00,23.985,
9/09/2020 3:00,23.17,
9/09/2020 4:00,11.23,
9/09/2020 5:00,21.39,
9/09/2020 6:00,31.88,
9/09/2020 7:00,40.735,
9/09/2020 8:00,41.46,
9/09/2020 9:00,35.68,
9/09/2020 10:00,-19.645,
9/09/2020 11:00,-101.395,
9/09/2020 12:00,-147.39,
9/09/2020 13:00,-100.575,
9/09/2020 14:00,-33.335,
9/09/2020 15:00,-6.655,
9/09/2020 16:00,18.525,
9/09/2020 17:00,33.67,
9/09/2020 18:00,45.835,
9/09/2020 19:00,41.93,
9/09/2020 20:00,39.025,
9/09/2020 21:00,34.775,
9/09/2020 22:00,30.645,
9/09/2020 23:00,20.455,
10/09/2020 0:00,24.92,
10/09/2020 1:00,23.225,
10/09/2020 2:00,-4.895,
10/09/2020 3:00,-19.515,
10/09/2020 4:00,-17.3,
10/09/2020 5:00,-15.77,
10/09/2020 6:00,-36.835,
10/09/2020 7:00,-19.41,
10/09/2020 8:00,0.375,
10/09/2020 9:00,-146.53,
10/09/2020 10:00,-9.115,
10/09/2020 11:00,-63.355,
10/09/2020 12:00,-72.33,
10/09/2020 13:00,7.235,
10/09/2020 14:00,13.525,
10/09/2020 15:00,17.53,
10/09/2020 16:00,27.195,
10/09/2020 17:00,35.12,
10/09/2020 18:00,86.845,
10/09/2020 19:00,45.845,
10/09/2020 20:00,38.445,
10/09/2020 21:00,29.22,
10/09/2020 22:00,-34.155,
10/09/2020 23:00,-38.47,
11/09/2020 0:00,-14.24,
11/09/2020 1:00,22.705,
11/09/2020 2:00,-66.665,
11/09/2020 3:00,-77.925,
11/09/2020 4:00,-62.16,
11/09/2020 5:00,-56.2,
11/09/2020 6:00,-111.765,
11/09/2020 7:00,-71.805,
11/09/2020 8:00,9.955,
11/09/2020 9:00,-26.945,
11/09/2020 10:00,-61.815,
11/09/2020 11:00,-65.755,
11/09/2020 12:00,-51.285,
11/09/2020 13:00,-7.9,
11/09/2020 14:00,10.6,
11/09/2020 15:00,-27.44,
11/09/2020 16:00,25.895,
11/09/2020 17:00,35.475,
11/09/2020 18:00,59.98,
11/09/2020 19:00,40.55,
11/09/2020 20:00,30.015,
11/09/2020 21:00,29.65,
11/09/2020 22:00,-30.645,
11/09/2020 23:00,-59.305,
12/09/2020 0:00,-38.22,
12/09/2020 1:00,-9.595,
12/09/2020 2:00,-16.74,
12/09/2020 3:00,-9.39,
12/09/2020 4:00,1.625,
12/09/2020 5:00,12.3,
12/09/2020 6:00,28.82,
12/09/2020 7:00,34.87,
12/09/2020 8:00,41.09,
12/09/2020 9:00,41.315,
12/09/2020 10:00,41.085,
12/09/2020 11:00,27.52,
12/09/2020 12:00,25.525,
12/09/2020 13:00,33.695,
12/09/2020 14:00,29.535,
12/09/2020 15:00,31.015,
12/09/2020 16:00,38.57,
12/09/2020 17:00,41.995,
12/09/2020 18:00,41.915,
12/09/2020 19:00,45.785,
12/09/2020 20:00,42.17,
12/09/2020 21:00,37.405,
12/09/2020 22:00,37.95,
12/09/2020 23:00,37.655,
13/09/2020 0:00,41.7,
13/09/2020 1:00,41.7,
13/09/2020 2:00,37.71,
13/09/2020 3:00,29.68,
13/09/2020 4:00,13.74,
13/09/2020 5:00,10.82,
13/09/2020 6:00,10.675,
13/09/2020 7:00,30.28,
13/09/2020 8:00,23.76,
13/09/2020 9:00,31.6,
13/09/2020 10:00,25.38,
13/09/2020 11:00,17.515,
13/09/2020 12:00,-7.625,
13/09/2020 13:00,-29.065,
13/09/2020 14:00,-23.27,
13/09/2020 15:00,-12.7,
13/09/2020 16:00,-10.35,
13/09/2020 17:00,-9.365,
13/09/2020 18:00,21.425,
13/09/2020 19:00,55.805,
13/09/2020 20:00,41.285,
13/09/2020 21:00,40.09,
13/09/2020 22:00,37.575,
13/09/2020 23:00,29.78,
14/09/2020 0:00,37.205,
14/09/2020 1:00,38.77,
14/09/2020 2:00,21.025,
14/09/2020 3:00,10.65,
14/09/2020 4:00,7.705,
14/09/2020 5:00,17.14,
14/09/2020 6:00,25.87,
14/09/2020 7:00,45.49,
14/09/2020 8:00,40.615,
14/09/2020 9:00,37.59,
14/09/2020 10:00,32.2,
14/09/2020 11:00,29.19,
14/09/2020 12:00,29.195,
14/09/2020 13:00,19.905,
14/09/2020 14:00,18.005,
14/09/2020 15:00,27.375,
14/09/2020 16:00,31.72,
14/09/2020 17:00,32.405,
14/09/2020 18:00,45.655,
14/09/2020 19:00,78.21,
14/09/2020 20:00,51.35,
14/09/2020 21:00,47.865,
14/09/2020 22:00,40.485,
14/09/2020 23:00,33.56,
15/09/2020 0:00,36.825,
15/09/2020 1:00,37.495,
15/09/2020 2:00,35.015,
15/09/2020 3:00,27.35,
15/09/2020 4:00,28.965,
15/09/2020 5:00,35.87,
15/09/2020 6:00,39.47,
15/09/2020 7:00,45.73,
15/09/2020 8:00,41.55,
15/09/2020 9:00,38.44,
15/09/2020 10:00,32.285,
15/09/2020 11:00,29.31,
15/09/2020 12:00,28.75,
15/09/2020 13:00,26.01,
15/09/2020 14:00,27.485,
15/09/2020 15:00,31.435,
15/09/2020 16:00,33.63,
15/09/2020 17:00,35.145,
15/09/2020 18:00,49.82,
15/09/2020 19:00,87.975,
15/09/2020 20:00,62.365,
15/09/2020 21:00,59.445,
15/09/2020 22:00,49.15,
15/09/2020 23:00,48.03,
16/09/2020 0:00,44.415,
16/09/2020 1:00,40.385,
16/09/2020 2:00,36.31,
16/09/2020 3:00,19.875,
16/09/2020 4:00,8.32,
16/09/2020 5:00,-32.22,
16/09/2020 6:00,-7.14,
16/09/2020 7:00,24.405,
16/09/2020 8:00,30.045,
16/09/2020 9:00,16.485,
16/09/2020 10:00,15.91,
16/09/2020 11:00,-7.465,
16/09/2020 12:00,-15.89,
16/09/2020 13:00,-3.21,
16/09/2020 14:00,18.34,
16/09/2020 15:00,42.125,
16/09/2020 16:00,50.68,
16/09/2020 17:00,52.05,
16/09/2020 18:00,63.355,
16/09/2020 19:00,126.205,
16/09/2020 20:00,56.375,
16/09/2020 21:00,55.445,
16/09/2020 22:00,47.545,
16/09/2020 23:00,37.34,
17/09/2020 0:00,35.765,
17/09/2020 1:00,33.46,
17/09/2020 2:00,33.415,
17/09/2020 3:00,34.37,
17/09/2020 4:00,15.65,
17/09/2020 5:00,7.965,
17/09/2020 6:00,6.57,
17/09/2020 7:00,39.63,
17/09/2020 8:00,33.905,
17/09/2020 9:00,28.04,
17/09/2020 10:00,28.535,
17/09/2020 11:00,-141.905,
17/09/2020 12:00,-59.295,
17/09/2020 13:00,17.605,
17/09/2020 14:00,10.1,
17/09/2020 15:00,-28.89,
17/09/2020 16:00,27.305,
17/09/2020 17:00,34.86,
17/09/2020 18:00,38.79,
17/09/2020 19:00,43.425,
17/09/2020 20:00,44.035,
17/09/2020 21:00,39.555,
17/09/2020 22:00,35.485,
17/09/2020 23:00,36.08,
18/09/2020 0:00,45.02,
18/09/2020 1:00,36.07,
18/09/2020 2:00,27.97,
18/09/2020 3:00,22.475,
18/09/2020 4:00,23.48,
18/09/2020 5:00,29.45,
18/09/2020 6:00,32.53,
18/09/2020 7:00,49.305,
18/09/2020 8:00,50.29,
18/09/2020 9:00,38.435,
18/09/2020 10:00,-48.87,
18/09/2020 11:00,-69.865,
18/09/2020 12:00,-127.045,
18/09/2020 13:00,-33.255,
18/09/2020 14:00,-77,
18/09/2020 15:00,17.675,
18/09/2020 16:00,33.685,
18/09/2020 17:00,36.265,
18/09/2020 18:00,42.57,
18/09/2020 19:00,42.56,
18/09/2020 20:00,44.06,
18/09/2020 21:00,39.965,
18/09/2020 22:00,37.145,
18/09/2020 23:00,45.33,
19/09/2020 0:00,39.255,
19/09/2020 1:00,28.21,
19/09/2020 2:00,11.91,
19/09/2020 3:00,-3.525,
19/09/2020 4:00,-1.255,
19/09/2020 5:00,16.4,
19/09/2020 6:00,30.46,
19/09/2020 7:00,14.55,
19/09/2020 8:00,18.525,
19/09/2020 9:00,-55.485,
19/09/2020 10:00,10.5,
19/09/2020 11:00,27.425,
19/09/2020 12:00,13.265,
19/09/2020 13:00,-22.95,
19/09/2020 14:00,1.875,
19/09/2020 15:00,24.285,
19/09/2020 16:00,33.5,
19/09/2020 17:00,46.16,
19/09/2020 18:00,46.715,
19/09/2020 19:00,58.34,
19/09/2020 20:00,44.165,
19/09/2020 21:00,39.105,
19/09/2020 22:00,35.05,
19/09/2020 23:00,27.525,
20/09/2020 0:00,40.675,
20/09/2020 1:00,41.38,
20/09/2020 2:00,35.065,
20/09/2020 3:00,32.935,
20/09/2020 4:00,30.665,
20/09/2020 5:00,34.63,
20/09/2020 6:00,38.785,
20/09/2020 7:00,37.77,
20/09/2020 8:00,27.37,
20/09/2020 9:00,-100.72,
20/09/2020 10:00,-43.52,
20/09/2020 11:00,-137.08,
20/09/2020 12:00,-239.42,
20/09/2020 13:00,-473.835,
20/09/2020 14:00,-325.84,
20/09/2020 15:00,-166.365,
20/09/2020 16:00,-58.305,
20/09/2020 17:00,15.365,
20/09/2020 18:00,43.175,
20/09/2020 19:00,62.715,
20/09/2020 20:00,33.39,
20/09/2020 21:00,30.04,
20/09/2020 22:00,27.98,
20/09/2020 23:00,24.66,
21/09/2020 0:00,32.03,
21/09/2020 1:00,31.885,
21/09/2020 2:00,30.83,
21/09/2020 3:00,21.7,
21/09/2020 4:00,20.635,
21/09/2020 5:00,33.665,
21/09/2020 6:00,39.305,
21/09/2020 7:00,42.515,
21/09/2020 8:00,33,
21/09/2020 9:00,-53.95,
21/09/2020 10:00,-88.745,
21/09/2020 11:00,-156.02,
21/09/2020 12:00,-70.375,
21/09/2020 13:00,-105.38,
21/09/2020 14:00,-92.155,
21/09/2020 15:00,-100.495,
21/09/2020 16:00,-69.07,
21/09/2020 17:00,26.28,
21/09/2020 18:00,48.09,
21/09/2020 19:00,50.93,
21/09/2020 20:00,41.19,
21/09/2020 21:00,37.68,
21/09/2020 22:00,36.045,
21/09/2020 23:00,34.535,
22/09/2020 0:00,36.695,
22/09/2020 1:00,34.645,
22/09/2020 2:00,15.12,
22/09/2020 3:00,0.87,
22/09/2020 4:00,-6.1,
22/09/2020 5:00,-15.455,
22/09/2020 6:00,19.415,
22/09/2020 7:00,33.9,
22/09/2020 8:00,27.745,
22/09/2020 9:00,21.905,
22/09/2020 10:00,-35.925,
22/09/2020 11:00,-43.965,
22/09/2020 12:00,-57.99,
22/09/2020 13:00,-63.58,
22/09/2020 14:00,-106.14,
22/09/2020 15:00,-44.135,
22/09/2020 16:00,-8.62,
22/09/2020 17:00,22.425,
22/09/2020 18:00,38.44,
22/09/2020 19:00,60.45,
22/09/2020 20:00,42,
22/09/2020 21:00,42.37,
22/09/2020 22:00,39.08,
22/09/2020 23:00,37.81,
23/09/2020 0:00,39.89,
23/09/2020 1:00,36.425,
23/09/2020 2:00,5.535,
23/09/2020 3:00,12.255,
23/09/2020 4:00,5.3,
23/09/2020 5:00,15.465,
23/09/2020 6:00,33.215,
23/09/2020 7:00,39.08,
23/09/2020 8:00,37.915,
23/09/2020 9:00,37.865,
23/09/2020 10:00,31.455,
23/09/2020 11:00,-25.87,
23/09/2020 12:00,-52.645,
23/09/2020 13:00,-92.455,
23/09/2020 14:00,-53.84,
23/09/2020 15:00,-60.695,
23/09/2020 16:00,-53.055,
23/09/2020 17:00,-57.24,
23/09/2020 18:00,33.49,
23/09/2020 19:00,46.395,
23/09/2020 20:00,45.97,
23/09/2020 21:00,44.96,
23/09/2020 22:00,48.625,
23/09/2020 23:00,47.415,
24/09/2020 0:00,58.825,
24/09/2020 1:00,49.835,
24/09/2020 2:00,46.715,
24/09/2020 3:00,53.625,
24/09/2020 4:00,50.67,
24/09/2020 5:00,54.305,
24/09/2020 6:00,49.83,
24/09/2020 7:00,54.37,
24/09/2020 8:00,43.42,
24/09/2020 9:00,43.06,
24/09/2020 10:00,38.775,
24/09/2020 11:00,37.405,
24/09/2020 12:00,10,
24/09/2020 13:00,-43.36,
24/09/2020 14:00,38.495,
24/09/2020 15:00,42.695,
24/09/2020 16:00,49.7,
24/09/2020 17:00,41.665,
24/09/2020 18:00,45.105,
24/09/2020 19:00,92.765,
24/09/2020 20:00,50.16,
24/09/2020 21:00,48.475,
24/09/2020 22:00,42.445,
24/09/2020 23:00,43.51,
25/09/2020 0:00,43.325,
25/09/2020 1:00,40.505,
25/09/2020 2:00,42.67,
25/09/2020 3:00,43.92,
25/09/2020 4:00,39.175,
25/09/2020 5:00,40.85,
25/09/2020 6:00,41.365,
25/09/2020 7:00,40.755,
25/09/2020 8:00,39.26,
25/09/2020 9:00,39.8,
25/09/2020 10:00,78.44,
25/09/2020 11:00,33.645,
25/09/2020 12:00,-165.39,
25/09/2020 13:00,-81.235,
25/09/2020 14:00,-57.91,
25/09/2020 15:00,-63.685,
25/09/2020 16:00,-73.32,
25/09/2020 17:00,-3.51,
25/09/2020 18:00,-11.16,
25/09/2020 19:00,20.605,
25/09/2020 20:00,41.92,
25/09/2020 21:00,41.49,
25/09/2020 22:00,39.91,
25/09/2020 23:00,41.91,
26/09/2020 0:00,38.185,
26/09/2020 1:00,34.87,
26/09/2020 2:00,21.75,
26/09/2020 3:00,9.005,
26/09/2020 4:00,14.945,
26/09/2020 5:00,29.585,
26/09/2020 6:00,39.67,
26/09/2020 7:00,40.07,
26/09/2020 8:00,40.755,
26/09/2020 9:00,40.3,
26/09/2020 10:00,41.3,
26/09/2020 11:00,36.14,
26/09/2020 12:00,24.965,
26/09/2020 13:00,10.12,
26/09/2020 14:00,-22.415,
26/09/2020 15:00,-4.31,
26/09/2020 16:00,-2.175,
26/09/2020 17:00,29.19,
26/09/2020 18:00,43,
26/09/2020 19:00,62.95,
26/09/2020 20:00,83.585,
26/09/2020 21:00,55.7,
26/09/2020 22:00,44.28,
26/09/2020 23:00,44.56,
27/09/2020 0:00,48.02,
27/09/2020 1:00,45.875,
27/09/2020 2:00,52.56,
27/09/2020 3:00,60.945,
27/09/2020 4:00,53.62,
27/09/2020 5:00,67.94,
27/09/2020 6:00,62.755,
27/09/2020 7:00,57.325,
27/09/2020 8:00,40.155,
27/09/2020 9:00,31.855,
27/09/2020 10:00,28.065,
27/09/2020 11:00,39.895,
27/09/2020 12:00,43.77,
27/09/2020 13:00,31.25,
27/09/2020 14:00,26.435,
27/09/2020 15:00,26.14,
27/09/2020 16:00,27.21,
27/09/2020 17:00,38.035,
27/09/2020 18:00,58.89,
27/09/2020 19:00,216.61,
27/09/2020 20:00,112.03,
27/09/2020 21:00,72.275,
27/09/2020 22:00,47.07,
27/09/2020 23:00,40.95,
28/09/2020 0:00,27.585,
28/09/2020 1:00,34.72,
28/09/2020 2:00,33.865,
28/09/2020 3:00,3.13,
28/09/2020 4:00,-7.105,
28/09/2020 5:00,7.525,
28/09/2020 6:00,39.84,
28/09/2020 7:00,43.295,
28/09/2020 8:00,39.125,
28/09/2020 9:00,49.56,
28/09/2020 10:00,47.19,
28/09/2020 11:00,29.9,
28/09/2020 12:00,-88.06,
28/09/2020 13:00,-136.53,
28/09/2020 14:00,-52.985,
28/09/2020 15:00,-39.04,
28/09/2020 16:00,-46.21,
28/09/2020 17:00,-23.59,
28/09/2020 18:00,-10.545,
28/09/2020 19:00,131.52,
28/09/2020 20:00,47.58,
28/09/2020 21:00,41,
28/09/2020 22:00,40.97,
28/09/2020 23:00,5.76,
29/09/2020 0:00,3.015,
29/09/2020 1:00,-13.91,
29/09/2020 2:00,2.35,
29/09/2020 3:00,38.075,
29/09/2020 4:00,29.14,
29/09/2020 5:00,31.795,
29/09/2020 6:00,33.65,
29/09/2020 7:00,42.855,
29/09/2020 8:00,37.485,
29/09/2020 9:00,37.135,
29/09/2020 10:00,36.51,
29/09/2020 11:00,33.32,
29/09/2020 12:00,-2.025,
29/09/2020 13:00,3.405,
29/09/2020 14:00,40.26,
29/09/2020 15:00,32.445,
29/09/2020 16:00,54.715,
29/09/2020 17:00,58.145,
29/09/2020 18:00,93.43,
29/09/2020 19:00,72.185,
29/09/2020 20:00,58.325,
29/09/2020 21:00,45.655,
29/09/2020 22:00,42.9,
29/09/2020 23:00,40.725,
30/09/2020 0:00,42.125,
30/09/2020 1:00,40.555,
30/09/2020 2:00,39.575,
30/09/2020 3:00,35.68,
30/09/2020 4:00,6.885,
30/09/2020 5:00,16.575,
30/09/2020 6:00,28.88,
30/09/2020 7:00,43.815,
30/09/2020 8:00,46.925,
30/09/2020 9:00,56.495,
30/09/2020 10:00,21.035,
30/09/2020 11:00,-5.07,
30/09/2020 12:00,-5.205,
30/09/2020 13:00,20.74,
30/09/2020 14:00,-32.07,
30/09/2020 15:00,-51.695,
30/09/2020 16:00,30.465,
30/09/2020 17:00,33.57,
30/09/2020 18:00,45.83,
30/09/2020 19:00,50.315,
30/09/2020 20:00,41.185,
30/09/2020 21:00,40.495,
30/09/2020 22:00,37.735,
30/09/2020 23:00,41.255,
1/10/2020 0:00,42.585,
1/10/2020 1:00,42.475,
1/10/2020 2:00,41.57,
1/10/2020 3:00,40.56,
1/10/2020 4:00,40.445,
1/10/2020 5:00,41.33,
1/10/2020 6:00,44.53,
1/10/2020 7:00,52.15,
1/10/2020 8:00,44.31,
1/10/2020 9:00,37.61,
1/10/2020 10:00,32.14,
1/10/2020 11:00,16.895,
1/10/2020 12:00,-50.065,
1/10/2020 13:00,-49.605,
1/10/2020 14:00,-47.925,
1/10/2020 15:00,-45.515,
1/10/2020 16:00,-19.03,
1/10/2020 17:00,27.385,
1/10/2020 18:00,41.565,
1/10/2020 19:00,176.74,
1/10/2020 20:00,62.47,
1/10/2020 21:00,45.85,
1/10/2020 22:00,40.755,
1/10/2020 23:00,40.445,
2/10/2020 0:00,37.175,
2/10/2020 1:00,27.76,
2/10/2020 2:00,-7.595,
2/10/2020 3:00,-36.355,
2/10/2020 4:00,-38.07,
2/10/2020 5:00,-36.985,
2/10/2020 6:00,-33.23,
2/10/2020 7:00,-6.555,
2/10/2020 8:00,-15.345,
2/10/2020 9:00,-50.54,
2/10/2020 10:00,-180.075,
2/10/2020 11:00,-79.185,
2/10/2020 12:00,-98.205,
2/10/2020 13:00,-124.75,
2/10/2020 14:00,-102.015,
2/10/2020 15:00,-45.535,
2/10/2020 16:00,-107.145,
2/10/2020 17:00,-54.885,
2/10/2020 18:00,33.105,
2/10/2020 19:00,32.44,
2/10/2020 20:00,32.705,
2/10/2020 21:00,31.825,
2/10/2020 22:00,13.05,
2/10/2020 23:00,-4.775,
3/10/2020 0:00,16.74,
3/10/2020 1:00,-12.365,
3/10/2020 2:00,-28.67,
3/10/2020 3:00,-22.565,
3/10/2020 4:00,-38.645,
3/10/2020 5:00,-41.365,
3/10/2020 6:00,-40.46,
3/10/2020 7:00,-41.075,
3/10/2020 8:00,-42.465,
3/10/2020 9:00,-32.525,
3/10/2020 10:00,-38.79,
3/10/2020 11:00,-33.885,
3/10/2020 12:00,-30.73,
3/10/2020 13:00,-37.095,
3/10/2020 14:00,-0.725,
3/10/2020 15:00,7.6,
3/10/2020 16:00,7.47,
3/10/2020 17:00,31.36,
3/10/2020 18:00,36.55,
3/10/2020 19:00,42.66,
3/10/2020 20:00,41.745,
3/10/2020 21:00,35.48,
3/10/2020 22:00,35.92,
3/10/2020 23:00,41.68,
4/10/2020 0:00,48.625,
4/10/2020 1:00,37.76,
4/10/2020 2:00,33.01,
4/10/2020 3:00,31.39,
4/10/2020 4:00,40.26,
4/10/2020 5:00,43.75,
4/10/2020 6:00,39.095,
4/10/2020 7:00,36.175,
4/10/2020 8:00,23.42,
4/10/2020 9:00,29.67,
4/10/2020 10:00,7.35,
4/10/2020 11:00,8.87,
4/10/2020 12:00,20.155,
4/10/2020 13:00,12.655,
4/10/2020 14:00,5.66,
4/10/2020 15:00,33.59,
4/10/2020 16:00,33.945,
4/10/2020 17:00,44.915,
4/10/2020 18:00,25.42,
4/10/2020 19:00,35.275,
4/10/2020 20:00,25.64,
4/10/2020 21:00,-10.06,
4/10/2020 22:00,9.435,
4/10/2020 23:00,0.465,
5/10/2020 0:00,20.49,
5/10/2020 1:00,13.355,
5/10/2020 2:00,-2.16,
5/10/2020 3:00,-7.65,
5/10/2020 4:00,0.22,
5/10/2020 5:00,12.41,
5/10/2020 6:00,35.97,
5/10/2020 7:00,45.315,
5/10/2020 8:00,41.28,
5/10/2020 9:00,18.99,
5/10/2020 10:00,-36.305,
5/10/2020 11:00,-20.845,
5/10/2020 12:00,18.205,
5/10/2020 13:00,30.5,
5/10/2020 14:00,27.71,
5/10/2020 15:00,33.205,
5/10/2020 16:00,39.395,
5/10/2020 17:00,49.7,
5/10/2020 18:00,71.985,
5/10/2020 19:00,59.04,
5/10/2020 20:00,49.29,
5/10/2020 21:00,42.475,
5/10/2020 22:00,35.8,
5/10/2020 23:00,31.545,
6/10/2020 0:00,35.54,
6/10/2020 1:00,32.22,
6/10/2020 2:00,4.39,
6/10/2020 3:00,5.24,
6/10/2020 4:00,7.135,
6/10/2020 5:00,21.955,
6/10/2020 6:00,44.515,
6/10/2020 7:00,92.72,
6/10/2020 8:00,86.155,
6/10/2020 9:00,152.765,
6/10/2020 10:00,45.43,
6/10/2020 11:00,12.4,
6/10/2020 12:00,3.575,
6/10/2020 13:00,-10.8,
6/10/2020 14:00,70.16,
6/10/2020 15:00,73.065,
6/10/2020 16:00,48.97,
6/10/2020 17:00,85.645,
6/10/2020 18:00,117.98,
6/10/2020 19:00,195.215,
6/10/2020 20:00,60.04,
6/10/2020 21:00,52.39,
6/10/2020 22:00,48.875,
6/10/2020 23:00,30.115,
7/10/2020 0:00,43.355,
7/10/2020 1:00,40.395,
7/10/2020 2:00,40.805,
7/10/2020 3:00,38.46,
7/10/2020 4:00,25.87,
7/10/2020 5:00,39.285,
7/10/2020 6:00,41.865,
7/10/2020 7:00,20.205,
7/10/2020 8:00,60.27,
7/10/2020 9:00,74.315,
7/10/2020 10:00,-24.26,
7/10/2020 11:00,-24.71,
7/10/2020 12:00,9.285,
7/10/2020 13:00,226.205,
7/10/2020 14:00,242.16,
7/10/2020 15:00,167.315,
7/10/2020 16:00,309.36,
7/10/2020 17:00,259.995,
7/10/2020 18:00,90.95,
7/10/2020 19:00,53.255,
7/10/2020 20:00,46.125,
7/10/2020 21:00,35.15,
7/10/2020 22:00,28.37,
7/10/2020 23:00,-6.58,
8/10/2020 0:00,23.335,
8/10/2020 1:00,13.54,
8/10/2020 2:00,4.535,
8/10/2020 3:00,-19.695,
8/10/2020 4:00,-47.74,
8/10/2020 5:00,-26.675,
8/10/2020 6:00,12.63,
8/10/2020 7:00,33.485,
8/10/2020 8:00,35.295,
8/10/2020 9:00,20.945,
8/10/2020 10:00,-39.84,
8/10/2020 11:00,-55.975,
8/10/2020 12:00,-142.985,
8/10/2020 13:00,-193.805,
8/10/2020 14:00,-179.6,
8/10/2020 15:00,-147.215,
8/10/2020 16:00,-91.93,
8/10/2020 17:00,-50.335,
8/10/2020 18:00,-33.795,
8/10/2020 19:00,71.005,
8/10/2020 20:00,51.705,
8/10/2020 21:00,46.605,
8/10/2020 22:00,40.7,
8/10/2020 23:00,41.93,
9/10/2020 0:00,66.78,
9/10/2020 1:00,32.87,
9/10/2020 2:00,25.45,
9/10/2020 3:00,31.315,
9/10/2020 4:00,34.04,
9/10/2020 5:00,40.435,
9/10/2020 6:00,48.66,
9/10/2020 7:00,65.83,
9/10/2020 8:00,42.67,
9/10/2020 9:00,38.93,
9/10/2020 10:00,35.38,
9/10/2020 11:00,-1.535,
9/10/2020 12:00,-57.745,
9/10/2020 13:00,-14.795,
9/10/2020 14:00,-53.395,
9/10/2020 15:00,1.19,
9/10/2020 16:00,16.87,
9/10/2020 17:00,37.105,
9/10/2020 18:00,46.895,
9/10/2020 19:00,293.235,
9/10/2020 20:00,211.6,
9/10/2020 21:00,124.295,
9/10/2020 22:00,83.645,
9/10/2020 23:00,82.62,
10/10/2020 0:00,46.44,
10/10/2020 1:00,37.53,
10/10/2020 2:00,31.44,
10/10/2020 3:00,12.37,
10/10/2020 4:00,25.465,
10/10/2020 5:00,32.705,
10/10/2020 6:00,39.815,
10/10/2020 7:00,32.335,
10/10/2020 8:00,-4.04,
10/10/2020 9:00,-28.13,
10/10/2020 10:00,-132.41,
10/10/2020 11:00,-106.25,
10/10/2020 12:00,-85.74,
10/10/2020 13:00,-140.1,
10/10/2020 14:00,-180.055,
10/10/2020 15:00,-77.075,
10/10/2020 16:00,-32.27,
10/10/2020 17:00,19.365,
10/10/2020 18:00,43.125,
10/10/2020 19:00,112.62,
10/10/2020 20:00,53.865,
10/10/2020 21:00,56.475,
10/10/2020 22:00,47.125,
10/10/2020 23:00,45.84,
11/10/2020 0:00,53.03,
11/10/2020 1:00,53.67,
11/10/2020 2:00,49.9,
11/10/2020 3:00,50.925,
11/10/2020 4:00,51.27,
11/10/2020 5:00,49.98,
11/10/2020 6:00,47.015,
11/10/2020 7:00,45.17,
11/10/2020 8:00,29.755,
11/10/2020 9:00,32.375,
11/10/2020 10:00,36.285,
11/10/2020 11:00,26.92,
11/10/2020 12:00,24.4,
11/10/2020 13:00,15.695,
11/10/2020 14:00,9.935,
11/10/2020 15:00,24.96,
11/10/2020 16:00,34.52,
11/10/2020 17:00,56.295,
11/10/2020 18:00,160.605,
11/10/2020 19:00,203.635,
11/10/2020 20:00,92.395,
11/10/2020 21:00,60.865,
11/10/2020 22:00,58.305,
11/10/2020 23:00,57.87,
12/10/2020 0:00,63.605,
12/10/2020 1:00,61.48,
12/10/2020 2:00,51.645,
12/10/2020 3:00,49.12,
12/10/2020 4:00,47.67,
12/10/2020 5:00,51.925,
12/10/2020 6:00,90.43,
12/10/2020 7:00,69.975,
12/10/2020 8:00,32.71,
12/10/2020 9:00,28.155,
12/10/2020 10:00,35.96,
12/10/2020 11:00,-8.91,
12/10/2020 12:00,-24.11,
12/10/2020 13:00,-29.605,
12/10/2020 14:00,-44.25,
12/10/2020 15:00,3.61,
12/10/2020 16:00,29.73,
12/10/2020 17:00,37.765,
12/10/2020 18:00,31.365,
12/10/2020 19:00,47.615,
12/10/2020 20:00,44.305,
12/10/2020 21:00,38.8,
12/10/2020 22:00,37.815,
12/10/2020 23:00,39.4,
13/10/2020 0:00,47.85,
13/10/2020 1:00,54.43,
13/10/2020 2:00,48.235,
13/10/2020 3:00,50.855,
13/10/2020 4:00,52.105,
13/10/2020 5:00,50.05,
13/10/2020 6:00,91.985,
13/10/2020 7:00,59.12,
13/10/2020 8:00,43.765,
13/10/2020 9:00,38.975,
13/10/2020 10:00,35.65,
13/10/2020 11:00,29.555,
13/10/2020 12:00,27.795,
13/10/2020 13:00,28.675,
13/10/2020 14:00,28.14,
13/10/2020 15:00,29.395,
13/10/2020 16:00,32.785,
13/10/2020 17:00,50.615,
13/10/2020 18:00,60.15,
13/10/2020 19:00,69.44,
13/10/2020 20:00,56.045,
13/10/2020 21:00,46.2,
13/10/2020 22:00,43.575,
13/10/2020 23:00,46.765,
14/10/2020 0:00,52.895,
14/10/2020 1:00,53.465,
14/10/2020 2:00,47.13,
14/10/2020 3:00,44.725,
14/10/2020 4:00,39.91,
14/10/2020 5:00,46.32,
14/10/2020 6:00,88.59,
14/10/2020 7:00,82.575,
14/10/2020 8:00,38.285,
14/10/2020 9:00,36.64,
14/10/2020 10:00,39.215,
14/10/2020 11:00,30.64,
14/10/2020 12:00,24.775,
14/10/2020 13:00,19.11,
14/10/2020 14:00,26.835,
14/10/2020 15:00,36.08,
14/10/2020 16:00,38.965,
14/10/2020 17:00,74.055,
14/10/2020 18:00,85.785,
14/10/2020 19:00,78.27,
14/10/2020 20:00,59.87,
14/10/2020 21:00,44.585,
14/10/2020 22:00,41.03,
14/10/2020 23:00,26.485,
15/10/2020 0:00,29.465,
15/10/2020 1:00,15.08,
15/10/2020 2:00,-16.055,
15/10/2020 3:00,-28.49,
15/10/2020 4:00,-31.6,
15/10/2020 5:00,-6.27,
15/10/2020 6:00,27.075,
15/10/2020 7:00,32.175,
15/10/2020 8:00,31.29,
15/10/2020 9:00,27.11,
15/10/2020 10:00,38.405,
15/10/2020 11:00,34.87,
15/10/2020 12:00,32.855,
15/10/2020 13:00,37.27,
15/10/2020 14:00,41.445,
15/10/2020 15:00,55.815,
15/10/2020 16:00,49.57,
15/10/2020 17:00,58.365,
15/10/2020 18:00,50.21,
15/10/2020 19:00,63.765,
15/10/2020 20:00,52.135,
15/10/2020 21:00,43.225,
15/10/2020 22:00,37.76,
15/10/2020 23:00,39.88,
16/10/2020 0:00,41.975,
16/10/2020 1:00,37.62,
16/10/2020 2:00,38.055,
16/10/2020 3:00,24.135,
16/10/2020 4:00,19.245,
16/10/2020 5:00,28.33,
16/10/2020 6:00,43.83,
16/10/2020 7:00,53.22,
16/10/2020 8:00,47.5,
16/10/2020 9:00,33.655,
16/10/2020 10:00,38.89,
16/10/2020 11:00,43.06,
16/10/2020 12:00,44.655,
16/10/2020 13:00,41.01,
16/10/2020 14:00,54.325,
16/10/2020 15:00,67.01,
16/10/2020 16:00,68.97,
16/10/2020 17:00,104.925,
16/10/2020 18:00,124.82,
16/10/2020 19:00,91.405,
16/10/2020 20:00,87.67,
16/10/2020 21:00,70.84,
16/10/2020 22:00,44.855,
16/10/2020 23:00,46.125,
17/10/2020 0:00,51.47,
17/10/2020 1:00,55.695,
17/10/2020 2:00,55.145,
17/10/2020 3:00,52.915,
17/10/2020 4:00,40.655,
17/10/2020 5:00,46.925,
17/10/2020 6:00,48.875,
17/10/2020 7:00,58.63,
17/10/2020 8:00,55.825,
17/10/2020 9:00,57.59,
17/10/2020 10:00,39.42,
17/10/2020 11:00,18.8,
17/10/2020 12:00,-15.67,
17/10/2020 13:00,-21.385,
17/10/2020 14:00,-18.105,
17/10/2020 15:00,-1.095,
17/10/2020 16:00,18.605,
17/10/2020 17:00,31.36,
17/10/2020 18:00,43.19,
17/10/2020 19:00,45.035,
17/10/2020 20:00,42.59,
17/10/2020 21:00,42.875,
17/10/2020 22:00,38.79,
17/10/2020 23:00,36.625,
18/10/2020 0:00,43.615,
18/10/2020 1:00,46.815,
18/10/2020 2:00,43.52,
18/10/2020 3:00,42.935,
18/10/2020 4:00,40.665,
18/10/2020 5:00,44.265,
18/10/2020 6:00,43.755,
18/10/2020 7:00,42.375,
18/10/2020 8:00,43.195,
18/10/2020 9:00,40.515,
18/10/2020 10:00,40.56,
18/10/2020 11:00,38.795,
18/10/2020 12:00,34.365,
18/10/2020 13:00,27.535,
18/10/2020 14:00,16.27,
18/10/2020 15:00,15.495,
18/10/2020 16:00,35.965,
18/10/2020 17:00,38.585,
18/10/2020 18:00,48.13,
18/10/2020 19:00,61.64,
18/10/2020 20:00,58.675,
18/10/2020 21:00,46.88,
18/10/2020 22:00,40.22,
18/10/2020 23:00,39.455,
19/10/2020 0:00,41.45,
19/10/2020 1:00,43,
19/10/2020 2:00,40.8,
19/10/2020 3:00,39.395,
19/10/2020 4:00,42.87,
19/10/2020 5:00,45.495,
19/10/2020 6:00,65.68,
19/10/2020 7:00,95.52,
19/10/2020 8:00,48.15,
19/10/2020 9:00,42.33,
19/10/2020 10:00,44.295,
19/10/2020 11:00,76.925,
19/10/2020 12:00,49.32,
19/10/2020 13:00,47.215,
19/10/2020 14:00,35.24,
19/10/2020 15:00,36.03,
19/10/2020 16:00,38.85,
19/10/2020 17:00,41.195,
19/10/2020 18:00,54.535,
19/10/2020 19:00,75.97,
19/10/2020 20:00,85.39,
19/10/2020 21:00,52.98,
19/10/2020 22:00,44.325,
19/10/2020 23:00,43.775,
20/10/2020 0:00,59.17,
20/10/2020 1:00,43.895,
20/10/2020 2:00,40.995,
20/10/2020 3:00,39.53,
20/10/2020 4:00,38.06,
20/10/2020 5:00,42.32,
20/10/2020 6:00,62.115,
20/10/2020 7:00,67.655,
20/10/2020 8:00,58.045,
20/10/2020 9:00,41.13,
20/10/2020 10:00,47.295,
20/10/2020 11:00,53.745,
20/10/2020 12:00,49,
20/10/2020 13:00,36.665,
20/10/2020 14:00,34.1,
20/10/2020 15:00,37.585,
20/10/2020 16:00,39.685,
20/10/2020 17:00,51.49,
20/10/2020 18:00,134.41,
20/10/2020 19:00,230.585,
20/10/2020 20:00,86.775,
20/10/2020 21:00,76.835,
20/10/2020 22:00,92.925,
20/10/2020 23:00,67.59,
21/10/2020 0:00,85.845,
21/10/2020 1:00,62.23,
21/10/2020 2:00,65.785,
21/10/2020 3:00,66.3,
21/10/2020 4:00,68.38,
21/10/2020 5:00,131.18,
21/10/2020 6:00,248.065,
21/10/2020 7:00,315.08,
21/10/2020 8:00,122.005,
21/10/2020 9:00,54.005,
21/10/2020 10:00,43.085,
21/10/2020 11:00,40.665,
21/10/2020 12:00,42.565,
21/10/2020 13:00,38.53,
21/10/2020 14:00,43.615,
21/10/2020 15:00,51.84,
21/10/2020 16:00,44.745,
21/10/2020 17:00,48.225,
21/10/2020 18:00,60.93,
21/10/2020 19:00,169.205,
21/10/2020 20:00,66.985,
21/10/2020 21:00,47.505,
21/10/2020 22:00,44.65,
21/10/2020 23:00,50.435,
22/10/2020 0:00,49.885,
22/10/2020 1:00,44.15,
22/10/2020 2:00,36.015,
22/10/2020 3:00,34.335,
22/10/2020 4:00,40.035,
22/10/2020 5:00,35.39,
22/10/2020 6:00,32.93,
22/10/2020 7:00,53.665,
22/10/2020 8:00,46.615,
22/10/2020 9:00,44.56,
22/10/2020 10:00,33.19,
22/10/2020 11:00,34.535,
22/10/2020 12:00,22.815,
22/10/2020 13:00,45.045,
22/10/2020 14:00,60.135,
22/10/2020 15:00,57.275,
22/10/2020 16:00,53.32,
22/10/2020 17:00,102.835,
22/10/2020 18:00,65.345,
22/10/2020 19:00,53.015,
22/10/2020 20:00,49.135,
22/10/2020 21:00,65.795,
22/10/2020 22:00,16.43,
22/10/2020 23:00,-29.975,
23/10/2020 0:00,42.27,
23/10/2020 1:00,29.02,
23/10/2020 2:00,20.075,
23/10/2020 3:00,37.695,
23/10/2020 4:00,35.675,
23/10/2020 5:00,39.455,
23/10/2020 6:00,52.795,
23/10/2020 7:00,62.565,
23/10/2020 8:00,106.57,
23/10/2020 9:00,89.175,
23/10/2020 10:00,48.27,
23/10/2020 11:00,40.84,
23/10/2020 12:00,41.205,
23/10/2020 13:00,52.57,
23/10/2020 14:00,55.395,
23/10/2020 15:00,66.825,
23/10/2020 16:00,41.215,
23/10/2020 17:00,50.195,
23/10/2020 18:00,34.18,
23/10/2020 19:00,32.7,
23/10/2020 20:00,22.07,
23/10/2020 21:00,51.2,
23/10/2020 22:00,12.22,
23/10/2020 23:00,-2.49,
24/10/2020 0:00,-0.245,
24/10/2020 1:00,21.455,
24/10/2020 2:00,-41.63,
24/10/2020 3:00,-48.11,
24/10/2020 4:00,-43.415,
24/10/2020 5:00,-42.78,
24/10/2020 6:00,-38.01,
24/10/2020 7:00,-13.25,
24/10/2020 8:00,18.315,
24/10/2020 9:00,-13.32,
24/10/2020 10:00,-40.945,
24/10/2020 11:00,-64.755,
24/10/2020 12:00,-130.85,
24/10/2020 13:00,-183.145,
24/10/2020 14:00,-107.155,
24/10/2020 15:00,-93.25,
24/10/2020 16:00,-82.78,
24/10/2020 17:00,-59.3,
24/10/2020 18:00,33.55,
24/10/2020 19:00,59.885,
24/10/2020 20:00,74.22,
24/10/2020 21:00,49.925,
24/10/2020 22:00,43.445,
24/10/2020 23:00,47.235,
25/10/2020 0:00,42.26,
25/10/2020 1:00,42.59,
25/10/2020 2:00,44.76,
25/10/2020 3:00,41.78,
25/10/2020 4:00,40.38,
25/10/2020 5:00,38.125,
25/10/2020 6:00,40.435,
25/10/2020 7:00,32.83,
25/10/2020 8:00,9.565,
25/10/2020 9:00,-38.315,
25/10/2020 10:00,-69.42,
25/10/2020 11:00,-72.77,
25/10/2020 12:00,-32.89,
25/10/2020 13:00,-6.56,
25/10/2020 14:00,-49.465,
25/10/2020 15:00,-20.19,
25/10/2020 16:00,-44.43,
25/10/2020 17:00,-12.81,
25/10/2020 18:00,31.305,
25/10/2020 19:00,39.195,
25/10/2020 20:00,54.43,
25/10/2020 21:00,42.37,
25/10/2020 22:00,33.435,
25/10/2020 23:00,36.69,
26/10/2020 0:00,44.275,
26/10/2020 1:00,43.21,
26/10/2020 2:00,35.735,
26/10/2020 3:00,22.66,
26/10/2020 4:00,23.97,
26/10/2020 5:00,25.83,
26/10/2020 6:00,73.83,
26/10/2020 7:00,143.25,
26/10/2020 8:00,85.6,
26/10/2020 9:00,43.27,
26/10/2020 10:00,25.29,
26/10/2020 11:00,16.65,
26/10/2020 12:00,10.75,
26/10/2020 13:00,26.5,
26/10/2020 14:00,22.71,
26/10/2020 15:00,33.37,
26/10/2020 16:00,44.45,
26/10/2020 17:00,33.66,
26/10/2020 18:00,36.255,
26/10/2020 19:00,48.39,
26/10/2020 20:00,61.705,
26/10/2020 21:00,53.245,
26/10/2020 22:00,46.495,
26/10/2020 23:00,45.64,
27/10/2020 0:00,42.605,
27/10/2020 1:00,40.115,
27/10/2020 2:00,36.08,
27/10/2020 3:00,36.23,
27/10/2020 4:00,36.715,
27/10/2020 5:00,46.08,
27/10/2020 6:00,55.935,
27/10/2020 7:00,63.58,
27/10/2020 8:00,55.6,
27/10/2020 9:00,47.53,
27/10/2020 10:00,31.64,
27/10/2020 11:00,36.455,
27/10/2020 12:00,40.225,
27/10/2020 13:00,50.08,
27/10/2020 14:00,61.15,
27/10/2020 15:00,55.935,
27/10/2020 16:00,50.36,
27/10/2020 17:00,24.805,
27/10/2020 18:00,47.865,
27/10/2020 19:00,54.555,
27/10/2020 20:00,51.49,
27/10/2020 21:00,43.78,
27/10/2020 22:00,37.365,
27/10/2020 23:00,46.41,
28/10/2020 0:00,48.145,
28/10/2020 1:00,56.9,
28/10/2020 2:00,51.19,
28/10/2020 3:00,48.065,
28/10/2020 4:00,47.73,
28/10/2020 5:00,65.555,
28/10/2020 6:00,149.31,
28/10/2020 7:00,99.505,
28/10/2020 8:00,64.32,
28/10/2020 9:00,52.615,
28/10/2020 10:00,42.415,
28/10/2020 11:00,42.46,
28/10/2020 12:00,40.895,
28/10/2020 13:00,43.155,
28/10/2020 14:00,50.805,
28/10/2020 15:00,55.815,
28/10/2020 16:00,50.255,
28/10/2020 17:00,84.065,
28/10/2020 18:00,75.085,
28/10/2020 19:00,80.855,
28/10/2020 20:00,68.28,
28/10/2020 21:00,61.82,
28/10/2020 22:00,51.915,
28/10/2020 23:00,61.315,
29/10/2020 0:00,74.13,
29/10/2020 1:00,58.855,
29/10/2020 2:00,41.665,
29/10/2020 3:00,9.585,
29/10/2020 4:00,-52.135,
29/10/2020 5:00,-65.95,
29/10/2020 6:00,15.54,
29/10/2020 7:00,43.265,
29/10/2020 8:00,59.77,
29/10/2020 9:00,137.645,
29/10/2020 10:00,168.125,
29/10/2020 11:00,40.925,
29/10/2020 12:00,-15.26,
29/10/2020 13:00,-76.67,
29/10/2020 14:00,-74.77,
29/10/2020 15:00,-119.01,
29/10/2020 16:00,-117.93,
29/10/2020 17:00,-73.245,
29/10/2020 18:00,-45.72,
29/10/2020 19:00,7.24,
29/10/2020 20:00,15.335,
29/10/2020 21:00,42.37,
29/10/2020 22:00,44.615,
29/10/2020 23:00,10.185,
30/10/2020 0:00,15.47,
30/10/2020 1:00,-19.06,
30/10/2020 2:00,-47.38,
30/10/2020 3:00,-32.04,
30/10/2020 4:00,-36.78,
30/10/2020 5:00,-29.265,
30/10/2020 6:00,18.815,
30/10/2020 7:00,42.595,
30/10/2020 8:00,48.49,
30/10/2020 9:00,42.075,
30/10/2020 10:00,43.56,
30/10/2020 11:00,35.41,
30/10/2020 12:00,27.09,
30/10/2020 13:00,24.695,
30/10/2020 14:00,29.22,
30/10/2020 15:00,29.675,
30/10/2020 16:00,31.335,
30/10/2020 17:00,-46.645,
30/10/2020 18:00,10.26,
30/10/2020 19:00,35.435,
30/10/2020 20:00,42.845,
30/10/2020 21:00,42.51,
30/10/2020 22:00,35.86,
30/10/2020 23:00,43.285,
31/10/2020 0:00,57.735,
31/10/2020 1:00,47.375,
31/10/2020 2:00,45.455,
31/10/2020 3:00,43.84,
31/10/2020 4:00,42.555,
31/10/2020 5:00,47.03,
31/10/2020 6:00,54.66,
31/10/2020 7:00,66.56,
31/10/2020 8:00,46.07,
31/10/2020 9:00,40.655,
31/10/2020 10:00,38.075,
31/10/2020 11:00,40.185,
31/10/2020 12:00,43.705,
31/10/2020 13:00,48.055,
31/10/2020 14:00,38.535,
31/10/2020 15:00,47.785,
31/10/2020 16:00,47.31,
31/10/2020 17:00,44.62,
31/10/2020 18:00,54.88,
31/10/2020 19:00,56.815,
31/10/2020 20:00,55.445,
31/10/2020 21:00,55.575,
31/10/2020 22:00,48.425,
31/10/2020 23:00,41.195,
1/11/2020 0:00,53.05,
1/11/2020 1:00,67.44,
1/11/2020 2:00,48.975,
1/11/2020 3:00,47.03,
1/11/2020 4:00,45.26,
1/11/2020 5:00,45.62,
1/11/2020 6:00,47.415,
1/11/2020 7:00,37.235,
1/11/2020 8:00,31.2,
1/11/2020 9:00,28.11,
1/11/2020 10:00,27.305,
1/11/2020 11:00,23.01,
1/11/2020 12:00,13.905,
1/11/2020 13:00,6.38,
1/11/2020 14:00,16.24,
1/11/2020 15:00,22.75,
1/11/2020 16:00,30.075,
1/11/2020 17:00,39.54,
1/11/2020 18:00,65.805,
1/11/2020 19:00,74.375,
1/11/2020 20:00,59.105,
1/11/2020 21:00,53.92,
1/11/2020 22:00,47.695,
1/11/2020 23:00,43.685,
2/11/2020 0:00,48.675,
2/11/2020 1:00,46.66,
2/11/2020 2:00,42.655,
2/11/2020 3:00,41.825,
2/11/2020 4:00,41.995,
2/11/2020 5:00,44.655,
2/11/2020 6:00,44.155,
2/11/2020 7:00,38.575,
2/11/2020 8:00,30.64,
2/11/2020 9:00,22.57,
2/11/2020 10:00,1.07,
2/11/2020 11:00,-15.25,
2/11/2020 12:00,25.795,
2/11/2020 13:00,28.19,
2/11/2020 14:00,31.05,
2/11/2020 15:00,35.45,
2/11/2020 16:00,50.56,
2/11/2020 17:00,63.46,
2/11/2020 18:00,124.6,
2/11/2020 19:00,145.925,
2/11/2020 20:00,61.41,
2/11/2020 21:00,51.16,
2/11/2020 22:00,38.93,
2/11/2020 23:00,35.96,
3/11/2020 0:00,32.89,
3/11/2020 1:00,34.245,
3/11/2020 2:00,31.82,
3/11/2020 3:00,20.345,
3/11/2020 4:00,-11.5,
3/11/2020 5:00,-17.46,
3/11/2020 6:00,-33.155,
3/11/2020 7:00,-31.78,
3/11/2020 8:00,-48.705,
3/11/2020 9:00,-60.385,
3/11/2020 10:00,-110.395,
3/11/2020 11:00,-23.325,
3/11/2020 12:00,-32.965,
3/11/2020 13:00,7.495,
3/11/2020 14:00,16.9,
3/11/2020 15:00,33.71,
3/11/2020 16:00,74.685,
3/11/2020 17:00,70.175,
3/11/2020 18:00,149.685,
3/11/2020 19:00,131.945,
3/11/2020 20:00,104.635,
3/11/2020 21:00,52.83,
3/11/2020 22:00,46.295,
3/11/2020 23:00,46.165,
4/11/2020 0:00,48.005,
4/11/2020 1:00,44.245,
4/11/2020 2:00,39.735,
4/11/2020 3:00,42.885,
4/11/2020 4:00,41.58,
4/11/2020 5:00,50.35,
4/11/2020 6:00,66.245,
4/11/2020 7:00,57.395,
4/11/2020 8:00,53.645,
4/11/2020 9:00,54.98,
4/11/2020 10:00,61.23,
4/11/2020 11:00,55.565,
4/11/2020 12:00,34.79,
4/11/2020 13:00,-70.965,
4/11/2020 14:00,34.725,
4/11/2020 15:00,-83.79,
4/11/2020 16:00,-93.37,
4/11/2020 17:00,-1.81,
4/11/2020 18:00,70.83,
4/11/2020 19:00,70.16,
4/11/2020 20:00,54.74,
4/11/2020 21:00,71.045,
4/11/2020 22:00,51.445,
4/11/2020 23:00,41.34,
5/11/2020 0:00,42.31,
5/11/2020 1:00,34.335,
5/11/2020 2:00,32.235,
5/11/2020 3:00,29.565,
5/11/2020 4:00,27.375,
5/11/2020 5:00,41.68,
5/11/2020 6:00,48.34,
5/11/2020 7:00,53.135,
5/11/2020 8:00,39.33,
5/11/2020 9:00,38.045,
5/11/2020 10:00,43.08,
5/11/2020 11:00,41.94,
5/11/2020 12:00,32.185,
5/11/2020 13:00,41.325,
5/11/2020 14:00,34.59,
5/11/2020 15:00,25.28,
5/11/2020 16:00,4.845,
5/11/2020 17:00,44.11,
5/11/2020 18:00,77.735,
5/11/2020 19:00,143.245,
5/11/2020 20:00,85.83,
5/11/2020 21:00,79.99,
5/11/2020 22:00,63.74,
5/11/2020 23:00,64.105,
6/11/2020 0:00,61.955,
6/11/2020 1:00,56.045,
6/11/2020 2:00,58.825,
6/11/2020 3:00,54.825,
6/11/2020 4:00,59.04,
6/11/2020 5:00,63.825,
6/11/2020 6:00,69.63,
6/11/2020 7:00,103.935,
6/11/2020 8:00,60.62,
6/11/2020 9:00,57.29,
6/11/2020 10:00,81.43,
6/11/2020 11:00,44.075,
6/11/2020 12:00,43.88,
6/11/2020 13:00,36.81,
6/11/2020 14:00,36.65,
6/11/2020 15:00,34.875,
6/11/2020 16:00,31.54,
6/11/2020 17:00,35.04,
6/11/2020 18:00,43.095,
6/11/2020 19:00,70.175,
6/11/2020 20:00,86.98,
6/11/2020 21:00,57.335,
6/11/2020 22:00,55.245,
6/11/2020 23:00,47.535,
7/11/2020 0:00,55.215,
7/11/2020 1:00,56.65,
7/11/2020 2:00,46.435,
7/11/2020 3:00,35.965,
7/11/2020 4:00,36.02,
7/11/2020 5:00,40.48,
7/11/2020 6:00,17.785,
7/11/2020 7:00,24.675,
7/11/2020 8:00,-46.615,
7/11/2020 9:00,-35.02,
7/11/2020 10:00,3.315,
7/11/2020 11:00,20.305,
7/11/2020 12:00,-35.025,
7/11/2020 13:00,-38.455,
7/11/2020 14:00,-41.185,
7/11/2020 15:00,-13,
7/11/2020 16:00,12.19,
7/11/2020 17:00,19.655,
7/11/2020 18:00,37.365,
7/11/2020 19:00,52.415,
7/11/2020 20:00,40.805,
7/11/2020 21:00,36.29,
7/11/2020 22:00,39.73,
7/11/2020 23:00,35.105,
8/11/2020 0:00,36.56,
8/11/2020 1:00,36.62,
8/11/2020 2:00,10.57,
8/11/2020 3:00,-2.275,
8/11/2020 4:00,13.795,
8/11/2020 5:00,25.205,
8/11/2020 6:00,33.25,
8/11/2020 7:00,35.42,
8/11/2020 8:00,-13.93,
8/11/2020 9:00,-58.17,
8/11/2020 10:00,-58.555,
8/11/2020 11:00,-38.49,
8/11/2020 12:00,-11.27,
8/11/2020 13:00,-15.615,
8/11/2020 14:00,-9.865,
8/11/2020 15:00,-4.125,
8/11/2020 16:00,11.855,
8/11/2020 17:00,31.545,
8/11/2020 18:00,49.345,
8/11/2020 19:00,69.4,
8/11/2020 20:00,64.955,
8/11/2020 21:00,47.57,
8/11/2020 22:00,38.25,
8/11/2020 23:00,35.605,
9/11/2020 0:00,37.78,
9/11/2020 1:00,36.06,
9/11/2020 2:00,27.685,
9/11/2020 3:00,26.8,
9/11/2020 4:00,12.925,
9/11/2020 5:00,29.07,
9/11/2020 6:00,38.73,
9/11/2020 7:00,49.895,
9/11/2020 8:00,35.145,
9/11/2020 9:00,36.995,
9/11/2020 10:00,34.565,
9/11/2020 11:00,34.975,
9/11/2020 12:00,36.545,
9/11/2020 13:00,45.205,
9/11/2020 14:00,67.55,
9/11/2020 15:00,61.015,
9/11/2020 16:00,54.035,
9/11/2020 17:00,65.455,
9/11/2020 18:00,69.8,
9/11/2020 19:00,114.785,
9/11/2020 20:00,63.2,
9/11/2020 21:00,48.865,
9/11/2020 22:00,42.915,
9/11/2020 23:00,44.6,
10/11/2020 0:00,43.735,
10/11/2020 1:00,34.99,
10/11/2020 2:00,5.145,
10/11/2020 3:00,2.83,
10/11/2020 4:00,8.575,
10/11/2020 5:00,10.855,
10/11/2020 6:00,59.28,
10/11/2020 7:00,56.485,
10/11/2020 8:00,35.3,
10/11/2020 9:00,33.945,
10/11/2020 10:00,31.145,
10/11/2020 11:00,34.065,
10/11/2020 12:00,46.83,
10/11/2020 13:00,47.085,
10/11/2020 14:00,48.95,
10/11/2020 15:00,62.285,
10/11/2020 16:00,53.835,
10/11/2020 17:00,56.26,
10/11/2020 18:00,60.48,
10/11/2020 19:00,66.71,
10/11/2020 20:00,51.415,
10/11/2020 21:00,43.06,
10/11/2020 22:00,37.88,
10/11/2020 23:00,-0.875,
11/11/2020 0:00,43.225,
11/11/2020 1:00,17.62,
11/11/2020 2:00,6.385,
11/11/2020 3:00,22.075,
11/11/2020 4:00,38.68,
11/11/2020 5:00,41.735,
11/11/2020 6:00,53.945,
11/11/2020 7:00,66.81,
11/11/2020 8:00,51.28,
11/11/2020 9:00,48.035,
11/11/2020 10:00,-155.215,
11/11/2020 11:00,-78.64,
11/11/2020 12:00,-64.085,
11/11/2020 13:00,-39.065,
11/11/2020 14:00,-29.305,
11/11/2020 15:00,-39.29,
11/11/2020 16:00,-62.255,
11/11/2020 17:00,44.44,
11/11/2020 18:00,40.33,
11/11/2020 19:00,57.835,
11/11/2020 20:00,46.965,
11/11/2020 21:00,40.6,
11/11/2020 22:00,36.05,
11/11/2020 23:00,40.655,
12/11/2020 0:00,37.34,
12/11/2020 1:00,5.08,
12/11/2020 2:00,-11.22,
12/11/2020 3:00,-25.16,
12/11/2020 4:00,-26.25,
12/11/2020 5:00,-7.025,
12/11/2020 6:00,36.095,
12/11/2020 7:00,47.65,
12/11/2020 8:00,35.44,
12/11/2020 9:00,34.995,
12/11/2020 10:00,23.52,
12/11/2020 11:00,11.255,
12/11/2020 12:00,3.645,
12/11/2020 13:00,-17.64,
12/11/2020 14:00,-24.07,
12/11/2020 15:00,25.225,
12/11/2020 16:00,32.6,
12/11/2020 17:00,37.12,
12/11/2020 18:00,49.97,
12/11/2020 19:00,29.085,
12/11/2020 20:00,46.95,
12/11/2020 21:00,43.915,
12/11/2020 22:00,32.16,
12/11/2020 23:00,30.615,
13/11/2020 0:00,50.38,
13/11/2020 1:00,37.345,
13/11/2020 2:00,21.095,
13/11/2020 3:00,21.74,
13/11/2020 4:00,8.9,
13/11/2020 5:00,28.585,
13/11/2020 6:00,51.525,
13/11/2020 7:00,64.85,
13/11/2020 8:00,55.455,
13/11/2020 9:00,68.47,
13/11/2020 10:00,39.955,
13/11/2020 11:00,33.75,
13/11/2020 12:00,11.865,
13/11/2020 13:00,-5.71,
13/11/2020 14:00,-15.525,
13/11/2020 15:00,-22.325,
13/11/2020 16:00,21.675,
13/11/2020 17:00,30.675,
13/11/2020 18:00,41.615,
13/11/2020 19:00,74.825,
13/11/2020 20:00,71.505,
13/11/2020 21:00,56.02,
13/11/2020 22:00,59.24,
13/11/2020 23:00,56.11,
14/11/2020 0:00,65.695,
14/11/2020 1:00,55.79,
14/11/2020 2:00,50.335,
14/11/2020 3:00,59.89,
14/11/2020 4:00,61,
14/11/2020 5:00,69.715,
14/11/2020 6:00,68.63,
14/11/2020 7:00,42.215,
14/11/2020 8:00,40.37,
14/11/2020 9:00,39.55,
14/11/2020 10:00,37.35,
14/11/2020 11:00,35.095,
14/11/2020 12:00,31.545,
14/11/2020 13:00,31.565,
14/11/2020 14:00,28.835,
14/11/2020 15:00,27.975,
14/11/2020 16:00,37.495,
14/11/2020 17:00,47.645,
14/11/2020 18:00,58.825,
14/11/2020 19:00,74.4,
14/11/2020 20:00,85.73,
14/11/2020 21:00,57.12,
14/11/2020 22:00,19.53,
14/11/2020 23:00,-30.04,
15/11/2020 0:00,26.835,
15/11/2020 1:00,38.33,
15/11/2020 2:00,18.24,
15/11/2020 3:00,4.805,
15/11/2020 4:00,-2.9,
15/11/2020 5:00,1.945,
15/11/2020 6:00,5.405,
15/11/2020 7:00,-11.575,
15/11/2020 8:00,-8.32,
15/11/2020 9:00,-73.76,
15/11/2020 10:00,7.375,
15/11/2020 11:00,-32.875,
15/11/2020 12:00,-36.605,
15/11/2020 13:00,-0.195,
15/11/2020 14:00,36.595,
15/11/2020 15:00,44.3,
15/11/2020 16:00,49.44,
15/11/2020 17:00,53.515,
15/11/2020 18:00,50.635,
15/11/2020 19:00,49.555,
15/11/2020 20:00,38.175,
15/11/2020 21:00,40.39,
15/11/2020 22:00,36.665,
15/11/2020 23:00,33.735,
16/11/2020 0:00,41.455,
16/11/2020 1:00,35.23,
16/11/2020 2:00,5.96,
16/11/2020 3:00,3.165,
16/11/2020 4:00,0.655,
16/11/2020 5:00,15.28,
16/11/2020 6:00,42.185,
16/11/2020 7:00,54.7,
16/11/2020 8:00,10.57,
16/11/2020 9:00,-27.98,
16/11/2020 10:00,-81.53,
16/11/2020 11:00,-68.395,
16/11/2020 12:00,-50.01,
16/11/2020 13:00,-50.01,
16/11/2020 14:00,-122.815,
16/11/2020 15:00,-43.405,
16/11/2020 16:00,-17.45,
16/11/2020 17:00,-48.925,
16/11/2020 18:00,-41.935,
16/11/2020 19:00,47.36,
16/11/2020 20:00,72.725,
16/11/2020 21:00,53.605,
16/11/2020 22:00,41.09,
16/11/2020 23:00,44.635,
17/11/2020 0:00,52.28,
17/11/2020 1:00,50.655,
17/11/2020 2:00,48.195,
17/11/2020 3:00,45.995,
17/11/2020 4:00,45.485,
17/11/2020 5:00,46.045,
17/11/2020 6:00,53.705,
17/11/2020 7:00,44.27,
17/11/2020 8:00,39.065,
17/11/2020 9:00,43.31,
17/11/2020 10:00,39.2,
17/11/2020 11:00,40.285,
17/11/2020 12:00,35.6,
17/11/2020 13:00,41.22,
17/11/2020 14:00,45.565,
17/11/2020 15:00,53.215,
17/11/2020 16:00,49.455,
17/11/2020 17:00,48.915,
17/11/2020 18:00,66.975,
17/11/2020 19:00,112.66,
17/11/2020 20:00,60.51,
17/11/2020 21:00,50.885,
17/11/2020 22:00,46.715,
17/11/2020 23:00,60.39,
18/11/2020 0:00,52.945,
18/11/2020 1:00,53.735,
18/11/2020 2:00,55.275,
18/11/2020 3:00,57.96,
18/11/2020 4:00,53.025,
18/11/2020 5:00,52.99,
18/11/2020 6:00,55.02,
18/11/2020 7:00,44.395,
18/11/2020 8:00,35.715,
18/11/2020 9:00,35.68,
18/11/2020 10:00,35.595,
18/11/2020 11:00,36.115,
18/11/2020 12:00,41.66,
18/11/2020 13:00,44.66,
18/11/2020 14:00,47.71,
18/11/2020 15:00,51.16,
18/11/2020 16:00,66.845,
18/11/2020 17:00,140.57,
18/11/2020 18:00,166.58,
18/11/2020 19:00,142.205,
18/11/2020 20:00,73.38,
18/11/2020 21:00,71.055,
18/11/2020 22:00,70.535,
18/11/2020 23:00,58.34,
19/11/2020 0:00,65.17,
19/11/2020 1:00,46.645,
19/11/2020 2:00,37.17,
19/11/2020 3:00,32.68,
19/11/2020 4:00,32.62,
19/11/2020 5:00,36.545,
19/11/2020 6:00,37.125,
19/11/2020 7:00,37.565,
19/11/2020 8:00,31.805,
19/11/2020 9:00,26.775,
19/11/2020 10:00,-22.95,
19/11/2020 11:00,-20.5,
19/11/2020 12:00,8,
19/11/2020 13:00,-2.51,
19/11/2020 14:00,8.315,
19/11/2020 15:00,21.745,
19/11/2020 16:00,31.06,
19/11/2020 17:00,30.89,
19/11/2020 18:00,80.285,
19/11/2020 19:00,60.43,
19/11/2020 20:00,60.445,
19/11/2020 21:00,51.44,
19/11/2020 22:00,53.995,
19/11/2020 23:00,51.96,
20/11/2020 0:00,62.68,
20/11/2020 1:00,47.3,
20/11/2020 2:00,43.67,
20/11/2020 3:00,40.78,
20/11/2020 4:00,39.935,
20/11/2020 5:00,44.065,
20/11/2020 6:00,50.29,
20/11/2020 7:00,47.7,
20/11/2020 8:00,37.92,
20/11/2020 9:00,36.13,
20/11/2020 10:00,27.69,
20/11/2020 11:00,10.69,
20/11/2020 12:00,37.76,
20/11/2020 13:00,51.995,
20/11/2020 14:00,40.29,
20/11/2020 15:00,10.225,
20/11/2020 16:00,43.39,
20/11/2020 17:00,23.96,
20/11/2020 18:00,61.575,
20/11/2020 19:00,54.7,
20/11/2020 20:00,41.58,
20/11/2020 21:00,40.525,
20/11/2020 22:00,36.3,
20/11/2020 23:00,66.375,
21/11/2020 0:00,49.88,
21/11/2020 1:00,41.36,
21/11/2020 2:00,37.21,
21/11/2020 3:00,37.65,
21/11/2020 4:00,46.005,
21/11/2020 5:00,38.205,
21/11/2020 6:00,34.72,
21/11/2020 7:00,35.06,
21/11/2020 8:00,41.02,
21/11/2020 9:00,39.425,
21/11/2020 10:00,41.85,
21/11/2020 11:00,43.27,
21/11/2020 12:00,44.26,
21/11/2020 13:00,47.25,
21/11/2020 14:00,53.935,
21/11/2020 15:00,56.07,
21/11/2020 16:00,60.6,
21/11/2020 17:00,66.99,
21/11/2020 18:00,79.415,
21/11/2020 19:00,73.93,
21/11/2020 20:00,59.22,
21/11/2020 21:00,59.255,
21/11/2020 22:00,55.98,
21/11/2020 23:00,29.935,
22/11/2020 0:00,42.92,
22/11/2020 1:00,42.545,
22/11/2020 2:00,35.83,
22/11/2020 3:00,23.05,
22/11/2020 4:00,30.105,
22/11/2020 5:00,34.305,
22/11/2020 6:00,28.155,
22/11/2020 7:00,15.805,
22/11/2020 8:00,28.485,
22/11/2020 9:00,32.335,
22/11/2020 10:00,26.85,
22/11/2020 11:00,28.315,
22/11/2020 12:00,4.76,
22/11/2020 13:00,22.575,
22/11/2020 14:00,47.015,
22/11/2020 15:00,56.465,
22/11/2020 16:00,40.74,
22/11/2020 17:00,51.5,
22/11/2020 18:00,126.9,
22/11/2020 19:00,112.665,
22/11/2020 20:00,67.73,
22/11/2020 21:00,66.32,
22/11/2020 22:00,66.245,
22/11/2020 23:00,65.07,
23/11/2020 0:00,68.07,
23/11/2020 1:00,34.525,
23/11/2020 2:00,24.4,
23/11/2020 3:00,32.445,
23/11/2020 4:00,35.795,
23/11/2020 5:00,43.705,
23/11/2020 6:00,60.88,
23/11/2020 7:00,154.21,
23/11/2020 8:00,107.28,
23/11/2020 9:00,59.2,
23/11/2020 10:00,36.695,
23/11/2020 11:00,36.37,
23/11/2020 12:00,-21.235,
23/11/2020 13:00,-39.86,
23/11/2020 14:00,-53.91,
23/11/2020 15:00,-60.13,
23/11/2020 16:00,-45.125,
23/11/2020 17:00,27.61,
23/11/2020 18:00,36.78,
23/11/2020 19:00,45.685,
23/11/2020 20:00,44.79,
23/11/2020 21:00,44.245,
23/11/2020 22:00,49.035,
23/11/2020 23:00,48.39,
24/11/2020 0:00,49.905,
24/11/2020 1:00,68.16,
24/11/2020 2:00,59.2,
24/11/2020 3:00,51.2,
24/11/2020 4:00,51.41,
24/11/2020 5:00,69.135,
24/11/2020 6:00,100.82,
24/11/2020 7:00,76.76,
24/11/2020 8:00,44.43,
24/11/2020 9:00,46.23,
24/11/2020 10:00,30.69,
24/11/2020 11:00,32.255,
24/11/2020 12:00,27.59,
24/11/2020 13:00,18.21,
24/11/2020 14:00,12.785,
24/11/2020 15:00,-26.245,
24/11/2020 16:00,29.83,
24/11/2020 17:00,42.89,
24/11/2020 18:00,56.795,
24/11/2020 19:00,76.23,
24/11/2020 20:00,80.96,
24/11/2020 21:00,61.4,
24/11/2020 22:00,54.445,
24/11/2020 23:00,62.095,
25/11/2020 0:00,68.32,
25/11/2020 1:00,56.675,
25/11/2020 2:00,52.12,
25/11/2020 3:00,48.78,
25/11/2020 4:00,48.02,
25/11/2020 5:00,52.95,
25/11/2020 6:00,56.02,
25/11/2020 7:00,57.495,
25/11/2020 8:00,38.27,
25/11/2020 9:00,41.55,
25/11/2020 10:00,31.77,
25/11/2020 11:00,32.875,
25/11/2020 12:00,34.2,
25/11/2020 13:00,34.025,
25/11/2020 14:00,36.635,
25/11/2020 15:00,49.98,
25/11/2020 16:00,56.425,
25/11/2020 17:00,59.215,
25/11/2020 18:00,118.945,
25/11/2020 19:00,88.475,
25/11/2020 20:00,85.385,
25/11/2020 21:00,61.315,
25/11/2020 22:00,56.965,
25/11/2020 23:00,65.765,
26/11/2020 0:00,114.33,
26/11/2020 1:00,81.01,
26/11/2020 2:00,73.405,
26/11/2020 3:00,61.54,
26/11/2020 4:00,65.165,
26/11/2020 5:00,57.835,
26/11/2020 6:00,62.195,
26/11/2020 7:00,59.055,
26/11/2020 8:00,41.18,
26/11/2020 9:00,51.42,
26/11/2020 10:00,49.945,
26/11/2020 11:00,44.295,
26/11/2020 12:00,45.63,
26/11/2020 13:00,61.42,
26/11/2020 14:00,54.33,
26/11/2020 15:00,56.26,
26/11/2020 16:00,49.245,
26/11/2020 17:00,44.04,
26/11/2020 18:00,65.565,
26/11/2020 19:00,109.775,
26/11/2020 20:00,83.375,
26/11/2020 21:00,57.01,
26/11/2020 22:00,52.41,
26/11/2020 23:00,48.365,
27/11/2020 0:00,52.825,
27/11/2020 1:00,46.595,
27/11/2020 2:00,32.925,
27/11/2020 3:00,32.725,
27/11/2020 4:00,31.985,
27/11/2020 5:00,40.66,
27/11/2020 6:00,43.35,
27/11/2020 7:00,31.04,
27/11/2020 8:00,29.785,
27/11/2020 9:00,35.02,
27/11/2020 10:00,1.875,
27/11/2020 11:00,21.56,
27/11/2020 12:00,30.235,
27/11/2020 13:00,37.11,
27/11/2020 14:00,46.26,
27/11/2020 15:00,59.705,
27/11/2020 16:00,67.085,
27/11/2020 17:00,101.895,
27/11/2020 18:00,249.15,
27/11/2020 19:00,313.84,
27/11/2020 20:00,127.095,
27/11/2020 21:00,88.27,
27/11/2020 22:00,64.035,
27/11/2020 23:00,71.485,
28/11/2020 0:00,53.425,
28/11/2020 1:00,56.665,
28/11/2020 2:00,50.115,
28/11/2020 3:00,47.495,
28/11/2020 4:00,46.065,
28/11/2020 5:00,47.575,
28/11/2020 6:00,44.365,
28/11/2020 7:00,39.66,
28/11/2020 8:00,26,
28/11/2020 9:00,53.725,
28/11/2020 10:00,-8.915,
28/11/2020 11:00,30.62,
28/11/2020 12:00,31.425,
28/11/2020 13:00,47.88,
28/11/2020 14:00,66.65,
28/11/2020 15:00,106.9,
28/11/2020 16:00,53.135,
28/11/2020 17:00,-35.445,
28/11/2020 18:00,82.17,
28/11/2020 19:00,70.9,
28/11/2020 20:00,-2.925,
28/11/2020 21:00,-2.78,
28/11/2020 22:00,-39.53,
28/11/2020 23:00,-0.405,
29/11/2020 0:00,17.065,
29/11/2020 1:00,34.8,
29/11/2020 2:00,31.125,
29/11/2020 3:00,11.805,
29/11/2020 4:00,-9.605,
29/11/2020 5:00,-7.42,
29/11/2020 6:00,2.34,
29/11/2020 7:00,14.43,
29/11/2020 8:00,-10.935,
29/11/2020 9:00,-75.225,
29/11/2020 10:00,-35.085,
29/11/2020 11:00,-33.115,
29/11/2020 12:00,-35.51,
29/11/2020 13:00,-33.375,
29/11/2020 14:00,-38.53,
29/11/2020 15:00,-24.55,
29/11/2020 16:00,9.99,
29/11/2020 17:00,35.375,
29/11/2020 18:00,35.565,
29/11/2020 19:00,62.895,
29/11/2020 20:00,60.625,
29/11/2020 21:00,52.54,
29/11/2020 22:00,39.62,
29/11/2020 23:00,34.445,
30/11/2020 0:00,43.755,
30/11/2020 1:00,50.565,
30/11/2020 2:00,33.205,
30/11/2020 3:00,32.825,
30/11/2020 4:00,32.16,
30/11/2020 5:00,35.675,
30/11/2020 6:00,43.575,
30/11/2020 7:00,37.22,
30/11/2020 8:00,37.11,
30/11/2020 9:00,19.71,
30/11/2020 10:00,-80.48,
30/11/2020 11:00,-59.515,
30/11/2020 12:00,-49,
30/11/2020 13:00,-31.685,
30/11/2020 14:00,-37.84,
30/11/2020 15:00,-5.26,
30/11/2020 16:00,38.74,
30/11/2020 17:00,52.86,
30/11/2020 18:00,63.355,
30/11/2020 19:00,93.36,
30/11/2020 20:00,85.62,
30/11/2020 21:00,68.8,
30/11/2020 22:00,60.43,
30/11/2020 23:00,65.59,
1/12/2020 0:00,53.585,
1/12/2020 1:00,42.775,
1/12/2020 2:00,31.4,
1/12/2020 3:00,27.185,
1/12/2020 4:00,31.925,
1/12/2020 5:00,36.115,
1/12/2020 6:00,44.335,
1/12/2020 7:00,41.865,
1/12/2020 8:00,38.095,
1/12/2020 9:00,33.38,
1/12/2020 10:00,38.04,
1/12/2020 11:00,-138.865,
1/12/2020 12:00,-176.82,
1/12/2020 13:00,-222.5,
1/12/2020 14:00,-197.98,
1/12/2020 15:00,-139.49,
1/12/2020 16:00,-141.83,
1/12/2020 17:00,-58.96,
1/12/2020 18:00,-21.93,
1/12/2020 19:00,28.67,
1/12/2020 20:00,30.89,
1/12/2020 21:00,34.88,
1/12/2020 22:00,32.555,
1/12/2020 23:00,27.07,
2/12/2020 0:00,36.01,
2/12/2020 1:00,19.07,
2/12/2020 2:00,26.05,
2/12/2020 3:00,26.005,
2/12/2020 4:00,31.46,
2/12/2020 5:00,54.895,
2/12/2020 6:00,57.145,
2/12/2020 7:00,57.21,
2/12/2020 8:00,36.38,
2/12/2020 9:00,43.08,
2/12/2020 10:00,34.095,
2/12/2020 11:00,32.27,
2/12/2020 12:00,36.87,
2/12/2020 13:00,35.045,
2/12/2020 14:00,35.14,
2/12/2020 15:00,40.135,
2/12/2020 16:00,44.985,
2/12/2020 17:00,33.385,
2/12/2020 18:00,39.995,
2/12/2020 19:00,56.495,
2/12/2020 20:00,51.385,
2/12/2020 21:00,51.07,
2/12/2020 22:00,44.19,
2/12/2020 23:00,52.345,
3/12/2020 0:00,57.635,
3/12/2020 1:00,54.46,
3/12/2020 2:00,45.96,
3/12/2020 3:00,39.93,
3/12/2020 4:00,42.85,
3/12/2020 5:00,50.96,
3/12/2020 6:00,57.39,
3/12/2020 7:00,63.305,
3/12/2020 8:00,68.295,
3/12/2020 9:00,52.19,
3/12/2020 10:00,52.95,
3/12/2020 11:00,121.645,
3/12/2020 12:00,48.52,
3/12/2020 13:00,37.745,
3/12/2020 14:00,36.455,
3/12/2020 15:00,34.965,
3/12/2020 16:00,39.275,
3/12/2020 17:00,48.08,
3/12/2020 18:00,63.54,
3/12/2020 19:00,173.345,
3/12/2020 20:00,63.22,
3/12/2020 21:00,75.795,
3/12/2020 22:00,49.015,
3/12/2020 23:00,41.56,
4/12/2020 0:00,47.47,
4/12/2020 1:00,64.12,
4/12/2020 2:00,55.46,
4/12/2020 3:00,60.195,
4/12/2020 4:00,55.085,
4/12/2020 5:00,49.405,
4/12/2020 6:00,50.98,
4/12/2020 7:00,50.02,
4/12/2020 8:00,44.12,
4/12/2020 9:00,33.545,
4/12/2020 10:00,31.875,
4/12/2020 11:00,47.18,
4/12/2020 12:00,137.825,
4/12/2020 13:00,39.535,
4/12/2020 14:00,34.86,
4/12/2020 15:00,54.035,
4/12/2020 16:00,60.085,
4/12/2020 17:00,44.99,
4/12/2020 18:00,65.555,
4/12/2020 19:00,70.39,
4/12/2020 20:00,87.365,
4/12/2020 21:00,73.17,
4/12/2020 22:00,47.565,
4/12/2020 23:00,37.54,
5/12/2020 0:00,54.295,
5/12/2020 1:00,36.25,
5/12/2020 2:00,29.025,
5/12/2020 3:00,15.7,
5/12/2020 4:00,11.135,
5/12/2020 5:00,9.13,
5/12/2020 6:00,18.775,
5/12/2020 7:00,32.9,
5/12/2020 8:00,34.645,
5/12/2020 9:00,16.09,
5/12/2020 10:00,3.415,
5/12/2020 11:00,13.1,
5/12/2020 12:00,-4.585,
5/12/2020 13:00,-165.43,
5/12/2020 14:00,-93.735,
5/12/2020 15:00,-71.425,
5/12/2020 16:00,-4.31,
5/12/2020 17:00,-57.235,
5/12/2020 18:00,-47.85,
5/12/2020 19:00,-4.705,
5/12/2020 20:00,6.785,
5/12/2020 21:00,-0.4,
5/12/2020 22:00,-4.815,
5/12/2020 23:00,-16.23,
6/12/2020 0:00,-0.985,
6/12/2020 1:00,-5,
6/12/2020 2:00,-40.675,
6/12/2020 3:00,-39.52,
6/12/2020 4:00,-36.845,
6/12/2020 5:00,-36.75,
6/12/2020 6:00,-35.82,
6/12/2020 7:00,-32.11,
6/12/2020 8:00,-106.355,
6/12/2020 9:00,-104.66,
6/12/2020 10:00,-132.89,
6/12/2020 11:00,-94.57,
6/12/2020 12:00,-69.98,
6/12/2020 13:00,-79.795,
6/12/2020 14:00,-104.105,
6/12/2020 15:00,-94.46,
6/12/2020 16:00,-47.945,
6/12/2020 17:00,-36.48,
6/12/2020 18:00,-54.99,
6/12/2020 19:00,-2.04,
6/12/2020 20:00,8,
6/12/2020 21:00,-6.345,
6/12/2020 22:00,-35.555,
6/12/2020 23:00,-46.64,
7/12/2020 0:00,-21.53,
7/12/2020 1:00,-29.1,
7/12/2020 2:00,-38.6,
7/12/2020 3:00,-40.835,
7/12/2020 4:00,-42.665,
7/12/2020 5:00,-24.78,
7/12/2020 6:00,16.25,
7/12/2020 7:00,17.98,
7/12/2020 8:00,3.865,
7/12/2020 9:00,-35.99,
7/12/2020 10:00,-13.37,
7/12/2020 11:00,-61.43,
7/12/2020 12:00,-132.75,
7/12/2020 13:00,-49.375,
7/12/2020 14:00,-111.795,
7/12/2020 15:00,-83.9,
7/12/2020 16:00,-84.59,
7/12/2020 17:00,-68.18,
7/12/2020 18:00,-29.945,
7/12/2020 19:00,-68.295,
7/12/2020 20:00,5.87,
7/12/2020 21:00,8.715,
7/12/2020 22:00,8.925,
7/12/2020 23:00,12.045,
8/12/2020 0:00,41.675,
8/12/2020 1:00,28.51,
8/12/2020 2:00,17.92,
8/12/2020 3:00,10.665,
8/12/2020 4:00,15.36,
8/12/2020 5:00,31.795,
8/12/2020 6:00,56.46,
8/12/2020 7:00,55.52,
8/12/2020 8:00,38.05,
8/12/2020 9:00,38.79,
8/12/2020 10:00,39.155,
8/12/2020 11:00,33.12,
8/12/2020 12:00,10.505,
8/12/2020 13:00,16.1,
8/12/2020 14:00,-16.385,
8/12/2020 15:00,20.465,
8/12/2020 16:00,26.88,
8/12/2020 17:00,24.57,
8/12/2020 18:00,35.95,
8/12/2020 19:00,57.205,
8/12/2020 20:00,69.225,
8/12/2020 21:00,61.9,
8/12/2020 22:00,51.85,
8/12/2020 23:00,57.365,
9/12/2020 0:00,58.64,
9/12/2020 1:00,57.67,
9/12/2020 2:00,42.085,
9/12/2020 3:00,39.945,
9/12/2020 4:00,38.065,
9/12/2020 5:00,45.555,
9/12/2020 6:00,54.68,
9/12/2020 7:00,44.72,
9/12/2020 8:00,33.185,
9/12/2020 9:00,36.385,
9/12/2020 10:00,28.005,
9/12/2020 11:00,25.43,
9/12/2020 12:00,10.71,
9/12/2020 13:00,17.435,
9/12/2020 14:00,19.935,
9/12/2020 15:00,26.325,
9/12/2020 16:00,29.545,
9/12/2020 17:00,44.9,
9/12/2020 18:00,54.59,
9/12/2020 19:00,63.33,
9/12/2020 20:00,57.325,
9/12/2020 21:00,56.81,
9/12/2020 22:00,45.41,
9/12/2020 23:00,49.125,
10/12/2020 0:00,50.565,
10/12/2020 1:00,52.225,
10/12/2020 2:00,28.895,
10/12/2020 3:00,14.815,
10/12/2020 4:00,25.15,
10/12/2020 5:00,35.165,
10/12/2020 6:00,37.095,
10/12/2020 7:00,22.61,
10/12/2020 8:00,-10.095,
10/12/2020 9:00,-30.315,
10/12/2020 10:00,-44.8,
10/12/2020 11:00,-60.57,
10/12/2020 12:00,5.1,
10/12/2020 13:00,-42.63,
10/12/2020 14:00,-51.82,
10/12/2020 15:00,-62.94,
10/12/2020 16:00,-32.01,
10/12/2020 17:00,-29.745,
10/12/2020 18:00,-23.765,
10/12/2020 19:00,53.025,
10/12/2020 20:00,42.56,
10/12/2020 21:00,56.415,
10/12/2020 22:00,22.295,
10/12/2020 23:00,32.235,
11/12/2020 0:00,31.69,
11/12/2020 1:00,14.01,
11/12/2020 2:00,16.395,
11/12/2020 3:00,19.32,
11/12/2020 4:00,25.835,
11/12/2020 5:00,29.705,
11/12/2020 6:00,10.885,
11/12/2020 7:00,-2.935,
11/12/2020 8:00,-90.77,
11/12/2020 9:00,-170.405,
11/12/2020 10:00,-102.415,
11/12/2020 11:00,-95.345,
11/12/2020 12:00,-96.175,
11/12/2020 13:00,-74.43,
11/12/2020 14:00,-52,
11/12/2020 15:00,-43.085,
11/12/2020 16:00,-85.285,
11/12/2020 17:00,-24.525,
11/12/2020 18:00,16.7,
11/12/2020 19:00,38.505,
11/12/2020 20:00,57.98,
11/12/2020 21:00,44.5,
11/12/2020 22:00,32.855,
11/12/2020 23:00,35.745,
12/12/2020 0:00,37.165,
12/12/2020 1:00,34.585,
12/12/2020 2:00,15.745,
12/12/2020 3:00,15.055,
12/12/2020 4:00,0.4,
12/12/2020 5:00,-9.18,
12/12/2020 6:00,1.015,
12/12/2020 7:00,-35.84,
12/12/2020 8:00,-49.07,
12/12/2020 9:00,-78.995,
12/12/2020 10:00,-93.73,
12/12/2020 11:00,-97.53,
12/12/2020 12:00,-80.23,
12/12/2020 13:00,-65.96,
12/12/2020 14:00,-1.46,
12/12/2020 15:00,6.375,
12/12/2020 16:00,23.075,
12/12/2020 17:00,39.19,
12/12/2020 18:00,47.835,
12/12/2020 19:00,55.54,
12/12/2020 20:00,56.67,
12/12/2020 21:00,41.995,
12/12/2020 22:00,44.915,
12/12/2020 23:00,78.69,
13/12/2020 0:00,61.21,
13/12/2020 1:00,121.57,
13/12/2020 2:00,74.23,
13/12/2020 3:00,-4.255,
13/12/2020 4:00,14.705,
13/12/2020 5:00,-0.345,
13/12/2020 6:00,-0.16,
13/12/2020 7:00,-12.21,
13/12/2020 8:00,-18.79,
13/12/2020 9:00,-24.11,
13/12/2020 10:00,-32.865,
13/12/2020 11:00,-5.16,
13/12/2020 12:00,-1.885,
13/12/2020 13:00,12.46,
13/12/2020 14:00,11.445,
13/12/2020 15:00,27.325,
13/12/2020 16:00,33.665,
13/12/2020 17:00,44.3,
13/12/2020 18:00,53.305,
13/12/2020 19:00,74.33,
13/12/2020 20:00,86.775,
13/12/2020 21:00,51.495,
13/12/2020 22:00,36.89,
13/12/2020 23:00,30.55,
14/12/2020 0:00,39.285,
14/12/2020 1:00,22.595,
14/12/2020 2:00,11.68,
14/12/2020 3:00,16.87,
14/12/2020 4:00,11.745,
14/12/2020 5:00,6.985,
14/12/2020 6:00,14.485,
14/12/2020 7:00,34.935,
14/12/2020 8:00,31.345,
14/12/2020 9:00,33.44,
14/12/2020 10:00,-52.58,
14/12/2020 11:00,16.415,
14/12/2020 12:00,36.895,
14/12/2020 13:00,44.27,
14/12/2020 14:00,61.22,
14/12/2020 15:00,111.285,
14/12/2020 16:00,75.14,
14/12/2020 17:00,207.775,
14/12/2020 18:00,97.255,
14/12/2020 19:00,114.605,
14/12/2020 20:00,86.865,
14/12/2020 21:00,72.645,
14/12/2020 22:00,69.51,
14/12/2020 23:00,86.01,
15/12/2020 0:00,79.165,
15/12/2020 1:00,66.27,
15/12/2020 2:00,62.545,
15/12/2020 3:00,62.29,
15/12/2020 4:00,61.315,
15/12/2020 5:00,60.965,
15/12/2020 6:00,89.11,
15/12/2020 7:00,84.495,
15/12/2020 8:00,65.755,
15/12/2020 9:00,109.41,
15/12/2020 10:00,64.215,
15/12/2020 11:00,54.99,
15/12/2020 12:00,36.53,
15/12/2020 13:00,89.315,
15/12/2020 14:00,61.37,
15/12/2020 15:00,-3.735,
15/12/2020 16:00,32.92,
15/12/2020 17:00,36.535,
15/12/2020 18:00,30.125,
15/12/2020 19:00,56.47,
15/12/2020 20:00,52.74,
15/12/2020 21:00,56.56,
15/12/2020 22:00,56.17,
15/12/2020 23:00,59.32,
16/12/2020 0:00,53.155,
16/12/2020 1:00,51.98,
16/12/2020 2:00,42.505,
16/12/2020 3:00,37.7,
16/12/2020 4:00,38.13,
16/12/2020 5:00,51.04,
16/12/2020 6:00,54.06,
16/12/2020 7:00,54.24,
16/12/2020 8:00,46.72,
16/12/2020 9:00,2.17,
16/12/2020 10:00,22.375,
16/12/2020 11:00,-12.245,
16/12/2020 12:00,12.28,
16/12/2020 13:00,-19.1,
16/12/2020 14:00,8.675,
16/12/2020 15:00,36,
16/12/2020 16:00,11.895,
16/12/2020 17:00,12.795,
16/12/2020 18:00,29.595,
16/12/2020 19:00,52.845,
16/12/2020 20:00,37.145,
16/12/2020 21:00,38.9,
16/12/2020 22:00,21.585,
16/12/2020 23:00,32.365,
17/12/2020 0:00,53.53,
17/12/2020 1:00,54.41,
17/12/2020 2:00,50.725,
17/12/2020 3:00,51.69,
17/12/2020 4:00,52.175,
17/12/2020 5:00,52.275,
17/12/2020 6:00,56.35,
17/12/2020 7:00,53.05,
17/12/2020 8:00,45.27,
17/12/2020 9:00,36.195,
17/12/2020 10:00,41.145,
17/12/2020 11:00,40.41,
17/12/2020 12:00,40.14,
17/12/2020 13:00,-29.07,
17/12/2020 14:00,-57.43,
17/12/2020 15:00,-17.815,
17/12/2020 16:00,-24.015,
17/12/2020 17:00,-51.225,
17/12/2020 18:00,-91.085,
17/12/2020 19:00,9.175,
17/12/2020 20:00,36.445,
17/12/2020 21:00,50.455,
17/12/2020 22:00,17.985,
17/12/2020 23:00,8.76,
18/12/2020 0:00,17.44,
18/12/2020 1:00,10.095,
18/12/2020 2:00,9.76,
18/12/2020 3:00,9.96,
18/12/2020 4:00,8.225,
18/12/2020 5:00,12.49,
18/12/2020 6:00,58.21,
18/12/2020 7:00,45.16,
18/12/2020 8:00,6.995,
18/12/2020 9:00,30.335,
18/12/2020 10:00,-356.525,
18/12/2020 11:00,-15.125,
18/12/2020 12:00,-4.645,
18/12/2020 13:00,-22.865,
18/12/2020 14:00,-394.96,
18/12/2020 15:00,-28.3,
18/12/2020 16:00,-24.19,
18/12/2020 17:00,2.6,
18/12/2020 18:00,14.885,
18/12/2020 19:00,47.42,
18/12/2020 20:00,60.31,
18/12/2020 21:00,51.08,
18/12/2020 22:00,34.08,
18/12/2020 23:00,38.975,
19/12/2020 0:00,42.045,
19/12/2020 1:00,49.99,
19/12/2020 2:00,41.01,
19/12/2020 3:00,36.06,
19/12/2020 4:00,50.245,
19/12/2020 5:00,49.275,
19/12/2020 6:00,47.97,
19/12/2020 7:00,36.555,
19/12/2020 8:00,37.61,
19/12/2020 9:00,33.37,
19/12/2020 10:00,32.48,
19/12/2020 11:00,32.95,
19/12/2020 12:00,30.155,
19/12/2020 13:00,25.12,
19/12/2020 14:00,23.33,
19/12/2020 15:00,10.43,
19/12/2020 16:00,22.38,
19/12/2020 17:00,32.19,
19/12/2020 18:00,35.61,
19/12/2020 19:00,49.19,
19/12/2020 20:00,50.195,
19/12/2020 21:00,44.48,
19/12/2020 22:00,39.3,
19/12/2020 23:00,37.2,
20/12/2020 0:00,38.445,
20/12/2020 1:00,35.425,
20/12/2020 2:00,22.065,
20/12/2020 3:00,9.01,
20/12/2020 4:00,27.93,
20/12/2020 5:00,16.635,
20/12/2020 6:00,35.895,
20/12/2020 7:00,30.8,
20/12/2020 8:00,17.825,
20/12/2020 9:00,12.87,
20/12/2020 10:00,13.97,
20/12/2020 11:00,25.935,
20/12/2020 12:00,14.375,
20/12/2020 13:00,17.885,
20/12/2020 14:00,13.55,
20/12/2020 15:00,11.395,
20/12/2020 16:00,28.415,
20/12/2020 17:00,30.205,
20/12/2020 18:00,60.065,
20/12/2020 19:00,60.87,
20/12/2020 20:00,62.945,
20/12/2020 21:00,58.025,
20/12/2020 22:00,28.725,
20/12/2020 23:00,25.68,
21/12/2020 0:00,54.5,
21/12/2020 1:00,54.33,
21/12/2020 2:00,50.285,
21/12/2020 3:00,53.815,
21/12/2020 4:00,51.245,
21/12/2020 5:00,49.3,
21/12/2020 6:00,57.325,
21/12/2020 7:00,70.885,
21/12/2020 8:00,78.125,
21/12/2020 9:00,67.64,
21/12/2020 10:00,65.145,
21/12/2020 11:00,60.005,
21/12/2020 12:00,62.43,
21/12/2020 13:00,46.085,
21/12/2020 14:00,47.795,
21/12/2020 15:00,54.045,
21/12/2020 16:00,-3.06,
21/12/2020 17:00,-45.145,
21/12/2020 18:00,39.23,
21/12/2020 19:00,33.615,
21/12/2020 20:00,47.985,
21/12/2020 21:00,55.53,
21/12/2020 22:00,50.98,
21/12/2020 23:00,54.955,
22/12/2020 0:00,74.175,
22/12/2020 1:00,40.785,
22/12/2020 2:00,20.415,
22/12/2020 3:00,8.77,
22/12/2020 4:00,25.4,
22/12/2020 5:00,37.685,
22/12/2020 6:00,42.85,
22/12/2020 7:00,38.125,
22/12/2020 8:00,25.725,
22/12/2020 9:00,0.065,
22/12/2020 10:00,-32.215,
22/12/2020 11:00,-68.455,
22/12/2020 12:00,-76.16,
22/12/2020 13:00,-38.905,
22/12/2020 14:00,-16.33,
22/12/2020 15:00,-68.355,
22/12/2020 16:00,-105.395,
22/12/2020 17:00,-48.88,
22/12/2020 18:00,-11.82,
22/12/2020 19:00,21.64,
22/12/2020 20:00,42.545,
22/12/2020 21:00,45.155,
22/12/2020 22:00,45.275,
22/12/2020 23:00,43.595,
23/12/2020 0:00,40.76,
23/12/2020 1:00,46.59,
23/12/2020 2:00,33.625,
23/12/2020 3:00,35.225,
23/12/2020 4:00,39.72,
23/12/2020 5:00,46.42,
23/12/2020 6:00,49.05,
23/12/2020 7:00,39.975,
23/12/2020 8:00,28.07,
23/12/2020 9:00,31.42,
23/12/2020 10:00,34.04,
23/12/2020 11:00,31.63,
23/12/2020 12:00,16.15,
23/12/2020 13:00,15.755,
23/12/2020 14:00,18.53,
23/12/2020 15:00,20.185,
23/12/2020 16:00,22.485,
23/12/2020 17:00,20.985,
23/12/2020 18:00,41.46,
23/12/2020 19:00,48.645,
23/12/2020 20:00,45.65,
23/12/2020 21:00,42.775,
23/12/2020 22:00,33.9,
23/12/2020 23:00,43.375,
24/12/2020 0:00,41.905,
24/12/2020 1:00,43.66,
24/12/2020 2:00,40.985,
24/12/2020 3:00,31.285,
24/12/2020 4:00,34.13,
24/12/2020 5:00,37.97,
24/12/2020 6:00,40.31,
24/12/2020 7:00,32.585,
24/12/2020 8:00,28.335,
24/12/2020 9:00,21.41,
24/12/2020 10:00,27.44,
24/12/2020 11:00,23.255,
24/12/2020 12:00,11.61,
24/12/2020 13:00,4.5,
24/12/2020 14:00,-13.75,
24/12/2020 15:00,-20.08,
24/12/2020 16:00,-10.595,
24/12/2020 17:00,18.385,
24/12/2020 18:00,16.3,
24/12/2020 19:00,25.445,
24/12/2020 20:00,31.265,
24/12/2020 21:00,33.68,
24/12/2020 22:00,39.78,
24/12/2020 23:00,26.56,
25/12/2020 0:00,33.755,
25/12/2020 1:00,35.84,
25/12/2020 2:00,34.91,
25/12/2020 3:00,20.23,
25/12/2020 4:00,9.81,
25/12/2020 5:00,9.19,
25/12/2020 6:00,9.3,
25/12/2020 7:00,8.63,
25/12/2020 8:00,-8.25,
25/12/2020 9:00,-8.505,
25/12/2020 10:00,-9.18,
25/12/2020 11:00,1.11,
25/12/2020 12:00,-14.28,
25/12/2020 13:00,-34.685,
25/12/2020 14:00,-22.985,
25/12/2020 15:00,-38.155,
25/12/2020 16:00,-11.775,
25/12/2020 17:00,3.365,
25/12/2020 18:00,19.905,
25/12/2020 19:00,34.415,
25/12/2020 20:00,44.905,
25/12/2020 21:00,40.165,
25/12/2020 22:00,37.905,
25/12/2020 23:00,39.215,
26/12/2020 0:00,48.42,
26/12/2020 1:00,47.92,
26/12/2020 2:00,43.165,
26/12/2020 3:00,42.495,
26/12/2020 4:00,41.825,
26/12/2020 5:00,44.47,
26/12/2020 6:00,46.215,
26/12/2020 7:00,35.42,
26/12/2020 8:00,17.54,
26/12/2020 9:00,20.985,
26/12/2020 10:00,11.61,
26/12/2020 11:00,5.815,
26/12/2020 12:00,2.43,
26/12/2020 13:00,3.08,
26/12/2020 14:00,9.035,
26/12/2020 15:00,19.19,
26/12/2020 16:00,36.87,
26/12/2020 17:00,48.015,
26/12/2020 18:00,59.1,
26/12/2020 19:00,66.16,
26/12/2020 20:00,68.595,
26/12/2020 21:00,60.755,
26/12/2020 22:00,50.455,
26/12/2020 23:00,47.225,
27/12/2020 0:00,47.95,
27/12/2020 1:00,42.52,
27/12/2020 2:00,34.64,
27/12/2020 3:00,6.66,
27/12/2020 4:00,-8.44,
27/12/2020 5:00,-23.595,
27/12/2020 6:00,-38.025,
27/12/2020 7:00,-30.645,
27/12/2020 8:00,-29.955,
27/12/2020 9:00,-77.26,
27/12/2020 10:00,-46.2,
27/12/2020 11:00,-7.415,
27/12/2020 12:00,13.96,
27/12/2020 13:00,-16.605,
27/12/2020 14:00,-17.75,
27/12/2020 15:00,10.045,
27/12/2020 16:00,-2.34,
27/12/2020 17:00,-71.135,
27/12/2020 18:00,18.26,
27/12/2020 19:00,22.26,
27/12/2020 20:00,30.17,
27/12/2020 21:00,28.98,
27/12/2020 22:00,16.865,
27/12/2020 23:00,19.235,
28/12/2020 0:00,32.115,
28/12/2020 1:00,20.17,
28/12/2020 2:00,5.26,
28/12/2020 3:00,8.54,
28/12/2020 4:00,8.385,
28/12/2020 5:00,10.345,
28/12/2020 6:00,11.215,
28/12/2020 7:00,6.54,
28/12/2020 8:00,-56.07,
28/12/2020 9:00,-80.875,
28/12/2020 10:00,-53.405,
28/12/2020 11:00,-33.925,
28/12/2020 12:00,-21.36,
28/12/2020 13:00,-36.035,
28/12/2020 14:00,-33.01,
28/12/2020 15:00,-42.975,
28/12/2020 16:00,-42.505,
28/12/2020 17:00,-83.305,
28/12/2020 18:00,-85.765,
28/12/2020 19:00,8.835,
28/12/2020 20:00,31.375,
28/12/2020 21:00,33.52,
28/12/2020 22:00,35.33,
28/12/2020 23:00,36.825,
29/12/2020 0:00,41.665,
29/12/2020 1:00,42.76,
29/12/2020 2:00,42.735,
29/12/2020 3:00,40.44,
29/12/2020 4:00,40.125,
29/12/2020 5:00,42.41,
29/12/2020 6:00,43.3,
29/12/2020 7:00,37.53,
29/12/2020 8:00,32.375,
29/12/2020 9:00,8.745,
29/12/2020 10:00,14.63,
29/12/2020 11:00,3.915,
29/12/2020 12:00,-18.67,
29/12/2020 13:00,-10.44,
29/12/2020 14:00,-29.015,
29/12/2020 15:00,-15.045,
29/12/2020 16:00,-5.7,
29/12/2020 17:00,13.405,
29/12/2020 18:00,26.08,
29/12/2020 19:00,34.815,
29/12/2020 20:00,39.325,
29/12/2020 21:00,43.88,
29/12/2020 22:00,40.845,
29/12/2020 23:00,42.04,
30/12/2020 0:00,44.46,
30/12/2020 1:00,45.63,
30/12/2020 2:00,40.885,
30/12/2020 3:00,39.75,
30/12/2020 4:00,37.885,
30/12/2020 5:00,41.595,
30/12/2020 6:00,41.2,
30/12/2020 7:00,36.745,
30/12/2020 8:00,33.7,
30/12/2020 9:00,25.415,
30/12/2020 10:00,23.02,
30/12/2020 11:00,10.16,
30/12/2020 12:00,11.93,
30/12/2020 13:00,12.26,
30/12/2020 14:00,10.805,
30/12/2020 15:00,11.615,
30/12/2020 16:00,30.08,
30/12/2020 17:00,31.765,
30/12/2020 18:00,30.76,
30/12/2020 19:00,37.01,
30/12/2020 20:00,41.355,
30/12/2020 21:00,36.29,
30/12/2020 22:00,29.185,
30/12/2020 23:00,31.23,
31/12/2020 0:00,36.25,
31/12/2020 1:00,32.92,
31/12/2020 2:00,21,
31/12/2020 3:00,17.325,
31/12/2020 4:00,11.2,
31/12/2020 5:00,13.805,
31/12/2020 6:00,12.865,
31/12/2020 7:00,10.045,
31/12/2020 8:00,-16.285,
31/12/2020 9:00,-53.37,
31/12/2020 10:00,-164.12,
31/12/2020 11:00,-123.73,
31/12/2020 12:00,-28.2,
31/12/2020 13:00,-38.91,
31/12/2020 14:00,-15.935,
31/12/2020 15:00,-32.585,
31/12/2020 16:00,-26.755,
31/12/2020 17:00,15.65,
31/12/2020 18:00,10.06,
31/12/2020 19:00,28.525,
31/12/2020 20:00,39.24,
31/12/2020 21:00,35.545,
31/12/2020 22:00,33.665,
31/12/2020 23:00,41.015,
1/01/2021 0:00,44.705,
