Index,Average Wind Speed
1,22.94
2,20.16
3,19.415
4,21.35
5,17.605
6,20.165
7,17.085
8,18.695
9,22.05
10,20.91
11,17.105
12,16.03
13,16.805
14,17.715
15,20.07
16,23.15
17,28.64666667
18,35.27333333
19,39.52833333
20,35.755
21,25.33166667
22,28.03333333
23,18.035
24,14.62
25,14.56
26,14.17
27,18.585
28,20.23
29,22.615
30,24.04
31,22.81
32,24.31166667
33,31.37333333
34,33.64
35,35.53666667
36,36.35
37,37.32
38,37.44666667
39,35.97666667
40,38.61
41,40.60166667
42,39.29152542
43,39.35166667
44,33.10333333
45,32.72
46,30.67
47,32.61
48,28.25666667
49,22.65
50,18.44
51,20.2
52,18.615
53,14.505
54,12.22
55,9.49
56,11.62
57,17.33
58,21.04
59,21.05
60,19.955
61,16.825
62,19.305
63,21.44
64,24.59
65,25.69
66,30.46
67,32.28
68,29.86949153
69,27.75
70,23.125
71,25.47666667
72,25.77
73,24.875
74,24.575
75,25.835
76,24.025
77,22.175
78,19.1
79,20.15
80,21.745
81,22.945
82,26.87288136
83,30.37333333
84,28.99666667
85,31.63666667
86,38.325
87,44.64
88,46.445
89,44.075
90,44.86
91,46.375
92,43.86271186
93,39.90833333
94,35.67666667
95,36.63166667
96,35.9
97,34.26333333
98,30.81
99,27.04666667
100,26.11
101,27.74333333
102,27.505
103,28.2
104,26.26333333
105,27.44333333
106,26.99333333
107,26.17666667
108,26.555
109,28.53
110,31.33333333
111,39.47833333
112,43.64
113,45.01333333
114,45.555
115,45.27
116,41.37833333
117,37.76833333
118,34.31666667
119,33.06333333
120,32.19
121,29.18333333
122,30.41666667
123,30.17
124,28.21333333
125,27.98333333
126,26.68
127,26.87333333
128,25.13666667
129,22.32
130,23.575
131,26.11
132,27.33666667
133,29.55666667
134,35.15333333
135,31.855
136,17.89
137,23.945
138,27.64666667
139,33.69
140,34.74666667
141,30.7
142,23.75
143,19.19
144,15.94
145,14.56
146,14.59
147,13.18
148,13.63
149,13.6
150,11.53
151,9.37
152,10.45
153,14.95
154,13.33
155,15.465
156,15.68
157,19.39
158,22.225
159,20.67
160,23.065
161,27.59
162,33.66
163,32.22
164,29.35666667
165,27.82666667
166,25.48666667
167,21.815
168,17.865
169,15.34
170,15.79
171,16.52
172,13.78
173,11.8
174,9.67
175,10
176,11.11
177,13.54
178,15.19
179,12.27
180,12.11333333
181,12.64
182,13.81
183,16.645
184,18.64
185,20.945
186,20.885
187,21.165
188,19.38
189,15.28
190,12.20666667
191,7.42
192,5.066666667
193,5.956666667
194,11.07333333
195,11.95
196,11.53
197,11.17
198,5.86
199,5.893333333
200,8.59
201,3.38
202,9.643333333
203,12.7
204,15.015
205,17.275
206,21.05666667
207,30.375
208,31.58666667
209,28.10166667
210,24.90333333
211,23.93166667
212,19.525
213,27.095
214,30.15
215,29.57666667
216,25.40666667
217,32.24666667
218,32.53333333
219,24.655
220,19.21
221,15.355
222,9.353333333
223,1.383333333
224,4.73
225,11.19833333
226,19.39
227,29.36833333
228,32.07333333
229,33.99666667
230,37.89
231,39.73666667
232,29.97333333
233,26.66
234,26.545
235,24.75
236,27.54
237,31.35666667
238,32.12
239,33.28
240,32.96666667
241,31.00666667
242,30.11
243,29.21333333
244,28.91666667
245,24.095
246,24.775
247,25.72
248,27.18
249,23.735
250,23.77
251,25.33
252,22.61
253,22.555
254,25.745
255,33.05
256,38.13666667
257,42.96
258,42.325
259,42.56333333
260,40.56166667
261,31.885
262,28.46666667
263,27.66666667
264,26.41
265,26.23666667
266,23.61
267,23.855
268,24.6
269,23.81
270,19.575
271,19.245
272,19.56
273,17.78
274,12.94
275,11.75666667
276,13.45
277,15.605
278,17.205
279,16.485
280,15.565
281,19.355
282,23.335
283,23.67
284,23.04
285,23.54
286,24.02
287,16.49
288,9.416666667
289,9.096666667
290,7.586666667
291,9.07
292,9.246666667
293,7.743333333
294,5.706666667
295,9.64
296,7.943333333
297,2.003333333
298,4.52
299,11.11333333
300,12.30666667
301,16.575
302,21.76
303,22.87
304,22.705
305,23.665
306,22.52
307,19.19
308,29.42166667
309,31.26
310,27.34
311,25.9
312,26.53
313,19.785
314,19.64
315,15.945
316,15.22
317,14.35
318,14.56
319,17
320,18.8
321,23.52105263
322,22.43
323,18.655
324,18.07413793
325,18.445
326,20.805
327,23.005
328,26.21333333
329,27.98333333
330,35.82
331,35.55666667
332,31.97
333,32.80333333
334,28.14666667
335,23.3
336,23.785
337,21.355
338,24.355
339,28.31333333
340,26.71666667
341,26.515
342,31.58333333
343,29.24666667
344,24.84
345,23.6220339
346,24.88
347,24.145
348,26.94
349,27.84
350,28.66333333
351,34.96666667
352,38.07
353,38.71166667
354,38.975
355,39.97
356,34.77333333
357,31.99
358,32.69
359,32.68333333
360,29.26
361,28.34166667
362,29.37
363,27.39666667
364,26.67166667
365,26.36333333
366,27.115
367,26.19
368,27.07833333
369,28.88333333
370,28.64
371,27.84666667
372,30.88333333
373,32.11
374,34.34
375,36.85
376,38.03166667
377,41.45833333
378,44.715
379,43.01833333
380,40.26166667
381,36.84333333
382,28.43666667
383,29.06
384,28.29666667
385,28.26666667
386,27.56666667
387,24.63666667
388,21.515
389,18.615
390,18.08
391,18.175
392,19.395
393,22.97
394,24
395,26.05
396,25.69
397,28.46666667
398,31.74333333
399,33.58666667
400,34.75666667
401,36.51666667
402,35.42666667
403,35.71
404,33.80333333
405,29.15333333
406,24.105
407,23.81
408,23.145
409,21.025
410,22.215
411,20.835
412,18.48
413,15.345
414,14.68
415,14.44
416,15.16
417,15.76
418,19.255
419,17.45
420,16.65
421,16.78
422,17.95
423,19.245
424,21.2
425,25.57
426,32.60333333
427,30.78333333
428,28.65333333
429,26.645
430,26.59
431,25.18
432,21.01
433,19.24
434,16.6
435,14.265
436,17.155
437,16.275
438,16.31
439,15.435
440,16.675
441,17.855
442,16.5
443,20.46
444,24.21
445,25.665
446,27.34
447,29.43666667
448,33.18333333
449,34.68666667
450,37.54666667
451,40.23833333
452,37.23
453,34.11666667
454,30.85666667
455,29.99333333
456,24.14666667
457,24.155
458,20.705
459,20.935
460,20.97666667
461,15.645
462,17.96
463,18.87
464,27.615
465,29.92181818
466,28.23
467,28.14333333
468,26.99166667
469,32.45166667
470,34.63666667
471,32.7
472,33.23666667
473,33.13333333
474,33.05333333
475,32.66666667
476,30.30333333
477,25.24
478,22.365
479,16.98
480,12.35666667
481,12.22
482,11.32
483,9.79
484,10.66
485,10.81
486,9.37
487,7.766666667
488,2.99
489,12.58
490,11.92
491,12.55333333
492,15.23
493,20.92
494,20.205
495,17.30166667
496,15.165
497,18.59166667
498,22.26833333
499,23.21166667
500,25.08
501,15.68
502,11.44
503,13.84
504,16.31
505,25.42
506,21.03
507,23.395
508,22.075
509,15.86
510,18.51
511,14.71
512,14.09
513,18.74
514,32.20833333
515,32.48333333
516,26.72666667
517,29.39333333
518,32.05666667
519,31.86
520,27.88333333
521,24.935
522,23.935
523,20.29
524,16.82
525,11.92
526,14.83333333
527,15.29
528,14.555
529,12.67
530,13.765
531,21.795
532,24.44666667
533,20.1
534,19.58846154
535,21.215
536,22.82333333
537,23.92333333
538,26.455
539,29.505
540,30.87666667
541,29.85833333
542,29.51666667
543,26.73833333
544,29.09
545,26.31666667
546,26.92166667
547,27.04666667
548,24.665
549,23.75
550,23.195
551,20.305
552,21.81
553,18.13
554,9.753333333
555,7.92
556,10.69
557,10.06
558,11.29
559,12.28
560,11.11
561,11.44
562,15.26
563,16.22166667
564,14.31166667
565,19.675
566,19.1
567,19.64
568,20.005
569,19.56
570,20.9
571,20.02
572,22.21
573,22.375
574,21.88
575,21.795
576,18.43
577,17.905
578,16.045
579,15.46
580,13.06
581,9.97
582,8.56
583,4.58
584,4.473333333
585,13.18
586,13.39
587,12.4
588,13.36
589,15.61
590,19.76
591,23.4
592,26.32
593,28.16333333
594,28.12666667
595,28.14666667
596,30.02
597,26.49
598,20.725
599,21.835
600,24.245
601,18.91
602,16.59
603,15.01
604,13.905
605,13.03
606,15.31
607,12.52
608,17.455
609,20.415
610,19.665
611,19.325
612,17.17
613,22.965
614,27.13666667
615,25.6
616,25.3
617,28.23666667
618,31.24333333
619,32.51
620,33.97666667
621,32.87
622,32.07
623,25.35666667
624,25.32666667
625,21.38
626,15.49
627,15.31
628,17.95
629,20.165
630,20.45
631,17.54
632,17.135
633,22.9
634,21.88
635,18.795
636,22.075
637,28.75666667
638,33.98666667
639,33.11333333
640,32.87
641,31.36
642,34.55
643,33.80666667
644,29.84
645,33.08
646,30.84666667
647,27.455
648,19.415
649,14.05
650,15.62
651,14.8
652,14.74
653,13
654,11.02
655,11.47
656,9.86
657,18.385
658,21.53
659,23.96
660,26.56
661,22.73
662,21.345
663,18.245
664,24.265
665,28.62333333
666,34.04666667
667,35.83333333
668,31.35666667
669,26.98
670,27.58
671,23.355
672,19.64
673,14.23
674,14.025
675,16.07
676,12.7
677,7.873333333
678,5.436666667
679,5.736666667
680,6.233333333
681,10.84333333
682,7.8
683,11.30666667
684,14.59
685,11.37333333
686,14.74
687,15.61
688,15.8
689,16.16
690,15.43
691,15.04
692,11.02
693,5.62
694,8.413333333
695,8.076666667
696,2.376666667
697,0.93559322
698,6.45
699,7.613333333
700,7.223333333
701,4.81
702,10.18
703,9.31
704,7.66
705,2.28
706,7.01
707,16.52
708,16.365
709,14.445
710,18.045
711,17.64666667
712,16.085
713,23.32833333
714,21.2
715,19.04
716,17.39833333
717,20.52666667
718,47.10333333
719,38.52833333
720,17.83
721,8.513333333
722,7.785
723,27.01333333
724,15.37
725,16.455
726,10.25666667
727,6.39
728,11.98
729,18.015
730,25.74666667
731,35.335
732,40.37666667
733,43.22
734,45.605
735,47.32666667
736,46.745
737,44.06
738,40.41833333
739,25.00833333
740,26.52333333
741,15.7
742,9.41
743,14.73666667
744,11.44
745,14.815
746,16.345
747,12.1
748,9.253333333
749,9.88
750,15.77
751,21.415
752,26.29166667
753,26.93333333
754,23.755
755,27.52666667
756,22.435
757,27.79333333
758,28.31333333
759,28.06666667
760,28.8
761,28.7
762,23.355
763,19.805
764,19.07
765,20.78
766,18.795
767,15.5
768,18.225
769,19.155
770,20.62
771,21.14
772,16.9
773,13.21
774,16.455
775,17.665
776,15.83
777,19.335
778,25.29
779,25.96666667
780,23.645
781,23.475
782,23.84666667
783,26.98666667
784,27.715
785,24.37
786,21.75
787,22.24
788,22.28
789,21.745
790,21.85
791,22.47
792,24.26
793,23.825
794,26.34
795,21.33
796,19.24
797,17.555
798,16.545
799,15.9
800,13.9
801,12.645
802,17.49
803,19.045
804,21.685
805,22.21
806,22.605
807,25.17666667
808,28.24333333
809,27.68
810,30.01666667
811,29.42333333
812,25.93
813,24.48
814,25.87
815,25.69
816,26.23
817,26.62666667
818,24.3
819,19.545
820,17.165
821,14.535
822,15.22666667
823,19.47
824,15.775
825,16.83
826,21.845
827,18.695
828,16.11
829,14.815
830,16.995
831,20.09
832,19.12
833,20
834,23.665
835,25.99833333
836,29.14333333
837,25.93166667
838,22.865
839,24.445
840,22.035
841,15.03
842,12.34
843,16.075
844,17.69
845,12.07
846,8.98
847,7.18
848,8.06
849,11.71
850,10.87
851,13.66
852,15.04
853,16.6
854,15.53
855,15.19
856,19.705
857,24.545
858,29.37666667
859,34.03333333
860,35.78
861,30.05
862,23.61
863,23.085
864,22.12
865,23.345
866,22.075
867,17.745
868,14.5
869,13.33
870,11.83
871,7.413333333
872,9.843333333
873,18.57
874,18.39
875,16.75
876,16.64
877,14.71
878,16.335
879,21.05
880,26.08666667
881,30.47666667
882,35.70333333
883,38.675
884,36.27
885,34.27666667
886,28.10333333
887,23.65
888,23.8
889,24.325
890,25.595
891,25.45
892,24.55
893,23.345
894,19.185
895,15.28
896,14.96
897,18.12
898,12.16
899,13.755
900,15.3
901,18.01
902,21.44
903,20.12
904,27.86333333
905,21.48
906,20.35
907,20.725
908,18.48
909,15.435
910,19.38
911,17.35
912,11.65
913,10.75
914,9.41
915,17.68
916,15.745
917,16.085
918,13.06
919,12.91
920,10.96
921,13.51
922,15.955
923,18.215
924,16.405
925,13.3
926,16.3
927,19.165
928,28.61166667
929,34.57
930,36.85
931,35.42
932,34.49333333
933,29.11
934,22.69
935,21.76
936,19.94
937,14.475
938,13.39
939,16.73
940,14.605
941,13.93
942,8.783333333
943,11.2
944,10.62333333
945,16.23
946,18.32
947,17.005
948,16.665
949,14.935
950,13.85
951,15.095
952,16.91
953,17.945
954,25.545
955,23.365
956,17.585
957,14.45333333
958,13.845
959,10.18
960,6.893333333
961,5.533333333
962,5.666666667
963,5.896666667
964,4.15
965,9.79
966,10.13333333
967,5.236666667
968,3.656666667
969,6.346666667
970,8.173333333
971,7.433333333
972,9.853333333
973,19.26
974,21.82
975,22.905
976,22.175
977,25.745
978,28.13333333
979,28.32333333
980,26.25666667
981,27.64666667
982,28.05666667
983,23.975
984,18.555
985,16.03
986,11.68
987,6.743333333
988,7.61
989,9.686666667
990,10.72
991,11.29
992,11.86315789
993,17.01
994,23.54
995,27.46
996,30.03448276
997,30.41
998,25.72
999,28.88
1000,30.86666667
1001,34.41
1002,35.75
1003,38.02166667
1004,38.06166667
1005,35.69333333
1006,31.28333333
1007,27.6
1008,27.40833333
1009,27.96666667
1010,27.81666667
1011,26.215
1012,23.505
1013,24.6
1014,22.1
1015,21.85
1016,23.365
1017,22.375
1018,23.565
1019,23.485
1020,23.17
1021,25.235
1022,25.275
1023,25.25333333
1024,31.13333333
1025,33.37666667
1026,38.64666667
1027,38.695
1028,40.85666667
1029,34.71666667
1030,26.59666667
1031,23.005
1032,21.95
1033,20.98
1034,20.235
1035,19.4
1036,16.77
1037,17.64
1038,15.835
1039,13.78
1040,14.805
1041,19.715
1042,19.65
1043,18.135
1044,17.07
1045,18.845
1046,18.955
1047,19.345
1048,19.95
1049,23.255
1050,23.95
1051,27.85666667
1052,28.54666667
1053,26.2
1054,23.905
1055,19.175
1056,17.27
1057,20.05
1058,19.01
1059,15.22
1060,14.59
1061,16.63
1062,19.985
1063,21.11
1064,17.84
1065,17.405
1066,19.06428571
1067,21.47
1068,24.55
1069,29.26666667
1070,31.82666667
1071,37.44833333
1072,37.98
1073,38.28
1074,36.12666667
1075,36.19333333
1076,30.2
1077,30.44
1078,28.79666667
1079,26.11
1080,23.725
1081,17.535
1082,19.1
1083,20.78
1084,23.735
1085,24.03
1086,25.57166667
1087,24.18
1088,25.17
1089,26.89666667
1090,27.84
1091,26.26
1092,25.17
1093,27.07166667
1094,30.25333333
1095,32.78333333
1096,35.57666667
1097,38.515
1098,38.89333333
1099,40.31333333
1100,35.06
1101,32.93666667
1102,28.31333333
1103,27.52
1104,25.23
1105,22.175
1106,21.25
1107,19.47
1108,18.825
1109,17.065
1110,17.315
1111,18.245
1112,17.34
1113,18.465
1114,15.19
1115,15.925
1116,17.925
1117,18.69
1118,18.975
1119,18.655
1120,19.02
1121,21.07
1122,22.88
1123,24.28
1124,24.725
1125,24.64
1126,19.645
1127,13.42
1128,10.68666667
1129,9.446666667
1130,9.31
1131,6.17
1132,5.133333333
1133,7.206666667
1134,9.286666667
1135,6.91
1136,7.05
1137,10.21694915
1138,11.92
1139,11.83
1140,11.12666667
1141,12.4
1142,11.73333333
1143,11.66
1144,14.11
1145,14.655
1146,12.58
1147,9.95
1148,5.743333333
1149,4.833333333
1150,6.276666667
1151,16.68
1152,13.495
1153,21.565
1154,20.315
1155,25.19666667
1156,30.53833333
1157,23.565
1158,21.49
1159,18.155
1160,23.66
1161,24.72666667
1162,32.91333333
1163,34.46333333
1164,37.05
1165,39.35666667
1166,40.3
1167,43.3
1168,43.665
1169,43.835
1170,42.175
1171,39.97333333
1172,37.04333333
1173,36.01
1174,33.93333333
1175,32.05
1176,28.86333333
1177,28.80333333
1178,28.26
1179,26.3
1180,23.325
1181,23.89166667
1182,21.13
1183,22.41
1184,22.35
1185,21.685
1186,24.42666667
1187,22.56666667
1188,25.63
1189,28.19
1190,28.84
1191,29.41
1192,31.89
1193,32.05
1194,34.79666667
1195,35.38333333
1196,34.38333333
1197,30.42
1198,22.54666667
1199,23.54
1200,23.175
1201,21.885
1202,22.365
1203,19.53
1204,17.245
1205,17.86
1206,19.075
1207,17.68
1208,15.375
1209,19.14
1210,20.945
1211,20.08
1212,19.4
1213,20.425
1214,23.995
1215,23.755
1216,25.87166667
1217,28.96
1218,35.79333333
1219,33.88333333
1220,34.76333333
1221,32.84
1222,31.92
1223,26.68833333
1224,26.11
1225,23.785
1226,23.75
1227,24.185
1228,24.02
1229,23.15
1230,18.875
1231,14.53
1232,13.36
1233,20.89
1234,25.78
1235,25.87666667
1236,23.58
1237,22.01
1238,25.535
1239,28.00333333
1240,34.08333333
1241,39.07666667
1242,41.495
1243,39.88166667
1244,36.10833333
1245,28.37833333
1246,26.825
1247,27.95
1248,25.685
1249,23.645
1250,21.185
1251,18.63
1252,14.44
1253,15.1
1254,14.955
1255,13.39
1256,12.61
1257,14.71
1258,11.61333333
1259,12.94
1260,12.34
1261,15.45
1262,15.95
1263,16.96
1264,19.565
1265,21.89
1266,24.665
1267,28.17
1268,29.20333333
1269,24.855
1270,17.705
1271,14.985
1272,14.44
1273,11.65
1274,10.87
1275,11.65
1276,8.986666667
1277,7.27
1278,7.463333333
1279,7.823333333
1280,9.46
1281,3.23
1282,1.11
1283,5.01
1284,10.21666667
1285,13.995
1286,17.6
1287,20.9
1288,22.165
1289,22.14
1290,19.685
1291,18.5
1292,13.725
1293,5.006666667
1294,3.03
1295,10.34833333
1296,15.195
1297,21.4
1298,18.84
1299,15.485
1300,13.36
1301,10.33
1302,7.353333333
1303,8.06
1304,3.313333333
1305,3.276666667
1306,5.72
1307,12.475
1308,17.46
1309,14.85
1310,16.365
1311,19.81
1312,27.94666667
1313,29.74666667
1314,26.94
1315,25.45
1316,29.20333333
1317,25.33
1318,25.09666667
1319,24.98166667
1320,17.82
1321,12.88
1322,15.87
1323,17.72
1324,13.75
1325,9.616666667
1326,9.85
1327,4.576666667
1328,6.823333333
1329,19.045
1330,22.925
1331,20.35
1332,20.62
1333,19.435
1334,19.92
1335,21.14
1336,27.66833333
1337,28.35666667
1338,28.405
1339,23.19
1340,21.275
1341,21.99
1342,21.455
1343,18.88
1344,17.045
1345,16.91
1346,20.29
1347,17.84
1348,14.23
1349,16.89
1350,20.865
1351,21.58
1352,19.58
1353,17.06
1354,22.68
1355,21.63
1356,25.18
1357,28.01
1358,29.65666667
1359,29
1360,29.39333333
1361,30.83333333
1362,33.77666667
1363,33.94333333
1364,31.26
1365,27.50333333
1366,27.1
1367,21.945
1368,23.62
1369,19.93
1370,19.1
1371,15.65
1372,18.17
1373,17.675
1374,15.53
1375,17.01
1376,16.635
1377,20.13
1378,20.83
1379,21.895
1380,19.15
1381,20.26
1382,23.165
1383,24.715
1384,27.51
1385,30.42666667
1386,36.04333333
1387,35.11
1388,26.73
1389,23.935
1390,23.725
1391,25.355
1392,23.225
1393,21.41
1394,20.765
1395,18.455
1396,19.18
1397,18.175
1398,16.815
1399,15.595
1400,15.18
1401,17.24
1402,20.41
1403,20.97
1404,21.015
1405,21.905
1406,20.62
1407,17.895
1408,21.765
1409,23.19
1410,26.97
1411,30.64666667
1412,29.8
1413,29.68333333
1414,28.49333333
1415,25.93166667
1416,18.56
1417,15.8
1418,15.94
1419,14.35
1420,13.06
1421,9.85
1422,6.923333333
1423,9.136666667
1424,7.543333333
1425,11.07333333
1426,12.13
1427,12.34
1428,12.63333333
1429,14.08
1430,13.57
1431,18.47
1432,19.965
1433,20.46
1434,18.69
1435,17.96
1436,17.38
1437,12.55
1438,8.71
1439,1.62
1440,0.79
1441,7.24
1442,9.25
1443,9.79
1444,9.67
1445,10.10666667
1446,9.1
1447,11.53
1448,11.44
1449,11.8
1450,19.375
1451,23.935
1452,27.54666667
1453,26.15666667
1454,23.93166667
1455,18.01833333
1456,16.67666667
1457,30.31
1458,37.98666667
1459,36.07333333
1460,27.225
1461,21.295
1462,12.04
1463,10.47833333
1464,22.2
1465,22.215
1466,22.045
1467,20.22
1468,23.185
1469,21.955
1470,27.055
1471,27.31666667
1472,28.15333333
1473,32.49666667
1474,30.51
1475,28.13166667
1476,26.42333333
1477,28.22166667
1478,32.63
1479,34.77666667
1480,34.26666667
1481,36.05666667
1482,38.705
1483,35.72333333
1484,31.78666667
1485,32.33666667
1486,29.93333333
1487,31.45333333
1488,30.76
1489,26.11
1490,23.57
1491,23.185
1492,22.115
1493,21.835
1494,20.415
1495,23.295
1496,21.05
1497,20.865
1498,20.395
1499,19.21
1500,15.775
1501,15.225
1502,12.13
1503,11.05
1504,16.32
1505,20.135
1506,14.455
1507,10.99
1508,5.173333333
1509,1.393333333
1510,14.94166667
1511,12.61
1512,14.23
1513,14.47
1514,14.77
1515,13.63
1516,13.81
1517,13.42
1518,13.12
1519,14.2
1520,12.52
1521,15.78
1522,20.12
1523,21.305
1524,20.93
1525,20.33
1526,20.01
1527,22.26
1528,23.145
1529,26.56
1530,29.03
1531,33.04
1532,31.42333333
1533,28.50333333
1534,26.29166667
1535,22.01
1536,19.905
1537,19.5
1538,16.895
1539,11.65
1540,13.96
1541,15.37
1542,14.59
1543,16.615
1544,18.515
1545,21.89
1546,21.625
1547,19.395
1548,19.83
1549,17.99
1550,19.02
1551,23.49
1552,24.215
1553,24.875
1554,25.78474576
1555,28.91666667
1556,26.255
1557,24.335
1558,23.485
1559,20.72
1560,14.74
1561,15.37
1562,15.915
1563,14.08
1564,11.92
1565,9.753333333
1566,10.55666667
1567,13.6
1568,11.74
1569,11.76833333
1570,12.05
1571,17.145
1572,18.465
1573,20.245
1574,21.13
1575,17.155
1576,15.94
1577,21.365
1578,25.48
1579,26.95
1580,26.32
1581,26.02
1582,25.24166667
1583,17.43898305
1584,17.09
1585,17.76
1586,15.715
1587,13.06
1588,15.4
1589,15.58
1590,15.635
1591,18.575
1592,10.13
1593,12.31
1594,13.06
1595,15.365
1596,13.725
1597,16.63
1598,15.22833333
1599,15.915
1600,21.11
1601,24.425
1602,31.14666667
1603,35.75333333
1604,32.52
1605,24.115
1606,22.565
1607,23.465
1608,20.25
1609,14.11
1610,8.203333333
1611,8.426666667
1612,12.28
1613,10.22666667
1614,8.24
1615,10.62333333
1616,9.813333333
1617,8.563333333
1618,9.873333333
1619,10.61
1620,15.26
1621,15.655
1622,16.525
1623,16.74
1624,23.895
1625,33.37
1626,38.08
1627,38.92666667
1628,34.50333333
1629,27.26333333
1630,26.47
1631,25.39
1632,24.455
1633,20.485
1634,14.925
1635,11.26
1636,11.83
1637,11.41
1638,10.09
1639,7.396666667
1640,8.233333333
1641,17.01
1642,17.21
1643,14.47
1644,15.23
1645,19.225
1646,18.315
1647,23.82
1648,29.50333333
1649,31
1650,29.96666667
1651,29.76666667
1652,29.54333333
1653,25.565
1654,24.215
1655,21.705
1656,17.24
1657,13.54
1658,10.12
1659,9.223333333
1660,7.95
1661,9.123333333
1662,8.736666667
1663,7.96
1664,9.853333333
1665,10.3
1666,11.46333333
1667,9.16
1668,11.40333333
1669,12.1
1670,13.24
1671,18.09
1672,20.67
1673,20.525
1674,20.455
1675,18.57
1676,14.505
1677,10.99
1678,10.10666667
1679,8.663333333
1680,6.763333333
1681,9.423333333
1682,11.77
1683,10.24
1684,7.806666667
1685,8.683333333
1686,4.006666667
1687,5.473333333
1688,7.98
1689,5.32
1690,2.996666667
1691,11.49666667
1692,24.89
1693,18.855
1694,13.82833333
1695,14.97333333
1696,21.635
1697,22.705
1698,19.79
1699,14.26
1700,13.69
1701,8.676666667
1702,11.08
1703,10.9
1704,10.33
1705,16.28
1706,15.19
1707,12.76
1708,10.98333333
1709,11.11333333
1710,12.07
1711,6.713333333
1712,3.61
1713,8
1714,16.68
1715,24.07666667
1716,29.99
1717,31.00666667
1718,25.96166667
1719,20.895
1720,17.68
1721,15.225
1722,20.88166667
1723,20.715
1724,15.58
1725,11.48666667
1726,16.965
1727,15.395
1728,9.906666667
1729,9.106666667
1730,7.863333333
1731,5.306666667
1732,8.343333333
1733,9.67
1734,8.68
1735,7.95
1736,1.17
1737,16.08333333
1738,31.50333333
1739,26.17
1740,28.385
1741,33.37666667
1742,34.65333333
1743,37.725
1744,43.085
1745,39.04166667
1746,36.06666667
1747,35.07333333
1748,33.09
1749,34.01666667
1750,32.37
1751,33.31666667
1752,32.74333333
1753,32.66
1754,32.05
1755,30.94
1756,32.50333333
1757,32.28
1758,29.94666667
1759,32.25
1760,33.75666667
1761,34.22
1762,30.73
1763,28.97333333
1764,28.92666667
1765,26.14666667
1766,27.28666667
1767,30.05
1768,30.93333333
1769,35.68333333
1770,36.97333333
1771,31.87
1772,28.27333333
1773,28.55
1774,28.75333333
1775,29.23
1776,30.63333333
1777,26.68333333
1778,26.68
1779,23.03
1780,21.37
1781,20.74
1782,20.19
1783,18.93
1784,16.985
1785,17.92
1786,16.84
1787,16.85
1788,18.425
1789,17.975
1790,21.185
1791,20.235
1792,22.36
1793,22.435
1794,27.10666667
1795,31.26
1796,26.58166667
1797,20.235
1798,19.48
1799,16.255
1800,11.22
1801,3.923333333
1802,6.123333333
1803,1.286666667
1804,6.536666667
1805,1.65
1806,3.86
1807,7.496666667
1808,6.89
1809,7.373333333
1810,3.486666667
1811,15.36
1812,14.985
1813,16.375
1814,19.40677966
1815,19.175
1816,17.24
1817,17.63
1818,16.42
1819,13.27
1820,6.376666667
1821,5.963333333
1822,5.58
1823,4.936666667
1824,7.913333333
1825,4.793333333
1826,6.883333333
1827,8.18
1828,8.24
1829,6.78
1830,8.623333333
1831,8.193333333
1832,8.396666667
1833,8.22
1834,10.69
1835,26.87166667
1836,32.02
1837,28.3
1838,26.13220339
1839,22.36166667
1840,20.185
1841,20.93666667
1842,18.065
1843,15.78
1844,13.51
1845,12.04
1846,13.15
1847,11.74
1848,10.03
1849,4.106666667
1850,7.453333333
1851,9.163333333
1852,10.96
1853,9.28
1854,10.12
1855,9.096666667
1856,8.98
1857,10.28
1858,24.90166667
1859,34.08333333
1860,30.62666667
1861,30.02666667
1862,27.30166667
1863,21.52
1864,19.24166667
1865,17.82
1866,17.405
1867,17.085
1868,13.75
1869,12.91
1870,15.83
1871,14.89
1872,14.89
1873,13.33
1874,13.9
1875,16.835
1876,20.835
1877,22.2
1878,22.885
1879,20.045
1880,24.99
1881,26.91666667
1882,29.47666667
1883,33.28333333
1884,38.99
1885,32.91666667
1886,30.77166667
1887,30.89
1888,29.76
1889,27.71
1890,26.815
1891,23.01
1892,20.47
1893,17.31
1894,16.345
1895,19.605
1896,20.76
1897,21.835
1898,18.28
1899,11.83
1900,8.35
1901,7.143333333
1902,12.1
1903,11.02
1904,9.82
1905,11.68
1906,16.235
1907,19.12
1908,21.19
1909,24.685
1910,24.155
1911,24.7
1912,28.87
1913,31.57666667
1914,30.88666667
1915,27.35333333
1916,24.91
1917,25.18
1918,26.465
1919,21.985
1920,19.365
1921,19.655
1922,17.87
1923,15.62
1924,15.85
1925,12.01
1926,11.08
1927,12.49
1928,10.15
1929,15.915
1930,22.57
1931,20.27
1932,21.89
1933,18.885
1934,10.09666667
1935,14.445
1936,19.895
1937,32.25666667
1938,35.23
1939,33.58
1940,28.68333333
1941,27.95666667
1942,24.155
1943,22.575
1944,20.98
1945,20.105
1946,19.82
1947,21.21
1948,18.95
1949,20.71
1950,20.06
1951,21.2
1952,22.205
1953,20.735
1954,22.885
1955,24.755
1956,25.24
1957,26.74
1958,28.41666667
1959,34.13
1960,34.26333333
1961,37.36666667
1962,38.37666667
1963,37.23666667
1964,28.52666667
1965,25.14666667
1966,25.30666667
1967,26.92666667
1968,25.145
1969,23.435
1970,21.795
1971,22.755
1972,21.61
1973,22.53
1974,22.28
1975,19.25
1976,13.335
1977,13.79
1978,16.51
1979,19.615
1980,19.995
1981,14.23
1982,14.95
1983,16.835
1984,17.345
1985,22.11
1986,22.91
1987,16.425
1988,17.655
1989,14.86
1990,15.375
1991,15.97
1992,17.805
1993,10.91666667
1994,9.603333333
1995,7.193333333
1996,7.38
1997,7.663333333
1998,9.656666667
1999,8.913333333
2000,6.72
2001,6.35
2002,5.58
2003,1.14
2004,8.513333333
2005,4.243333333
2006,3.62
2007,0.45
2008,1.41
2009,9.326666667
2010,7.616666667
2011,7.736666667
2012,9.393333333
2013,11.26
2014,9.46
2015,8.206666667
2016,14.05
2017,12.1
2018,13.005
2019,10.6
2020,11.44
2021,13.6
2022,13.18
2023,15.915
2024,16.03
2025,17.11206897
2026,21.425
2027,22.85
2028,24.025
2029,24.635
2030,27.40666667
2031,29.14333333
2032,29.32666667
2033,31.51333333
2034,32.52333333
2035,31.43666667
2036,26.62
2037,23.4
2038,23.465
2039,21.745
2040,15.045
2041,18.015
2042,20.865
2043,18.595
2044,18.38
2045,14.11
2046,12.19
2047,7.78
2048,10.93
2049,0.56
2050,11.11333333
2051,15.41
2052,16.16
2053,13.99
2054,13.96
2055,18.385
2056,18.61
2057,20.52
2058,18.645
2059,20.18
2060,19.46
2061,18.01
2062,17.63
2063,13.27
2064,9.813333333
2065,10.9
2066,7.856666667
2067,7.406666667
2068,4.145762712
2069,5.653333333
2070,7.013333333
2071,7.25
2072,8.246666667
2073,8.223333333
2074,2.35
2075,2.813559322
2076,4.716666667
2077,11.12666667
2078,12.46
2079,16.09
2080,16.065
2081,15.79
2082,14.26
2083,11.65
2084,6.116666667
2085,0
2086,3.906666667
2087,0.956666667
2088,0
2089,7.366666667
2090,8.803333333
2091,9.52
2092,9.25
2093,9.34
2094,10.84
2095,10.6
2096,10.35333333
2097,7.196666667
2098,8.75
2099,15.115
2100,20.01
2101,20.73
2102,20.805
2103,19.78
2104,20.815
2105,21.585
2106,20.455
2107,17.435
2108,12.13
2109,10.78
2110,10.93
2111,12.97
2112,12.67
2113,16.84
2114,13.63
2115,18.77
2116,13.99
2117,16.56
2118,18.01
2119,16.95
2120,10.57
2121,11.05333333
2122,6.236666667
2123,10.76
2124,14.29
2125,14.88166667
2126,18.745
2127,24.945
2128,27.61333333
2129,27.21
2130,21.195
2131,15.675
2132,10.29333333
2133,13.03
2134,17.565
2135,20.315
2136,19.03
2137,17.69
2138,17.905
2139,16.57
2140,11.05
2141,7.873333333
2142,8.046666667
2143,9.126666667
2144,1.87
2145,0.763333333
2146,2.263333333
2147,13.35333333
2148,15.87
2149,18.745
2150,20.485
2151,21.05
2152,19.74
2153,21.075
2154,20.17
2155,18.99
2156,14.08
2157,12.97
2158,10.72
2159,11.02
2160,10.21
2161,12.19
2162,11.95
2163,11.71
2164,9.46
2165,7.969491525
2166,6.663333333
2167,11.59
2168,13.03
2169,13.87
2170,17.405
2171,17.54
2172,18.46
2173,21.425
2174,21.81
2175,19.325
2176,19.545
2177,19.82
2178,20.445
2179,22.06
2180,22.27
2181,20.405
2182,20.655
2183,19.8
2184,13.725
2185,12.1
2186,11.83
2187,11.01333333
2188,13.36
2189,12.16
2190,13.63
2191,13.03
2192,7.77
2193,9.213333333
2194,9.34
2195,12.55
2196,11.89
2197,7.57
2198,7.73
2199,13.83333333
2200,17.35
2201,18.04
2202,21.775
2203,19.97
2204,12.915
2205,10.09
2206,8.243333333
2207,11.17
2208,11.56
2209,8.26
2210,7.453333333
2211,8.23
2212,9.303333333
2213,8.85
2214,9.52
2215,9.64
2216,8.696666667
2217,8.98
2218,4.95
2219,4.865517241
2220,4.283333333
2221,10.93
2222,13.6
2223,15.81186441
2224,16.715
2225,17.05
2226,17.16
2227,12.885
2228,10.28
2229,13.97
2230,11.95
2231,12.88
2232,13.365
2233,14.505
2234,8.68
2235,10.42
2236,8.63
2237,6.956666667
2238,8.07
2239,9.37
2240,10.09
2241,10.3
2242,11.29
2243,14.155
2244,21.375
2245,25.79666667
2246,25.77833333
2247,23.36166667
2248,22.96666667
2249,34.70833333
2250,40.37333333
2251,33.67166667
2252,26.045
2253,23.505
2254,17
2255,18.295
2256,17.10487805
2257,15.91818182
2258,17.34
2259,13.815
2260,15.58
2261,16.54
2262,15.37
2263,14.44
2264,14.74
2265,17.655
2266,26.145
2267,27.1
2268,32.35
2269,29.72
2270,28.66833333
2271,30.63166667
2272,27.21666667
2273,30.32333333
2274,30.67666667
2275,26.915
2276,17.33
2277,18.035
2278,15.65
2279,13.545
2280,15.93
2281,14.14
2282,11.08
2283,13.12
2284,12.97
2285,13.51
2286,15.13
2287,13.87
2288,15.46
2289,15.44
2290,17.735
2291,16.8
2292,18.355
2293,18.965
2294,18.745
2295,20.595
2296,21.305
2297,19.14
2298,18.795
2299,12.76
2300,10.78
2301,7.996666667
2302,11.95
2303,10.15
2304,8.87
2305,10.93
2306,7.633333333
2307,3.443333333
2308,9.22
2309,8.16
2310,9.116666667
2311,7.283333333
2312,7.586666667
2313,10.02333333
2314,12.19
2315,10.38666667
2316,12.16
2317,11.68
2318,13.03
2319,14.985
2320,16.785
2321,18.415
2322,19.4
2323,17.15
2324,13.42
2325,11.17
2326,10.42
2327,12.73
2328,11.35
2329,9.433333333
2330,7.986666667
2331,8.04
2332,5.616666667
2333,8.003333333
2334,7.853333333
2335,4.76
2336,7.816666667
2337,3.706666667
2338,8.176666667
2339,12.22
2340,13
2341,16.67118644
2342,17.66
2343,19.19
2344,20.625
2345,23.11
2346,24.39
2347,25.81
2348,21.41
2349,22.46
2350,15.69
2351,15.665
2352,13.45
2353,11.53
2354,10.72
2355,10.12
2356,11.10847458
2357,9.85
2358,11.01333333
2359,12.49
2360,12.55
2361,15.495
2362,16.76
2363,14.685
2364,13.20333333
2365,13.78
2366,13.78
2367,18.125
2368,21.52
2369,21.24
2370,20.945
2371,24.61
2372,23.015
2373,22.59
2374,22.215
2375,19.065
2376,16
2377,13.63
2378,11.56
2379,12.01
2380,12.22
2381,9.94
2382,8.44
2383,8.856666667
2384,3.933333333
2385,8.32
2386,10.71
2387,3.5
2388,7.6
2389,11.31666667
2390,11.60666667
2391,15.775
2392,18.49
2393,17.695
2394,15.945
2395,17.93
2396,14.77
2397,14.98
2398,12.59666667
2399,5.256666667
2400,1.106666667
2401,9.22
2402,9.97
2403,8.256666667
2404,10.36
2405,9.16
2406,9.64
2407,9.82
2408,10.87
2409,9.64
2410,12.04
2411,16.005
2412,15.04
2413,14.08
2414,17.33
2415,17.23
2416,15.25
2417,14.2
2418,11.83
2419,7.576666667
2420,3.503333333
2421,2.656666667
2422,8.87
2423,1.196666667
2424,1.136666667
2425,3.146666667
2426,10.06
2427,12.04
2428,15.31
2429,11.05
2430,6.08
2431,8.493333333
2432,19.32
2433,20.285
2434,23.27
2435,26.78333333
2436,29.97666667
2437,27.17333333
2438,29.89333333
2439,30.49333333
2440,29.45666667
2441,28.54
2442,29.2
2443,27.375
2444,23.765
2445,19.505
2446,19.37
2447,18.06
2448,16.58
2449,16.75
2450,17.14
2451,17.82
2452,16.585
2453,17.045
2454,15.465
2455,15.16
2456,15.58
2457,19.46
2458,18.52
2459,14.5
2460,13.9
2461,13.905
2462,14.34833333
2463,12.43
2464,12.51333333
2465,16.445
2466,15.135
2467,11.77
2468,8.756666667
2469,7.92
2470,11.53
2471,8.463333333
2472,8.98
2473,7.91
2474,8.046666667
2475,7.68
2476,8.1
2477,8.65
2478,9.94
2479,10.48
2480,10.9
2481,8.943333333
2482,6.856666667
2483,8.016666667
2484,10.24333333
2485,13.23833333
2486,11.26333333
2487,12.975
2488,22.055
2489,21.615
2490,19.315
2491,14.115
2492,11.41
2493,8.606666667
2494,2.83
2495,6.996666667
2496,8.096666667
2497,9.58
2498,10.66
2499,10.58666667
2500,10.69
2501,10.51
2502,9.1
2503,13.57
2504,11.59
2505,10.63
2506,13.33
2507,18.565
2508,20.36
2509,20.56
2510,18.735
2511,17.415
2512,17.185
2513,13.28333333
2514,12.29666667
2515,10.27
2516,12.1
2517,8.136666667
2518,4.66
2519,7.743333333
2520,10.22333333
2521,7.956666667
2522,7.523333333
2523,11.14
2524,10.45
2525,11.35
2526,9.793333333
2527,13.84
2528,15.28
2529,16.27
2530,20.29
2531,29.02666667
2532,38.74333333
2533,38.23666667
2534,37.21666667
2535,35.74666667
2536,29.82
2537,26.725
2538,25.78666667
2539,14.6
2540,12.25
2541,10.17333333
2542,8.95
2543,14.29
2544,14.5
2545,13.93
2546,16.655
2547,19.125
2548,22.005
2549,16.255
2550,11.05
2551,9.013333333
2552,16.775
2553,19.635
2554,24.815
2555,23.04
2556,22.535
2557,22.15
2558,25.865
2559,30.82333333
2560,33.86666667
2561,32.4
2562,31.82666667
2563,25.78166667
2564,22.225
2565,21.905
2566,16.54
2567,15.98
2568,10.27
2569,10.6
2570,10.93
2571,17.505
2572,12.76
2573,12.04
2574,8.02
2575,10.45
2576,10.36
2577,8.98
2578,16.44237288
2579,16.03
2580,16.71
2581,15.71
2582,16.93
2583,15.375
2584,15.83
2585,18.915
2586,17.67
2587,16.25
2588,13.27
2589,10.57
2590,11.32
2591,9.813333333
2592,9.97
2593,8.7
2594,8.58
2595,11.77
2596,6.896666667
2597,8.246666667
2598,10.84
2599,1.943333333
2600,3.946666667
2601,10.04666667
2602,4.98
2603,4.393333333
2604,7.493333333
2605,11.61666667
2606,12.825
2607,14.68
2608,15.555
2609,15.76
2610,13.18
2611,11.98
2612,8.343333333
2613,8.423333333
2614,7.363333333
2615,10.9
2616,8.68
2617,10.42
2618,9.406666667
2619,8.173333333
2620,8.886666667
2621,9.91
2622,10.27
2623,8.69
2624,9.82
2625,7.033333333
2626,4.183333333
2627,12.01333333
2628,15.79
2629,26.62333333
2630,29.75423729
2631,30.80333333
2632,30.65333333
2633,30.61666667
2634,30.29333333
2635,27.53166667
2636,26.92666667
2637,27.95333333
2638,31.74333333
2639,29.08333333
2640,29.98333333
2641,27.415
2642,28.19666667
2643,19.35
2644,18.57
2645,21.4
2646,11.26666667
2647,13.6
2648,13.645
2649,6.38
2650,12.61
2651,18.365
2652,17.94
2653,13.84
2654,16.405
2655,20.07
2656,21.74
2657,19.27
2658,16.02
2659,11.59
2660,6.413333333
2661,5.446666667
2662,0
2663,2.87
2664,8
2665,8.59
2666,8.8
2667,8.98
2668,10.09
2669,9.7
2670,10.3
2671,8.8
2672,10.78
2673,10.95333333
2674,14.555
2675,19.15
2676,25.72833333
2677,26.25333333
2678,26.97666667
2679,25.61166667
2680,22.675
2681,20.44
2682,17.725
2683,13.455
2684,9.276666667
2685,9.586666667
2686,11.78666667
2687,9.49
2688,8.643333333
2689,4.326666667
2690,2.386666667
2691,8.56
2692,9.393333333
2693,7.54
2694,8.536666667
2695,9.633333333
2696,8.736666667
2697,5.056666667
2698,0.636666667
2699,6.443333333
2700,7.336666667
2701,9.386666667
2702,14.48333333
2703,16.86
2704,18.195
2705,20.77
2706,16.31
2707,11.47
2708,9.603333333
2709,5.103333333
2710,2.63
2711,7.28
2712,8.423333333
2713,9.43
2714,10.27
2715,12.88
2716,14.11
2717,13.12
2718,20.845
2719,25.66
2720,24.46
2721,27.51666667
2722,33.33666667
2723,35.635
2724,12.51833333
2725,16.365
2726,17.22
2727,21.035
2728,22.72
2729,24.715
2730,24.11
2731,21.2
2732,21.255
2733,15.835
2734,10.96
2735,9.086666667
2736,10.63
2737,8.956666667
2738,10.87
2739,9.91
2740,11.8
2741,11.89
2742,9.64
2743,9.01
2744,8.1
2745,8.569491525
2746,5.54
2747,6.66
2748,7.563333333
2749,9.916666667
2750,15.07
2751,15.85
2752,16.6
2753,14.265
2754,10.54
2755,9.46
2756,2.616666667
2757,1.92
2758,2.2
2759,6.426666667
2760,7.576666667
2761,0
2762,10.65333333
2763,8.37
2764,7.136666667
2765,8.213333333
2766,7.563333333
2767,10
2768,8.86
2769,10.57
2770,8.983333333
2771,10.32666667
2772,23.78
2773,32.98333333
2774,37.035
2775,37.605
2776,34.69333333
2777,25.79166667
2778,15.66
2779,11.585
2780,8.523333333
2781,8.743333333
2782,8.43
2783,20.295
2784,23.50666667
2785,33.95333333
2786,23.79166667
2787,8.98
2788,5.336666667
2789,6.656666667
2790,3.633333333
2791,10.17
2792,12.37
2793,11.2
2794,12.31
2795,16.605
2796,24.17
2797,24.275
2798,23.635
2799,25.565
2800,29.30666667
2801,33.55333333
2802,31.47333333
2803,26.33333333
2804,22.115
2805,18.22
2806,13.15
2807,8.363333333
2808,10.09666667
2809,9.843333333
2810,4.27
2811,6.9
2812,6.44
2813,8.243333333
2814,8.493333333
2815,9.64
2816,3.713333333
2817,4.27
2818,9.016666667
2819,12.31
2820,10.00344828
2821,9.885185185
2822,12.91
2823,12.64
2824,13.75
2825,13.24
2826,12.43
2827,8.633333333
2828,9.13
2829,1.003333333
2830,5.313333333
2831,2.543333333
2832,5.93
2833,8.179661017
2834,7.123333333
2835,7.363333333
2836,8.223333333
2837,6.803333333
2838,7
2839,4.363333333
2840,7.106666667
2841,8.29
2842,6.85
2843,7.166666667
2844,13.96
2845,14.30344828
2846,20.37
2847,22.48
2848,21.075
2849,21.23728814
2850,19.63
2851,18.835
2852,17.925
2853,18.7
2854,23.195
2855,21.2
2856,18.84
2857,16.84
2858,14.35
2859,13.84
2860,17.585
2861,16.37
2862,18.1
2863,11.92
2864,9.566666667
2865,10.75
2866,11.83
2867,16.805
2868,15.47
2869,17.205
2870,24.21
2871,24.37833333
2872,25.505
2873,25.765
2874,24.41666667
2875,21.44166667
2876,19.94
2877,17.04
2878,15.28
2879,14.23
2880,16.735
2881,17.09
2882,21.49
2883,19.51
2884,14.445
2885,16.19
2886,15.7
2887,17.31
2888,17.64
2889,14.65
2890,16.725
2891,22.92833333
2892,24.17666667
2893,30.20333333
2894,29.43
2895,25.71666667
2896,27.155
2897,27.87
2898,25.74333333
2899,20.275
2900,20.985
2901,18.715
2902,15.97
2903,16.725
2904,14.32
2905,12.79
2906,15.55
2907,16.035
2908,17.235
2909,18.01
2910,17.47
2911,18.05
2912,17.26
2913,19.025
2914,24.45333333
2915,26.91166667
2916,33.88666667
2917,33.81
2918,32.72105263
2919,30.88181818
2920,30.19666667
2921,26.275
2922,30.68666667
2923,22.95666667
2924,17.95
2925,11.41
2926,12.85
2927,14.74
2928,11.56
2929,15.74
2930,17.98
2931,17.05
2932,15.4
2933,15.97
2934,16.63
2935,16.11
2936,18.73
2937,17.245
2938,21.885
2939,28.985
2940,29.61833333
2941,28.89666667
2942,22.93833333
2943,28.48666667
2944,27.475
2945,27.60666667
2946,28.97833333
2947,22.44
2948,18.705
2949,21.44
2950,19.805
2951,18.195
2952,13.435
2953,12.44666667
2954,9.97
2955,10.36
2956,8.193333333
2957,5.526666667
2958,7.913333333
2959,7.666666667
2960,11.01333333
2961,9.903333333
2962,13.51
2963,14.53
2964,14.38
2965,15.58
2966,14.355
2967,13.96
2968,15.775
2969,17.175
2970,16.255
2971,14.955
2972,13.845
2973,10.72
2974,7.81
2975,3.213333333
2976,4.503333333
2977,16.035
2978,13.3
2979,13.03
2980,12.91
2981,10.04333333
2982,4.106666667
2983,2.516666667
2984,0.96
2985,2.9
2986,2.876666667
2987,10.11333333
2988,10.37666667
2989,8.993333333
2990,12.53666667
2991,13.54
2992,14.11
2993,14.95
2994,13.87
2995,10.3
2996,7.716666667
2997,7.656666667
2998,4.803333333
2999,5.03
3000,7.22
3001,2.663333333
3002,5.1
3003,4.776666667
3004,8.16
3005,6.133333333
3006,10.63
3007,7.64
3008,10.27
3009,9.103333333
3010,9.026666667
3011,10.39
3012,17.975
3013,20.845
3014,20.89
3015,20.18
3016,17.465
3017,17.325
3018,17.575
3019,13.87
3020,11.62
3021,13.27
3022,11.47
3023,10.18
3024,8.83
3025,8.386666667
3026,9.19
3027,10.09
3028,10.39
3029,13.57
3030,9.126666667
3031,3.526666667
3032,6.723333333
3033,15.265
3034,24.09666667
3035,31.02666667
3036,38.48333333
3037,38.55166667
3038,40.27166667
3039,39.85
3040,37.22666667
3041,33.70333333
3042,30.99
3043,19.28
3044,23.645
3045,21.835
3046,17.405
3047,28.31
3048,31.61666667
3049,31.88666667
3050,34.97666667
3051,39.14666667
3052,42.115
3053,42.135
3054,42.985
3055,31.78666667
3056,27.35333333
3057,17.665
3058,16.305
3059,17.33
3060,20.05
3061,24.73
3062,25.07333333
3063,24.31666667
3064,24.42833333
3065,28.10666667
3066,24.28833333
3067,20.305
3068,14.5
3069,18.035
3070,11.89
3071,14.32
3072,14.5
3073,13.18
3074,10.24
3075,9.91
3076,9.31
3077,12.25
3078,13.12
3079,13.81
3080,14.23
3081,13.66
3082,14.445
3083,18.8
3084,20.99
3085,23.64666667
3086,27.51166667
3087,26.57
3088,24.125
3089,28.23
3090,26.99
3091,22.00833333
3092,16.755
3093,19.86
3094,20.265
3095,14.03
3096,14.59
3097,12.25
3098,13.78
3099,16.645
3100,21.115
3101,19.99
3102,25.815
3103,17.055
3104,11.05
3105,11.26
3106,17.25
3107,26.74333333
3108,29.52666667
3109,28.015
3110,29.52
3111,25.69666667
3112,24.095
3113,22.43
3114,23.34
3115,19.1
3116,17.08
3117,14.475
3118,11.32
3119,10.69
3120,10.96
3121,11.44
3122,11.17
3123,10.48
3124,12.19
3125,11.89
3126,11.59
3127,10.78
3128,10.93
3129,7.766666667
3130,6.866666667
3131,6.766666667
3132,7.883333333
3133,9.51
3134,10.23666667
3135,15.76
3136,17.3
3137,15.915
3138,13.36
3139,9.026666667
3140,7.423333333
3141,2.103333333
3142,4.93
3143,7.93
3144,8.483333333
3145,9.02
3146,9.94
3147,9.4
3148,9.1
3149,9.64
3150,9.52
3151,9.97
3152,9.58
3153,9.76
3154,9.01
3155,7.876666667
3156,9.62
3157,10.71666667
3158,13.605
3159,12.05
3160,14.535
3161,12.44
3162,12.4
3163,11.02
3164,10.42
3165,12.64
3166,13.18
3167,12.91
3168,11.98
3169,13.09
3170,11.68
3171,11.89
3172,10.21
3173,10.6
3174,14.35
3175,13.51
3176,13.06
3177,13.63
3178,17.075
3179,16.775
3180,24.57
3181,30.77333333
3182,27.60666667
3183,23.785
3184,20.31
3185,17.355
3186,16.33
3187,12.8779661
3188,12.58
3189,12.43
3190,15.385
3191,12.835
3192,11.32
3193,13.54
3194,13.06
3195,13.875
3196,12.45666667
3197,13.70333333
3198,17.765
3199,17.27
3200,16.54
3201,15.04
3202,17.3
3203,18.155
3204,19.815
3205,21.53
3206,18.685
3207,20.09
3208,21.62
3209,22.59
3210,23.38
3211,22.2
3212,20.91
3213,19.37
3214,18.955
3215,19.76
3216,20.64
3217,16.5
3218,16.315
3219,17.38
3220,16.34
3221,16.25
3222,16.745
3223,14.98
3224,13.15
3225,13.69
3226,13.72
3227,13.42
3228,14.74
3229,15.07
3230,13.54
3231,14.08
3232,14.41
3233,14.62
3234,16.12711864
3235,10.06
3236,9.79
3237,8.616666667
3238,7.75
3239,13.16666667
3240,11.08
3241,9.13
3242,3.036666667
3243,7.113333333
3244,8.973333333
3245,8.83
3246,9.76
3247,9.64
3248,9.73
3249,9.246666667
3250,6.566666667
3251,7.536666667
3252,10.52
3253,9.81
3254,16.8
3255,17.535
3256,17.81525424
3257,16.915
3258,15.19
3259,9.94
3260,8.623333333
3261,7.283333333
3262,6.883333333
3263,6.573333333
3264,7.37
3265,7.203333333
3266,6.28
3267,4.653333333
3268,9.49
3269,9.16
3270,9.07
3271,9.49
3272,8.896666667
3273,8.86
3274,6.86
3275,7.45
3276,7.41
3277,7.85
3278,14.835
3279,17.34
3280,18.7
3281,15.795
3282,12.43
3283,9.37
3284,8.633333333
3285,2.726666667
3286,4.036666667
3287,8.163333333
3288,5.856666667
3289,7.733333333
3290,8.89
3291,7.163333333
3292,10
3293,9.453333333
3294,10.27
3295,9.34
3296,8.5
3297,8.35
3298,5.743333333
3299,4.483333333
3300,7.773333333
3301,7.9
3302,11.01333333
3303,12.01
3304,12.46
3305,12.79
3306,14.05
3307,11.71
3308,9.94
3309,6.056666667
3310,3.81
3311,7.153333333
3312,2.05
3313,6.213333333
3314,8.273333333
3315,6.846666667
3316,6.54
3317,9.25
3318,7.613333333
3319,8.236666667
3320,8.266666667
3321,8.196666667
3322,3.47
3323,0.6
3324,7.903333333
3325,11.24666667
3326,17.00833333
3327,19.545
3328,21.83
3329,20.755
3330,15.85
3331,11.11
3332,11.2
3333,11.8
3334,12.82
3335,11.6
3336,12.85
3337,14.17
3338,10.54
3339,16
3340,20.78
3341,18.405
3342,16.17
3343,14.77
3344,16.335
3345,19.64
3346,19.595
3347,22.58
3348,26.75
3349,30.19
3350,34.81
3351,34.86333333
3352,31.85666667
3353,31.82666667
3354,36.46833333
3355,29.69833333
3356,23.58833333
3357,23.885
3358,17.95
3359,11.97
3360,9.786666667
3361,13.81
3362,11.25333333
3363,13.75
3364,13.93
3365,15.22
3366,13.87
3367,14.35
3368,12.07
3369,13.18
3370,15.13
3371,15.04
3372,16.74
3373,16.235
3374,19.14
3375,22.99666667
3376,23.865
3377,22.46
3378,20.82
3379,17.805
3380,24.14833333
3381,24.74333333
3382,21.765
3383,18.94
3384,16.165
3385,11.08333333
3386,11.47
3387,10.35
3388,10.03666667
3389,13.18
3390,11.985
3391,10.20666667
3392,11.60333333
3393,14.465
3394,10.20333333
3395,13.15
3396,15.03
3397,22.07
3398,25.835
3399,25.57666667
3400,25.27666667
3401,21.48
3402,17.59
3403,14.295
3404,11.32
3405,10.99
3406,11.02
3407,14.14
3408,11.62
3409,9.42
3410,7.74
3411,8.246666667
3412,8.2
3413,11.41
3414,10.78666667
3415,5.513333333
3416,0
3417,7.423333333
3418,9.476666667
3419,12.07
3420,15.935
3421,12.46
3422,15.58
3423,22.375
3424,23.205
3425,22.09
3426,20.565
3427,18.22
3428,16.445
3429,19.775
3430,14.69
3431,10.83666667
3432,13.99
3433,10.3
3434,11.11
3435,12.73
3436,11.2
3437,12.82
3438,13.12
3439,15.77
3440,17.35
3441,19.65
3442,19.07
3443,19.845
3444,21.125
3445,25.84
3446,26.41666667
3447,29.14666667
3448,30.11
3449,30.46271186
3450,31.03333333
3451,27.17333333
3452,26.34666667
3453,21.18
3454,24.85
3455,23.705
3456,24.94
3457,24.69
3458,23.075
3459,21.86
3460,22.77
3461,23.87
3462,22.405
3463,20.885
3464,19.935
3465,19.24
3466,20.63
3467,18.965
3468,22.265
3469,20.565
3470,18.425
3471,18.765
3472,17.26
3473,18.92
3474,19.725
3475,15.035
3476,14.02
3477,18.245
3478,18.825
3479,19.185
3480,18.175
3481,16.365
3482,17.035
3483,11.62
3484,11.74
3485,12.85
3486,8.203333333
3487,9.846666667
3488,10.12
3489,11.17
3490,9.97
3491,11.59
3492,14.605
3493,14.84
3494,14.49
3495,15.51
3496,15.265
3497,15.265
3498,13.48
3499,10.15
3500,9.61
3501,10.96
3502,11.38
3503,12.49
3504,11.8
3505,14.53
3506,10.09
3507,7.04
3508,8.443333333
3509,12.4
3510,13.09
3511,13.93
3512,18.41
3513,21.785
3514,22.305
3515,22.15333333
3516,33.22333333
3517,31.7
3518,30.56
3519,28.24333333
3520,24.96
3521,21.755
3522,21.615
3523,19.19
3524,12.1
3525,11.5
3526,18.9
3527,17.975
3528,18.395
3529,22.31166667
3530,19.93
3531,18.145
3532,15.04
3533,13.51
3534,7.136666667
3535,12.61
3536,6.916666667
3537,9.46
3538,12.61
3539,17.68
3540,17.415
3541,14.275
3542,14.245
3543,15.44833333
3544,20.9
3545,15.8
3546,12.02
3547,9.58
3548,9.7
3549,7.613333333
3550,7.38
3551,10.75
3552,8.683333333
3553,9.25
3554,13.75
3555,10.99
3556,9.19
3557,10.66
3558,9.73
3559,13.18
3560,7.703333333
3561,9.49
3562,10.78
3563,10.42
3564,11.42666667
3565,10.38333333
3566,12.47666667
3567,10.765
3568,14.83
3569,15.67
3570,14.05
3571,8.76
3572,8.95
3573,1.303333333
3574,0.24
3575,2.626666667
3576,7.723333333
3577,8.526666667
3578,8.193333333
3579,9.37
3580,10.3
3581,9.64
3582,11.38
3583,9.16
3584,9.79
3585,10.51
3586,10.21
3587,10.03
3588,16.345
3589,20.98
3590,16.575
3591,16.205
3592,18.47
3593,18.685
3594,17.805
3595,16.29
3596,15.58
3597,16.17
3598,19.42
3599,18.77
3600,19.05
3601,21.275
3602,16.635
3603,14.995
3604,18.995
3605,16.41
3606,19.97
3607,27.51
3608,30.46333333
3609,27.65932203
3610,29.77666667
3611,38.69666667
3612,45.115
3613,47.21666667
3614,50.45166667
3615,45.775
3616,32.70338983
3617,27.50166667
3618,33.98833333
3619,25.05666667
3620,21.6
3621,20.885
3622,15.66
3623,14.56
3624,10.51
3625,11.35
3626,10.27
3627,12.85
3628,12.28
3629,12.79
3630,11.86
3631,11.62
3632,13.66
3633,10.42
3634,15.275
3635,19.41
3636,18.455
3637,20.16
3638,21.775
3639,24.325
3640,23.875
3641,23.46666667
3642,21.275
3643,21.86
3644,22.765
3645,23.89166667
3646,26.63333333
3647,27.63666667
3648,29.26333333
3649,22.91
3650,23.86
3651,21.93666667
3652,16.99
3653,14.98
3654,15.76
3655,19.62
3656,21.7
3657,19.45
3658,15.585
3659,28.07
3660,26.44333333
3661,28.47333333
3662,25.52166667
3663,26.365
3664,22.86
3665,23.605
3666,22.33
3667,20.36
3668,13.8
3669,9.28
3670,10.37666667
3671,9.516666667
3672,11.05
3673,9.76
3674,10.45
3675,12.82
3676,11.29
3677,11.59
3678,13.33
3679,12.67
3680,11.41
3681,13.69
3682,15.74
3683,17.655
3684,19.45
3685,16.82
3686,15.465
3687,17.915
3688,15.795
3689,15.815
3690,10.24
3691,5.676666667
3692,2.026666667
3693,7.733333333
3694,7.926666667
3695,4.833333333
3696,8.16
3697,5.606666667
3698,11.29
3699,11.65
3700,13.81
3701,10.63
3702,10.78
3703,9.82
3704,8.413333333
3705,9.363333333
3706,11.8
3707,17.66
3708,18.515
3709,17.79
3710,18.525
3711,18.735
3712,15.93
3713,16.295
3714,17.415
3715,13.9
3716,15.22
3717,15.015
3718,13.72
3719,12.04
3720,9.76
3721,10.3
3722,10.81
3723,8.863333333
3724,7.32
3725,5.48
3726,6.726666667
3727,6.016666667
3728,9.7
3729,9.03
3730,6.643333333
3731,4.07
3732,10.36333333
3733,12.96333333
3734,12.85
3735,11.46
3736,14.86
3737,13.33
3738,9.033333333
3739,5.81
3740,1.77
3741,0
3742,1.17
3743,0
3744,0.44
3745,8.71
3746,8.77
3747,9.52
3748,9.46
3749,9.723333333
3750,9.42
3751,9.613333333
3752,9.73
3753,10.42
3754,9.1
3755,7.013333333
3756,9.223333333
3757,10.30333333
3758,10.11666667
3759,9.453333333
3760,13.85666667
3761,15.58
3762,15.55
3763,10.36
3764,10.66
3765,9.85
3766,5.816666667
3767,8.366666667
3768,6.493333333
3769,8.62
3770,9.91
3771,9.64
3772,8.913333333
3773,9.91
3774,9.28
3775,8.74
3776,10.23333333
3777,8.433333333
3778,8.066666667
3779,5.71
3780,3.38
3781,4.84
3782,8.17
3783,12.34
3784,11.5
3785,10.63
3786,9.753333333
3787,10.31
3788,15.71
3789,15.65
3790,13.9
3791,16.45
3792,14.445
3793,12.79
3794,15.29
3795,17.42
3796,16.24
3797,15.045
3798,14.29
3799,11.44
3800,11.8
3801,12.1
3802,13.005
3803,19.195
3804,21.305
3805,16.385
3806,16.945
3807,21.215
3808,20.93
3809,22.37
3810,20.87627119
3811,20.76
3812,21.575
3813,19.7
3814,17.86
3815,15.96
3816,17.955
3817,16.225
3818,13.36
3819,13.9
3820,10.99
3821,2.486666667
3822,7.63
3823,7.76
3824,7.996666667
3825,2.96
3826,7.79
3827,12.73
3828,10.07
3829,10.87
3830,13.66
3831,14.14
3832,13.48
3833,12.64
3834,12.85
3835,9.28
3836,5.766666667
3837,7.563333333
3838,8.443333333
3839,7.906666667
3840,8.143333333
3841,9.776666667
3842,8.883333333
3843,8.56
3844,8.74
3845,8.486666667
3846,9.88
3847,9.73
3848,11.41
3849,10.51
3850,8.74
3851,7.416666667
3852,8.816666667
3853,8.053333333
3854,10.04
3855,11.71
3856,11.89333333
3857,13.63
3858,10.21
3859,8.163333333
3860,7.203333333
3861,0.12
3862,3.53
3863,9.813333333
3864,9.79
3865,10.09
3866,10.93
3867,9.58
3868,9.88
3869,10.15
3870,10.09
3871,11.29
3872,10.15
3873,10.54
3874,9.13
3875,5.736666667
3876,5.243333333
3877,5.593333333
3878,12.19
3879,14.59
3880,15.85
3881,15.04
3882,12.58
3883,6.713333333
3884,7.736666667
3885,2.753333333
3886,8.766666667
3887,9.7
3888,9.52
3889,10.45
3890,10.42
3891,10.78
3892,10.36
3893,10.54
3894,10.99
3895,10.99
3896,10.42
3897,11.14
3898,9.43
3899,5.95
3900,1.746666667
3901,2.85
3902,12.17627119
3903,10.51
3904,11.98
3905,13.03
3906,11.53
3907,10.6
3908,8.513333333
3909,4.91
3910,6.417241379
3911,2.73
3912,7.47
3913,9.25
3914,9.79
3915,11.02
3916,11.11
3917,11.05
3918,9.97
3919,10.33
3920,9.46
3921,8.44
3922,3.913333333
3923,0.12
3924,8.216666667
3925,27.11
3926,32.69
3927,31.31333333
3928,30.78666667
3929,26.55
3930,24.45166667
3931,17.825
3932,17.505
3933,18.94
3934,24.115
3935,18.815
3936,19.89
3937,26.71666667
3938,28.37
3939,32.99666667
3940,35.12
3941,33.9
3942,29.42166667
3943,26.07166667
3944,31.29333333
3945,24.16333333
3946,36.04333333
3947,36.11
3948,30.91666667
3949,27.32666667
3950,25.40666667
3951,20.935
3952,29.21833333
3953,20.075
3954,21.405
3955,16.26440678
3956,9.496666667
3957,12.55
3958,13.36
3959,11.86
3960,12.58
3961,11.2
3962,15.46
3963,17.11
3964,16.15
3965,16.03
3966,16.375
3967,20.435
3968,17.94
3969,17.595
3970,19.62
3971,22.15
3972,24.015
3973,25.355
3974,23.02
3975,23.725
3976,20.755
3977,18.675
3978,14.36
3979,11.41
3980,12.52
3981,12.82
3982,13.36
3983,13.33
3984,17.31
3985,15.28
3986,13.27
3987,13.09
3988,15.28
3989,10.12
3990,9.58
3991,11.71
3992,11.89
3993,11.8
3994,13.605
3995,19.61
3996,19.55
3997,16.725
3998,18.56
3999,21.015
4000,24.12
4001,21.645
4002,19.325
4003,10.99
4004,10.6
4005,12.19
4006,10.84
4007,10.18
4008,10.45
4009,12.31
4010,13.51
4011,14.29
4012,13.93
4013,16.06
4014,17.485
4015,16.87
4016,16.21
4017,12.97
4018,15.34
4019,15.88
4020,14.925
4021,13.03
4022,15.38666667
4023,17
4024,17.14
4025,18.655
4026,17.31
4027,11.14
4028,8.283333333
4029,7.55
4030,4.43
4031,3.676666667
4032,2.796666667
4033,3.253333333
4034,0
4035,7.55
4036,6.136666667
4037,8.223333333
4038,8.673333333
4039,9.22
4040,8.456666667
4041,8.95
4042,6.926666667
4043,4.366666667
4044,9.183333333
4045,9.53
4046,10.78
4047,14.62
4048,17.09
4049,18.33
4050,15.065
4051,10.72
4052,11.11
4053,8.876666667
4054,9.58
4055,4.15
4056,2.156666667
4057,8.156666667
4058,9.19
4059,10.12
4060,8.71
4061,9.64
4062,12.16
4063,10.36
4064,9.810526316
4065,11.62
4066,7.463333333
4067,17.75333333
4068,24.54
4069,32.15333333
4070,37.06666667
4071,37.03
4072,36
4073,33.22666667
4074,27.46166667
4075,17.35
4076,17.14
4077,17.97
4078,20.395
4079,15.65
4080,14.295
4081,19.67
4082,22.905
4083,18.72
4084,18.25
4085,16.305
4086,26.68
4087,27.04666667
4088,28.78666667
4089,28.93333333
4090,28.13666667
4091,31.67333333
4092,33.73666667
4093,31.545
4094,32.14
4095,27.32
4096,24.49
4097,22.53
4098,15.695
4099,13.635
4100,15.715
4101,13.39
4102,10.01
4103,0.783333333
4104,13.63
4105,12.88
4106,14.02
4107,13.03
4108,12.97
4109,13.15
4110,13.84
4111,14.02
4112,13.66
4113,14.17
4114,13.09
4115,21.325
4116,24.84
4117,23.96
4118,25.855
4119,25.75333333
4120,23.465
4121,28.39666667
4122,25.99833333
4123,24.445
4124,19.265
4125,17.835
4126,20.295
4127,19.705
4128,20.58
4129,19.41
4130,18.87
4131,12.65
4132,17.985
4133,18.585
4134,19.785
4135,20.255
4136,19.905
4137,13.755
4138,17.085
4139,21.575
4140,23.67
4141,24.26666667
4142,25.20666667
4143,27.59333333
4144,26.83166667
4145,23.365
4146,19.68
4147,20.275
4148,13.72
4149,12.55
4150,15.52
4151,15.31
4152,16.59
4153,18.42
4154,14.86
4155,11.77
4156,13.15
4157,11.02
4158,8
4159,9.033333333
4160,8.38
4161,10.15
4162,11.44
4163,17.315
4164,22.1
4165,24.76833333
4166,26.71333333
4167,27.77166667
4168,21.965
4169,20.425
4170,17.93
4171,14.915
4172,11.59
4173,10.26333333
4174,11.83
4175,12.67
4176,11.44
4177,8.993333333
4178,9.97
4179,8.76
4180,13.07666667
4181,9.73
4182,7.706666667
4183,9.94
4184,10
4185,8.663333333
4186,6.573333333
4187,1.62
4188,6.993333333
4189,9.27
4190,8.446666667
4191,13.81
4192,13.75
4193,12.79
4194,11.95
4195,7.653333333
4196,8.486666667
4197,3.443333333
4198,8.203333333
4199,6.246666667
4200,8.76
4201,8.52
4202,4.953333333
4203,9.58
4204,6.016666667
4205,5.73
4206,9.58
4207,9.22
4208,9.97
4209,9.58
4210,11.44
4211,10.99
4212,11.83
4213,17.63
4214,17.795
4215,16.665
4216,16.735
4217,17.195
4218,15.47
4219,10.89142857
4220,11.2
4221,11.71
4222,11.8
4223,12.34
4224,12.67
4225,10.24
4226,12.1
4227,11.26
4228,10.15
4229,15.1
4230,17.69
4231,15.01
4232,11.51
4233,14.41
4234,14.56
4235,12.31
4236,7.023333333
4237,3.18
4238,11.53333333
4239,16.61
4240,18.59
4241,17.1
4242,11.38
4243,6.5
4244,0.78
4245,3.843333333
4246,0
4247,7.376666667
4248,8.713333333
4249,8.95
4250,9.34
4251,9.37
4252,9.25
4253,8.853333333
4254,8.8
4255,10.03
4256,8.65
4257,7.296666667
4258,6.133333333
4259,4.08
4260,0
4261,1.53220339
4262,7.366101695
4263,13.45
4264,12.13
4265,12.1
4266,12.43
4267,9.46
4268,10.27
4269,10.45
4270,8.913333333
4271,10.45
4272,9.61
4273,7.726666667
4274,5.88
4275,9.97
4276,9.52
4277,8.896666667
4278,10.24
4279,9.044067797
4280,11.89
4281,9.52
4282,8.375438596
4283,11.41
4284,10.22372881
4285,10.79661017
4286,12.66833333
4287,13.50677966
4288,11.23166667
4289,17.15
4290,15.79
4291,11.41355932
4292,10.98275862
4293,9.07
4294,7.908474576
4295,4.756666667
4296,9.34
4297,10.33103448
4298,10.68135593
4299,11.56
4300,10.24
4301,10.07118644
4302,10.02068966
4303,9.85
4304,8.133333333
4305,9.663333333
4306,7.042857143
4307,9.896551724
4308,9.124137931
4309,14.06034483
4310,15.13
4311,12.05614035
4312,15.34
4313,15.83728814
4314,14.71
4315,10.98644068
4316,10.22105263
4317,8.905084746
4318,7.437931034
4319,6.66779661
4320,7.083333333
4321,7.060377358
4322,3.510714286
4323,9.156666667
4324,10.08571429
4325,9.151724138
4326,9.890909091
4327,9.510344828
4328,11.875
4329,9.073684211
4330,7.168421053
4331,13.61132075
4332,20.728
4333,22.05555556
4334,19.50377358
4335,20.78867925
4336,22.27
4337,22.47777778
4338,19.81818182
4339,12.54117647
4340,12.96666667
4341,11.89795918
4342,10.24489796
4343,14.39591837
4344,18.50588235
4345,19.88823529
4346,22.70588235
4347,22.33529412
4348,17.338
4349,18.61
4350,15.80625
4351,25.49591837
4352,25.68367347
4353,29.384
4354,29.5
4355,36.10816327
4356,37.56086957
4357,38.15531915
4358,36.46538462
4359,29.30425532
4360,28.23333333
4361,24.59148936
4362,23.88653846
4363,17.29782609
4364,13.48461538
4365,8.99245283
4366,11.84528302
4367,8.58490566
4368,9.185454545
4369,13.45
4370,14.14545455
4371,14.58823529
4372,14.63928571
4373,14.92631579
4374,14.22553191
4375,13
4376,15.7
4377,16.02264151
4378,18.4
4379,25.318
4380,29.79387755
4381,27.34814815
4382,31.03448276
4383,36.41071429
4384,35.24642857
4385,39.55178571
4386,36.91428571
4387,32.21454545
4388,30.83703704
4389,22.09090909
4390,21.14821429
4391,18.7
4392,14.98813559
4393,18.11071429
4394,10.94285714
4395,11.81454545
4396,15.51320755
4397,15.14137931
4398,12.85882353
4399,16.32884615
4400,15.63076923
4401,12.82
4402,14.35
4403,15.628
4404,16.79444444
4405,21.22545455
4406,20.95517241
4407,24.7326087
4408,18.72068966
4409,21.145
4410,18.27068966
4411,14.76896552
4412,10.19322034
4413,7.413793103
4414,2.821818182
4415,10.23793103
4416,11.10689655
4417,11.10181818
4418,11.26315789
4419,12.60338983
4420,14.02413793
4421,14.73898305
4422,12.84745763
4423,14.14827586
4424,15.16
4425,14.76896552
4426,15.7
4427,17.705
4428,22.855
4429,22.965
4430,23.98166667
4431,24.57
4432,28.39
4433,31.40666667
4434,27.82
4435,24.135
4436,18.645
4437,10.84
4438,11.44
4439,12.7
4440,9.813333333
4441,9.5
4442,4.01
4443,8.756666667
4444,8.86
4445,9.993333333
4446,5.743333333
4447,4.123333333
4448,6.013333333
4449,8.753333333
4450,7.196666667
4451,4.713333333
4452,6.556666667
4453,9.89
4454,9.86
4455,8.424137931
4456,9.674509804
4457,13.09
4458,13.63
4459,7.776666667
4460,8.43
4461,9.06
4462,7.69
4463,9.873333333
4464,7.653333333
4465,7.02
4466,5.29
4467,6.633333333
4468,0
4469,4.806666667
4470,8.77
4471,10.3
4472,7.56
4473,7.686666667
4474,6.836666667
4475,8.836666667
4476,15.625
4477,16.735
4478,15.665
4479,19.94
4480,18.525
4481,16.21
4482,16.815
4483,11.28333333
4484,7.636666667
4485,8.93
4486,9.55
4487,8.8
4488,9.19
4489,7.633333333
4490,3.263333333
4491,6.703333333
4492,6.45
4493,5.49
4494,3.046666667
4495,9.31
4496,6.55
4497,8.84
4498,7.11
4499,9.371929825
4500,12.20666667
4501,14.44
4502,15.25
4503,14.655
4504,14.68
4505,13.36
4506,12.22
4507,10.15
4508,9.52
4509,5.963333333
4510,4.536666667
4511,11.79333333
4512,1.476666667
4513,5.106666667
4514,6.183333333
4515,7.13
4516,7.996666667
4517,9.05
4518,10
4519,8.406666667
4520,9.52
4521,9.22
4522,7.373333333
4523,1.65
4524,9.36
4525,11.59333333
4526,15.01
4527,15.28
4528,17.28
4529,16.975
4530,14.35
4531,10.42
4532,9.236666667
4533,2.086666667
4534,8.563333333
4535,6.923333333
4536,7.773333333
4537,9.1
4538,9.28
4539,9.1
4540,9.16
4541,8.793333333
4542,8.166666667
4543,9.626666667
4544,8.516666667
4545,9.673333333
4546,5.256666667
4547,10.42
4548,12.85
4549,16.18
4550,14.99
4551,12.555
4552,11.49666667
4553,12.28166667
4554,14.475
4555,10.84
4556,10.21
4557,9.223333333
4558,7.006666667
4559,5.833333333
4560,7.693333333
4561,10.18
4562,9.04
4563,8.493333333
4564,12.07
4565,14.32
4566,14.23
4567,11.2
4568,11.23
4569,11.23
4570,10.99
4571,10.51
4572,13.165
4573,20.73
4574,22.285
4575,20.49
4576,18.58
4577,17.355
4578,14.4
4579,12.4
4580,9.91
4581,9.04
4582,10.25666667
4583,9.386666667
4584,6.94
4585,2.02
4586,5.42
4587,8.053333333
4588,12.85
4589,9.89
4590,9.4
4591,10.01666667
4592,2.91
4593,4.683333333
4594,4.316666667
4595,11.82
4596,9.813333333
4597,7.348333333
4598,14.33666667
4599,10.3
4600,6.41
4601,7.82
4602,7.068333333
4603,18.325
4604,16.18
4605,15.28
4606,9.633333333
4607,11.44
4608,12.19
4609,11.62
4610,10.54
4611,15.73
4612,14.59
4613,15.07
4614,14.86
4615,14.68
4616,14.32
4617,15.4
4618,15.755
4619,18.85
4620,18.115
4621,19.24
4622,18.55
4623,16.945
4624,12.85
4625,10.29333333
4626,14.695
4627,8.24
4628,6.81
4629,11.56
4630,10.99
4631,10.66
4632,10.3
4633,8.386666667
4634,11.38
4635,12.25
4636,10.78
4637,7.173333333
4638,10.54
4639,10.87
4640,12.1
4641,12.28
4642,11.5
4643,17.41
4644,21.725
4645,26.95666667
4646,29.66333333
4647,27.6
4648,29.56666667
4649,25.47
4650,22.79
4651,18.18
4652,15.91
4653,16.53
4654,19.11
4655,18.335
4656,12.82
4657,11.01666667
4658,7.656666667
4659,7.68
4660,10.48
4661,6.183333333
4662,5.16
4663,5.803333333
4664,1.143333333
4665,5.07
4666,4.506666667
4667,6.976666667
4668,5.456666667
4669,8.326666667
4670,10.61666667
4671,11.02
4672,10.02333333
4673,11.17
4674,10.87
4675,8.876666667
4676,4.2
4677,2.993333333
4678,7.443333333
4679,9.32
4680,7.513333333
4681,5.393333333
4682,7.436666667
4683,8.023333333
4684,7.486666667
4685,8.676666667
4686,5.626666667
4687,6.063333333
4688,3.006666667
4689,5.166666667
4690,5.49
4691,7.24
4692,7.903333333
4693,5.416666667
4694,6.043333333
4695,9.04
4696,11.98
4697,13.93
4698,13.15
4699,11.11
4700,10.81
4701,11.59
4702,9.236666667
4703,5.203333333
4704,8.696666667
4705,7.536666667
4706,6.77
4707,9.94
4708,9.82
4709,9.58
4710,8.47
4711,7.86
4712,8.176666667
4713,9.24
4714,9.7
4715,11.77
4716,17.385
4717,19.92
4718,22.27
4719,22.4
4720,22.42
4721,20.635
4722,16.945
4723,10.88
4724,6.64
4725,10.75
4726,12.43
4727,12.07
4728,12.67
4729,12.1
4730,11.02
4731,7.09
4732,12.88
4733,12.19
4734,11.64333333
4735,1.63
4736,11.35
4737,12.12333333
4738,8.503333333
4739,12.94
4740,6.523333333
4741,2.513333333
4742,11.2
4743,11.83
4744,12.61
4745,10.87
4746,9.37
4747,4.92
4748,6.76
4749,4.866666667
4750,5.133333333
4751,6.096666667
4752,10
4753,8.65
4754,10.36
4755,9.85
4756,9.1
4757,10.69
4758,9.46
4759,11.08
4760,12.61
4761,10.51
4762,9.4
4763,12.13
4764,18.015
4765,19.275
4766,23.28
4767,22.37
4768,19.345
4769,21.39
4770,19.255
4771,13.72
4772,12.76
4773,12.49
4774,13.12
4775,12.94
4776,15.885
4777,15.82
4778,18.41
4779,20.29
4780,19.995
4781,19.85
4782,18.88
4783,22.905
4784,31.44666667
4785,27.31666667
4786,25.94
4787,30.39666667
4788,35.91
4789,39.995
4790,42.25333333
4791,39.88833333
4792,35.41666667
4793,29.63684211
4794,23.515
4795,14.4440678
4796,12.37
4797,11.95
4798,15.17
4799,13.75789474
4800,8.942372881
4801,9.827118644
4802,9.275862069
4803,13.25714286
4804,17.83214286
4805,15.26666667
4806,14.83103448
4807,15.05789474
4808,16.23684211
4809,17.05517241
4810,23.65789474
4811,22.72352941
4812,23.9
4813,28.41960784
4814,22.45
4815,19.89423077
4816,21.86779661
4817,23.37068966
4818,17.4625
4819,15.135
4820,12.55
4821,9.22
4822,13.15
4823,12.63389831
4824,11.14
4825,11.86
4826,10.96
4827,9.153333333
4828,10.93
4829,7.58
4830,6.776666667
4831,5.04
4832,1.857627119
4833,2.793333333
4834,2.936666667
4835,12.05
4836,11.71
4837,13.69
4838,15.305
4839,13.45
4840,16.675
4841,17.045
4842,14.8
4843,11.23
4844,11.08
4845,11.26
4846,13.57
4847,8.89
4848,12.7
4849,10.58666667
4850,0.63
4851,0
4852,0
4853,6.07
4854,11.35
4855,11.01333333
4856,5.783333333
4857,8.616666667
4858,6.313333333
4859,9.52
4860,5.61
4861,10.67666667
4862,15.19
4863,16.885
4864,17.845
4865,18.285
4866,19.57
4867,17.5
4868,18.03
4869,18.34
4870,17.6
4871,16.065
4872,10.99
4873,8.706666667
4874,9.173333333
4875,3.06
4876,3.746666667
4877,4.76
4878,8.396666667
4879,11.29
4880,9.43
4881,9.31
4882,2.38
4883,9.826666667
4884,10.73
4885,8.56
4886,10.79666667
4887,13.81
4888,15.13
4889,17.615
4890,15.915
4891,14.17
4892,12.79
4893,13.06
4894,12.04
4895,9.683333333
4896,8.213333333
4897,7.48
4898,8.563333333
4899,10.53666667
4900,8.06
4901,9.58
4902,10.03
4903,9.55
4904,8.92
4905,10.03
4906,7.349152542
4907,6.076666667
4908,9.216666667
4909,10.03666667
4910,9.87
4911,12.71666667
4912,16.095
4913,15.31
4914,13.72
4915,10.54
4916,10.6
4917,5.446666667
4918,7.803333333
4919,6.336666667
4920,7.643333333
4921,8.423333333
4922,6.246666667
4923,9.7
4924,13.48
4925,11.5
4926,9.56
4927,11.41
4928,6.976666667
4929,5.8
4930,12.68
4931,22.63
4932,27.15666667
4933,34.39333333
4934,30.94333333
4935,30.44666667
4936,25.71833333
4937,22.105
4938,20.945
4939,13.685
4940,13.39
4941,10.3
4942,7.013333333
4943,8.973333333
4944,11.865
4945,5.633333333
4946,7.463333333
4947,6.013333333
4948,9.613333333
4949,10.09
4950,10.94666667
4951,8.523333333
4952,9.5
4953,7.533333333
4954,1.08
4955,11.57
4956,13.57
4957,16.235
4958,15.895
4959,13.84
4960,16.76779661
4961,16.8
4962,13.6
4963,9.823333333
4964,9.543333333
4965,12.7
4966,10.66
4967,10.85666667
4968,7.05
4969,3.67
4970,2.096666667
4971,6.566666667
4972,5.94
4973,8.463333333
4974,6.86
4975,6.043333333
4976,7.266666667
4977,5.65
4978,2.376666667
4979,9.336666667
4980,4.403333333
4981,6.123333333
4982,6.71
4983,10.33666667
4984,9.306666667
4985,11.62
4986,10.51
4987,7.86
4988,3.05
4989,1.02
4990,7.033333333
4991,3.126666667
4992,9.873333333
4993,8.773333333
4994,9.45
4995,9.61
4996,8.11
4997,8.74
4998,4.69
4999,8.74
5000,4.173333333
5001,8.876666667
5002,9.483333333
5003,15.83
5004,19.51
5005,19.04
5006,17.445
5007,19.415
5008,22.46
5009,25.945
5010,27.19666667
5011,21.34
5012,20.06
5013,16.825
5014,12.82
5015,16.91
5016,17.58
5017,17.535
5018,11.5
5019,8.756666667
5020,5.933333333
5021,6.14
5022,3.36
5023,7.693333333
5024,8.09
5025,9.506666667
5026,8.273333333
5027,2.993333333
5028,4.92
5029,2.403333333
5030,5.726666667
5031,12.15333333
5032,14.44
5033,14.42
5034,16.7
5035,12.47833333
5036,7.086666667
5037,12.93
5038,7.22
5039,7.506666667
5040,8.56
5041,9.97
5042,10.54
5043,11.26
5044,10.42
5045,9.82
5046,11.27666667
5047,12.34
5048,13
5049,13.72
5050,13.84
5051,13.78
5052,13.78
5053,11.82333333
5054,8.966666667
5055,14.45666667
5056,15.19
5057,17.14
5058,16.715
5059,12.04
5060,6.233333333
5061,4.786666667
5062,3.726666667
5063,6.59
5064,9.31
5065,11.68
5066,7.163333333
5067,5.736666667
5068,6.89
5069,8.12
5070,11.13666667
5071,4.483333333
5072,8.57
5073,9.88
5074,11.14
5075,13.6
5076,15.28
5077,14.745
5078,16.465
5079,17.705
5080,17.775
5081,15.07
5082,13.87
5083,10.9
5084,3.16
5085,3.3
5086,2.5
5087,4.736666667
5088,5.596666667
5089,10.93
5090,9.13
5091,8.703333333
5092,5.896666667
5093,9.58
5094,9.46
5095,9.88
5096,9.89
5097,9.43
5098,10.39
5099,15.255
5100,26.82
5101,28.02666667
5102,24.45
5103,21.14
5104,17.405
5105,15.82166667
5106,16.275
5107,9.53
5108,9.04
5109,8.213333333
5110,11.14
5111,9.49
5112,10.9
5113,12.94
5114,12.25
5115,14.41
5116,13.42
5117,13.39
5118,12.49
5119,13.81
5120,11.59
5121,10.54
5122,18.515
5123,23.345
5124,25.84666667
5125,24.52
5126,24.27
5127,23.925
5128,21.48135593
5129,19.905
5130,15.335
5131,9.39
5132,7.303333333
5133,5.716666667
5134,9.88
5135,12.55
5136,13.18
5137,11.77
5138,12.94
5139,11.32
5140,11.71
5141,10.18
5142,11.17
5143,12.19333333
5144,8.95
5145,7.736666667
5146,5.573333333
5147,5.733333333
5148,8.963333333
5149,11.18
5150,12.46
5151,14.35
5152,15.88
5153,13.66
5154,12.37
5155,9.986666667
5156,19.14
5157,14.65
5158,12.79
5159,13.27
5160,14.17
5161,13.99
5162,13.48
5163,7.443333333
5164,7.573333333
5165,9.753333333
5166,9.16
5167,10.21
5168,6.876666667
5169,9.28
5170,12.37
5171,12.28
5172,11.89166667
5173,18.48
5174,17.325
5175,13.70166667
5176,18.925
5177,21.495
5178,22.09
5179,18.72
5180,19.445
5181,20.3
5182,20.785
5183,18.015
5184,12.28
5185,15.23
5186,16.83389831
5187,19.2
5188,20.795
5189,18.145
5190,20.31
5191,20.73
5192,17.85
5193,14.625
5194,16.85
5195,19.565
5196,21.89
5197,21.935
5198,22.26
5199,23.795
5200,24.995
5201,25.23
5202,23.425
5203,19.545
5204,17.36
5205,21.35
5206,22.865
5207,22.79
5208,22.215
5209,18.375
5210,18.65
5211,18.525
5212,15.25
5213,13.63
5214,20.5
5215,15.97
5216,16.375
5217,12.25
5218,13.52833333
5219,12.28
5220,15.145
5221,16.31
5222,12.19
5223,11.98
5224,13.48
5225,18.145
5226,15.815
5227,14.11
5228,11.41
5229,11.74
5230,11.35
5231,13.93
5232,16.695
5233,15.075
5234,8.903333333
5235,4.21
5236,0
5237,1.62
5238,5.19
5239,5.663333333
5240,6.706666667
5241,17.09
5242,22.42
5243,21.645
5244,15.835
5245,10.57333333
5246,20.96
5247,17.87
5248,14.26
5249,17.39
5250,21.09
5251,17.985
5252,15.965
5253,19.77
5254,21.64
5255,21.915
5256,23.115
5257,20.495
5258,22.93
5259,21.795
5260,19.775
5261,20.505
5262,25.96166667
5263,25.98666667
5264,22.645
5265,22.445
5266,24.57
5267,26.79666667
5268,26.475
5269,27.89333333
5270,27.7
5271,23.8
5272,22.805
5273,22.825
5274,17.905
5275,17.63
5276,18.64
5277,22.35
5278,18.525
5279,18.775
5280,12.52
5281,11.83
5282,12.76
5283,11.35
5284,14.41
5285,13.93
5286,15.01
5287,13
5288,12.61
5289,12.97
5290,14.68
5291,14.745
5292,12.73
5293,17.21
5294,19.915
5295,21.89
5296,22.73
5297,20.07
5298,18.98
5299,19.505
5300,17.005
5301,14.44
5302,12.4
5303,12.195
5304,8.653333333
5305,8.31
5306,9.37
5307,9.17
5308,8.563333333
5309,8.71
5310,10.3
5311,15.525
5312,12.76
5313,13.56833333
5314,15.02
5315,18.745
5316,20.33
5317,21.63
5318,22.315
5319,21.285
5320,18.615
5321,16.78
5322,17.325
5323,16.08
5324,10.81
5325,10.18
5326,2.11
5327,0.546666667
5328,3.913333333
5329,1.893333333
5330,0
5331,4.613333333
5332,8.103333333
5333,7.943333333
5334,7.2
5335,5.123333333
5336,3.516666667
5337,9.16
5338,10.34666667
5339,17.55
5340,22.94
5341,24.3
5342,27.69166667
5343,29.15333333
5344,25.62666667
5345,24.605
5346,23.64
5347,23.91
5348,14.805
5349,15.8
5350,13.69
5351,19.31
5352,20.155
5353,20.49
5354,18.58
5355,17.58
5356,26.99333333
5357,27.36833333
5358,31.31
5359,31.71333333
5360,31.57333333
5361,35.075
5362,32.34833333
5363,34.76
5364,32.91
5365,37.835
5366,35.495
5367,40.08333333
5368,37.96333333
5369,34.70666667
5370,30.86333333
5371,26.64666667
5372,17.235
5373,20.025
5374,23.78
5375,19.99
5376,21.375
5377,21.625
5378,18.445
5379,22.085
5380,20.885
5381,16.88
5382,19.495
5383,20.635
5384,20.585
5385,22.72
5386,24.245
5387,28.50666667
5388,27.16833333
5389,27.57
5390,28.37166667
5391,28.76333333
5392,28.16
5393,25.75
5394,20.015
5395,12.46
5396,9.043333333
5397,6.95
5398,11.26666667
5399,8.37
5400,13
5401,13.45
5402,12.61
5403,12.67
5404,13.33
5405,13
5406,12.7
5407,14.77
5408,11.35
5409,10.3
5410,9.94
5411,12.25
5412,13.75
5413,15.92
5414,15.055
5415,17.49
5416,22.765
5417,26.54666667
5418,19.74166667
5419,8.823333333
5420,18.65666667
5421,17.205
5422,12.615
5423,8.563333333
5424,9.403333333
5425,9.16
5426,10.03
5427,11.47
5428,12.46
5429,14.71
5430,12.91
5431,12.34
5432,15.085
5433,13.9
5434,13.995
5435,18.06
5436,20.125
5437,21.145
5438,15.975
5439,16.165
5440,19.49
5441,18.985
5442,11.33833333
5443,10.22666667
5444,0.596666667
5445,8.51
5446,8.493333333
5447,9.49
5448,11.65
5449,11.29
5450,11.44
5451,10.18
5452,9.94
5453,12.22
5454,12.49
5455,11.95
5456,12.94
5457,13.72
5458,14.32
5459,14.62
5460,11.76666667
5461,9.623333333
5462,7.956666667
5463,11.92
5464,14.05
5465,13.06
5466,11.80833333
5467,5.886666667
5468,3.436666667
5469,3.75
5470,6.523333333
5471,6.743333333
5472,8.126666667
5473,7.8
5474,8.276666667
5475,8.71
5476,9.58
5477,9.4
5478,9.46
5479,8.8
5480,9.4
5481,9.223333333
5482,6.593333333
5483,1.649122807
5484,5.96
5485,11.35
5486,13.03
5487,15.76
5488,15.1
5489,15.665
5490,12.46
5491,10.42
5492,9.7
5493,8.743333333
5494,8.713333333
5495,8.86
5496,10.66
5497,10.3
5498,10.99
5499,15.385
5500,15.59
5501,11.74
5502,11.02333333
5503,6.596666667
5504,17.60666667
5505,23.58
5506,28.29666667
5507,31.4
5508,36.015
5509,38.55333333
5510,44.89166667
5511,38.74166667
5512,33.22
5513,25.03333333
5514,19.00166667
5515,24.045
5516,14.665
5517,13.27
5518,10.80666667
5519,10.44333333
5520,12.88
5521,13.27
5522,11.05666667
5523,10.93333333
5524,15.34
5525,15.46
5526,15.58
5527,13.99
5528,14.5
5529,20.98
5530,22.085
5531,26.59666667
5532,29.62666667
5533,32.34333333
5534,33.70333333
5535,33.795
5536,32.28666667
5537,31.57
5538,34.105
5539,26.59166667
5540,20.26333333
5541,22.64
5542,23.415
5543,33.06
5544,43.68
5545,41.12
5546,35.48333333
5547,37.345
5548,33.25
5549,30.89
5550,25.38833333
5551,27.5
5552,26.71833333
5553,22.405
5554,24.55833333
5555,32.08666667
5556,33.25
5557,33.32372881
5558,32.67
5559,32.37333333
5560,34.92333333
5561,33.34666667
5562,32.90666667
5563,25.305
5564,16.995
5565,13.92
5566,15.44
5567,14.655
5568,12.7
5569,13.63
5570,14.44
5571,15.43
5572,13.33
5573,12.76
5574,13.81
5575,15.46
5576,16.51
5577,15.37
5578,18.835
5579,22.525
5580,26.4
5581,23.84833333
5582,24.76166667
5583,31.44333333
5584,30.03666667
5585,27.98166667
5586,30.78666667
5587,20.365
5588,18.265
5589,16.38
5590,13.19
5591,10.54
5592,11.71
5593,9.94
5594,11.59
5595,11.98
5596,18.655
5597,20.04
5598,17.515
5599,18.675
5600,18.35
5601,15.765
5602,16.165
5603,14.79
5604,21.385
5605,26.86
5606,30.37666667
5607,36.03666667
5608,34.54
5609,33.61166667
5610,32.02666667
5611,27.67833333
5612,22.695
5613,19.51
5614,14.65
5615,15.55
5616,18.37
5617,17.6
5618,19.28
5619,17.07
5620,17.705
5621,18.12
5622,16.48
5623,16.3
5624,17.395
5625,17.935
5626,20.905
5627,27.09333333
5628,32.71333333
5629,34.475
5630,32.55333333
5631,30.19666667
5632,30.78
5633,24.805
5634,25.09166667
5635,24.45666667
5636,18.335
5637,16.205
5638,10.09
5639,9.34
5640,8.86
5641,10
5642,10.33
5643,12.97
5644,10.66
5645,11.44
5646,11.86
5647,11.14
5648,12.61
5649,12.76
5650,14.56
5651,16.41
5652,17.4
5653,14.32
5654,15.325
5655,17.215
5656,18
5657,14.17
5658,14.62
5659,13.51
5660,10.42
5661,6.38
5662,4.67
5663,10.03
5664,3.016666667
5665,0
5666,6.893333333
5667,4.443333333
5668,1.34
5669,7.3
5670,9.34
5671,8.6
5672,7.33
5673,7.76
5674,3.273333333
5675,5.563333333
5676,13.85666667
5677,16.03
5678,14.955
5679,15.64
5680,15.13
5681,13
5682,12.79
5683,11.14
5684,9.31
5685,11.86
5686,11.08
5687,8.19
5688,1.77
5689,4.683333333
5690,4.013333333
5691,5.663333333
5692,6.53
5693,6.58
5694,5.206666667
5695,7.556666667
5696,7.99
5697,6.596666667
5698,0.06
5699,4.693333333
5700,8.133333333
5701,10.46666667
5702,14.71
5703,16.15
5704,16.395
5705,16
5706,14.23
5707,11.14
5708,7.57
5709,5.986666667
5710,2.84
5711,6.9
5712,7.693333333
5713,5.693333333
5714,6.866666667
5715,9.04
5716,9.43
5717,10.57
5718,10.51
5719,11.98
5720,10.84
5721,8.673333333
5722,12.61
5723,23.575
5724,26.05
5725,26.11
5726,21.12
5727,19.06
5728,17.615
5729,18.255
5730,14.86
5731,11.77
5732,9.73
5733,9.91
5734,8.54
5735,10.45
5736,13.69
5737,13
5738,13.27
5739,13.15
5740,14.23
5741,14.47
5742,14.77
5743,14.71
5744,14.68
5745,15.94
5746,17.6
5747,25
5748,23.8
5749,18.47
5750,18.65
5751,18.67
5752,15.71833333
5753,19.74
5754,21.91
5755,22.995
5756,25.54666667
5757,18.14
5758,14.26
5759,14.05
5760,5.86
5761,4.876666667
5762,6.72
5763,7.123333333
5764,7.83
5765,9.58
5766,8.323333333
5767,6.536666667
5768,4.076666667
5769,9.636666667
5770,10.99
5771,9.456666667
5772,7.04
5773,9.566666667
5774,10.85
5775,13.03
5776,14.68
5777,14.32
5778,14.38
5779,13.12
5780,10.93
5781,10.72
5782,8.11
5783,6.563333333
5784,5.243333333
5785,9.363333333
5786,9.46
5787,9.46
5788,8.94
5789,11.08
5790,11.26
5791,14.14
5792,9.49
5793,11.68
5794,16.52333333
5795,26.25166667
5796,34.39333333
5797,38.47
5798,40.005
5799,43.365
5800,44.275
5801,43.15
5802,39.57
5803,37.025
5804,25.43166667
5805,21.105
5806,27.025
5807,24.28
5808,26.32666667
5809,27.68333333
5810,29.57
5811,25.57666667
5812,25.86166667
5813,19.4
5814,15.53
5815,9.153333333
5816,4.29
5817,8.79
5818,17.42
5819,19.75
5820,20.295
5821,20.34
5822,17.64
5823,24.21666667
5824,31.40666667
5825,28.16666667
5826,27.06833333
5827,27.44333333
5828,27.91333333
5829,27.43666667
5830,22.23
5831,18.88
5832,20.035
5833,11.625
5834,13
5835,15.82
5836,14.63
5837,14.32
5838,14.985
5839,13.635
5840,14.695
5841,12.38
5842,14.535
5843,15.86
5844,17.065
5845,17.805
5846,17.58
5847,13.65
5848,14.02
5849,13.84
5850,13.72
5851,12.73
5852,10.03
5853,8.83
5854,6.39
5855,3.643333333
5856,5.556666667
5857,8.816666667
5858,9.67
5859,9.85
5860,9.7
5861,9.73
5862,9.25
5863,11.18666667
5864,9.38
5865,14.98
5866,25.59333333
5867,32.38333333
5868,38.11333333
5869,34.97333333
5870,33.89333333
5871,34.39666667
5872,31.35666667
5873,31.79666667
5874,29.86666667
5875,25.81
5876,26.76666667
5877,27.52666667
5878,34.59
5879,40.08666667
5880,35.415
5881,34.76833333
5882,34.89333333
5883,37.84333333
5884,25.12166667
5885,19.30508475
5886,21.595
5887,7.755
5888,15.52666667
5889,12.445
5890,14.51833333
5891,13.12333333
5892,13.92
5893,18.505
5894,26.29666667
5895,24.37166667
5896,29.71333333
5897,28.58333333
5898,28.78
5899,24.55
5900,16.27
5901,21.695
5902,17.5
5903,10.6
5904,10.55
5905,6.02
5906,9.233333333
5907,11.26
5908,13.63
5909,12.67
5910,10.57
5911,8.553333333
5912,15.465
5913,14.56610169
5914,19.07
5915,22.31
5916,23.45166667
5917,22.54
5918,23.85166667
5919,28.4
5920,27.11
5921,25.06333333
5922,20.485
5923,15.03
5924,9.103333333
5925,5.523333333
5926,6.343333333
5927,6.936666667
5928,7.623333333
5929,3.596610169
5930,6.983333333
5931,6.59
5932,8.83
5933,9.918644068
5934,9.633333333
5935,10.37627119
5936,12.04
5937,12.31
5938,15.91
5939,18.395
5940,16.775
5941,16.965
5942,17.395
5943,17.12333333
5944,20.04666667
5945,20.61166667
5946,13.28
5947,12.46
5948,7.73
5949,8.19
5950,6.083333333
5951,7.776666667
5952,9.31
5953,9.183333333
5954,8.836666667
5955,9.426666667
5956,12.49
5957,9.693333333
5958,10.66
5959,9.1
5960,8.86
5961,10.21
5962,7.74
5963,4.123333333
5964,10.37666667
5965,15.27
5966,18.615
5967,19.28
5968,18.08
5969,18.965
5970,16.935
5971,12.13
5972,8.763333333
5973,11.32
5974,8.823333333
5975,5.14
5976,8.133333333
5977,4.036666667
5978,7.226666667
5979,9.773333333
5980,9.49
5981,9.343333333
5982,8.89
5983,8.546666667
5984,10.75
5985,8.3
5986,10.87
5987,19.895
5988,26.99333333
5989,31.07666667
5990,30.96
5991,29.70333333
5992,25.90333333
5993,27.41333333
5994,25.60166667
5995,21.865
5996,15.92
5997,14.44
5998,16.57
5999,20.095
6000,20.205
6001,16
6002,18.085
6003,24.935
6004,24.23833333
6005,18.955
6006,20.52
6007,20.26
6008,19.655
6009,22.96666667
6010,40.05666667
6011,43.87833333
6012,50.08166667
6013,46.115
6014,49.025
6015,46.98
6016,45.775
6017,44.75333333
6018,44.13
6019,39.67166667
6020,31.80333333
6021,32.36
6022,30.03666667
6023,33.28
6024,35.87
6025,33.99
6026,27.83
6027,15.82833333
6028,21.88166667
6029,25.33666667
6030,17.47
6031,14.535
6032,13.72
6033,13.48
6034,16.835
6035,19.06
6036,19.175
6037,18.86
6038,22.81
6039,32.71333333
6040,36.10333333
6041,34.53333333
6042,34.02
6043,28.36666667
6044,25.12
6045,21
6046,25.45
6047,22.995
6048,17.76
6049,22.08
6050,22.69
6051,21.86
6052,23.1
6053,21.275
6054,23.355
6055,19.225
6056,16.56315789
6057,19.225
6058,21.545
6059,24.985
6060,26.525
6061,25.84
6062,22.58
6063,23.83
6064,24.13
6065,26.89666667
6066,27.72
6067,21.51
6068,20.25
6069,19.92
6070,18.1
6071,15.935
6072,14.8
6073,10.65666667
6074,8.403333333
6075,6.746666667
6076,4.356666667
6077,6.356666667
6078,7.99
6079,9.31
6080,8.116666667
6081,3.513333333
6082,1.476666667
6083,5.206666667
6084,11.72
6085,14.86
6086,15.97
6087,18.37
6088,19.535
6089,22.14
6090,18.83
6091,13.79
6092,10.59333333
6093,9.573333333
6094,11.02
6095,13.99
6096,12.4
6097,13.785
6098,11.92333333
6099,8.07
6100,13.52
6101,11.77
6102,10.66
6103,10.81
6104,8.826666667
6105,9.543333333
6106,15.695
6107,23.96
6108,30.84666667
6109,31.47666667
6110,31.39666667
6111,28.10333333
6112,28.86166667
6113,26.6
6114,23.275
6115,19.54
6116,14.14
6117,14.71
6118,17.845
6119,23.675
6120,19.225
6121,9.683333333
6122,13.6
6123,13.15
6124,10.59
6125,7.456666667
6126,8.286666667
6127,10.88
6128,5.123333333
6129,11.44
6130,11.47
6131,10.56333333
6132,12.28
6133,16.82
6134,17.425
6135,18.88
6136,17.52
6137,34.11
6138,51.29833333
6139,46.48166667
6140,38.28
6141,28.22666667
6142,21.66
6143,16.97
6144,15.3
6145,18.16
6146,19.765
6147,20.48
6148,21.805
6149,22.985
6150,19.105
6151,18.895
6152,19.865
6153,20.12
6154,24.565
6155,28.68333333
6156,26.56
6157,25.75
6158,27.80333333
6159,26.41
6160,27.88
6161,28.15666667
6162,34.11333333
6163,33.68
6164,28.17
6165,26.92666667
6166,24.695
6167,21.405
6168,18.74
6169,15.18
6170,12.97
6171,10.27
6172,8.806666667
6173,9.1
6174,11.20333333
6175,13.66
6176,11.37333333
6177,17.1
6178,17.985
6179,19.42
6180,20.925
6181,19.46
6182,22.765
6183,25.085
6184,26.315
6185,28.02
6186,29.24333333
6187,28.01
6188,27.34666667
6189,26.8
6190,25.69
6191,20.515
6192,18.83
6193,15.59
6194,10.57
6195,7.17
6196,8.09
6197,9.19
6198,8.9
6199,8.95
6200,7.123333333
6201,9.14
6202,10.56333333
6203,9.693333333
6204,9.473333333
6205,12.4
6206,14.44
6207,13.54
6208,13.51
6209,14.23
6210,14.38
6211,12.4
6212,7.606666667
6213,0.92
6214,0
6215,1.973333333
6216,8.4
6217,6.716666667
6218,9.85
6219,10.87
6220,10.81
6221,13.87
6222,8.53
6223,8.83
6224,8.06
6225,1.803333333
6226,7.62
6227,15.14067797
6228,17.675
6229,22.69
6230,26.38333333
6231,27.25333333
6232,26.875
6233,27.88166667
6234,27.46333333
6235,21.82666667
6236,17.145
6237,18.93
6238,24.98
6239,25.3
6240,28.66333333
6241,29.4
6242,20.895
6243,18.595
6244,17.495
6245,30.85
6246,28.30333333
6247,21.695
6248,20.88
6249,17.8
6250,21.5
6251,18.67
6252,18.955
6253,20.465
6254,19.905
6255,17.55
6256,17.755
6257,19.105
6258,20.335
6259,16.24166667
6260,30.92
6261,20.74
6262,20.52
6263,16.12
6264,13.69
6265,9.48
6266,8.508333333
6267,16.43
6268,7.49
6269,12.28
6270,21.75
6271,18.64
6272,13.48833333
6273,8.69
6274,15.75
6275,28.92666667
6276,34.23666667
6277,33.715
6278,32.05666667
6279,34.415
6280,30.72666667
6281,27.835
6282,32.93666667
6283,25.98166667
6284,30.69666667
6285,27.21166667
6286,15.525
6287,20.235
6288,24.34166667
6289,21.53666667
6290,15.63333333
6291,27.49
6292,12.94333333
6293,14.29833333
6294,21.815
6295,12.93333333
6296,4.056666667
6297,3.46
6298,5.633333333
6299,11.41
6300,22.58
6301,23.51
6302,22.26
6303,16.03
6304,14.16833333
6305,13.82
6306,11.92333333
6307,7.013333333
6308,0.966666667
6309,4.243333333
6310,10.52
6311,7.57
6312,6.276666667
6313,7.42
6314,5.733333333
6315,8.366666667
6316,9.46
6317,10.96
6318,11.2
6319,10.63
6320,11.17
6321,12.95
6322,22.435
6323,29.08666667
6324,36.79666667
6325,37.33166667
6326,40.00333333
6327,42.885
6328,50.96
6329,44.87
6330,36.57166667
6331,32.83333333
6332,30.74333333
6333,27.69166667
6334,29.85666667
6335,22.065
6336,13.39
6337,12.19
6338,8.33
6339,7.396666667
6340,11.08
6341,12.31
6342,12.85
6343,11.26
6344,15.955
6345,22.48
6346,31.94
6347,38.69
6348,42.12
6349,39.26666667
6350,36.265
6351,35.015
6352,35.245
6353,32.60333333
6354,33.74666667
6355,33.56
6356,27.08833333
6357,21.155
6358,26.40166667
6359,24.91833333
6360,21.95
6361,19.165
6362,12.31
6363,15.045
6364,14.17
6365,13.24
6366,17.39
6367,22.34
6368,22.865
6369,26.50666667
6370,28.73666667
6371,29.32
6372,28.94333333
6373,25.29333333
6374,27.86333333
6375,29.06166667
6376,28.11333333
6377,28.12
6378,25.92666667
6379,27.88666667
6380,21.98
6381,22.95
6382,19.655
6383,17.23
6384,11.86
6385,10.06
6386,10.03
6387,12.49
6388,11.47
6389,11.38
6390,11.56
6391,9.206666667
6392,12.07
6393,18.4
6394,21.935
6395,22.95
6396,25.72166667
6397,23.915
6398,23.86666667
6399,25.66333333
6400,24.695
6401,20.47
6402,21.67
6403,23.835
6404,22.09
6405,18.245
6406,13.265
6407,9.85
6408,8.59
6409,10.48
6410,9.47
6411,9.813333333
6412,10.99
6413,11.74
6414,12.64
6415,11.68
6416,11.32
6417,13.78
6418,20.945
6419,22.48
6420,22.47666667
6421,26.29
6422,28.08833333
6423,31.48666667
6424,31.90166667
6425,25.71333333
6426,21.72166667
6427,17.95
6428,16.155
6429,21.565
6430,18.08
6431,8.51
6432,10.25
6433,9.653333333
6434,13.94576271
6435,15.63
6436,15.76
6437,15.77
6438,18.27
6439,20.075
6440,19.51
6441,23.41333333
6442,29.985
6443,30.29
6444,35.54
6445,33.075
6446,21.605
6447,26.56666667
6448,31.45666667
6449,34.58666667
6450,35.01333333
6451,31.33333333
6452,22.565
6453,17.1
6454,14.265
6455,16.745
6456,12.04
6457,8.67
6458,12.43
6459,11.17
6460,10.78
6461,11.47
6462,12.58
6463,8.39
6464,10.81
6465,12.67
6466,14.95
6467,23.18
6468,13.8
6469,15.115
6470,17.43
6471,14.905
6472,16.345
6473,16.06
6474,17.1
6475,14.77
6476,11.95
6477,10.78
6478,8.66
6479,8.89
6480,5.376666667
6481,10.72
6482,9.206666667
6483,1.016666667
6484,5.446666667
6485,5.686666667
6486,8.21
6487,7.866666667
6488,5.953333333
6489,6.116666667
6490,16.49
6491,15.95
6492,12.97
6493,11.12666667
6494,14.02
6495,17.15
6496,16.22
6497,15.82
6498,15.67
6499,12.7
6500,7.776666667
6501,7.206666667
6502,10.12
6503,14.985
6504,19.025
6505,13.09
6506,12.13
6507,11.74
6508,10.23333333
6509,16.02
6510,6.87
6511,4.71
6512,11.14
6513,13.69
6514,18.245
6515,19.595
6516,21.99
6517,24.165
6518,23.49666667
6519,25.20833333
6520,27.48
6521,25.225
6522,24.095
6523,19.29
6524,13.635
6525,12.37
6526,16.835
6527,13.09
6528,15.525
6529,13.21
6530,14.17
6531,10.34833333
6532,9.333333333
6533,12.67
6534,7.176666667
6535,8.103333333
6536,5.853333333
6537,15.16666667
6538,27.22666667
6539,29.33
6540,18.25
6541,17.25
6542,16.45
6543,15.53
6544,11.16166667
6545,7.963333333
6546,7.663333333
6547,9.133333333
6548,11.26
6549,11.11
6550,12.22
6551,12.97
6552,14.02
6553,11.68
6554,10.66
6555,9.22
6556,9.91
6557,7.863333333
6558,6.853333333
6559,5.356666667
6560,7.43
6561,7.133333333
6562,10.48333333
6563,15.125
6564,15.275
6565,15.68333333
6566,17.685
6567,11.86833333
6568,12.63
6569,12.585
6570,11.95
6571,11.8
6572,9.1
6573,9.25
6574,8.27
6575,12.825
6576,5.723333333
6577,2.843333333
6578,3.62
6579,7.756666667
6580,7.766666667
6581,7.48
6582,8.38
6583,7.81
6584,7.46
6585,3.756666667
6586,6.246666667
6587,9.256666667
6588,13.81
6589,17.335
6590,21.475
6591,21.88666667
6592,21.82
6593,21.12
6594,19.46
6595,15.455
6596,7.456666667
6597,6.836666667
6598,12.43
6599,10.87
6600,15.34
6601,11.95
6602,9.49
6603,7.653333333
6604,8.3
6605,11.89
6606,14.56
6607,15.01
6608,14.785
6609,26.94333333
6610,32.47
6611,36.55333333
6612,39.71333333
6613,40.39
6614,38.93666667
6615,40.13166667
6616,40.55666667
6617,39.13333333
6618,38.99666667
6619,36.50333333
6620,25.98
6621,21.66
6622,17.005
6623,19.785
6624,28.56333333
6625,31.19
6626,34.30666667
6627,27.84666667
6628,27.67
6629,32.73666667
6630,27.55333333
6631,20.3
6632,25.37833333
6633,28.93
6634,35.05333333
6635,33.80333333
6636,31.24333333
6637,35.65666667
6638,37.12166667
6639,28.675
6640,23.45
6641,22.765
6642,15.02
6643,10.55
6644,5.043333333
6645,7.11
6646,19.58166667
6647,26.025
6648,23.67
6649,20.385
6650,18.22
6651,15.84666667
6652,12.25
6653,10.61
6654,7.54
6655,6.4
6656,8.943333333
6657,16.385
6658,19.4
6659,21.12
6660,22.855
6661,30.72666667
6662,26.91
6663,24.875
6664,25.59
6665,24.65166667
6666,28.92333333
6667,36.225
6668,43.795
6669,30.905
6670,34.03
6671,40.60833333
6672,41.53333333
6673,36.95166667
6674,36.59333333
6675,33.42
6676,29.75333333
6677,29.40666667
6678,29.50666667
6679,28.38666667
6680,27.75666667
6681,29.09666667
6682,28.21166667
6683,26.30333333
6684,25.92
6685,26.68
6686,25.03
6687,26.35166667
6688,28.91333333
6689,31.34666667
6690,37.3
6691,35.71333333
6692,31.31
6693,27.48
6694,26.95666667
6695,25.86166667
6696,24.225
6697,25.55
6698,24.52
6699,24.88666667
6700,22.22
6701,19.3
6702,19.115
6703,18.625
6704,22.435
6705,22.31
6706,24.875
6707,23.255
6708,24.055
6709,23.295
6710,22.88
6711,21.3
6712,20.625
6713,24.39
6714,25.63
6715,26.32166667
6716,23.275
6717,16.61
6718,18.185
6719,18.285
6720,17.41
6721,12.22
6722,17.275
6723,19.245
6724,22.22
6725,23.8
6726,21.57
6727,16.675
6728,13.48
6729,17.67288136
6730,14.52068966
6731,18.04310345
6732,17.24067797
6733,11.9559322
6734,10.36
6735,6.639285714
6736,3.810169492
6737,9.755932203
6738,7.403448276
6739,14.74827586
6740,14.63392857
6741,27.36779661
6742,20.65263158
6743,17.09137931
6744,18.35789474
6745,18.99464286
6746,18.82413793
6747,15.80344828
6748,11.66551724
6749,6.996491228
6750,9.746153846
6751,10.1137931
6752,13.44210526
6753,18.9
6754,28.22727273
6755,25.86792453
6756,27.7962963
6757,27.08666667
6758,23.85454545
6759,21.34545455
6760,19.23888889
6761,20.31578947
6762,17.42631579
6763,15.08947368
6764,10.68135593
6765,8.821428571
6766,8.678571429
6767,2.892857143
6768,6.734482759
6769,7.898113208
6770,7.403921569
6771,9.036
6772,9.576470588
6773,9.139622642
6774,9.533333333
6775,8.788
6776,8.119230769
6777,10.84705882
6778,10.7509434
6779,9.624
6780,9.56
6781,9.3625
6782,14.45
6783,19.98653846
6784,21.17222222
6785,21.36326531
6786,21.178
6787,16.282
6788,11.99615385
6789,9.53877551
6790,10.81702128
6791,10.21176471
6792,11.81276596
6793,11.65
6794,14.64680851
6795,15.448
6796,16.042
6797,14.12941176
6798,16.978
6799,18.95090909
6800,20.9245283
6801,22.25
6802,30.64909091
6803,30.51538462
6804,32.69636364
6805,28.66607143
6806,24.57090909
6807,22.14074074
6808,25.75576923
6809,25.51923077
6810,24.74528302
6811,27.89245283
6812,26.50784314
6813,22.97647059
6814,17.98510638
6815,16.09375
6816,11.275
6817,8.315384615
6818,6.676595745
6819,8.665384615
6820,5.782978723
6821,8.266666667
6822,7.352941176
6823,6.8
6824,4.2125
6825,6.337254902
6826,9.525925926
6827,10.88076923
6828,12.03076923
6829,12.68235294
6830,11.23461538
6831,14.18867925
6832,17.66363636
6833,18.91666667
6834,17.82264151
6835,13.225
6836,9.301818182
6837,8.282142857
6838,6.948275862
6839,5.828571429
6840,4.221818182
6841,8.578571429
6842,13.06792453
6843,12.3
6844,9.985185185
6845,11.9137931
6846,10.16666667
6847,8.694545455
6848,10.9
6849,16.46111111
6850,22.05172414
6851,21.29821429
6852,21.31818182
6853,24.66170213
6854,25.07173913
6855,24.64423077
6856,20.56470588
6857,16.46271186
6858,18.18571429
6859,11.50714286
6860,13.33559322
6861,12.90526316
6862,17.79298246
6863,18.79818182
6864,10.9
6865,3.364912281
6866,5.905084746
6867,4.747368421
6868,11.83396226
6869,10.97894737
6870,14.03392857
6871,14.16842105
6872,13.7125
6873,12.18181818
6874,11.32413793
6875,8.614285714
6876,8.922807018
6877,11.19272727
6878,12.1
6879,14.9862069
6880,17.11355932
6881,20.05517241
6882,18.81785714
6883,19.45263158
6884,16.59473684
6885,8.882142857
6886,8.181818182
6887,6.8
6888,3.828070175
6889,5.772413793
6890,1.124137931
6891,3.996153846
6892,1.011538462
6893,4.932
6894,9.157692308
6895,8.722807018
6896,6.049056604
6897,15.41090909
6898,16.63272727
6899,19.42631579
6900,21.44736842
6901,21.305
6902,20.88275862
6903,19.08596491
6904,18.79661017
6905,18.44655172
6906,21.28392857
6907,19.44745763
6908,13.70169492
6909,13.03272727
6910,11.16785714
6911,12.06785714
6912,9.824561404
6913,11.51578947
6914,17.66034483
6915,17.53103448
6916,25.80344828
6917,25.2754386
6918,24.44150943
6919,23.39655172
6920,22.34615385
6921,12.44363636
6922,15.2
6923,13.35263158
6924,16.79655172
6925,25.40689655
6926,30.79473684
6927,31.45964912
6928,21.70545455
6929,27.69454545
6930,12.79824561
6931,14.0862069
6932,12.78644068
6933,15.43103448
6934,16.945
6935,10.73448276
6936,8.857142857
6937,12.36779661
6938,16.08421053
6939,11.45
6940,11.48928571
6941,5.566666667
6942,1.257142857
6943,4.764912281
6944,9.021052632
6945,7.424561404
6946,13.32333333
6947,9.143333333
6948,6.003333333
6949,9.733333333
6950,10.94
6951,11.21166667
6952,9.6
6953,9.606666667
6954,12.01833333
6955,10.99
6956,9.246666667
6957,8.593333333
6958,11.00166667
6959,21.9
6960,23.37666667
6961,16.895
6962,17.9
6963,21.125
6964,19.765
6965,16.595
6966,16.915
6967,19.505
6968,23.395
6969,21.97
6970,23.755
6971,26.74666667
6972,29.49666667
6973,29.51666667
6974,30.84333333
6975,29.42666667
6976,28.23666667
6977,26.60333333
6978,27.04666667
6979,29.16666667
6980,31.62333333
6981,27.64333333
6982,28.46
6983,30.43666667
6984,21.185
6985,19.645
6986,19.55
6987,20.33
6988,19.365
6989,19.325
6990,16.655
6991,21.04
6992,19.86
6993,19.495
6994,20.365
6995,20.635
6996,22.445
6997,22.71
6998,23.535
6999,23.935
7000,27.13
7001,28.39
7002,32.05666667
7003,33.10666667
7004,29.75666667
7005,29.10333333
7006,24.965
7007,19.86949153
7008,19.34
7009,16.125
7010,14.74
7011,12.61
7012,12.43
7013,9.55
7014,9.003333333
7015,10.66
7016,7.293333333
7017,8.09
7018,9.026666667
7019,10.30333333
7020,13.51
7021,14.385
7022,16.805
7023,17.83
7024,18.11
7025,19.485
7026,17.91
7027,17.435
7028,18.915
7029,17.595
7030,14.65
7031,11.65
7032,11.08
7033,10.15
7034,9.1
7035,6.813333333
7036,9.49
7037,8.12
7038,7.93
7039,8.916666667
7040,4.923333333
7041,3.763333333
7042,4.583333333
7043,9.073333333
7044,9.456666667
7045,13.21
7046,16.795
7047,19.34
7048,18.335
7049,18.12
7050,14.295
7051,12.37
7052,8.843333333
7053,9.123333333
7054,8.153333333
7055,10.29333333
7056,4.763333333
7057,9.21
7058,11.41
7059,13.48
7060,12.61
7061,9.176666667
7062,7.983333333
7063,9.003333333
7064,11.30666667
7065,11.83
7066,12.55
7067,12.76
7068,12.49
7069,12.64
7070,16.595
7071,19.53
7072,20.705
7073,20.41
7074,16.17
7075,15.52
7076,11.32
7077,12.28
7078,12.49
7079,10.87
7080,13.03
7081,12.31
7082,10.9
7083,10.35666667
7084,8.973333333
7085,9.766666667
7086,7.373333333
7087,9.476666667
7088,7.383333333
7089,6.033333333
7090,8.836666667
7091,17.465
7092,22.17
7093,27.66
7094,28.97333333
7095,21.795
7096,19.915
7097,18.435
7098,22.07
7099,17.385
7100,24.08166667
7101,25.975
7102,19.96166667
7103,15.13166667
7104,21.195
7105,20.74666667
7106,15.28833333
7107,13.965
7108,21.9
7109,12.87166667
7110,14.79166667
7111,13.67333333
7112,14.99
7113,12.91
7114,13
7115,10.11
7116,15.02
7117,17.28833333
7118,23.485
7119,26.18333333
7120,28.09333333
7121,33.64666667
7122,35.52666667
7123,34.64666667
7124,42.505
7125,44.26
7126,47.375
7127,46.475
7128,42.97
7129,39.48666667
7130,39.16833333
7131,39.92166667
7132,39.76
7133,35.89666667
7134,32.74333333
7135,32.53333333
7136,32.22333333
7137,31.64
7138,29.66
7139,28.79333333
7140,32.41333333
7141,36.835
7142,41.395
7143,40.84
7144,40.625
7145,39.25333333
7146,38.64666667
7147,33.92333333
7148,31.68333333
7149,31.44
7150,29.80333333
7151,30.17666667
7152,26.905
7153,25.255
7154,22.94
7155,22.84166667
7156,17.67
7157,20.19
7158,22.935
7159,22.05
7160,20.065
7161,19.14
7162,22.535
7163,20.34
7164,22.12
7165,19.76
7166,22.75
7167,24.37
7168,29.54333333
7169,29.92666667
7170,29.93
7171,30.34666667
7172,28.81
7173,25.37333333
7174,26.375
7175,24.755
7176,21.8
7177,21.05
7178,19.38
7179,17.565
7180,18.915
7181,16.84
7182,18.155
7183,18.3
7184,18.125
7185,18.625
7186,17
7187,16.795
7188,20.055
7189,18.88
7190,19.625
7191,18.565
7192,14.905
7193,12.99833333
7194,16.13
7195,18.055
7196,15.735
7197,14.47
7198,12.97
7199,11.29
7200,11.89
7201,10.9
7202,9.46
7203,11.05
7204,8.27
7205,8.98
7206,8.89
7207,9.186440678
7208,15.4
7209,18.175
7210,18.99
7211,21.3
7212,20.51
7213,18.135
7214,16.8
7215,20.485
7216,23.84
7217,28.82
7218,28.27666667
7219,26.86666667
7220,24.185
7221,21.31
7222,18.325
7223,15.25
7224,13.42
7225,11.92
7226,10.18
7227,10.99
7228,6.936666667
7229,7.623333333
7230,9.386666667
7231,11.38
7232,8.816666667
7233,10.24
7234,10.96
7235,10.50333333
7236,12.31
7237,14.05
7238,12.43
7239,11.03
7240,11.99
7241,10.49666667
7242,12.34
7243,13.72
7244,10.36206897
7245,10.36
7246,9.61
7247,6.33
7248,8.526666667
7249,7.74
7250,10.23333333
7251,12.945
7252,19.9
7253,14.47
7254,19.195
7255,21.94
7256,15.195
7257,7.966666667
7258,13.735
7259,26.05333333
7260,32.15333333
7261,29.56333333
7262,26.52166667
7263,28.69
7264,34.17
7265,39.54333333
7266,39.86833333
7267,33.76666667
7268,30.20333333
7269,30.94833333
7270,32.54333333
7271,29.78
7272,32.24333333
7273,32.99666667
7274,34.15333333
7275,30.45333333
7276,26.72333333
7277,29.56
7278,28.25666667
7279,31.04666667
7280,36.675
7281,35.49833333
7282,38.88833333
7283,42.73
7284,42.915
7285,42.195
7286,43.115
7287,42.725
7288,41.58
7289,39.59
7290,38.32666667
7291,36.43333333
7292,32.99666667
7293,28.20333333
7294,28.45
7295,26.23666667
7296,24.155
7297,24.24666667
7298,22.655
7299,18.405
7300,22.395
7301,20.705
7302,19.89
7303,20.72
7304,20.865
7305,21.595
7306,23.565
7307,24.59
7308,25.90666667
7309,24.36
7310,26.74
7311,24.345
7312,24.05666667
7313,29.43333333
7314,34.24333333
7315,34.61666667
7316,28.39666667
7317,23.205
7318,23.3
7319,20.73
7320,18.165
7321,15.085
7322,13.06
7323,12.61
7324,11.83
7325,10.51
7326,11.23
7327,10.99
7328,12.85
7329,10.68333333
7330,7.84
7331,8.153333333
7332,12.44
7333,16.715
7334,21.335
7335,19.86
7336,20.13
7337,21.655
7338,20.825
7339,17
7340,12.37
7341,11.53
7342,11.62
7343,10.99
7344,9.733333333
7345,12.04
7346,4.693333333
7347,4.73
7348,8.413333333
7349,6.993333333
7350,8.59
7351,10.87
7352,7.753333333
7353,13.49833333
7354,16.8
7355,16
7356,21.215
7357,21.055
7358,20.035
7359,19.44
7360,17.345
7361,15.13333333
7362,20.09
7363,19.47
7364,14.835
7365,10.15
7366,14.56
7367,15.22
7368,13.84
7369,14.41
7370,15.345
7371,11.83
7372,12.91
7373,17.215
7374,15.25
7375,10.99
7376,12.22
7377,19.48333333
7378,30.02666667
7379,35.43
7380,38.90666667
7381,36.78333333
7382,33.96833333
7383,30.25166667
7384,30.59333333
7385,27.56
7386,20.89
7387,11.83
7388,12.43
7389,13.39
7390,21.45166667
7391,13.57
7392,26.00333333
7393,19.93
7394,18.625
7395,17.435
7396,20.385
7397,23.545
7398,23.81
7399,21.21
7400,26.40666667
7401,27.56779661
7402,26.83
7403,25.11
7404,23.97
7405,22.075
7406,25.93666667
7407,24.135
7408,25.72333333
7409,31.88333333
7410,36.05
7411,36.84166667
7412,34.33898305
7413,35.49666667
7414,33.98
7415,23.31333333
7416,23.16
7417,24.22
7418,25.055
7419,26.89
7420,25.90166667
7421,26.71166667
7422,24.52
7423,23.18
7424,25.78333333
7425,27.7
7426,26.20333333
7427,24.9
7428,23.735
7429,24.615
7430,24.51166667
7431,23.885
7432,23.32
7433,25.17666667
7434,30.80333333
7435,32.51666667
7436,28.86
7437,27.47333333
7438,23.795
7439,19.335
7440,16.615
7441,17.8
7442,19.845
7443,18.75
7444,18.185
7445,15.585
7446,14.86
7447,12.19
7448,15.44
7449,17.595
7450,19.255
7451,22.005
7452,25.685
7453,26.96333333
7454,26.11166667
7455,26.38666667
7456,25.45
7457,30.3
7458,34.69
7459,34.96333333
7460,33.04666667
7461,27.65333333
7462,25.39166667
7463,23.78
7464,24.85
7465,24.06
7466,22.36
7467,20.02
7468,19.03
7469,18.015
7470,19.53
7471,20.995
7472,22.355
7473,20.185
7474,19.565
7475,18.55
7476,20.23
7477,19.26
7478,18.93
7479,17.25
7480,18.68
7481,19.875
7482,23.275
7483,26.47666667
7484,24.145
7485,20.205
7486,16.97
7487,10.57
7488,8.426666667
7489,6.896666667
7490,11.38
7491,7.523333333
7492,5.24
7493,6.966666667
7494,9.01
7495,5.656666667
7496,6.963333333
7497,11.5
7498,10.77333333
7499,13.695
7500,17.945
7501,21.045
7502,21.155
7503,22.475
7504,20.96
7505,20.755
7506,18.54
7507,14.32
7508,10.87
7509,5.306666667
7510,9.52
7511,10.69
7512,11.2
7513,11.65
7514,10.12
7515,5.196666667
7516,4.753333333
7517,6.696666667
7518,3.5
7519,0.45
7520,2.573333333
7521,0.906666667
7522,7.063333333
7523,9.06
7524,12.79
7525,15.935
7526,15.83
7527,14.27
7528,14.73
7529,20.235
7530,18.545
7531,15.295
7532,8.593333333
7533,6.676666667
7534,7.713333333
7535,1.79
7536,0.33
7537,0
7538,0.21
7539,9.216666667
7540,9.413333333
7541,12.34
7542,10.89666667
7543,8.233333333
7544,23.495
7545,41.85333333
7546,46.32333333
7547,44.63333333
7548,42.26833333
7549,42.51833333
7550,41.06666667
7551,42.665
7552,43.98333333
7553,44.51
7554,43.66
7555,46.6
7556,46.375
7557,38.04
7558,31.38333333
7559,34.45333333
7560,37.865
7561,22.60666667
7562,12.28
7563,13.81
7564,8.37
7565,6.626666667
7566,3.673333333
7567,6.803333333
7568,9.736666667
7569,9.463333333
7570,12.08666667
7571,20.71
7572,24.11
7573,24.77166667
7574,27.395
7575,28.59166667
7576,30.975
7577,30.735
7578,33.95666667
7579,37.25
7580,30.73666667
7581,25.15
7582,21.17
7583,22.995
7584,17.58
7585,23.25
7586,18.47
7587,23.03833333
7588,17.855
7589,19.83
7590,18.015
7591,12.7
7592,18.975
7593,19.025
7594,20.37
7595,20.405
7596,24.81666667
7597,19.8
7598,17.81
7599,18.33333333
7600,24.36
7601,21.89
7602,21.025
7603,22.15
7604,17.85
7605,16.00166667
7606,23.02
7607,20.735
7608,20.65
7609,15.83
7610,14.81
7611,8.996666667
7612,9.7
7613,8.923333333
7614,6.72
7615,7.766666667
7616,12.88
7617,15.96
7618,12.85
7619,10.74166667
7620,13.44666667
7621,13.95
7622,19.08
7623,21.12
7624,19.855
7625,21.29
7626,22.38
7627,21.845
7628,21.57
7629,21.94
7630,20.335
7631,18.485
7632,16.185
7633,14.02
7634,10.93
7635,7.256666667
7636,3.36
7637,4.933333333
7638,2.63
7639,2.863333333
7640,8.21
7641,8.17
7642,5.04
7643,9.64
7644,13.63
7645,14.055
7646,17.51
7647,19.295
7648,19.725
7649,27.095
7650,30.78
7651,31.39333333
7652,24.445
7653,18.715
7654,17.49
7655,21.05
7656,25.99
7657,18.71
7658,17.38
7659,13.87
7660,14.115
7661,30.26666667
7662,23.495
7663,22.585
7664,20.81
7665,23.085
7666,27.75333333
7667,44.09666667
7668,49.35833333
7669,48.83
7670,42.78
7671,40.81666667
7672,41.695
7673,40.84
7674,46.55
7675,40.37166667
7676,29.77666667
7677,23.80833333
7678,34.71666667
7679,24.05666667
7680,13.635
7681,12.835
7682,16
7683,13.81
7684,11.71
7685,13.45
7686,11.39666667
7687,11.17
7688,17.05
7689,25.685
7690,24.5
7691,25.99666667
7692,28.56666667
7693,29.97666667
7694,29.92
7695,28.52666667
7696,25.6
7697,22.75
7698,26.89
7699,25.79666667
7700,24.945
7701,25.175
7702,21.365
7703,21.465
7704,17.73
7705,17.82
7706,15.995
7707,14.02
7708,11.68
7709,13.09
7710,15.53
7711,11.65
7712,14.2
7713,15.49
7714,14.35
7715,12.60333333
7716,11.64666667
7717,11.89333333
7718,15.135
7719,15.505
7720,16.465
7721,17.82
7722,17.48
7723,15.705
7724,11.42
7725,9.61
7726,9.703333333
7727,8.95
7728,5.8
7729,11.71
7730,8.14
7731,9.07
7732,10.3
7733,8.793333333
7734,8.83
7735,11.04333333
7736,7.156666667
7737,2.983333333
7738,13.05833333
7739,23.05
7740,22.995
7741,20.3
7742,17.62
7743,20.13
7744,19.875
7745,17.745
7746,16.49
7747,17.25
7748,13.735
7749,11.71
7750,10.57
7751,9.35
7752,8.163333333
7753,6.913333333
7754,11.86
7755,12.16
7756,8.706666667
7757,11.37666667
7758,6.226666667
7759,14.18
7760,7.12
7761,9.18
7762,18.24
7763,18.545
7764,23.535
7765,27.37666667
7766,28.62
7767,24.855
7768,40.13833333
7769,40.855
7770,41.87166667
7771,37.63
7772,32.97
7773,28.21333333
7774,28.20666667
7775,27.81
7776,28.7
7777,29.35666667
7778,27.06666667
7779,27.13333333
7780,24.725
7781,22.02
7782,17.715
7783,15.8
7784,18.31
7785,23.855
7786,22.64
7787,23.215
7788,24.065
7789,21.66
7790,26.29
7791,30.15666667
7792,28.67
7793,29.29
7794,26.02
7795,27.85666667
7796,27.27666667
7797,22.9
7798,22.015
7799,20.7
7800,17.365
7801,12.64
7802,10.53333333
7803,13.03
7804,12.16
7805,13.3
7806,16.875
7807,19.32
7808,19.53
7809,14.255
7810,10.02333333
7811,7.643333333
7812,2.693333333
7813,2.97
7814,7.946666667
7815,8.473333333
7816,10.17333333
7817,13.84
7818,11.35
7819,12.28
7820,13.53666667
7821,9.84
7822,11.60666667
7823,16.27
7824,25.065
7825,27.79333333
7826,26.47
7827,25.66
7828,26.47666667
7829,22.72
7830,16.67
7831,10.79666667
7832,12.77166667
7833,22.96
7834,23.49666667
7835,25.315
7836,21.64666667
7837,16.18
7838,13.35166667
7839,23.16
7840,24.80166667
7841,17.635
7842,14.77
7843,13.39
7844,10.25666667
7845,14.775
7846,10.6
7847,12.22166667
7848,17.08
7849,20.92
7850,17.92
7851,16.38
7852,14.09833333
7853,17.83
7854,9.633333333
7855,18.455
7856,27.30666667
7857,28.86333333
7858,31.13333333
7859,31.68666667
7860,32.12333333
7861,31.3
7862,29.56833333
7863,27.57666667
7864,32.77333333
7865,32.57333333
7866,31.75666667
7867,32.83333333
7868,33.05
7869,30.73666667
7870,29.95
7871,25.745
7872,24.34
7873,22.56
7874,20.11
7875,19.96
7876,18.655
7877,18.465
7878,18.095
7879,16.53
7880,16.61
7881,16.96
7882,19.41
7883,20.24
7884,17.91
7885,17.3
7886,17.425
7887,18.895
7888,20.475
7889,22.64
7890,22.75762712
7891,19.82
7892,18.015
7893,14.5
7894,16.125
7895,18.155
7896,14.71
7897,8.95
7898,7.833333333
7899,8.803333333
7900,7.91
7901,7.793333333
7902,9.25
7903,8.676666667
7904,3.81
7905,1.656666667
7906,10.455
7907,20.035
7908,22.88166667
7909,17.845
7910,18.23833333
7911,17.80166667
7912,25.145
7913,25.54
7914,25.3
7915,19.27
7916,13.04
7917,11.77
7918,18.925
7919,22.795
7920,21.315
7921,16.825
7922,12.58
7923,10.10666667
7924,7.363333333
7925,2.23
7926,7.81
7927,7.926666667
7928,22.745
7929,25.775
7930,23.665
7931,24.845
7932,25.925
7933,24.175
7934,21.565
7935,18.615
7936,23.97
7937,25.48
7938,26.26166667
7939,24.225
7940,22.235
7941,20.12
7942,16.795
7943,14.235
7944,11.89
7945,8.813333333
7946,5.803333333
7947,4.22
7948,6.453333333
7949,9.453333333
7950,8.56
7951,8.19
7952,9.173333333
7953,13.96
7954,28.37666667
7955,33.16666667
7956,32.78666667
7957,27.10666667
7958,24.485
7959,23.74166667
7960,22.625
7961,20.65833333
7962,21.45166667
7963,19.97
7964,17.82
7965,13.21
7966,14.58666667
7967,5.363333333
7968,4.043333333
7969,6.903333333
7970,6.113333333
7971,3.493333333
7972,1.87
7973,8.253333333
7974,7.153333333
7975,8.593333333
7976,10.33
7977,20.535
7978,33.89
7979,30.71333333
7980,35.555
7981,27.13333333
7982,32.34666667
7983,38.87666667
7984,45.465
7985,39.9
7986,21.465
7987,37.58
7988,41.70833333
7989,40.24
7990,37.01666667
7991,28.54
7992,26.90666667
7993,28.45
7994,27.24
7995,27.06
7996,26.32
7997,27.26
7998,29.13833333
7999,27.26333333
8000,27.22
8001,25.81166667
8002,27.28666667
8003,26.50166667
8004,22.59
8005,21.955
8006,23.97
8007,26.56
8008,27.28666667
8009,31.72333333
8010,33.93
8011,32.86333333
8012,31.57333333
8013,30.63666667
8014,27.24
8015,23.855
8016,19.505
8017,15.075
8018,13.75
8019,11.49333333
8020,5.413333333
8021,10.17333333
8022,9.273333333
8023,9.936666667
8024,7.876666667
8025,5.763333333
8026,9.826666667
8027,15.505
8028,16.03166667
8029,26.14666667
8030,26.36666667
8031,24.32166667
8032,24.32833333
8033,22.28666667
8034,19.905
8035,16.05
8036,18.2
8037,9.88
8038,11.56
8039,13.27
8040,12.04
8041,10.73666667
8042,35.95666667
8043,34.095
8044,32.47333333
8045,33.54666667
8046,26.775
8047,13.72
8048,7.36
8049,16.525
8050,25.79166667
8051,28.94333333
8052,24.94166667
8053,30.62666667
8054,31.65166667
8055,31.25
8056,37.70166667
8057,37.3
8058,42.275
8059,41.24833333
8060,35.48333333
8061,30.14
8062,28.94666667
8063,28.03333333
8064,26.79
8065,25.595
8066,22.68
8067,18.095
8068,11.775
8069,18.665
8070,19.475
8071,20.355
8072,21.405
8073,23.60666667
8074,24.05666667
8075,21.925
8076,21.53
8077,20.365
8078,19.77
8079,21.415
8080,26.98166667
8081,33.67
8082,37.27666667
8083,35.58
8084,34.68333333
8085,30.65666667
8086,27.64333333
8087,19.245
8088,18.275
8089,16.13
8090,13.84
8091,9.753333333
8092,9.55
8093,9.46
8094,11.59
8095,12.28
8096,9.17
8097,11.83
8098,13.21
8099,11.79333333
8100,13.705
8101,16.16
8102,16.78
8103,22.015
8104,24.39
8105,24.76
8106,19.79322034
8107,17.875
8108,13.66
8109,8.303333333
8110,24.05333333
8111,29.44
8112,29.95
8113,18.39
8114,15.1
8115,12.49
8116,7.186666667
8117,8.51
8118,6.3
8119,5.856666667
8120,3.06
8121,5.686666667
8122,9.056666667
8123,12.16
8124,10.81
8125,12.4
8126,20.16
8127,20.575
8128,20.595
8129,17.75
8130,17.615
8131,12.57666667
8132,15.63
8133,9.71
8134,10.77
8135,6.52
8136,7.49
8137,6.8
8138,9.33
8139,11.77
8140,4.61
8141,16.025
8142,20.84333333
8143,32.01666667
8144,28.82333333
8145,20.335
8146,24.58
8147,24.575
8148,24.01
8149,23.74333333
8150,24.96
8151,32.97
8152,39.34
8153,41.39333333
8154,40.89
8155,38.61333333
8156,35.95333333
8157,29.69
8158,25.08166667
8159,22.095
8160,14.81
8161,11.8
8162,11.92
8163,10.21
8164,13.18
8165,13.45
8166,13.45
8167,12.64
8168,14.715
8169,19.775
8170,25.64666667
8171,27.11
8172,28.105
8173,24.19666667
8174,29.81666667
8175,29.45333333
8176,25.73
8177,30.19
8178,32.82
8179,32.22666667
8180,30.58333333
8181,27.49333333
8182,23.375
8183,24.165
8184,22.17
8185,19.525
8186,17.015
8187,15.705
8188,16.435
8189,14.04
8190,19.59
8191,17.37
8192,21.86166667
8193,26.06
8194,30.16666667
8195,31.61666667
8196,28.67166667
8197,29.86166667
8198,32.25666667
8199,35.54666667
8200,35.92833333
8201,40.76166667
8202,43.51666667
8203,40.74166667
8204,39.29666667
8205,33.42333333
8206,29.39666667
8207,23.17
8208,16.81
8209,16.37
8210,16.33
8211,17.575
8212,16.75
8213,14.41
8214,14.355
8215,12.67
8216,11.27
8217,11.95
8218,11.24
8219,12.34333333
8220,17.825
8221,19.635
8222,18.315
8223,18.805
8224,20.665
8225,20.83
8226,21.505
8227,24.485
8228,24.445
8229,17.2
8230,17.935
8231,15.53
8232,11.83
8233,8.89
8234,10.78
8235,11.56
8236,6.223333333
8237,9.466666667
8238,8.403333333
8239,6.02
8240,7.483333333
8241,6.27
8242,8.666666667
8243,9.873333333
8244,14.95
8245,16.67
8246,21.14
8247,22.155
8248,24.67
8249,25.20666667
8250,22.46
8251,22.545
8252,18.875
8253,17.62
8254,24.065
8255,25.42
8256,25.15
8257,22.95
8258,23.78
8259,24.84
8260,23.595
8261,20.395
8262,17.035
8263,18.46
8264,19.55
8265,21.1
8266,22.165
8267,24.635
8268,24.52
8269,26.29666667
8270,32.49
8271,31.27333333
8272,36.15666667
8273,33.16666667
8274,33.29
8275,35.07666667
8276,28.89298246
8277,22.205
8278,26.89
8279,24.91
8280,20.88
8281,14.14166667
8282,24.895
8283,21.89
8284,23.29
8285,25.48666667
8286,23.27
8287,19.98
8288,19.73
8289,20.89
8290,21.95
8291,22.685
8292,22.42
8293,19.855
8294,18.08
8295,20.395
8296,18.685
8297,20.49
8298,24.44
8299,20.73
8300,16.43
8301,13.99
8302,8.363333333
8303,1.66
8304,3.23
8305,5.326666667
8306,7.33
8307,7.663333333
8308,7.176666667
8309,8.32
8310,10.03
8311,11.38
8312,11.62
8313,8.876666667
8314,7.153333333
8315,8.733333333
8316,15.59
8317,19.54
8318,25.97
8319,28.715
8320,28.09
8321,25.66166667
8322,23.66666667
8323,35.27166667
8324,29.18333333
8325,25.595
8326,22.975
8327,12.83
8328,13.45
8329,11.08
8330,6.813333333
8331,5.263333333
8332,1.55
8333,7.256666667
8334,6.186666667
8335,3.6
8336,11.76666667
8337,7.818333333
8338,23.975
8339,27.72333333
8340,25.44333333
8341,26.50166667
8342,29.83
8343,30.35333333
8344,31.70333333
8345,33.22833333
8346,31.87333333
8347,25.98666667
8348,26.04666667
8349,16.225
8350,12.88
8351,13.93
8352,13.09
8353,12.34
8354,11.14
8355,13.025
8356,18.82
8357,18.42
8358,17.895
8359,18.67
8360,17.935
8361,19.06
8362,31.235
8363,36.70833333
8364,38.33166667
8365,34.62
8366,29.32166667
8367,24.755
8368,22.445
8369,23.54
8370,18.915
8371,19.995
8372,20.78
8373,14.59
8374,13.27
8375,10.41
8376,12.76
8377,23.805
8378,24.19166667
8379,18.28
8380,14.265
8381,19.23
8382,22.64
8383,25.5
8384,30.24666667
8385,34.92666667
8386,36.71333333
8387,36.02
8388,36.39333333
8389,34.89666667
8390,35.38333333
8391,37.22333333
8392,41.88
8393,42.78
8394,43.685
8395,40.80666667
8396,33.99666667
8397,35.62666667
8398,36.73
8399,29.42
8400,27.79333333
8401,20.83166667
8402,14.43833333
8403,13.33
8404,16.535
8405,18.4
8406,21.11
8407,23.41
8408,25.81
8409,22.89
8410,23.15
8411,24.335
8412,27.42666667
8413,28.28333333
8414,25.84
8415,23.32
8416,24.175
8417,30.53
8418,33.53
8419,35.05333333
8420,35.44666667
8421,30.46333333
8422,30.71333333
8423,28.61333333
8424,26.65666667
8425,24.995
8426,22.845
8427,20.65
8428,20.39
8429,19.765
8430,17.9
8431,18.46
8432,16.635
8433,21.69
8434,20.245
8435,20.37
8436,23.12
8437,26.68333333
8438,29.70666667
8439,31.51166667
8440,34.71333333
8441,36.96666667
8442,36.16333333
8443,32.09333333
8444,31.56666667
8445,31.19666667
8446,31.85666667
8447,28.54333333
8448,27.86
8449,24.82333333
8450,21.26
8451,22.945
8452,21.145
8453,21.06
8454,21.69
8455,21.08
8456,21.47
8457,23.695
8458,24.99666667
8459,26.15333333
8460,24.1
8461,25.775
8462,26.61
8463,27.74
8464,28.35666667
8465,30.57333333
8466,33.79
8467,34.25666667
8468,32.97
8469,31.02666667
8470,27.08333333
8471,22.415
8472,20.79
8473,19.64
8474,16.9559322
8475,17.59
8476,16.43
8477,18.305
8478,20.53
8479,20.705
8480,19.89
8481,19.735
8482,18.495
8483,16.485
8484,18.095
8485,19.13
8486,20.275
8487,20.12
8488,24.69
8489,26.85254237
8490,26.94067797
8491,29.31754386
8492,28.31666667
8493,24.665
8494,22.92
8495,21.7
8496,22.27
8497,21.525
8498,16.61
8499,12.55
8500,12.88
8501,14.53
8502,14.985
8503,15.28
8504,12.76
8505,11.89
8506,11.38
8507,12.88
8508,15.58
8509,14.32
8510,15.435
8511,17.295
8512,18.78
8513,19.705
8514,17.345
8515,16.155
8516,12.65666667
8517,13.585
8518,14.41
8519,14.71
8520,13.27
8521,13.84
8522,15.285
8523,8.963333333
8524,12.67
8525,12.13
8526,8.43
8527,8.146666667
8528,10.67
8529,13.54915254
8530,22.405
8531,22.575
8532,23.135
8533,30.94333333
8534,30.32666667
8535,31.27333333
8536,36.26666667
8537,39.46666667
8538,39.325
8539,40.245
8540,37.84
8541,32.7
8542,29.73666667
8543,27.74333333
8544,25.48
8545,24.34
8546,19.545
8547,19.675
8548,17.57
8549,15.4
8550,15.645
8551,12.37
8552,15.79
8553,24.09
8554,26.73
8555,30.95333333
8556,27.64833333
8557,29.85666667
8558,30.34333333
8559,29.05666667
8560,29.72333333
8561,32.11
8562,30.49
8563,31.32666667
8564,32.28666667
8565,26.95666667
8566,23.195
8567,22.53
8568,19.685
8569,20.52
8570,19.695
8571,17.15
8572,17.61
8573,15.985
8574,15.4
8575,15.16
8576,18.14
8577,18.915
8578,19.985
8579,19.515
8580,19.375
8581,19.95
8582,21.615
8583,24.035
8584,26.26
8585,31.22
8586,32.75666667
8587,33.99
8588,33.4
8589,31.73666667
8590,27.34333333
8591,25.69333333
8592,19.545
8593,19.03
8594,18.205
8595,16.795
8596,16.435
8597,17.985
8598,16.8
8599,14.65
8600,17.45
8601,15.77
8602,16.67
8603,19.76
8604,22.62
8605,24.85
8606,24.095
8607,26.38
8608,28.93666667
8609,31.49333333
8610,33.53333333
8611,36.47666667
8612,35.35333333
8613,29.98666667
8614,24.51
8615,22.835
8616,20.31
8617,17.54
8618,18.615
8619,14.59
8620,14.025
8621,11.14
8622,10.87
8623,7.706666667
8624,10.71333333
8625,15.43
8626,11.69666667
8627,9.616666667
8628,12.04
8629,15.59
8630,17.365
8631,19.215
8632,21.21
8633,25.525
8634,25.985
8635,24.395
8636,22.905
8637,20.09
8638,18.43
8639,18.6
8640,16.545
8641,15.58
8642,11.92
8643,11.53
8644,8.043333333
8645,6.353333333
8646,9.436666667
8647,6.48
8648,6.526666667
8649,3.366666667
8650,6.973333333
8651,11.54666667
8652,11.47
8653,17.025
8654,18.66
8655,19.29
8656,23.3
8657,23.82
8658,22.32
8659,15.60338983
8660,18.105
8661,14.46
8662,19.65833333
8663,18.08
8664,10.12
8665,7.566666667
8666,8.003333333
8667,8.98
8668,11.53
8669,14.315
8670,24.455
8671,22.49
8672,24.37
8673,31.34
8674,37.07333333
8675,35.01833333
8676,35.105
8677,28.43666667
8678,39.93333333
8679,47.29333333
8680,48.56666667
8681,46.045
8682,45.32
8683,44.58166667
8684,39.775
8685,37.705
8686,32.68
8687,36.53
8688,36.24666667
8689,33.84
8690,34.06666667
8691,32.26
8692,29.77666667
8693,28.36
8694,26.06333333
8695,26.65166667
8696,26.78333333
8697,28.07833333
8698,28.1
8699,27.33666667
8700,25.96
8701,27.48833333
8702,29.60333333
8703,35.57333333
8704,35.90333333
8705,36.6
8706,39.055
8707,39.985
8708,35.36
8709,33.84
8710,31.47666667
8711,29.44333333
8712,25.18333333
8713,23.525
8714,20.1
8715,20.875
8716,20.685
8717,19.36
8718,18.375
8719,19.45
8720,20.15
8721,21.08
8722,22.975
8723,22.535
8724,23.14
8725,25.71166667
8726,25.60833333
8727,27.565
8728,31.77666667
8729,38.53833333
8730,41.82333333
8731,40.72
8732,38.45
8733,33.86
8734,32.95666667
8735,29.98333333
8736,24.2
8737,20.79
8738,18.79
8739,17.7
8740,15.435
8741,13.84
8742,14.56
8743,15.01
8744,18.88
8745,21.205
8746,21.51
8747,22.54
8748,22.475
8749,23.885
8750,19.1
8751,17.35
8752,20.825
8753,30.32
8754,38.79833333
8755,41.73
8756,38.555
8757,35.75333333
8758,27.94666667
8759,23.075
8760,19.76
8761,18.135
8762,18.395
8763,19.23
8764,21.605
8765,23.965
8766,25.71694915
8767,24.475
8768,25.14666667
8769,27.89333333
8770,28.17
8771,27.46
8772,24.84
8773,26.65
8774,29.33666667
8775,34.06333333
8776,37.16333333
8777,39.72333333
8778,39.72333333
8779,37.07666667
8780,34.93666667
8781,28.00333333
8782,20.595
8783,22.10677966
8784,22.13
